2.914e-06,0,0,0,0,
0.00133006,0,0,0,0,
0.00271508,0,0,0,0,
0.00403962,0,0,0,0,
0.00537988,0,0,0,0,
0.00664834,16,27,25,26,
0.00800816,-3,18,23,19,
0.00933188,-3,18,23,19,
0.0106661,2,16,27,23,
0.0120199,5,25,23,24,
0.0133525,22,34,23,29,
0.0146921,37,24,26,20,
0.0161571,37,24,29,17,
0.0175535,37,24,29,17,
0.0190465,26,29,37,33,
0.020441,28,22,40,30,
0.021881,12,15,36,20,
0.0233788,16,7,17,18,
0.0247165,3,-1,21,16,
0.0260636,11,14,19,17,
0.0274828,0,15,10,15,
0.028874,0,15,10,15,
0.0302493,9,21,18,28,
0.0317685,17,31,23,27,
0.0331877,26,35,23,25,
0.0345665,38,31,36,22,
0.035951,27,32,40,20,
0.0372969,14,27,35,20,
0.0386452,18,12,17,19,
0.0400468,3,23,29,25,
0.0413866,-5,16,25,20,
0.0427778,-5,16,25,20,
0.0442088,-2,14,21,25,
0.0456424,1,10,21,24,
0.0470967,7,12,23,22,
0.0484988,22,24,33,17,
0.049912,37,20,36,24,
0.0512972,46,25,35,28,
0.0526942,25,33,27,21,
0.0540409,25,33,27,21,
0.0554435,30,35,30,28,
0.0568373,16,25,33,20,
0.0581945,19,17,28,23,
0.0595295,13,19,27,19,
0.0609387,6,23,15,6,
0.0623086,-2,17,23,10,
0.0637329,-2,17,23,10,
0.0654912,28,23,24,29,
0.0669417,26,21,16,25,
0.0687646,34,43,29,28,
0.0703398,24,36,40,22,
0.0717073,12,27,37,29,
0.0730408,23,29,20,32,
0.0743933,14,23,15,27,
0.0757961,12,19,19,20,
0.0771847,6,19,14,8,
0.0785363,-5,10,20,12,
0.0802852,-5,10,20,12,
0.0816067,20,25,30,22,
0.082978,19,28,37,29,
0.0844404,19,28,37,29,
0.0858179,28,42,41,21,
0.0872172,33,42,35,26,
0.0886073,43,40,30,21,
0.0900196,40,30,27,15,
0.0914302,11,11,22,13,
0.0927932,12,5,15,21,
0.0941635,-11,7,12,21,
0.0955303,-6,-2,15,18,
0.0969893,-6,-2,15,18,
0.098354,9,8,9,24,
0.0998892,20,12,23,26,
0.101245,22,36,28,26,
0.102643,28,32,24,22,
0.104083,28,32,31,22,
0.105418,12,29,33,35,
0.106748,12,29,33,35,
0.108158,10,25,21,32,
0.10963,7,24,24,21,
0.111005,3,23,26,29,
0.112333,-4,25,24,29,
0.113641,-2,17,27,25,
0.115044,25,7,19,27,
0.116368,27,16,24,24,
0.117654,27,16,24,24,
0.119011,31,33,27,27,
0.120374,34,38,34,34,
0.121768,21,27,24,32,
0.123202,20,25,26,17,
0.124541,20,25,26,17,
0.125924,20,25,26,17,
0.127313,20,23,23,21,
0.128694,-2,15,20,20,
0.130064,-1,21,24,18,
0.131569,6,27,16,15,
0.13292,6,27,16,15,
0.134429,6,27,16,15,
0.135862,11,29,12,12,
0.13722,15,24,12,13,
0.138581,19,28,26,20,
0.139986,24,33,36,33,
0.141389,16,29,31,26,
0.142774,19,23,23,23,
0.144246,23,30,23,23,
0.145608,12,22,19,27,
0.146994,8,12,19,22,
0.148373,8,12,19,22,
0.149722,13,4,13,16,
0.151054,11,12,16,22,
0.15245,28,21,31,27,
0.153827,29,21,38,23,
0.155248,35,24,28,24,
0.156646,19,25,19,25,
0.15807,33,34,29,25,
0.159546,28,31,26,29,
0.160965,28,31,26,29,
0.162354,16,27,22,21,
0.163776,4,3,18,25,
0.165177,-4,11,23,23,
0.166595,-7,14,22,19,
0.167982,22,20,28,15,
0.169355,24,21,32,30,
0.170742,31,22,25,25,
0.172143,38,23,33,30,
0.173485,34,22,33,39,
0.174824,34,22,33,39,
0.176237,23,20,24,32,
0.177691,21,17,27,20,
0.179293,17,22,25,24,
0.180693,3,14,26,23,
0.182081,-4,5,29,20,
0.183531,8,-3,30,19,
0.184904,11,9,35,28,
0.18624,16,26,37,36,
0.187639,30,27,36,34,
0.189013,26,33,33,28,
0.190383,40,33,38,32,
0.191718,34,34,27,28,
0.19305,27,27,28,26,
0.194453,27,27,28,26,
0.196071,26,21,30,29,
0.197429,8,23,31,24,
0.198774,12,10,20,15,
0.200135,1,11,18,8,
0.20153,1,15,17,22,
0.203144,10,25,17,24,
0.204595,28,28,19,39,
0.206006,28,28,19,39,
0.207401,34,28,29,37,
0.208789,26,32,36,35,
0.210208,24,39,27,34,
0.211653,18,24,23,21,
0.213011,14,15,28,23,
0.214403,24,25,27,22,
0.215794,9,13,17,9,
0.217211,2,6,16,12,
0.218633,11,2,24,24,
0.220013,7,16,17,27,
0.221388,15,24,11,35,
0.223032,25,31,27,26,
0.224664,23,35,33,23,
0.226086,28,37,37,30,
0.227558,23,29,28,22,
0.228997,23,29,28,22,
0.23035,19,30,23,14,
0.23168,10,5,18,17,
0.233059,5,13,18,19,
0.234424,5,13,18,19,
0.23596,-3,12,13,26,
0.237496,6,24,29,35,
0.238857,21,20,29,30,
0.240225,25,24,23,23,
0.241553,25,24,23,23,
0.24293,21,24,28,34,
0.244293,20,24,25,35,
0.245645,17,19,19,34,
0.247018,17,29,23,33,
0.248432,16,23,23,19,
0.249806,12,28,23,10,
0.251226,0,17,23,15,
0.252559,-8,19,13,21,
0.254015,-3,25,19,17,
0.255415,16,35,21,22,
0.256741,27,31,22,31,
0.258198,29,41,27,31,
0.259656,32,41,25,24,
0.261049,20,28,22,17,
0.262428,24,18,25,18,
0.263884,20,15,24,24,
0.265408,3,5,21,21,
0.266822,11,6,27,15,
0.268193,5,16,26,21,
0.269561,3,22,28,18,
0.271033,11,27,9,20,
0.272509,27,25,17,31,
0.273874,44,29,24,29,
0.275355,28,32,28,33,
0.276739,28,32,28,33,
0.27808,24,34,22,29,
0.279468,15,30,23,23,
0.280837,14,17,27,19,
0.2822,13,21,21,30,
0.283511,10,5,12,25,
0.284897,4,2,16,22,
0.286272,4,2,16,22,
0.287758,-5,12,19,27,
0.289132,12,23,26,28,
0.290512,12,23,26,28,
0.291967,23,40,38,32,
0.293772,27,35,32,29,
0.295303,33,32,20,36,
0.296797,22,33,15,40,
0.298136,25,34,33,29,
0.299597,14,17,30,16,
0.300904,11,4,27,15,
0.302281,8,18,16,10,
0.303754,8,18,16,10,
0.305071,-2,8,23,19,
0.306422,1,19,25,22,
0.30779,23,33,26,22,
0.309221,40,31,24,31,
0.310604,43,36,24,20,
0.312001,38,40,26,18,
0.31337,38,40,26,18,
0.314784,19,19,24,26,
0.316199,14,14,26,18,
0.317623,10,16,24,13,
0.319083,1,8,27,13,
0.320449,-6,4,14,12,
0.321777,-1,16,18,7,
0.323159,17,24,18,10,
0.324578,12,15,28,13,
0.325998,36,17,33,21,
0.327422,24,35,25,30,
0.328785,31,24,27,28,
0.33014,18,23,19,29,
0.331616,18,23,19,29,
0.333007,16,10,18,23,
0.334413,16,10,18,23,
0.336033,17,11,24,20,
0.337428,6,-2,20,21,
0.338821,-7,1,24,23,
0.340283,-2,0,23,24,
0.341621,21,32,28,38,
0.34299,35,30,26,33,
0.344371,35,30,26,33,
0.34571,47,32,26,26,
0.34709,32,35,21,34,
0.34848,32,35,21,34,
0.349932,32,29,25,27,
0.351459,22,17,24,24,
0.352908,18,13,28,20,
0.354302,10,19,20,17,
0.355751,2,21,12,13,
0.357111,2,21,12,13,
0.358474,10,14,11,21,
0.35986,19,23,26,25,
0.361253,34,27,29,25,
0.362645,44,26,42,33,
0.364082,29,21,39,30,
0.365457,21,25,39,31,
0.366832,17,16,29,29,
0.368195,15,17,24,25,
0.369608,20,21,16,18,
0.371099,7,22,15,19,
0.372481,7,22,15,19,
0.373827,-3,21,15,16,
0.375227,12,12,27,22,
0.376584,20,12,22,25,
0.377903,26,21,29,32,
0.379289,31,24,23,29,
0.380643,31,29,27,26,
0.382054,34,27,36,30,
0.383546,29,17,28,33,
0.384939,29,17,28,33,
0.386334,29,17,28,33,
0.387757,15,23,21,27,
0.389179,11,12,19,30,
0.390576,6,6,24,29,
0.392025,12,6,27,25,
0.393439,34,23,31,28,
0.394867,43,31,29,31,
0.396279,27,19,26,31,
0.397645,33,26,39,37,
0.399123,22,38,37,29,
0.400451,22,38,37,29,
0.401787,19,37,24,25,
0.403224,16,25,22,31,
0.404543,11,15,23,33,
0.405923,19,12,19,27,
0.407439,5,5,23,22,
0.408927,2,9,25,29,
0.410311,24,15,14,31,
0.41173,24,15,14,31,
0.41311,36,29,20,32,
0.414478,28,34,24,36,
0.416009,34,40,31,39,
0.417417,27,32,41,25,
0.419248,16,23,25,33,
0.420627,9,24,21,26,
0.421992,6,14,23,30,
0.423389,8,14,13,23,
0.424758,8,14,13,23,
0.426172,12,13,19,22,
0.4276,18,20,23,28,
0.428971,33,34,30,29,
0.430338,28,32,30,28,
0.431733,28,32,30,28,
0.433115,36,29,33,35,
0.434501,38,28,27,33,
0.435927,27,18,27,31,
0.437293,15,10,33,21,
0.438674,4,13,29,19,
0.44009,4,13,29,19,
0.441417,3,19,17,19,
0.442752,13,15,15,26,
0.444173,2,16,30,24,
0.445662,2,16,30,24,
0.447212,17,23,33,30,
0.448629,21,31,24,24,
0.450013,39,33,31,33,
0.451427,41,32,33,39,
0.4528,27,32,29,33,
0.454146,16,34,21,31,
0.455567,9,26,27,22,
0.456944,9,16,30,14,
0.458303,21,15,19,18,
0.459712,11,11,22,27,
0.461085,10,7,30,20,
0.462425,24,21,38,25,
0.463776,24,21,38,25,
0.465173,27,27,31,29,
0.466578,37,37,20,34,
0.468042,41,34,24,33,
0.469493,24,25,30,36,
0.470825,27,40,24,27,
0.472159,27,40,24,27,
0.473571,28,39,14,36,
0.475051,14,16,9,22,
0.47638,2,15,17,16,
0.477744,-2,19,26,20,
0.479128,7,22,19,26,
0.480448,18,35,21,23,
0.48179,18,35,21,23,
0.48322,33,39,21,24,
0.484624,32,40,26,27,
0.486024,34,33,31,24,
0.487478,12,26,26,41,
0.488858,12,26,26,41,
0.490309,18,17,31,37,
0.491757,15,11,13,17,
0.493154,5,2,19,14,
0.494529,-7,12,28,19,
0.495953,-11,19,25,15,
0.497337,12,27,17,16,
0.498715,34,28,24,18,
0.500112,35,27,32,27,
0.501498,34,26,27,34,
0.502947,24,27,27,28,
0.504401,31,32,26,23,
0.505765,15,23,22,22,
0.507167,8,19,24,22,
0.508534,10,28,19,22,
0.509912,12,18,20,31,
0.511412,-6,12,7,32,
0.512892,3,21,12,27,
0.514291,6,21,28,19,
0.515745,21,31,25,30,
0.517112,19,33,25,34,
0.518482,30,30,33,32,
0.519924,37,31,26,23,
0.521309,37,31,26,23,
0.522685,26,22,26,29,
0.524114,26,22,26,29,
0.525581,12,21,30,21,
0.526979,4,18,21,25,
0.52839,-5,13,15,21,
0.52976,0,15,16,21,
0.531148,14,26,21,27,
0.532537,27,33,23,28,
0.534018,22,22,20,24,
0.535593,22,21,26,22,
0.537013,29,32,34,38,
0.538428,29,32,34,38,
0.5399,15,14,20,32,
0.541257,21,21,22,28,
0.542619,8,27,17,18,
0.54405,22,23,22,19,
0.54544,-4,17,18,26,
0.546809,-4,17,18,26,
0.548193,0,24,12,27,
0.54957,7,17,23,31,
0.551013,20,28,32,25,
0.552391,25,19,38,37,
0.55366,38,19,33,33,
0.555042,35,26,28,31,
0.556423,29,25,30,22,
0.557831,12,16,27,24,
0.559279,1,14,17,32,
0.560683,-2,21,20,19,
0.56206,6,24,26,13,
0.563515,4,17,28,11,
0.564944,6,10,20,14,
0.566308,2,17,15,23,
0.56777,15,19,27,23,
0.569188,31,18,25,21,
0.570504,31,31,33,25,
0.571874,17,39,30,22,
0.573217,17,39,30,22,
0.574563,22,25,21,22,
0.576009,25,13,30,26,
0.577463,10,22,34,27,
0.579091,-3,13,20,23,
0.580561,1,10,17,26,
0.581944,4,14,14,17,
0.583374,28,14,26,24,
0.584729,28,14,26,24,
0.586082,28,14,26,24,
0.587466,32,28,23,29,
0.588836,28,22,34,28,
0.59019,21,17,45,27,
0.591602,12,29,30,22,
0.592965,12,29,30,22,
0.594331,1,19,32,21,
0.595745,15,2,23,20,
0.597158,6,0,18,28,
0.598535,4,1,15,17,
0.599925,2,6,21,15,
0.601318,4,13,30,23,
0.602742,17,23,36,31,
0.604191,20,24,38,23,
0.605554,27,31,30,26,
0.60699,25,33,29,26,
0.608546,22,34,30,29,
0.609925,22,32,36,29,
0.611384,20,27,32,21,
0.612804,1,23,17,32,
0.614184,-3,8,15,24,
0.6156,-3,8,15,24,
0.616949,-4,13,21,17,
0.618347,12,22,15,13,
0.619841,28,26,25,23,
0.621185,37,27,33,20,
0.622518,33,24,27,26,
0.623948,26,30,31,24,
0.625379,26,30,31,24,
0.626766,30,37,24,29,
0.628172,33,25,23,24,
0.629537,27,21,20,26,
0.630894,7,23,22,27,
0.632221,1,24,26,28,
0.633611,11,26,23,21,
0.635676,19,15,19,24,
0.63704,24,8,18,27,
0.638431,35,25,18,27,
0.639906,30,34,32,27,
0.641272,26,32,37,29,
0.642581,26,32,37,29,
0.644166,26,32,37,29,
0.646771,28,24,41,26,
0.648549,13,24,38,24,
0.649883,-5,6,21,2,
0.651281,-1,20,30,10,
0.652657,0,24,23,17,
0.654008,10,22,29,16,
0.655396,32,16,31,28,
0.656855,30,32,30,29,
0.658277,33,19,21,35,
0.659732,39,19,23,36,
0.661078,34,25,35,33,
0.662447,22,13,32,21,
0.663854,23,11,33,22,
0.66529,12,22,35,21,
0.666616,18,22,25,20,
0.668214,22,22,16,20,
0.669613,22,22,16,20,
0.671062,29,9,21,14,
0.672467,37,17,29,23,
0.673836,38,26,34,32,
0.675244,37,21,27,26,
0.676584,30,33,29,19,
0.677916,37,38,36,22,
0.679702,29,28,30,28,
0.681099,3,11,17,21,
0.682506,5,9,12,17,
0.683913,-7,7,18,13,
0.685229,-8,24,13,24,
0.686771,-8,24,13,24,
0.688691,10,24,14,20,
0.690044,25,29,29,30,
0.691416,25,31,29,34,
0.69279,34,30,36,28,
0.694146,20,22,43,29,
0.695523,30,23,35,31,
0.696994,15,18,31,32,
0.698337,1,12,27,27,
0.699722,3,13,18,13,
0.701065,1,17,21,17,
0.702421,1,17,21,17,
0.703817,9,9,27,21,
0.705217,11,14,28,28,
0.706607,23,28,23,26,
0.707967,36,27,29,36,
0.70936,35,34,32,35,
0.710777,37,27,33,29,
0.712128,38,29,24,32,
0.713461,25,23,24,24,
0.714848,19,10,25,22,
0.716267,10,23,30,30,
0.717629,2,23,16,20,
0.719122,2,23,16,20,
0.72049,2,11,11,13,
0.721881,10,12,8,13,
0.723295,12,27,17,22,
0.724719,12,27,17,22,
0.726154,12,27,17,22,
0.727721,12,27,17,22,
0.729132,12,27,17,22,
0.73051,12,27,17,22,
0.731887,12,27,17,22,
0.733297,12,27,17,22,
0.734716,32,30,31,33,
0.736298,1,9,14,25,
0.737659,-7,15,14,32,
0.739109,9,15,20,27,
0.740467,10,23,19,26,
0.741788,24,24,24,25,
0.743234,29,20,24,27,
0.744645,23,21,20,29,
0.746018,29,22,18,30,
0.747397,23,17,23,26,
0.748783,7,12,11,34,
0.750178,5,9,9,26,
0.751618,11,13,16,32,
0.752996,11,13,16,32,
0.754383,3,20,19,25,
0.755811,2,15,11,18,
0.757151,0,12,17,15,
0.758495,9,17,28,23,
0.759983,9,17,28,23,
0.761429,25,18,31,19,
0.762792,22,16,30,22,
0.764185,28,22,24,23,
0.765668,30,21,19,26,
0.767233,30,21,19,26,
0.768696,16,22,30,19,
0.770079,4,24,33,24,
0.771472,-4,4,16,21,
0.772852,3,12,21,20,
0.774226,4,20,33,16,
0.775587,25,24,32,25,
0.776959,25,26,37,22,
0.778326,34,24,33,28,
0.787829,-1,19,7,11,
0.789262,-4,21,10,15,
0.790645,3,20,16,18,
0.792059,13,19,29,18,
0.793416,23,25,29,26,
0.794797,19,34,31,37,
0.796247,16,26,34,25,
0.797653,20,22,39,27,
0.799081,35,31,35,26,
0.800466,22,31,34,30,
0.801896,15,27,23,21,
0.803506,3,28,29,25,
0.804927,1,27,22,29,
0.806308,-5,12,20,27,
0.807751,-12,7,29,20,
0.809166,1,16,21,18,
0.810484,14,18,25,28,
0.811825,35,25,35,26,
0.81318,41,22,33,35,
0.814586,31,23,39,33,
0.816062,31,23,39,33,
0.817494,34,28,35,29,
0.818921,19,24,19,26,
0.82034,13,23,22,17,
0.821694,8,18,23,10,
0.823099,1,18,15,11,
0.824466,-3,19,22,26,
0.825803,-6,15,24,25,
0.827175,5,20,34,31,
0.82855,22,17,38,36,
0.829933,32,32,33,34,
0.831362,32,32,33,34,
0.832723,26,29,27,34,
0.834089,29,17,20,25,
0.835566,20,15,22,26,
0.836942,0,15,16,20,
0.838284,0,15,16,20,
0.8397,5,21,28,15,
0.841069,7,19,24,18,
0.842451,1,16,19,17,
0.843822,10,17,19,17,
0.845152,15,20,17,26,
0.846522,33,15,22,35,
0.847895,26,24,28,32,
0.849206,26,35,25,29,
0.850523,28,38,23,28,
0.851866,29,27,26,31,
0.853193,10,17,23,23,
0.85451,10,17,23,23,
0.855851,-2,15,17,23,
0.85716,6,7,10,22,
0.858513,3,13,15,15,
0.859857,10,7,19,22,
0.861217,18,21,15,19,
0.86258,27,20,27,21,
0.863946,30,14,26,17,
0.86532,30,29,29,29,
0.866668,34,24,40,34,
0.868037,21,25,43,26,
0.869413,22,24,33,30,
0.87078,15,14,23,25,
0.872149,12,20,29,19,
0.87351,11,16,30,17,
0.874888,2,4,22,13,
0.876263,1,19,19,18,
0.877641,12,19,17,23,
0.878995,24,32,28,28,
0.880356,24,32,28,28,
0.881702,38,34,35,24,
0.883065,34,26,35,23,
0.884429,33,25,41,20,
0.885777,33,25,41,20,
0.887208,25,22,28,35,
0.888587,9,24,29,30,
0.889906,9,24,29,30,
0.891271,6,13,8,15,
0.892631,-7,6,8,14,
0.893964,-7,-1,4,27,
0.895325,8,17,14,20,
0.896694,8,17,14,20,
0.898023,24,27,24,18,
0.899383,35,26,44,37,
0.90077,35,26,44,37,
0.902101,43,24,47,40,
0.903463,39,26,32,31,
0.904822,33,26,25,23,
0.906191,17,29,27,18,
0.907573,2,25,31,18,
0.90893,1,21,26,17,
0.910281,-4,22,29,22,
0.911661,6,19,35,20,
0.913015,13,22,31,26,
0.914359,20,19,30,35,
0.915727,34,30,23,25,
0.917092,43,33,28,33,
0.918446,43,33,28,33,
0.919814,42,29,28,25,
0.921212,26,27,23,16,
0.922561,13,18,13,11,
0.923925,8,15,14,17,
0.925278,5,13,23,27,
0.926589,2,10,22,17,
0.927907,4,11,22,14,
0.929268,4,11,22,14,
0.930605,4,18,27,23,
0.931971,29,16,20,36,
0.933278,29,16,20,36,
0.934658,34,23,32,28,
0.93604,32,20,34,30,
0.9374,32,20,34,30,
0.938764,21,20,28,27,
0.940211,13,9,30,27,
0.941566,8,19,26,21,
0.942954,7,20,30,22,
0.944337,0,23,14,18,
0.945737,5,23,10,20,
0.947174,5,23,10,20,
0.948508,6,24,22,24,
0.949862,27,33,24,32,
0.951253,29,34,27,29,
0.952608,35,35,29,29,
0.953987,29,33,29,31,
0.955344,29,33,29,31,
0.956681,28,23,24,23,
0.958016,19,20,22,24,
0.959397,19,17,27,17,
0.9607,9,26,27,18,
0.962015,3,19,17,17,
0.963384,3,19,17,17,
0.964743,6,21,28,20,
0.966097,21,20,35,30,
0.967504,37,38,28,31,
0.968889,32,23,23,22,
0.970271,41,25,21,27,
0.971664,34,26,17,35,
0.972989,27,21,30,31,
0.974311,16,12,22,27,
0.975657,10,13,27,31,
0.976995,0,15,21,26,
0.978295,0,15,21,26,
0.979628,-1,27,7,17,
0.980996,-1,27,7,17,
0.982394,0,24,14,22,
0.983783,28,25,30,31,
0.985162,37,17,23,39,
0.98654,32,29,28,39,
0.987877,32,29,28,39,
0.989265,26,29,36,36,
0.990617,27,32,23,33,
0.991949,25,20,8,25,
0.993311,17,21,14,32,
0.994657,17,21,14,32,
0.996027,5,26,17,33,
0.9974,11,21,13,7,
0.998773,11,21,13,7,
1.00018,22,21,12,16,
1.00155,33,26,28,26,
1.00293,35,26,23,32,
1.0043,35,26,23,32,
1.00565,30,30,33,36,
1.00702,19,38,35,31,
1.00839,17,21,22,29,
1.00972,7,17,24,26,
1.01106,7,17,24,26,
1.01239,14,17,27,18,
1.01372,14,17,27,18,
1.01514,5,7,15,12,
1.01654,11,19,18,17,
1.01791,28,28,24,21,
1.01934,33,31,37,24,
1.0208,33,31,37,24,
1.02222,34,23,27,36,
1.02379,28,29,29,31,
1.02517,31,35,33,25,
1.0266,29,21,26,18,
1.02803,29,21,26,18,
1.02943,12,25,18,22,
1.03081,15,23,27,26,
1.03224,4,23,21,16,
1.03362,10,19,15,11,
1.03508,21,22,20,25,
1.0365,27,18,20,37,
1.03788,41,28,22,37,
1.0393,41,28,22,37,
1.0407,48,37,25,30,
1.04207,22,14,24,31,
1.04345,28,5,26,25,
1.04483,20,19,22,15,
1.0462,14,21,15,19,
1.04766,6,27,8,27,
1.04904,2,20,7,23,
1.05041,9,27,28,21,
1.05185,17,19,28,21,
1.05326,17,19,28,21,
1.05476,30,18,30,30,
1.05616,29,24,36,36,
1.05755,28,23,35,34,
1.05899,18,29,34,28,
1.06049,22,29,29,27,
1.06188,6,14,20,28,
1.06332,14,13,13,24,
1.06471,14,13,13,24,
1.06609,12,5,5,29,
1.06758,9,5,11,30,
1.06896,8,10,16,17,
1.07037,28,31,33,19,
1.07179,32,37,37,27,
1.07319,28,26,33,27,
1.07456,32,19,40,33,
1.07604,28,23,35,34,
1.07742,19,20,29,19,
1.07882,19,20,29,19,
1.08024,19,20,29,19,
1.08157,6,28,22,18,
1.08304,10,24,19,26,
1.08446,4,10,7,26,
1.08594,15,23,11,23,
1.08739,12,20,19,33,
1.08877,17,24,20,32,
1.09014,29,22,15,22,
1.09163,21,23,16,31,
1.09297,21,23,16,31,
1.09438,27,18,17,29,
1.09578,25,22,12,23,
1.09715,14,13,17,22,
1.09852,14,13,17,22,
1.09994,7,8,22,17,
1.10142,6,5,20,17,
1.10279,3,17,16,19,
1.10424,3,17,16,19,
1.10561,31,22,21,22,
1.10701,28,18,24,29,
1.10835,31,22,22,25,
1.1097,30,34,28,25,
1.1111,24,38,30,31,
1.1125,23,21,20,33,
1.11392,20,18,29,27,
1.11536,2,27,33,27,
1.11674,0,19,22,31,
1.11817,0,19,22,31,
1.1197,8,12,9,31,
1.12104,4,18,16,26,
1.1224,12,21,30,19,
1.1238,22,24,43,25,
1.12518,24,23,44,33,
1.12657,38,16,29,37,
1.12796,18,21,22,37,
1.12929,18,21,22,37,
1.13071,15,29,24,21,
1.13211,5,30,18,28,
1.13347,2,21,16,22,
1.13482,10,8,8,10,
1.13615,15,5,11,9,
1.13749,15,5,11,9,
1.13899,19,10,31,20,
1.14037,27,16,33,17,
1.14169,27,27,35,20,
1.1431,34,30,28,22,
1.14451,28,39,25,19,
1.14583,28,39,25,19,
1.14726,11,28,24,21,
1.14856,1,24,23,19,
1.14991,-6,14,18,23,
1.1514,-2,15,9,22,
1.15283,-11,12,9,23,
1.15428,-11,12,9,23,
1.15573,9,7,19,17,
1.15707,18,25,13,17,
1.15851,22,35,9,25,
1.1599,38,29,22,26,
1.16127,26,31,34,25,
1.16267,26,31,34,25,
1.16408,33,34,37,27,
1.16545,32,32,37,23,
1.16681,8,13,34,22,
1.16822,23,9,26,24,
1.16961,23,9,26,24,
1.17099,0,28,29,28,
1.17237,6,22,29,23,
1.17375,18,22,23,17,
1.17524,32,24,33,32,
1.17666,32,24,33,32,
1.17802,43,18,30,22,
1.17941,32,21,19,25,
1.18081,32,21,19,25,
1.18217,23,23,29,22,
1.18353,19,18,25,30,
1.18488,14,23,24,29,
1.18623,-2,12,24,29,
1.1876,-3,14,24,23,
1.18894,13,12,21,19,
1.19025,26,22,23,17,
1.19163,34,20,28,25,
1.193,38,28,29,26,
1.19435,43,35,22,25,
1.19573,45,33,21,28,
1.19705,31,38,26,32,
1.19841,27,30,21,33,
1.19977,14,23,23,33,
1.20109,7,27,26,28,
1.20241,5,28,29,25,
1.20374,-3,12,18,15,
1.20511,-3,12,18,15,
1.20648,13,7,19,26,
1.20787,13,7,19,26,
1.20926,15,19,31,27,
1.21062,22,33,23,29,
1.21196,32,32,24,34,
1.21328,29,32,27,27,
1.21463,29,32,27,27,
1.21605,21,22,39,21,
1.21744,21,16,32,15,
1.21883,9,15,21,23,
1.2202,9,15,21,23,
1.22156,-4,6,24,18,
1.22293,-6,5,26,18,
1.22438,3,9,22,24,
1.2258,10,24,20,28,
1.22725,35,25,28,26,
1.22861,38,34,29,19,
1.22997,45,37,32,34,
1.23132,34,25,25,36,
1.23269,28,23,33,35,
1.23402,14,24,29,25,
1.23543,14,24,29,25,
1.23679,10,19,31,20,
1.23812,12,11,31,22,
1.23953,-2,19,20,17,
1.24089,-2,27,21,16,
1.24225,-2,27,21,16,
1.24362,14,26,24,24,
1.24498,33,24,29,26,
1.24635,41,25,21,26,
1.2477,41,25,21,26,
1.24904,35,24,22,27,
1.2504,35,24,22,27,
1.25179,32,14,21,31,
1.25314,11,27,29,25,
1.25447,10,22,27,19,
1.25577,5,16,21,22,
1.2571,8,11,24,23,
1.25841,10,18,29,30,
1.25976,11,24,27,25,
1.2611,29,18,27,18,
1.26242,30,31,21,31,
1.26377,37,38,31,34,
1.26513,37,38,31,34,
1.26647,37,38,31,34,
1.26777,26,36,27,23,
1.26917,21,29,25,35,
1.27052,8,17,21,38,
1.2719,17,17,21,30,
1.27325,5,14,28,7,
1.2746,5,14,28,7,
1.276,2,16,30,8,
1.27736,16,29,14,18,
1.27875,22,39,21,18,
1.28013,25,37,26,27,
1.28148,29,26,34,27,
1.28286,29,26,34,27,
1.28423,25,27,31,25,
1.28553,23,30,22,26,
1.28691,19,11,18,29,
1.28826,18,14,22,20,
1.28961,17,14,15,22,
1.29099,17,12,16,22,
1.29234,18,20,17,27,
1.29372,12,16,14,26,
1.29512,10,30,27,20,
1.29647,20,33,24,23,
1.2978,20,33,24,23,
1.2992,36,36,24,27,
1.30055,38,38,39,36,
1.30191,34,31,40,25,
1.30327,19,25,23,29,
1.30461,5,10,19,27,
1.30596,8,23,14,27,
1.30733,5,29,14,26,
1.30869,-6,18,22,26,
1.31004,-3,20,30,20,
1.31147,13,29,28,20,
1.31286,14,30,20,32,
1.31417,32,29,23,29,
1.31555,39,36,27,28,
1.3169,22,36,31,37,
1.31826,19,24,33,35,
1.31963,27,16,36,39,
1.32098,14,22,32,34,
1.3223,9,10,33,32,
1.32366,9,10,33,32,
1.32504,2,24,22,12,
1.3264,3,11,26,16,
1.32779,13,4,23,28,
1.32919,19,4,20,35,
1.33051,16,10,33,30,
1.33188,16,10,33,30,
1.33325,24,27,31,22,
1.3346,29,32,33,31,
1.33594,32,27,29,29,
1.33726,21,27,22,26,
1.3386,8,19,17,28,
1.33994,7,20,20,26,
1.34132,20,18,19,31,
1.34269,18,16,22,22,
1.34406,4,8,21,27,
1.34537,4,8,21,27,
1.34673,8,12,19,23,
1.34804,20,25,12,19,
1.34941,18,40,19,23,
1.35075,19,33,34,22,
1.3521,52,29,20,20,
1.35345,44,30,29,29,
1.3548,28,23,33,28,
1.35618,28,23,33,28,
1.35756,8,19,30,30,
1.35894,6,10,23,26,
1.36033,-3,8,21,20,
1.36165,8,22,26,21,
1.363,8,30,28,26,
1.36435,28,19,23,25,
1.36566,36,18,24,24,
1.36702,22,26,20,26,
1.3684,26,27,27,34,
1.36974,33,24,23,27,
1.3711,33,26,27,27,
1.37248,33,26,27,27,
1.37383,11,12,31,23,
1.37521,20,21,31,28,
1.37663,20,21,31,28,
1.37799,0,22,14,29,
1.37935,7,17,9,21,
1.3807,7,17,9,21,
1.38205,11,9,23,22,
1.38341,28,41,33,20,
1.3848,23,42,35,31,
1.38615,37,32,43,35,
1.3875,37,26,38,37,
1.38885,23,34,19,27,
1.39021,16,36,19,25,
1.39159,13,27,19,21,
1.39298,9,14,10,19,
1.39434,9,14,10,19,
1.39567,-12,0,9,19,
1.39704,-12,4,14,15,
1.3984,4,6,26,11,
1.39977,15,22,23,9,
1.40113,34,35,33,33,
1.40248,38,41,32,34,
1.4039,38,41,32,34,
1.40526,31,35,33,20,
1.40664,27,26,27,30,
1.4081,10,15,24,25,
1.40948,1,20,29,29,
1.41086,1,20,29,29,
1.4123,1,20,29,29,
1.41361,7,14,22,27,
1.41499,2,24,15,19,
1.41634,7,31,12,16,
1.41764,16,29,19,30,
1.41908,27,34,27,32,
1.42051,37,35,37,24,
1.42202,33,30,29,31,
1.4234,28,20,23,32,
1.42476,28,22,21,36,
1.42612,21,26,13,30,
1.42748,13,23,14,26,
1.42883,13,23,14,26,
1.43021,0,8,9,17,
1.43163,7,20,9,16,
1.4331,12,28,16,23,
1.43446,21,37,30,32,
1.43584,29,38,39,36,
1.43729,21,35,35,34,
1.43865,19,35,25,32,
1.44,19,35,25,32,
1.44139,10,31,30,31,
1.44277,12,9,13,20,
1.44421,10,10,23,29,
1.44561,8,19,22,23,
1.44697,3,26,19,27,
1.44833,11,22,12,25,
1.44965,12,13,22,18,
1.45097,24,14,24,35,
1.45241,31,20,24,38,
1.4537,31,20,24,38,
1.45508,39,32,32,31,
1.45647,46,35,37,37,
1.45778,39,40,38,37,
1.45915,37,37,30,38,
1.46046,17,22,23,30,
1.46179,12,22,26,22,
1.46322,12,22,26,22,
1.46457,9,24,12,25,
1.46591,19,17,11,25,
1.46729,12,14,15,21,
1.46864,18,33,27,24,
1.46996,18,33,27,24,
1.47134,18,33,27,24,
1.47271,29,28,27,23,
1.47403,40,20,15,23,
1.47544,37,24,26,27,
1.4768,27,20,26,24,
1.47812,11,9,22,25,
1.47955,6,11,14,26,
1.48093,13,9,14,25,
1.48228,-3,10,22,9,
1.48365,11,16,19,4,
1.485,29,27,20,9,
1.48635,35,26,30,20,
1.48772,25,29,33,23,
1.48908,25,29,33,23,
1.49041,27,30,27,22,
1.49177,36,22,19,28,
1.49312,30,33,17,33,
1.49447,30,33,17,33,
1.49584,18,16,18,26,
1.49723,19,15,23,21,
1.49857,10,19,15,18,
1.49994,1,11,28,22,
1.50133,1,19,29,20,
1.50269,1,19,29,20,
1.50408,9,21,37,13,
1.50544,36,33,43,15,
1.50678,36,35,38,26,
1.50818,31,33,30,30,
1.50954,15,21,34,31,
1.51086,15,21,34,31,
1.51219,12,25,32,27,
1.51356,16,22,32,18,
1.51497,11,15,23,18,
1.51634,2,21,27,12,
1.51768,2,28,17,14,
1.51901,13,26,20,16,
1.52036,24,27,20,23,
1.5217,30,24,23,32,
1.52308,26,28,17,32,
1.52444,22,24,23,26,
1.52576,26,25,36,28,
1.52711,37,31,39,29,
1.52841,29,25,38,35,
1.52971,22,14,37,26,
1.53108,19,26,28,20,
1.53248,-2,19,20,19,
1.5338,-5,22,20,15,
1.53515,-5,22,20,15,
1.53656,3,19,16,16,
1.53794,25,20,19,16,
1.53939,25,20,19,16,
1.54078,29,25,20,22,
1.54211,34,22,25,26,
1.54354,34,22,25,26,
1.54493,19,30,20,20,
1.54629,22,19,21,19,
1.54767,27,12,16,22,
1.54908,5,19,21,20,
1.5505,5,19,21,20,
1.5519,-12,8,13,31,
1.55321,-1,13,20,29,
1.55457,17,21,23,25,
1.55604,17,21,23,25,
1.55756,31,30,20,22,
1.55914,39,31,28,19,
1.56057,27,24,39,33,
1.56194,37,19,26,31,
1.56332,29,12,29,22,
1.56468,17,13,29,25,
1.56614,17,13,29,25,
1.56754,14,20,29,22,
1.5689,15,18,27,21,
1.57023,0,7,28,18,
1.57168,11,16,16,13,
1.57304,29,29,22,20,
1.57435,34,28,28,32,
1.57571,34,30,22,28,
1.57715,47,37,22,26,
1.57856,31,28,19,24,
1.58002,27,35,21,22,
1.5815,31,34,24,27,
1.58302,15,30,23,25,
1.58434,-1,9,27,31,
1.58566,-1,9,27,31,
1.58707,7,16,19,30,
1.58848,11,24,27,27,
1.58992,12,24,30,26,
1.59136,31,35,30,29,
1.59273,26,34,23,24,
1.5941,24,34,24,18,
1.59546,31,37,37,31,
1.59684,16,43,38,30,
1.59857,28,33,36,23,
1.59998,14,11,22,21,
1.6014,5,25,15,21,
1.60281,5,25,15,21,
1.60428,4,6,20,27,
1.60578,-2,13,26,21,
1.60739,13,35,36,24,
1.60879,21,38,34,27,
1.61018,21,38,34,27,
1.61161,24,29,34,33,
1.61298,25,27,38,34,
1.61433,15,34,36,24,
1.61575,26,28,37,26,
1.61709,17,17,34,21,
1.61848,4,11,28,18,
1.61987,4,11,28,18,
1.62121,7,15,15,28,
1.62253,1,19,20,24,
1.62389,12,33,15,17,
1.62528,20,36,27,18,
1.62669,20,36,27,18,
1.6283,18,34,34,22,
1.62972,22,31,32,34,
1.63115,30,32,25,37,
1.63252,27,26,26,25,
1.63385,21,25,21,21,
1.63527,15,27,19,23,
1.63664,15,27,19,23,
1.63797,-6,26,19,24,
1.6393,0,17,14,20,
1.64066,5,22,10,14,
1.64207,12,29,17,25,
1.64361,39,25,30,27,
1.64494,24,29,28,31,
1.64628,24,29,28,31,
1.6477,38,23,31,35,
1.64908,28,32,27,21,
1.65041,16,33,22,27,
1.65175,7,20,23,26,
1.65315,15,22,29,17,
1.65451,2,12,24,9,
1.65592,-5,-3,17,10,
1.6573,-5,-4,16,19,
1.65871,2,2,14,22,
1.66016,11,19,14,16,
1.66166,41,26,22,21,
1.66312,41,26,22,21,
1.66449,34,23,23,32,
1.66584,17,36,20,23,
1.66726,16,25,23,31,
1.66866,16,25,23,31,
1.67002,6,19,25,36,
1.67144,6,27,28,24,
1.6728,5,24,30,17,
1.67417,6,22,30,22,
1.67556,8,23,23,29,
1.67694,28,27,24,19,
1.67832,36,29,20,21,
1.67972,28,25,23,18,
1.6811,21,30,22,31,
1.68247,21,30,22,31,
1.6839,21,25,18,33,
1.68532,21,23,20,32,
1.68673,18,15,22,26,
1.68808,26,15,24,26,
1.68951,17,16,17,25,
1.69086,1,12,23,26,
1.69226,2,12,23,27,
1.69361,24,23,15,32,
1.69495,25,20,22,38,
1.69631,24,30,20,35,
1.69765,25,31,33,25,
1.69913,25,31,33,25,
1.70047,27,34,41,25,
1.70178,28,41,32,28,
1.70312,16,19,27,23,
1.70447,13,13,20,28,
1.70582,6,24,14,31,
1.70729,-1,11,15,27,
1.70861,-1,11,15,27,
1.70998,-1,11,15,27,
1.7114,26,30,21,28,
1.7128,22,38,16,32,
1.71428,28,30,32,36,
1.71574,19,40,21,34,
1.71711,23,39,28,30,
1.71845,23,39,28,30,
1.71983,26,28,31,25,
1.72119,26,28,31,25,
1.72253,16,15,28,24,
1.72389,1,7,21,26,
1.72523,-6,10,20,30,
1.72658,-6,10,20,30,
1.72796,19,9,25,25,
1.72934,33,26,24,32,
1.7308,44,25,29,35,
1.73231,44,23,26,32,
1.73364,35,41,22,23,
1.73502,31,39,33,22,
1.73641,26,27,20,29,
1.73781,12,15,21,23,
1.7393,13,17,17,22,
1.74069,14,20,13,26,
1.74205,0,20,14,15,
1.74345,3,11,19,29,
1.74485,3,11,19,29,
1.74619,17,27,23,26,
1.74757,17,27,23,26,
1.74895,23,32,22,36,
1.75035,22,37,21,39,
1.75197,25,30,28,35,
1.75331,27,28,36,29,
1.75467,28,19,20,23,
1.75613,21,22,16,22,
1.75747,10,25,23,17,
1.75881,10,25,23,17,
1.76019,4,-3,8,26,
1.76158,15,9,10,32,
1.76304,28,24,10,24,
1.76441,26,26,15,20,
1.76579,37,26,23,31,
1.76716,31,34,26,37,
1.76852,39,36,29,32,
1.76988,21,22,25,20,
1.77129,19,11,24,21,
1.7726,7,13,18,31,
1.77393,16,11,20,27,
1.77532,16,11,20,27,
1.77676,11,8,19,22,
1.77819,6,13,20,7,
1.77961,18,20,24,6,
1.78103,26,24,20,20,
1.78242,38,26,26,30,
1.78385,43,31,34,34,
1.78523,38,28,33,28,
1.78661,33,30,37,36,
1.78807,33,30,37,36,
1.78944,18,20,16,32,
1.79077,18,20,16,32,
1.79216,5,20,15,22,
1.79354,-6,21,24,18,
1.79488,-8,26,33,14,
1.79628,6,18,21,17,
1.79768,22,27,26,25,
1.79911,22,27,26,25,
1.80049,22,27,26,25,
1.80182,39,25,26,32,
1.80323,38,27,30,31,
1.80459,31,34,31,35,
1.80596,17,24,28,23,
1.80732,5,21,26,23,
1.80869,1,21,30,18,
1.81002,1,21,30,18,
1.81139,3,26,17,18,
1.8128,11,20,22,26,
1.81419,3,23,16,26,
1.8156,8,26,16,32,
1.81696,25,29,25,30,
1.81832,24,25,25,33,
1.8197,36,33,25,38,
1.82107,38,23,34,39,
1.82247,32,28,37,36,
1.82383,21,22,15,30,
1.82511,21,22,15,30,
1.82657,14,21,17,21,
1.8281,3,7,18,14,
1.82956,3,7,18,14,
1.831,9,6,20,22,
1.83244,1,24,17,19,
1.83382,8,32,23,24,
1.83524,21,34,23,35,
1.8366,41,40,25,33,
1.83803,44,31,35,22,
1.83952,26,26,27,27,
1.84091,12,34,22,28,
1.84229,19,30,21,24,
1.84371,18,27,21,25,
1.8451,-5,25,28,22,
1.84648,-4,16,16,23,
1.84787,5,6,21,27,
1.84928,20,16,32,23,
1.85076,15,24,24,21,
1.85219,22,19,22,26,
1.85356,28,21,20,29,
1.85501,27,39,30,25,
1.8566,20,26,21,19,
1.85799,12,16,26,27,
1.85936,8,20,21,21,
1.86072,11,16,24,19,
1.86204,7,22,24,23,
1.86338,-3,27,25,20,
1.86475,0,23,20,13,
1.86613,15,20,14,18,
1.86766,26,22,20,21,
1.8691,30,31,31,24,
1.87047,34,37,19,36,
1.8719,36,36,30,34,
1.87327,21,30,25,28,
1.87464,29,29,19,21,
1.87604,17,25,16,26,
1.8774,17,25,16,26,
1.87876,7,20,27,30,
1.88012,7,23,21,32,
1.88148,-1,17,22,33,
1.88289,1,11,23,22,
1.88436,9,18,18,22,
1.88568,21,30,22,25,
1.88704,26,26,27,33,
1.88843,34,34,37,26,
1.88983,34,34,37,26,
1.89128,41,33,33,30,
1.89268,37,22,27,34,
1.89403,32,20,22,38,
1.89538,24,18,27,18,
1.89676,14,16,24,26,
1.89811,-2,18,15,21,
1.89964,8,24,13,16,
1.90103,16,17,11,20,
1.90242,16,17,11,20,
1.90392,18,23,19,27,
1.90532,34,26,23,30,
1.90671,42,34,18,31,
1.90817,28,34,18,29,
1.90953,17,26,22,23,
1.91092,2,25,30,17,
1.91234,9,12,30,16,
1.91375,11,9,17,21,
1.91518,-3,10,9,9,
1.91655,-3,10,9,9,
1.91789,2,15,11,14,
1.91933,7,26,25,27,
1.9207,7,26,25,27,
1.92206,34,26,32,28,
1.92345,22,40,39,34,
1.92481,13,43,39,26,
1.92614,25,43,37,14,
1.92754,21,31,31,17,
1.9289,2,29,27,20,
1.93026,13,21,23,19,
1.93162,13,21,23,19,
1.933,14,17,26,18,
1.93432,-2,12,12,20,
1.93575,6,16,22,25,
1.9371,23,17,21,31,
1.93846,23,17,21,31,
1.93994,34,25,22,33,
1.94134,23,32,27,33,
1.94269,34,26,26,36,
1.94406,38,23,28,37,
1.94539,32,25,23,39,
1.94677,13,12,19,31,
1.94821,13,12,19,31,
1.94963,14,6,22,18,
1.95102,8,5,20,13,
1.95242,16,-2,19,15,
1.9538,26,10,20,25,
1.95527,22,31,33,34,
1.95662,22,31,33,34,
1.95793,16,27,27,27,
1.95932,31,24,17,22,
1.9607,28,15,17,23,
1.96203,29,22,26,16,
1.96342,19,30,18,11,
1.96479,2,26,11,14,
1.96613,2,26,11,14,
1.9675,1,10,19,16,
1.96882,3,6,26,17,
1.97015,4,10,15,18,
1.97155,22,17,23,18,
1.97296,34,26,30,24,
1.97431,34,26,30,24,
1.97572,29,35,27,29,
1.97703,34,23,35,20,
1.97838,18,30,28,23,
1.97979,11,35,28,21,
1.98116,6,17,15,29,
1.98257,2,13,22,27,
1.98401,-4,21,17,26,
1.9854,-4,21,17,26,
1.98676,-2,20,14,25,
1.98819,11,19,24,22,
1.98963,31,26,21,32,
1.99097,33,28,27,23,
1.99233,33,32,29,22,
1.99364,28,31,27,28,
1.99515,33,33,21,28,
1.99654,39,28,24,30,
1.99798,21,22,19,21,
1.99945,9,17,11,15,
2.0008,-4,12,22,26,
2.00221,-2,5,9,24,
2.00377,-6,11,22,29,
2.00519,-1,17,33,24,
2.00664,16,29,28,23,
2.00809,34,29,31,33,
2.00945,38,29,37,31,
2.01083,38,29,37,31,
2.01221,29,27,31,23,
2.01357,35,28,26,19,
2.01498,33,21,18,29,
2.01638,11,12,17,22,
2.01771,13,12,16,14,
2.01905,2,14,8,12,
2.02036,2,14,8,12,
2.0217,2,16,23,18,
2.02308,6,13,31,20,
2.02445,16,12,36,23,
2.02578,29,12,30,32,
2.02723,40,15,24,36,
2.0286,37,29,20,29,
2.02994,22,21,18,23,
2.03137,12,12,18,28,
2.03273,10,18,18,23,
2.03408,7,19,19,28,
2.03545,3,15,12,16,
2.03683,-8,15,15,11,
2.03821,-1,10,18,6,
2.03973,-1,10,18,6,
2.04116,21,24,23,32,
2.04247,36,27,22,33,
2.04388,25,17,28,37,
2.04524,38,21,37,31,
2.04663,26,18,30,26,
2.04801,28,13,26,30,
2.04933,25,14,32,27,
2.0507,17,21,11,30,
2.05205,2,15,22,22,
2.05343,2,15,22,22,
2.05479,3,15,22,24,
2.05624,3,15,22,24,
2.0576,11,11,24,24,
2.05898,23,29,21,22,
2.0612,24,21,18,19,
2.06257,28,26,19,21,
2.06393,26,29,25,27,
2.06537,28,31,31,24,
2.06675,16,30,35,25,
2.06821,16,30,35,25,
2.06975,13,11,20,28,
2.07108,13,11,20,28,
2.07247,6,-2,13,20,
2.07385,11,11,17,24,
2.07527,10,27,21,23,
2.07666,25,36,34,25,
2.07801,25,36,34,25,
2.07939,28,36,25,30,
2.08073,43,35,23,28,
2.08208,29,33,25,24,
2.08345,27,29,28,28,
2.08476,27,29,28,28,
2.08615,2,5,19,29,
2.08759,3,13,17,33,
2.08896,2,10,20,17,
2.09033,-4,3,11,10,
2.09175,1,5,25,17,
2.09315,25,32,22,23,
2.09458,29,33,22,24,
2.09603,39,31,25,24,
2.09743,30,26,26,22,
2.09878,30,26,26,22,
2.10015,18,25,19,28,
2.10151,25,19,18,33,
2.10289,24,22,10,27,
2.10427,7,18,17,24,
2.10564,9,10,16,20,
2.10703,14,9,14,13,
2.10842,17,18,27,18,
2.10978,15,19,16,17,
2.11117,19,30,17,28,
2.11254,31,35,31,33,
2.11389,21,38,38,35,
2.11526,21,30,30,36,
2.11663,22,26,32,39,
2.118,22,26,32,39,
2.1194,7,21,32,22,
2.12079,7,18,24,22,
2.12215,7,18,24,22,
2.12357,1,5,23,26,
2.12497,14,6,12,25,
2.12645,14,6,12,25,
2.12787,24,20,24,26,
2.12927,31,21,26,26,
2.13059,40,20,28,27,
2.13196,33,30,23,27,
2.13337,24,27,25,33,
2.13478,19,17,32,35,
2.13619,24,17,25,24,
2.13757,21,30,24,22,
2.13897,17,29,26,24,
2.14034,14,9,19,30,
2.14189,14,9,19,30,
2.14337,8,-4,25,17,
2.14476,8,10,25,15,
2.14612,15,23,30,18,
2.14746,27,29,28,31,
2.14881,32,32,25,23,
2.15019,34,25,27,30,
2.15152,34,25,27,30,
2.15291,28,31,30,30,
2.15428,14,26,28,23,
2.15561,18,28,27,26,
2.157,19,17,24,24,
2.15833,13,9,18,23,
2.15974,13,9,18,23,
2.16119,13,16,17,25,
2.16263,29,23,14,21,
2.16399,18,23,33,24,
2.16541,18,23,33,24,
2.16683,29,27,34,22,
2.16823,30,34,31,37,
2.16962,30,34,31,37,
2.17101,18,26,23,32,
2.17239,21,19,14,37,
2.17375,16,20,22,27,
2.17509,16,9,26,19,
2.17649,11,13,15,19,
2.17784,11,13,15,19,
2.17923,11,13,15,19,
2.18065,30,22,24,40,
2.1821,28,15,21,28,
2.18349,28,25,31,21,
2.18488,31,29,23,23,
2.18626,31,33,26,31,
2.18768,31,33,26,31,
2.18905,2,24,22,13,
2.1904,-4,23,19,17,
2.19181,9,18,18,18,
2.19314,4,20,24,22,
2.19455,2,22,24,16,
2.19597,12,20,21,16,
2.19729,14,16,19,30,
2.19868,22,10,23,24,
2.20013,27,21,26,21,
2.20144,20,36,28,18,
2.2028,33,40,31,25,
2.20416,29,31,32,20,
2.20552,29,31,32,20,
2.20689,16,26,26,21,
2.20824,21,26,20,24,
2.20963,15,25,17,23,
2.21106,5,5,10,17,
2.21243,8,12,18,26,
2.21378,8,12,18,26,
2.21516,13,26,30,32,
2.21654,29,28,24,34,
2.21793,34,35,18,32,
2.21941,30,19,33,29,
2.22079,30,19,33,29,
2.22213,29,17,28,32,
2.22347,29,22,24,34,
2.22483,22,22,22,34,
2.22625,9,29,26,24,
2.22782,8,19,28,9,
2.2293,8,21,23,15,
2.2307,7,20,22,16,
2.2321,17,17,22,22,
2.23345,23,23,28,24,
2.23481,21,35,35,26,
2.23622,25,30,45,36,
2.23761,28,22,50,34,
2.23904,11,32,26,26,
2.2404,10,30,23,18,
2.24176,22,12,23,19,
2.24316,11,9,27,19,
2.24453,-5,20,22,19,
2.24608,0,12,23,20,
2.2476,9,15,27,23,
2.24916,12,17,30,22,
2.25056,30,27,30,18,
2.25196,36,36,35,25,
2.25332,40,45,31,32,
2.25468,32,38,31,32,
2.25606,27,26,29,25,
2.2574,11,23,25,17,
2.25876,6,23,28,19,
2.26015,6,23,28,19,
2.26156,3,18,35,19,
2.26288,5,2,14,32,
2.26434,5,2,14,32,
2.26584,7,30,26,22,
2.26725,26,35,34,21,
2.26866,27,37,42,26,
2.27001,37,30,35,28,
2.27138,37,28,37,28,
2.27273,31,21,43,23,
2.27411,31,21,43,23,
2.27556,22,25,36,34,
2.27695,22,25,36,34,
2.27831,14,16,30,24,
2.2797,1,18,16,21,
2.28101,13,2,25,14,
2.28241,17,15,23,24,
2.28385,21,22,25,35,
2.28523,25,23,30,37,
2.28663,25,23,30,37,
2.28805,34,25,31,33,
2.28961,25,21,21,34,
2.29112,34,19,29,33,
2.29248,26,16,34,17,
2.29381,18,18,37,10,
2.29525,11,21,24,21,
2.29665,5,17,19,17,
2.29802,12,13,18,17,
2.29957,13,23,29,36,
2.30099,14,34,24,32,
2.30243,14,34,24,32,
2.30381,34,43,23,32,
2.30518,37,44,20,33,
2.30653,22,27,27,37,
2.30795,21,19,16,27,
2.30933,14,19,24,26,
2.31069,16,19,14,27,
2.31208,16,19,14,27,
2.31345,25,26,12,26,
2.3148,8,15,18,19,
2.31616,8,15,18,19,
2.31754,12,17,20,26,
2.31908,41,23,29,18,
2.32055,41,23,29,18,
2.32197,33,21,43,28,
2.32334,34,42,28,22,
2.32474,29,47,27,21,
2.32609,23,38,22,32,
2.32743,16,33,24,31,
2.32881,22,32,29,29,
2.33016,15,26,27,33,
2.33153,4,10,20,25,
2.33291,0,13,16,18,
2.33428,2,9,20,16,
2.33571,25,13,31,24,
2.3371,25,20,30,33,
2.33855,18,24,31,32,
2.34002,25,29,37,30,
2.34133,25,29,37,30,
2.34271,22,29,31,23,
2.3441,14,24,33,18,
2.34542,12,15,24,29,
2.3468,1,12,15,28,
2.34818,-1,24,19,28,
2.34955,-1,24,19,28,
2.35099,13,19,15,24,
2.35237,34,23,24,26,
2.35374,34,23,24,26,
2.35513,36,27,35,26,
2.35646,44,27,30,30,
2.35779,35,32,22,30,
2.35914,35,32,22,30,
2.3605,27,18,18,21,
2.36184,29,21,24,24,
2.36323,17,23,26,20,
2.3646,14,21,29,10,
2.36592,-1,12,29,11,
2.36736,7,22,14,16,
2.36883,7,22,14,16,
2.3702,19,17,11,21,
2.37161,18,25,16,21,
2.37295,21,25,17,21,
2.37432,37,32,35,30,
2.37573,31,38,30,30,
2.37713,28,23,30,38,
2.37852,29,9,29,35,
2.37992,29,9,29,35,
2.3813,19,16,31,25,
2.38268,2,19,13,20,
2.38411,-1,15,19,17,
2.38565,-2,25,22,20,
2.38719,12,20,18,23,
2.38868,33,17,17,26,
2.39005,33,17,17,26,
2.39142,32,18,29,22,
2.39279,31,20,36,24,
2.39411,23,27,37,19,
2.39543,12,19,25,22,
2.39679,12,19,25,22,
2.39814,19,19,32,28,
2.39954,17,16,31,26,
2.4009,12,15,24,23,
2.40224,8,4,17,30,
2.40364,8,4,17,30,
2.405,8,4,17,30,
2.40635,4,14,19,30,
2.40781,31,21,17,33,
2.40921,34,29,27,29,
2.41058,38,29,31,39,
2.41196,28,26,26,40,
2.41339,28,26,26,40,
2.41476,3,26,18,26,
2.41622,3,26,18,26,
2.41775,5,26,12,25,
2.41922,-8,23,21,20,
2.42071,-8,10,19,25,
2.42211,5,5,23,18,
2.42357,17,27,24,25,
2.42494,20,22,31,31,
2.42631,35,27,38,37,
2.42763,27,28,40,41,
2.42904,27,28,40,41,
2.43037,14,26,27,27,
2.4317,7,24,30,26,
2.43312,15,18,29,32,
2.43449,25,5,31,25,
2.43588,9,10,34,20,
2.43731,2,6,26,19,
2.43869,15,24,18,28,
2.44007,29,33,32,27,
2.44144,45,24,27,28,
2.44281,43,27,26,26,
2.44416,43,27,26,26,
2.44551,39,28,32,31,
2.44686,32,30,28,32,
2.44822,15,34,25,23,
2.44957,9,25,22,24,
2.45092,17,18,21,20,
2.45231,6,9,14,23,
2.45367,6,9,14,23,
2.4551,14,12,12,24,
2.45646,19,21,17,20,
2.45779,16,25,31,23,
2.45919,20,22,37,33,
2.46051,38,35,26,27,
2.46182,38,35,26,27,
2.46313,31,36,34,33,
2.46445,26,37,28,29,
2.46572,2,30,15,19,
2.46707,10,24,18,15,
2.46841,1,15,17,28,
2.46976,-11,16,22,19,
2.47115,-11,16,22,19,
2.47248,-5,11,31,18,
2.47379,-3,8,29,25,
2.47515,15,40,29,34,
2.47649,16,46,30,35,
2.4778,16,46,30,35,
2.47917,43,30,32,31,
2.48053,41,33,24,32,
2.48186,36,37,27,30,
2.48318,12,28,18,24,
2.4845,2,15,16,19,
2.48582,2,15,16,19,
2.4872,2,15,16,19,
2.48856,10,27,20,11,
2.48992,0,8,30,14,
2.49131,10,20,30,23,
2.49259,26,22,27,37,
2.4939,30,26,34,28,
2.49522,25,35,31,31,
2.49655,41,32,24,29,
2.49786,14,23,21,27,
2.49919,19,16,25,26,
2.50053,19,16,25,26,
2.50183,27,17,18,29,
2.5032,7,9,20,27,
2.50456,-1,19,11,30,
2.50587,-1,20,19,25,
2.50716,8,18,23,30,
2.50851,8,18,23,30,
2.50986,16,21,26,31,
2.51122,18,18,29,28,
2.51257,36,34,26,25,
2.51387,31,42,17,29,
2.51522,33,31,20,28,
2.51659,29,12,20,33,
2.51793,20,8,20,25,
2.5193,6,14,27,26,
2.52069,5,13,25,21,
2.52205,-3,14,28,13,
2.52339,-3,14,28,13,
2.52473,-2,21,18,13,
2.52605,19,19,20,21,
2.52743,27,16,18,23,
2.52879,36,22,28,20,
2.53013,36,21,26,29,
2.53151,26,25,19,30,
2.53288,24,27,21,27,
2.53428,31,24,27,36,
2.53565,10,21,25,28,
2.53709,-1,22,26,26,
2.53848,-9,23,28,25,
2.53982,0,9,13,24,
2.54118,6,10,10,20,
2.54257,3,21,20,27,
2.54392,18,21,27,23,
2.54524,20,25,24,23,
2.54657,17,23,12,32,
2.54791,28,26,21,27,
2.54921,35,35,26,20,
2.55053,26,39,26,20,
2.55186,18,35,20,21,
2.5532,13,23,29,19,
2.55457,13,23,29,19,
2.55592,20,22,28,20,
2.55722,7,18,16,21,
2.55853,11,20,20,27,
2.55987,17,16,25,33,
2.56116,17,16,25,33,
2.56251,16,17,26,23,
2.56387,16,17,26,23,
2.56518,28,22,32,19,
2.56654,38,31,33,28,
2.56787,34,27,22,27,
2.56923,25,28,15,23,
2.57059,25,28,15,23,
2.57195,15,28,29,30,
2.57331,2,22,20,31,
2.57462,-3,19,12,28,
2.57598,11,28,27,24,
2.57734,11,28,27,24,
2.5787,27,29,27,28,
2.58002,27,29,27,28,
2.58137,34,29,26,29,
2.58275,35,32,36,26,
2.58412,15,36,38,29,
2.58547,23,29,38,30,
2.58685,23,21,34,26,
2.58821,15,17,21,22,
2.58956,6,16,19,28,
2.59096,8,23,11,26,
2.59233,12,23,15,25,
2.59367,8,14,20,26,
2.59503,8,14,20,26,
2.59638,26,17,27,24,
2.59773,32,29,30,22,
2.59909,28,17,25,38,
2.60049,32,28,35,32,
2.60181,16,24,36,33,
2.60316,22,23,32,32,
2.60454,16,23,34,27,
2.60586,11,22,33,27,
2.60717,20,20,23,11,
2.60854,5,25,18,7,
2.60988,5,25,18,7,
2.61124,6,22,7,14,
2.61261,29,32,33,29,
2.61402,29,32,33,29,
2.61535,35,34,38,25,
2.61673,23,31,38,21,
2.61809,27,32,43,32,
2.61952,30,28,45,34,
2.62089,19,36,42,24,
2.62227,7,18,28,25,
2.62367,-2,11,28,31,
2.62503,10,10,24,24,
2.62639,5,4,16,15,
2.62776,6,10,18,26,
2.62913,9,16,15,25,
2.63052,12,22,22,25,
2.63188,32,20,33,29,
2.63323,37,16,35,26,
2.63459,31,31,38,32,
2.63597,24,43,41,27,
2.63733,29,32,27,20,
2.63867,15,12,37,35,
2.63994,17,11,34,31,
2.64128,21,11,29,28,
2.64262,21,11,29,28,
2.64398,5,20,21,17,
2.64529,8,12,20,8,
2.64663,15,10,16,15,
2.64796,14,26,23,25,
2.64932,30,23,32,31,
2.65067,38,30,30,34,
2.65203,46,25,21,34,
2.65338,41,25,29,33,
2.65473,28,22,33,37,
2.65606,17,21,32,33,
2.65744,6,28,27,32,
2.65882,6,28,27,32,
2.66018,15,25,34,26,
2.66154,8,20,30,15,
2.66294,12,11,25,13,
2.6643,1,19,15,13,
2.66561,28,25,12,19,
2.66701,19,36,21,19,
2.66836,19,36,21,19,
2.66973,37,27,37,29,
2.67111,31,31,36,36,
2.67247,19,35,35,37,
2.67378,9,21,36,33,
2.67514,15,16,34,27,
2.67649,15,16,34,27,
2.67781,2,23,34,24,
2.67918,0,22,21,15,
2.68055,4,11,18,22,
2.68187,12,12,20,32,
2.68328,34,18,26,38,
2.68466,37,17,24,32,
2.68599,37,17,24,32,
2.68735,28,30,28,31,
2.68869,28,24,22,29,
2.69,23,14,22,29,
2.69134,12,27,25,23,
2.69269,17,17,29,29,
2.694,17,17,29,29,
2.69536,21,16,34,35,
2.69672,3,15,12,28,
2.69807,9,18,13,22,
2.69943,21,24,12,25,
2.7008,26,24,27,38,
2.70218,29,25,27,30,
2.70357,29,25,27,30,
2.70495,43,29,38,32,
2.7063,41,33,30,28,
2.7077,24,18,38,35,
2.70907,28,17,36,24,
2.71042,20,16,34,29,
2.71176,20,16,34,29,
2.71307,4,12,29,28,
2.7144,1,12,27,29,
2.71574,15,7,28,26,
2.71707,15,18,33,24,
2.71849,15,18,33,24,
2.71984,28,26,37,21,
2.72121,26,19,29,23,
2.7226,26,14,29,33,
2.72402,21,27,30,34,
2.72539,6,24,25,29,
2.72673,19,19,22,26,
2.72809,14,14,26,24,
2.72946,11,11,21,23,
2.7308,11,17,12,20,
2.73213,17,12,18,19,
2.73343,17,12,18,19,
2.73482,23,11,24,29,
2.73621,27,22,32,33,
2.73755,25,26,25,28,
2.73896,23,31,23,25,
2.74033,34,28,23,21,
2.74164,24,23,20,23,
2.74303,16,23,27,28,
2.74439,16,23,27,28,
2.74571,17,26,29,22,
2.74713,12,16,10,27,
2.7485,12,16,10,27,
2.74981,30,19,28,16,
2.75121,22,23,26,17,
2.75256,26,27,27,29,
2.75388,26,27,27,29,
2.75522,27,38,20,29,
2.75659,29,36,21,27,
2.75795,19,34,26,30,
2.75932,7,20,24,26,
2.76069,14,7,24,20,
2.76202,14,7,24,20,
2.7633,14,7,24,20,
2.76462,21,16,19,21,
2.76597,12,18,10,15,
2.76736,0,12,10,24,
2.76871,15,22,25,25,
2.77004,15,22,25,25,
2.7714,21,27,26,26,
2.77272,25,36,21,36,
2.77406,34,30,24,32,
2.77544,23,32,29,27,
2.77679,22,36,29,16,
2.77811,20,25,21,17,
2.77946,20,25,21,17,
2.78079,10,23,10,22,
2.78211,15,7,8,17,
2.78351,18,9,10,21,
2.78489,13,20,18,24,
2.78624,5,16,30,26,
2.78762,10,21,30,25,
2.78896,27,29,28,27,
2.79036,39,31,24,24,
2.79171,38,30,29,34,
2.79305,38,30,29,34,
2.79441,27,25,25,23,
2.79577,17,30,18,27,
2.7971,4,20,31,24,
2.79846,10,18,21,22,
2.79983,1,19,24,19,
2.80119,-1,21,28,22,
2.80255,8,29,30,30,
2.80392,24,29,30,27,
2.80524,35,29,23,28,
2.80658,29,24,21,29,
2.80794,31,25,19,36,
2.8093,38,25,29,41,
2.81066,27,26,26,40,
2.81203,27,26,26,40,
2.81337,18,16,21,16,
2.81475,12,6,21,24,
2.81616,12,11,30,24,
2.81754,9,8,28,19,
2.81901,11,4,30,19,
2.82044,16,15,28,20,
2.82181,17,19,22,26,
2.82325,20,17,22,31,
2.82463,32,15,32,24,
2.82595,25,16,31,30,
2.82733,24,27,32,34,
2.82874,32,35,30,38,
2.83009,20,16,22,28,
2.83151,12,12,27,22,
2.8329,15,24,18,18,
2.83432,-1,24,16,10,
2.8357,12,16,21,8,
2.83706,12,16,21,8,
2.83837,11,9,15,15,
2.83975,34,22,23,18,
2.84112,26,30,29,31,
2.84249,31,43,28,39,
2.84384,24,42,17,34,
2.84516,26,34,12,34,
2.84648,26,34,12,34,
2.84782,19,18,26,28,
2.84911,4,27,22,25,
2.85045,0,22,20,22,
2.85181,7,10,21,18,
2.85313,6,10,15,26,
2.85442,4,20,19,27,
2.85576,4,20,19,27,
2.85706,29,32,28,25,
2.85842,20,38,21,33,
2.85975,22,37,25,27,
2.86109,31,29,29,28,
2.86242,29,32,29,27,
2.86375,28,23,20,32,
2.86514,29,15,20,29,
2.86647,1,7,29,16,
2.86785,1,7,29,16,
2.8692,1,-2,18,24,
2.87053,-5,23,18,20,
2.87188,-5,23,18,20,
2.87319,18,13,21,30,
2.87458,27,19,17,34,
2.87598,24,22,32,33,
2.8773,27,37,29,32,
2.87865,35,32,21,31,
2.88,31,15,17,30,
2.88133,22,16,13,27,
2.8827,22,16,13,27,
2.88407,6,20,22,27,
2.8854,12,9,14,19,
2.88672,9,6,15,16,
2.88811,6,13,20,19,
2.88947,3,21,20,27,
2.89087,8,18,28,22,
2.89223,14,18,29,19,
2.89355,27,27,25,31,
2.89492,35,31,32,33,
2.89629,35,31,32,33,
2.89766,38,27,33,32,
2.89904,14,32,26,23,
2.9004,13,27,18,20,
2.90172,6,19,20,15,
2.9031,11,24,11,18,
2.90445,12,20,11,22,
2.90581,12,20,11,22,
2.90714,14,13,18,28,
2.9085,33,25,27,31,
2.90982,42,30,31,33,
2.91115,42,27,24,34,
2.91254,41,36,34,32,
2.91385,46,40,39,34,
2.91517,46,40,39,34,
2.91653,30,13,34,31,
2.91787,15,14,29,22,
2.91925,5,17,21,22,
2.92062,-5,5,23,13,
2.92199,0,-2,23,17,
2.92337,0,-2,23,17,
2.92472,19,27,25,18,
2.92603,19,27,25,18,
2.92736,24,23,25,25,
2.92869,18,25,35,32,
2.93002,46,18,37,25,
2.93138,46,18,37,25,
2.93275,37,18,31,25,
2.93406,11,10,33,27,
2.93544,0,8,36,20,
2.93679,7,8,27,16,
2.93809,10,10,28,19,
2.93941,16,10,28,18,
2.94079,16,10,28,18,
2.94215,13,13,21,16,
2.94351,33,26,24,21,
2.94485,37,24,28,28,
2.94622,29,24,24,28,
2.94756,39,35,22,31,
2.94892,39,35,22,31,
2.95031,40,32,16,26,
2.95167,25,23,12,22,
2.95299,8,21,24,32,
2.95432,4,15,27,24,
2.95575,4,22,26,17,
2.95711,4,22,26,17,
2.95848,-6,15,23,14,
2.95983,-1,22,19,16,
2.96118,27,31,31,18,
2.96252,20,34,28,19,
2.96383,40,41,27,26,
2.9652,33,29,30,21,
2.96654,31,31,28,26,
2.96788,24,27,22,20,
2.96924,16,32,19,21,
2.9706,4,11,24,19,
2.97196,4,11,24,19,
2.97334,4,11,24,19,
2.97469,-9,13,8,11,
2.97605,3,29,19,15,
2.97739,9,26,27,24,
2.97874,26,31,28,31,
2.98011,29,40,28,23,
2.98147,29,40,28,23,
2.98285,42,42,27,32,
2.98421,15,18,31,16,
2.98555,11,24,25,18,
2.98688,3,23,22,25,
2.98821,13,21,25,28,
2.98955,2,19,24,20,
2.99099,2,19,24,20,
2.99231,-3,17,23,18,
2.99363,10,24,26,20,
2.99496,24,31,31,25,
2.99634,20,33,33,23,
2.99767,30,28,32,21,
2.99904,27,29,30,22,
3.0004,21,25,31,31,
3.00173,20,34,21,38,
3.0031,16,32,30,38,
3.00447,16,32,30,38,
3.00577,21,30,25,29,
3.00713,7,22,17,20,
3.00852,-4,11,8,12,
3.00986,-9,19,14,12,
3.01124,21,18,16,26,
3.0126,21,18,16,26,
3.01397,27,17,29,29,
3.01531,38,26,21,32,
3.01662,45,27,23,28,
3.01796,38,21,33,30,
3.01929,32,26,35,24,
3.02067,15,27,22,29,
3.02204,15,27,22,29,
3.0234,13,23,11,28,
3.02477,3,21,29,30,
3.02619,8,10,21,18,
3.02764,13,2,18,8,
3.02897,23,35,31,20,
3.03033,23,35,31,20,
3.03183,39,31,26,18,
3.03316,35,24,25,29,
3.03456,22,28,26,26,
3.03604,30,32,31,27,
3.03744,25,27,33,28,
3.0388,25,27,33,28,
3.04015,21,24,24,14,
3.04152,8,15,18,14,
3.04299,-4,1,16,10,
3.04436,2,18,9,14,
3.04572,18,23,20,17,
3.04709,34,18,31,25,
3.04847,34,18,31,25,
3.04981,44,13,26,36,
3.05118,44,23,29,42,
3.05255,34,22,32,36,
3.05388,17,25,24,28,
3.05526,16,22,16,30,
3.05662,17,28,17,28,
3.05793,13,16,29,24,
3.05924,11,15,26,25,
3.06059,7,17,10,16,
3.06195,4,18,18,14,
3.06331,13,19,20,15,
3.06465,35,21,14,23,
3.06597,35,21,14,23,
3.06732,32,47,13,23,
3.06868,37,43,22,24,
3.06999,30,28,20,24,
3.07136,29,19,30,26,
3.07275,17,25,18,25,
3.07408,17,25,18,25,
3.07553,4,23,14,23,
3.0769,-3,12,17,18,
3.07824,-3,12,17,18,
3.07965,-3,15,16,17,
3.08101,15,18,31,21,
3.08237,36,17,34,32,
3.08375,36,17,34,32,
3.08511,29,43,26,29,
3.08649,23,38,36,34,
3.08786,21,30,35,28,
3.08922,4,18,35,30,
3.0906,4,18,35,30,
3.09197,7,21,28,26,
3.09332,3,23,20,19,
3.09466,1,17,23,7,
3.09602,7,9,17,8,
3.09739,0,17,22,8,
3.09876,29,19,25,29,
3.10012,29,19,25,29,
3.10148,33,26,38,27,
3.10285,34,22,32,34,
3.10421,33,24,32,37,
3.10556,23,26,24,32,
3.10692,16,19,20,22,
3.10827,16,19,20,22,
3.10962,16,11,22,16,
3.11094,13,19,23,26,
3.11234,10,18,15,24,
3.11366,-3,22,12,15,
3.11503,11,24,12,9,
3.11638,15,14,19,21,
3.11781,26,31,34,31,
3.11921,30,43,30,32,
3.12059,40,31,24,28,
3.1219,32,33,32,28,
3.12331,32,33,32,28,
3.12467,36,20,29,30,
3.12605,24,11,21,18,
3.12738,4,10,19,16,
3.12872,-4,14,15,23,
3.13001,5,11,14,28,
3.13136,2,9,9,16,
3.13273,2,9,9,16,
3.13409,35,21,32,24,
3.13541,29,32,30,27,
3.13676,34,28,24,27,
3.13807,38,31,32,35,
3.13946,38,31,32,35,
3.14082,40,26,34,28,
3.14216,33,20,30,20,
3.14354,14,15,28,22,
3.1449,16,22,27,23,
3.14636,9,5,11,20,
3.14775,9,5,11,20,
3.14912,12,24,9,25,
3.15047,22,24,23,22,
3.15183,29,29,27,31,
3.15316,22,32,21,38,
3.15452,30,24,27,42,
3.15584,39,29,25,32,
3.15721,39,29,25,32,
3.15856,42,26,19,28,
3.15989,25,12,23,31,
3.16126,11,16,20,22,
3.1626,8,15,15,22,
3.16394,6,2,14,15,
3.16525,-4,5,21,10,
3.16658,11,15,23,15,
3.1679,21,14,21,16,
3.16921,25,32,25,33,
3.17056,31,29,27,29,
3.17195,31,29,27,29,
3.17332,31,29,27,29,
3.17469,35,39,23,25,
3.176,42,31,16,17,
3.17737,30,23,19,15,
3.17872,-4,26,14,27,
3.18007,3,11,8,28,
3.18143,3,11,8,28,
3.18279,-2,25,14,18,
3.18425,8,26,21,21,
3.1856,13,19,30,18,
3.18697,44,27,28,30,
3.18833,44,27,28,30,
3.18971,44,27,28,30,
3.19105,26,28,24,38,
3.19236,18,19,24,37,
3.19366,14,6,26,34,
3.195,13,9,28,35,
3.19633,21,17,24,29,
3.19766,16,19,24,17,
3.19897,10,25,23,13,
3.20028,0,13,16,11,
3.20163,31,24,24,30,
3.203,43,26,21,32,
3.2044,43,26,21,32,
3.20577,31,27,29,32,
3.2071,36,30,34,35,
3.20845,35,31,24,28,
3.20982,31,40,27,27,
3.21118,22,27,20,22,
3.21255,22,27,20,22,
3.21392,11,15,27,17,
3.21543,-3,22,10,13,
3.21677,-9,15,17,19,
3.2181,5,26,23,20,
3.21944,22,37,26,28,
3.2208,22,37,26,28,
3.22214,29,46,37,33,
3.2235,34,46,42,26,
3.2249,36,32,31,30,
3.22632,34,35,29,35,
3.22767,22,20,32,32,
3.22903,16,15,25,31,
3.23086,16,15,25,31,
3.23246,8,4,8,15,
3.23393,-2,12,10,15,
3.23536,-2,12,10,15,
3.23675,4,19,19,26,
3.23805,27,28,41,33,
3.23943,27,28,41,33,
3.24079,24,32,36,29,
3.24222,35,37,19,31,
3.24359,30,35,31,29,
3.24492,22,29,23,24,
3.24619,9,20,21,28,
3.24756,15,11,24,23,
3.24892,13,15,20,17,
3.25026,-4,11,20,22,
3.25162,-3,4,17,29,
3.253,-6,3,18,25,
3.25443,0,17,20,18,
3.2558,27,26,24,26,
3.25717,30,25,33,31,
3.2585,23,25,36,33,
3.25983,46,27,21,33,
3.2612,32,30,30,25,
3.26254,32,30,30,25,
3.26386,28,29,24,17,
3.26523,14,19,14,19,
3.26658,14,19,14,19,
3.26796,11,14,14,25,
3.26931,5,10,22,24,
3.27068,13,7,14,18,
3.2721,13,7,14,18,
3.27353,28,32,21,34,
3.2749,26,29,27,42,
3.27631,44,38,31,33,
3.27768,33,18,27,23,
3.27908,33,18,27,23,
3.28044,22,27,23,25,
3.28176,19,29,25,26,
3.28314,8,17,24,26,
3.28452,8,17,24,26,
3.28587,4,-9,18,17,
3.28724,4,-9,18,17,
3.28859,12,4,20,21,
3.28994,28,21,29,37,
3.29131,21,24,36,36,
3.29266,22,25,31,36,
3.294,33,41,37,36,
3.29534,30,47,36,24,
3.29671,33,47,29,30,
3.29805,22,34,21,40,
3.29941,10,20,22,35,
3.30077,7,25,25,26,
3.30209,-8,21,14,19,
3.30341,-10,12,11,19,
3.30478,-5,13,12,21,
3.30616,-2,14,16,19,
3.30754,7,21,12,15,
3.30897,40,30,33,37,
3.31036,41,29,34,32,
3.31174,30,30,28,26,
3.31309,30,30,28,26,
3.31443,15,37,23,28,
3.3158,22,39,29,21,
3.31716,1,23,29,17,
3.31851,11,25,15,22,
3.31984,9,15,11,19,
3.3212,-1,6,23,17,
3.32257,5,15,21,29,
3.32394,24,26,14,24,
3.32533,36,19,20,20,
3.32671,43,33,27,31,
3.32809,43,33,27,31,
3.32943,56,37,35,33,
3.33079,50,43,38,30,
3.33215,32,31,40,28,
3.33354,31,18,23,24,
3.33491,11,9,20,30,
3.3363,-5,3,19,31,
3.33769,-8,6,25,30,
3.33907,-6,4,23,27,
3.34043,15,9,26,18,
3.34178,21,26,36,11,
3.3431,24,36,46,16,
3.34449,25,38,42,21,
3.3458,34,35,31,33,
3.34712,34,35,31,33,
3.34849,31,31,28,32,
3.34984,26,17,27,28,
3.35123,9,12,26,25,
3.35257,-5,2,23,32,
3.3539,-5,2,23,32,
3.35528,-13,1,22,21,
3.35663,1,11,19,31,
3.35795,10,18,27,31,
3.35931,33,18,40,36,
3.36067,43,28,40,34,
3.36203,35,38,39,30,
3.36339,35,38,39,30,
3.36471,29,35,41,27,
3.36605,24,33,30,36,
3.36746,18,23,36,35,
3.36883,14,9,35,31,
3.37015,4,8,32,28,
3.37153,2,16,22,22,
3.37288,12,11,16,25,
3.3742,13,17,13,17,
3.37556,30,18,16,30,
3.37694,43,24,33,36,
3.37832,43,24,33,36,
3.37971,50,27,30,38,
3.381,61,29,37,42,
3.38238,55,29,49,44,
3.38374,29,31,18,34,
3.38511,14,29,14,36,
3.38646,14,29,14,36,
3.38784,12,18,23,17,
3.38919,4,8,20,14,
3.39054,-4,17,17,17,
3.3919,19,27,17,31,
3.39327,19,27,17,31,
3.39464,32,27,34,33,
3.396,32,27,34,33,
3.39738,46,37,25,33,
3.39874,45,26,28,38,
3.40011,30,22,27,35,
3.40146,27,26,26,31,
3.40283,8,28,22,20,
3.40422,-1,26,12,19,
3.40557,7,15,18,13,
3.40703,9,16,18,17,
3.40842,3,21,21,19,
3.40973,3,22,30,29,
3.4111,17,19,28,29,
3.41247,17,19,28,29,
3.41384,31,25,24,26,
3.41523,45,24,37,31,
3.41663,35,27,34,26,
3.41799,35,27,34,26,
3.41946,21,42,31,19,
3.42083,20,32,25,17,
3.42219,-7,19,30,21,
3.42357,-8,7,15,13,
3.42497,3,20,18,10,
3.42632,11,25,21,9,
3.42769,11,25,21,9,
3.42906,19,26,27,20,
3.43043,39,33,28,26,
3.4318,42,29,30,21,
3.43316,40,30,37,25,
3.43457,43,26,26,33,
3.43592,24,28,27,32,
3.43728,8,16,30,19,
3.43865,3,17,23,15,
3.44002,-1,13,9,28,
3.44139,6,4,13,28,
3.44275,6,4,13,28,
3.44411,10,9,16,25,
3.44549,20,25,21,31,
3.44687,33,21,33,34,
3.44826,34,16,45,19,
3.44962,52,31,34,22,
3.45098,52,31,34,22,
3.45234,18,24,39,38,
3.45369,19,23,26,29,
3.45506,8,15,23,20,
3.45643,12,24,16,29,
3.45778,3,2,6,13,
3.45915,3,2,6,13,
3.46052,3,2,6,13,
3.46186,16,-3,13,15,
3.46331,24,12,26,24,
3.46468,39,33,40,22,
3.46603,41,49,32,36,
3.46742,41,49,32,36,
3.46879,33,31,28,37,
3.47015,18,21,19,34,
3.47153,12,11,13,30,
3.47291,1,9,8,24,
3.47425,-4,6,20,20,
3.47562,-15,2,17,16,
3.47699,-15,2,17,16,
3.47834,0,9,31,24,
3.47975,8,22,29,31,
3.48111,37,34,28,35,
3.48246,40,32,19,31,
3.48382,50,21,22,32,
3.48518,51,27,22,28,
3.48655,37,24,31,24,
3.48794,24,17,19,30,
3.48929,24,17,19,30,
3.49065,15,10,22,25,
3.492,-5,11,17,19,
3.49338,-5,11,17,19,
3.49474,-17,7,8,18,
3.49611,3,22,16,17,
3.49747,27,30,32,21,
3.49883,32,36,46,29,
3.50022,34,35,46,31,
3.50156,40,36,39,38,
3.50293,35,33,34,28,
3.50429,30,37,34,27,
3.50566,8,28,27,17,
3.50703,8,28,27,17,
3.50838,8,28,27,17,
3.50972,4,19,15,29,
3.51107,-16,15,15,29,
3.51255,0,18,19,25,
3.51391,15,27,26,20,
3.51532,15,27,26,20,
3.51668,27,39,15,30,
3.51807,37,37,23,29,
3.51943,38,36,34,29,
3.52078,33,34,34,28,
3.52211,28,33,26,35,
3.52348,12,36,16,27,
3.52484,12,36,16,27,
3.5261,8,34,20,31,
3.52748,-11,10,20,22,
3.52885,-12,4,21,21,
3.53021,-6,-4,13,14,
3.53159,10,-1,19,11,
3.53298,34,19,23,18,
3.53434,38,30,32,32,
3.5357,50,36,34,35,
3.53711,42,35,31,30,
3.53846,32,26,31,39,
3.53983,32,26,31,39,
3.54119,27,23,29,28,
3.54254,24,24,22,14,
3.54393,8,4,21,17,
3.54529,0,4,14,20,
3.54663,-8,0,14,22,
3.54799,-4,-7,23,19,
3.54936,16,5,19,22,
3.55071,28,20,27,26,
3.55208,39,30,24,23,
3.55343,45,43,42,32,
3.55479,30,41,41,24,
3.55633,30,41,41,24,
3.55766,23,32,38,31,
3.55907,18,22,36,29,
3.56043,1,13,22,27,
3.56178,-3,-5,15,26,
3.56315,-11,-7,14,28,
3.56452,-14,-7,16,24,
3.56586,7,4,19,23,
3.56726,30,13,24,24,
3.56862,47,24,34,24,
3.56994,36,36,28,26,
3.57128,35,41,23,33,
3.57261,20,27,30,24,
3.57395,31,27,22,22,
3.57533,26,32,25,27,
3.57669,11,28,29,25,
3.57804,2,19,24,25,
3.57941,-16,-3,11,18,
3.58078,-16,-3,11,18,
3.58209,-3,10,10,18,
3.58341,12,15,24,12,
3.58474,32,31,34,24,
3.5861,32,31,34,24,
3.5875,35,35,37,27,
3.58887,32,38,39,23,
3.59023,39,31,27,29,
3.5916,39,31,27,29,
3.59296,22,21,23,26,
3.59433,4,10,23,31,
3.59575,5,8,24,34,
3.59711,-5,12,10,18,
3.5985,-5,12,10,18,
3.59987,-5,12,10,18,
3.6013,14,11,14,19,
3.60268,27,28,18,22,
3.60404,38,36,24,34,
3.60541,46,26,38,27,
3.6068,40,31,35,28,
3.60816,40,31,35,28,
3.60952,15,36,32,28,
3.61087,4,24,14,22,
3.61225,10,12,17,17,
3.61362,9,16,19,10,
3.61502,-7,16,11,4,
3.61639,-8,26,13,6,
3.6177,-8,26,13,6,
3.61911,14,21,26,17,
3.62054,27,22,23,25,
3.62192,39,14,24,24,
3.62339,45,31,37,22,
3.62477,51,40,48,33,
3.62618,29,35,35,31,
3.62766,29,15,37,25,
3.62905,29,15,37,25,
3.63044,0,22,12,22,
3.63185,-2,12,6,19,
3.63324,5,11,9,15,
3.6346,-4,9,14,18,
3.63598,5,19,22,23,
3.63737,31,26,33,28,
3.63874,42,30,38,26,
3.64014,31,35,38,29,
3.6415,36,29,33,33,
3.64283,43,31,24,25,
3.64421,43,31,24,25,
3.6456,21,20,18,24,
3.64697,6,19,25,26,
3.64832,-8,13,24,18,
3.6497,-10,5,9,16,
3.65107,5,8,14,14,
3.65241,5,16,27,8,
3.65376,7,29,34,12,
3.65512,24,28,24,23,
3.65651,42,30,31,32,
3.65785,48,25,38,35,
3.65917,48,25,38,35,
3.6605,49,30,44,28,
3.66183,39,35,34,22,
3.66321,10,32,19,28,
3.66462,-5,24,22,18,
3.66594,-9,18,16,19,
3.66729,-9,18,16,19,
3.66865,-7,12,4,24,
3.66997,13,14,21,29,
3.67133,23,23,23,32,
3.67269,40,27,25,26,
3.67401,50,35,25,23,
3.67536,50,35,25,23,
3.67669,40,33,31,28,
3.67802,23,34,30,26,
3.67939,5,25,31,30,
3.68075,5,25,18,24,
3.6821,15,28,20,21,
3.68348,11,9,17,21,
3.68488,-4,-2,15,24,
3.68623,-3,13,12,16,
3.68761,23,20,22,23,
3.68898,39,27,21,29,
3.69033,39,27,21,29,
3.6917,33,39,21,36,
3.69304,44,43,31,42,
3.69437,39,25,30,35,
3.69575,25,31,18,24,
3.69707,9,11,21,25,
3.69843,11,9,20,22,
3.69978,0,11,23,19,
3.70107,-5,1,24,7,
3.70243,2,1,24,10,
3.70381,6,13,16,13,
3.70513,19,20,23,21,
3.7065,35,34,30,28,
3.70785,35,26,37,25,
3.70918,35,26,37,25,
3.71053,48,45,34,29,
3.71193,36,37,25,35,
3.7133,24,28,21,36,
3.71465,23,19,20,35,
3.71601,9,9,28,22,
3.71737,1,4,28,25,
3.71871,-14,4,13,26,
3.72007,-2,4,16,30,
3.72142,-1,17,13,23,
3.72284,-1,17,13,23,
3.72419,21,23,20,15,
3.72554,31,29,33,27,
3.72691,25,23,30,27,
3.72827,51,29,42,33,
3.72963,33,29,39,40,
3.731,27,19,26,35,
3.73235,22,14,12,27,
3.73371,14,16,11,18,
3.73508,0,12,15,26,
3.73643,10,17,4,24,
3.73777,10,17,4,24,
3.73913,4,22,16,22,
3.74051,12,21,19,22,
3.74184,38,36,28,22,
3.74322,52,28,41,30,
3.74458,46,21,48,27,
3.74591,32,36,26,40,
3.74733,26,30,22,35,
3.7487,26,30,22,35,
3.75006,3,14,26,31,
3.75143,7,20,27,26,
3.75279,0,14,13,27,
3.75415,-5,10,7,27,
3.75553,-11,7,19,20,
3.75686,-1,13,16,11,
3.75821,-1,13,16,11,
3.75963,34,18,32,28,
3.76099,36,27,40,25,
3.76239,47,30,34,24,
3.76374,33,21,27,33,
3.76511,33,21,27,33,
3.76649,28,22,27,27,
3.76786,3,26,17,29,
3.76923,3,26,17,29,
3.77056,-13,20,11,33,
3.77191,-8,12,12,18,
3.77322,-2,15,7,18,
3.77457,-2,15,7,18,
3.7759,11,26,16,24,
3.77722,37,37,30,39,
3.77857,41,42,41,35,
3.77994,32,35,40,34,
3.78129,18,32,31,35,
3.78267,18,32,31,35,
3.78403,18,32,31,35,
3.78539,1,22,16,25,
3.78676,-2,12,20,29,
3.78811,-6,1,15,25,
3.78946,-10,-2,8,26,
3.79083,13,28,19,15,
3.79216,13,28,19,15,
3.79356,22,39,23,15,
3.79495,24,22,31,28,
3.79632,28,34,45,33,
3.79765,25,42,43,25,
3.79897,22,41,45,20,
3.80029,22,41,45,20,
3.8016,19,23,37,29,
3.80294,3,14,28,23,
3.8043,-8,4,29,19,
3.80562,-25,12,24,17,
3.80699,-15,12,16,11,
3.80834,-3,6,21,19,
3.80968,20,7,32,20,
3.81101,42,25,34,29,
3.81237,51,31,40,33,
3.81374,38,23,46,40,
3.81519,38,23,46,40,
3.81657,38,23,46,40,
3.81793,23,24,35,32,
3.8193,14,27,25,34,
3.82077,11,24,29,30,
3.82234,-19,19,15,21,
3.82381,-11,20,13,11,
3.82522,4,10,23,3,
3.82664,4,10,23,3,
3.82801,29,26,18,25,
3.82941,38,30,20,24,
3.83083,40,26,21,26,
3.83225,42,27,29,32,
3.83362,42,27,29,32,
3.83505,30,31,38,26,
3.83642,16,21,24,20,
3.83777,17,21,25,16,
3.83922,2,11,21,9,
3.84059,-15,3,8,6,
3.84195,-21,9,18,6,
3.84332,-2,9,15,8,
3.84467,25,14,18,13,
3.84603,31,19,31,29,
3.84742,38,32,27,28,
3.84879,44,41,35,29,
3.85018,35,23,33,31,
3.85156,10,27,29,30,
3.85292,10,27,29,30,
3.85427,15,16,18,24,
3.85565,12,4,24,21,
3.85698,4,5,25,23,
3.85832,-19,6,19,12,
3.85966,-11,8,19,8,
3.86102,3,22,19,8,
3.86239,31,35,29,13,
3.8638,37,37,26,18,
3.86515,38,31,35,28,
3.86651,45,38,46,33,
3.86785,33,36,40,22,
3.86921,26,29,33,28,
3.87056,27,26,26,31,
3.87189,5,22,17,21,
3.87326,4,13,16,22,
3.87462,-12,4,23,18,
3.87596,-1,11,3,8,
3.87734,5,9,21,8,
3.87871,5,9,21,8,
3.88004,36,30,27,25,
3.88137,36,30,27,25,
3.88273,42,43,21,25,
3.88409,49,42,32,28,
3.88542,35,27,32,33,
3.88675,27,16,23,23,
3.88809,14,16,30,19,
3.88941,11,18,29,26,
3.89075,9,16,27,25,
3.89209,-11,4,21,20,
3.89348,-15,5,16,13,
3.89493,-7,9,15,16,
3.89632,12,14,32,27,
3.89774,38,26,36,31,
3.89914,52,36,27,29,
3.9005,57,40,25,30,
3.90186,49,44,33,37,
3.90327,18,31,40,44,
3.90462,1,27,31,26,
3.906,-3,27,21,20,
3.90734,10,27,15,18,
3.90868,-8,14,21,24,
3.91006,-14,14,27,25,
3.91143,-6,11,22,17,
3.91282,8,10,27,12,
3.91417,8,10,27,12,
3.91554,27,21,33,27,
3.91692,33,30,26,37,
3.91827,42,37,37,42,
3.91962,45,29,35,29,
3.92111,45,29,35,29,
3.92247,26,27,36,19,
3.92384,6,15,22,15,
3.92522,6,15,22,15,
3.92659,-13,2,23,5,
3.92796,-4,9,18,-1,
3.92932,7,10,13,12,
3.93068,17,16,15,22,
3.93203,17,16,15,22,
3.93335,24,29,24,27,
3.93473,33,38,24,37,
3.93609,41,33,34,47,
3.93745,20,30,22,34,
3.9388,20,30,22,34,
3.94015,18,29,18,32,
3.94145,18,29,18,32,
3.94286,-5,18,24,21,
3.94422,-5,16,13,9,
3.9456,-12,17,16,11,
3.94697,15,14,15,12,
3.94833,15,14,15,12,
3.94969,17,27,13,19,
3.95109,39,24,25,34,
3.95245,36,26,25,28,
3.95381,29,35,20,31,
3.95517,39,30,21,34,
3.95659,28,23,22,24,
3.95802,28,23,22,24,
3.95952,-1,15,18,20,
3.96089,-8,3,18,19,
3.96236,2,5,7,19,
3.96374,-2,17,22,15,
3.96504,15,24,27,13,
3.9664,15,24,27,13,
3.96775,23,42,26,28,
3.96911,23,42,26,28,
3.97047,38,44,28,30,
3.97184,40,43,37,28,
3.97314,25,28,26,29,
3.97448,25,28,26,29,
3.97584,-7,7,21,27,
3.97718,-9,25,21,22,
3.97848,-18,11,27,16,
3.97982,-6,11,16,15,
3.98115,0,20,21,8,
3.98251,11,28,24,10,
3.98387,18,27,24,22,
3.98518,25,22,36,34,
3.98654,30,27,38,36,
3.98786,52,38,44,47,
3.98917,44,29,35,38,
3.9905,35,33,26,38,
3.99187,17,37,33,26,
3.99323,13,24,33,24,
3.99453,5,20,28,29,
3.9959,-10,6,14,28,
3.9972,-4,9,13,24,
3.99852,-4,9,13,24,
3.99987,2,12,9,19,
4.00122,18,19,20,24,
4.00259,37,21,28,25,
4.00395,49,28,24,30,
4.00529,41,25,31,35,
4.00662,27,18,38,27,
4.00799,27,18,38,27,
4.00935,19,13,27,23,
4.01071,-1,21,13,21,
4.01207,1,22,9,27,
4.01341,-1,10,6,20,
4.01476,-1,10,6,20,
4.01616,-2,1,1,19,
4.01751,14,16,11,24,
4.01888,25,20,24,27,
4.02025,27,30,24,25,
4.0216,44,36,22,28,
4.02299,49,48,23,38,
4.02441,47,48,29,37,
4.0258,31,16,27,34,
4.02727,20,13,24,26,
4.02869,5,8,21,17,
4.03002,-2,7,24,20,
4.0314,-14,11,19,27,
4.03276,-14,11,19,27,
4.03409,8,10,22,23,
4.03551,21,24,32,17,
4.03687,24,31,28,18,
4.0382,34,22,24,18,
4.03963,30,31,19,30,
4.04103,30,31,19,30,
4.04237,32,22,20,34,
4.04378,26,27,24,25,
4.04514,21,25,14,22,
4.0465,6,25,12,23,
4.04788,-13,16,15,8,
4.04926,-13,16,15,8,
4.0506,-16,7,20,8,
4.05197,8,17,22,22,
4.05331,35,22,27,25,
4.05466,28,32,30,27,
4.05603,49,42,36,39,
4.05738,49,42,36,39,
4.05874,44,34,25,41,
4.06011,23,37,28,34,
4.06151,18,37,26,33,
4.06286,2,33,25,19,
4.06425,0,21,16,16,
4.06563,7,10,9,11,
4.06699,2,14,9,8,
4.06835,-8,20,19,15,
4.06967,28,30,24,23,
4.07105,40,36,29,25,
4.0724,50,39,35,35,
4.07365,54,45,39,39,
4.07501,54,45,39,39,
4.07637,41,33,39,38,
4.07768,25,38,42,32,
4.07907,16,15,27,24,
4.08043,11,18,30,22,
4.08175,5,19,22,19,
4.08313,0,8,8,12,
4.0845,-3,12,9,2,
4.08582,-5,17,3,11,
4.08718,22,15,35,37,
4.08856,28,29,39,32,
4.0899,30,39,39,29,
4.09128,30,39,39,29,
4.09263,32,45,42,35,
4.09398,27,40,36,31,
4.09536,28,29,31,29,
4.09672,16,13,24,23,
4.09804,5,6,28,22,
4.0994,5,6,28,22,
4.1007,-4,5,12,11,
4.10202,-7,15,6,14,
4.10336,7,23,15,22,
4.10471,35,19,26,33,
4.10602,50,18,31,32,
4.10737,41,18,24,28,
4.10872,41,18,24,28,
4.11004,41,35,24,36,
4.11142,39,34,22,31,
4.11275,20,17,30,23,
4.11412,7,13,33,26,
4.11548,5,13,30,28,
4.11685,0,6,20,31,
4.11819,1,-4,21,16,
4.11955,-5,13,14,21,
4.12092,8,25,13,31,
4.12228,8,25,13,31,
4.12366,28,38,28,33,
4.12505,28,38,28,33,
4.1264,26,37,25,31,
4.12777,30,32,33,38,
4.12914,20,37,28,27,
4.13049,26,21,13,26,
4.13186,18,5,17,30,
4.13324,-4,10,14,27,
4.13462,-12,4,11,22,
4.13597,-3,11,16,26,
4.13732,8,12,16,26,
4.13871,2,24,14,28,
4.14007,23,25,18,26,
4.14143,37,28,24,29,
4.1428,48,35,20,32,
4.14416,60,40,33,36,
4.14548,39,45,33,31,
4.14686,26,32,37,33,
4.14822,12,17,31,31,
4.1496,12,17,31,31,
4.15099,-2,18,26,25,
4.15237,-2,18,26,25,
4.15371,-15,18,24,17,
4.15507,3,9,9,19,
4.15642,22,16,19,34,
4.15776,47,31,27,29,
4.15913,47,23,36,32,
4.16049,48,30,43,29,
4.16182,45,36,41,38,
4.16323,16,32,25,36,
4.16459,10,17,24,22,
4.16593,10,17,24,22,
4.16729,3,8,11,15,
4.16865,3,8,11,15,
4.16999,-13,3,7,21,
4.17135,-13,10,15,19,
4.17273,18,9,23,23,
4.17408,18,9,23,23,
4.17544,28,32,26,23,
4.17676,36,35,29,30,
4.1781,50,39,38,35,
4.17944,51,32,37,28,
4.1808,37,31,26,26,
4.18213,22,22,17,24,
4.18354,2,15,11,19,
4.18494,2,15,11,19,
4.18627,0,7,19,25,
4.18767,-4,10,15,18,
4.18903,0,14,15,18,
4.1904,5,21,22,26,
4.19176,22,18,23,29,
4.19315,37,27,26,28,
4.19453,47,41,25,29,
4.19589,49,34,26,33,
4.19725,37,37,33,34,
4.1986,26,25,28,29,
4.19996,18,22,22,33,
4.20131,18,22,22,33,
4.20266,8,23,18,24,
4.20402,-8,0,12,25,
4.20538,-3,3,21,19,
4.20674,-3,3,21,19,
4.2081,-2,29,22,19,
4.20948,17,31,26,29,
4.21084,31,39,30,33,
4.2122,40,37,29,35,
4.21357,34,36,25,24,
4.21496,34,36,25,24,
4.21628,28,20,25,20,
4.21769,29,18,28,26,
4.21918,24,17,27,24,
4.22057,-7,0,15,22,
4.22193,-15,8,14,8,
4.2234,-15,8,14,8,
4.22483,3,22,18,9,
4.2262,14,25,24,15,
4.22761,14,25,24,15,
4.22899,34,42,36,27,
4.23033,51,42,41,40,
4.23173,47,31,37,38,
4.23309,21,36,22,30,
4.23445,21,36,22,30,
4.23583,-2,28,16,30,
4.2372,12,13,20,15,
4.23856,-7,1,26,15,
4.23993,3,3,18,20,
4.24128,5,7,11,17,
4.24264,17,20,17,16,
4.24402,17,20,17,16,
4.24538,43,37,37,29,
4.24675,42,28,34,38,
4.2481,45,32,44,40,
4.24947,46,29,39,32,
4.25082,30,26,25,28,
4.25223,21,16,24,30,
4.25362,12,13,21,20,
4.25503,9,9,15,24,
4.25639,0,9,22,13,
4.2577,0,9,22,13,
4.25906,7,11,18,17,
4.26055,7,11,18,17,
4.26186,31,13,23,20,
4.26325,45,38,26,34,
4.26463,48,32,35,40,
4.26596,33,30,34,42,
4.26732,28,25,32,34,
4.26868,21,25,26,25,
4.27002,10,30,28,24,
4.27134,7,13,30,20,
4.27269,2,6,23,19,
4.274,-7,5,4,21,
4.27532,-8,9,6,18,
4.27666,9,14,23,26,
4.27798,19,27,24,19,
4.27934,35,28,26,29,
4.28068,40,35,24,32,
4.282,42,39,33,38,
4.28345,34,26,25,33,
4.2848,34,26,25,33,
4.28616,30,31,28,28,
4.28747,20,26,26,26,
4.28884,5,18,26,19,
4.29018,1,-1,20,9,
4.29156,-4,5,8,11,
4.29293,3,11,8,28,
4.29436,5,26,21,35,
4.29573,32,27,31,28,
4.29709,39,38,30,31,
4.29847,34,41,27,25,
4.29983,48,37,27,29,
4.30116,48,37,27,29,
4.30251,44,26,30,32,
4.30387,25,26,27,26,
4.30522,5,18,31,25,
4.30658,3,12,22,26,
4.30791,-2,18,21,16,
4.30928,-3,14,10,20,
4.31063,3,14,19,23,
4.31199,3,14,19,23,
4.31336,34,22,18,39,
4.31471,37,35,27,31,
4.31608,37,35,27,31,
4.31743,47,36,38,35,
4.31879,38,32,33,27,
4.32017,38,32,33,27,
4.32152,16,33,20,26,
4.32288,11,19,26,25,
4.32425,18,10,21,24,
4.32563,-8,12,21,11,
4.32708,-8,12,21,11,
4.32843,-15,22,23,15,
4.32979,22,29,21,27,
4.33116,22,29,21,27,
4.33252,28,45,24,30,
4.33384,37,42,21,33,
4.33516,40,31,34,27,
4.33647,40,31,34,27,
4.33781,41,27,33,31,
4.33913,3,17,23,19,
4.34047,1,9,26,26,
4.34179,-5,7,28,23,
4.34314,-6,6,24,7,
4.34447,-12,9,29,10,
4.34582,-12,9,29,10,
4.3472,-5,7,30,25,
4.34855,28,18,33,29,
4.3499,28,27,33,29,
4.35128,44,37,44,23,
4.35263,59,38,42,24,
4.35398,46,40,26,29,
4.35536,25,29,26,21,
4.35667,14,22,34,26,
4.35799,5,19,15,21,
4.35938,-19,13,24,26,
4.36074,-19,13,24,26,
4.36206,6,1,19,17,
4.36344,6,1,19,17,
4.36479,25,23,17,23,
4.36613,42,24,26,38,
4.3675,44,31,24,29,
4.36886,44,31,24,29,
4.37023,48,32,20,30,
4.37165,42,26,27,25,
4.37306,19,21,25,23,
4.37437,11,17,20,24,
4.37575,-13,18,17,15,
4.37713,-13,18,17,15,
4.37851,-13,18,17,15,
4.37987,-14,22,9,9,
4.38126,-1,11,21,6,
4.38265,15,14,27,16,
4.38401,27,36,27,25,
4.38543,27,36,27,25,
4.38682,48,38,38,36,
4.38819,34,34,38,23,
4.38953,18,21,27,30,
4.39087,10,14,14,30,
4.39218,0,13,16,26,
4.39354,7,7,22,25,
4.39489,-2,1,12,13,
4.39628,-2,1,12,13,
4.39764,-5,4,12,11,
4.39903,11,16,8,20,
4.40039,35,19,21,27,
4.40172,56,20,34,23,
4.40309,58,32,33,24,
4.40446,57,43,46,36,
4.40577,32,32,25,18,
4.40714,32,32,25,18,
4.40849,15,27,22,22,
4.40983,9,19,17,28,
4.41116,-7,18,12,29,
4.41256,-12,15,11,19,
4.41389,-5,10,12,15,
4.41529,10,6,17,15,
4.41665,10,6,17,15,
4.41796,11,9,32,23,
4.41947,53,39,22,37,
4.42101,47,51,37,32,
4.42237,33,32,36,34,
4.42382,27,22,39,37,
4.42527,16,25,39,35,
4.42658,16,25,39,35,
4.42792,-2,12,33,33,
4.42926,1,18,29,22,
4.43061,-13,1,27,19,
4.43212,-13,9,12,10,
4.43351,-13,9,12,10,
4.43491,32,34,28,19,
4.43636,38,26,26,32,
4.43775,30,29,27,39,
4.43908,33,31,39,31,
4.44043,28,33,42,23,
4.44174,28,33,42,23,
4.44307,28,33,42,23,
4.44445,0,19,32,16,
4.4458,3,20,31,22,
4.4472,-3,10,24,23,
4.44858,-8,17,23,14,
4.4499,-8,17,23,14,
4.45127,14,17,30,11,
4.45263,33,20,32,32,
4.454,39,26,35,40,
4.45536,52,37,31,45,
4.45672,54,39,19,39,
4.45804,31,45,29,30,
4.45941,31,45,29,30,
4.46076,17,32,33,26,
4.46209,5,19,25,25,
4.46345,0,13,17,20,
4.46482,-6,1,13,15,
4.46617,-8,-1,15,10,
4.46753,7,-1,19,11,
4.46889,15,21,17,28,
4.47023,32,30,18,38,
4.47163,32,35,26,38,
4.473,43,35,28,44,
4.47436,43,35,28,44,
4.47572,33,27,23,39,
4.47709,22,25,28,29,
4.47846,17,18,28,21,
4.47986,-1,21,24,19,
4.48119,-10,8,19,17,
4.48254,-9,-5,15,13,
4.48391,-4,3,9,9,
4.48528,7,18,25,22,
4.48663,21,26,37,29,
4.488,34,26,33,28,
4.48935,39,26,34,22,
4.4907,36,38,42,26,
4.49207,45,31,46,32,
4.49339,33,28,42,30,
4.49475,19,36,35,29,
4.49614,15,28,29,29,
4.4975,1,17,17,19,
4.4989,-4,11,16,10,
4.50024,-4,11,16,10,
4.50157,4,9,17,13,
4.50295,21,21,21,25,
4.50431,29,28,23,38,
4.50563,29,28,23,38,
4.50699,44,34,27,23,
4.50836,44,34,27,23,
4.50969,49,42,31,29,
4.51106,32,30,37,29,
4.51243,29,28,40,24,
4.51379,23,17,23,23,
4.51517,-2,5,22,23,
4.51654,-2,5,22,23,
4.5179,-4,17,21,25,
4.51926,-11,10,17,26,
4.52064,3,15,24,32,
4.522,21,25,31,24,
4.52339,35,31,39,30,
4.52475,35,31,39,30,
4.5261,52,42,42,33,
4.52748,49,41,37,37,
4.52884,28,21,32,38,
4.5302,13,12,27,28,
4.53157,13,5,19,29,
4.53293,8,3,27,33,
4.53429,-11,11,27,25,
4.53566,-22,21,17,16,
4.53701,4,20,24,17,
4.53837,21,24,19,19,
4.53975,34,36,25,23,
4.54109,32,48,28,36,
4.54244,34,44,38,44,
4.54381,27,47,38,42,
4.54516,41,41,28,41,
4.54648,4,27,27,25,
4.54786,4,27,27,25,
4.54922,-3,22,26,20,
4.55054,-5,0,12,18,
4.55187,-5,8,17,7,
4.55317,-4,10,22,11,
4.55447,2,12,27,20,
4.55581,27,21,29,25,
4.55714,27,21,29,25,
4.5585,32,39,35,27,
4.55986,42,31,31,40,
4.56116,38,27,32,32,
4.56251,23,30,29,28,
4.56388,23,30,29,28,
4.56525,23,21,29,27,
4.56659,8,21,22,28,
4.56796,-9,20,16,24,
4.56931,-5,13,13,15,
4.57066,-5,13,13,15,
4.57204,8,13,9,14,
4.57336,24,21,20,19,
4.57475,45,20,35,30,
4.57611,48,31,39,33,
4.57747,58,30,33,41,
4.57883,51,38,36,41,
4.5802,45,40,32,30,
4.58158,28,26,27,34,
4.5829,10,15,33,21,
4.58426,7,11,25,27,
4.58557,2,5,14,23,
4.58692,-7,2,13,12,
4.58828,-7,10,14,15,
4.58967,-7,10,14,15,
4.59108,32,26,29,20,
4.59245,31,37,32,30,
4.59377,34,35,30,40,
4.59518,39,46,34,36,
4.59654,34,36,28,37,
4.59788,31,23,35,33,
4.59926,15,28,33,28,
4.60061,-3,25,17,17,
4.60192,-2,18,8,12,
4.60319,-2,18,8,12,
4.60455,-11,15,14,12,
4.60586,12,7,14,14,
4.60724,12,7,14,14,
4.6086,30,18,14,23,
4.60995,45,39,32,30,
4.61127,45,39,32,30,
4.61259,47,44,35,42,
4.61392,37,39,23,44,
4.61533,34,28,32,23,
4.61667,19,27,29,21,
4.61799,14,19,31,20,
4.61938,-1,18,29,20,
4.62083,-5,10,22,15,
4.62231,-5,10,22,15,
4.62391,-8,19,25,21,
4.62532,4,30,26,27,
4.62674,39,37,37,32,
4.62809,55,42,38,33,
4.6294,55,42,38,33,
4.63071,35,43,24,38,
4.63208,35,34,20,35,
4.63348,17,24,16,29,
4.63476,2,15,24,20,
4.63614,11,19,30,17,
4.63754,-11,19,23,24,
4.63892,-11,19,23,24,
4.64045,-17,7,19,24,
4.64178,4,17,24,19,
4.64313,28,31,21,31,
4.64451,29,34,20,38,
4.64587,51,32,26,36,
4.64721,51,32,26,36,
4.64857,51,34,28,41,
4.64989,52,27,31,44,
4.65121,32,25,26,38,
4.65254,12,20,23,25,
4.65385,6,25,21,24,
4.65523,-16,12,14,23,
4.65662,-16,12,14,23,
4.65794,0,21,11,10,
4.6593,5,25,23,16,
4.66063,5,25,23,16,
4.66197,41,32,26,42,
4.66332,54,40,25,39,
4.66467,53,38,34,36,
4.66599,45,39,40,30,
4.66737,36,38,34,36,
4.66876,20,20,30,28,
4.67008,13,6,27,17,
4.67147,-12,13,12,18,
4.67286,-19,10,8,14,
4.67424,-19,10,8,14,
4.67562,-7,16,18,14,
4.67698,9,17,15,20,
4.67832,26,31,26,28,
4.67967,43,25,48,30,
4.68104,50,25,45,37,
4.68239,50,25,45,37,
4.68373,38,34,18,23,
4.68509,34,31,25,28,
4.68643,27,32,25,34,
4.68779,17,19,16,26,
4.6891,-12,15,15,21,
4.69046,-12,15,15,21,
4.69187,-2,19,13,12,
4.69318,-4,24,11,11,
4.69454,16,24,18,24,
4.69588,33,21,29,35,
4.69722,38,32,37,33,
4.6986,38,32,37,33,
4.69993,44,39,33,31,
4.70126,38,36,30,30,
4.7026,20,33,21,29,
4.70398,3,26,27,31,
4.70528,11,19,21,17,
4.7066,-15,8,19,16,
4.70793,-14,9,20,22,
4.70927,-17,11,17,24,
4.71065,-17,11,17,24,
4.71203,18,13,19,21,
4.71338,18,13,19,21,
4.71478,28,30,32,23,
4.71614,46,47,38,37,
4.71751,42,38,36,29,
4.71886,31,33,27,23,
4.72023,13,26,30,29,
4.72161,8,13,32,24,
4.72299,4,16,29,27,
4.72435,-18,12,22,9,
4.7257,-13,11,24,16,
4.72706,-13,11,24,16,
4.72841,5,8,19,28,
4.72973,27,33,25,27,
4.7311,29,32,19,37,
4.73246,29,32,19,37,
4.73378,32,36,35,33,
4.73511,23,37,48,30,
4.73644,23,37,48,30,
4.7378,19,23,34,23,
4.73912,3,13,29,19,
4.74046,9,14,19,20,
4.74183,-5,10,19,16,
4.74324,-6,7,24,19,
4.74461,-2,-4,23,17,
4.74599,6,-3,24,21,
4.74734,38,15,18,26,
4.74873,38,15,18,26,
4.75006,39,29,18,29,
4.75137,46,37,31,35,
4.7527,37,34,39,35,
4.75403,40,32,36,33,
4.75538,24,20,25,23,
4.75674,10,14,19,19,
4.75811,-4,8,16,22,
4.75946,-4,8,16,22,
4.76082,-10,-4,21,22,
4.76218,6,13,23,28,
4.76355,21,31,16,27,
4.76485,39,36,15,26,
4.76616,30,43,30,33,
4.7675,30,43,30,33,
4.76885,37,42,27,30,
4.77018,37,28,32,33,
4.77154,21,26,32,34,
4.77289,24,21,33,24,
4.77422,16,25,25,19,
4.77553,12,21,27,23,
4.77688,12,21,27,23,
4.77825,2,5,18,14,
4.77962,-11,14,16,15,
4.78102,2,18,15,21,
4.7824,26,26,25,23,
4.78376,40,37,26,27,
4.78516,54,44,25,25,
4.78652,54,44,25,25,
4.78789,29,39,28,29,
4.78921,26,27,32,28,
4.79056,7,21,23,24,
4.7919,1,23,19,21,
4.7933,6,10,12,13,
4.79467,6,10,12,13,
4.796,-6,9,1,3,
4.79733,5,10,23,19,
4.79873,10,16,23,25,
4.80011,35,20,24,23,
4.80144,50,19,26,24,
4.80282,65,33,38,38,
4.80417,56,36,34,39,
4.8055,46,42,23,25,
4.80689,16,28,24,24,
4.80818,-2,20,22,23,
4.80962,-2,20,22,23,
4.81098,1,10,16,20,
4.81236,-6,6,7,5,
4.81369,-6,6,7,5,
4.81506,13,18,23,7,
4.8164,33,32,34,24,
4.81773,33,32,34,24,
4.81915,30,46,39,26,
4.8205,48,48,49,26,
4.82185,45,45,42,31,
4.82317,40,35,40,29,
4.82451,13,24,27,29,
4.82583,13,24,27,29,
4.82724,13,24,27,29,
4.82863,3,11,18,17,
4.82992,-8,5,10,15,
4.83132,-8,9,8,14,
4.8327,-8,9,8,14,
4.83403,19,15,16,11,
4.83544,40,26,30,18,
4.83682,53,36,33,40,
4.83817,44,38,37,35,
4.83959,44,34,36,28,
4.84093,34,18,24,29,
4.84227,12,21,14,33,
4.84359,2,14,24,22,
4.84498,2,14,24,22,
4.84639,2,10,26,15,
4.84778,7,3,28,16,
4.84916,4,17,21,14,
4.85053,16,27,24,23,
4.85189,36,31,20,24,
4.85325,34,29,31,25,
4.8546,35,54,47,34,
4.85594,48,47,49,26,
4.85731,42,33,40,29,
4.85867,42,33,40,29,
4.86001,27,32,31,26,
4.86138,12,24,24,16,
4.86275,10,13,15,23,
4.8641,-12,15,4,14,
4.86545,-7,14,11,21,
4.86681,5,30,28,25,
4.86817,22,37,35,22,
4.86958,32,30,28,18,
4.87099,38,32,22,24,
4.87239,50,38,25,40,
4.8738,42,36,30,33,
4.87528,27,28,26,30,
4.87665,31,29,21,23,
4.87799,16,19,23,16,
4.87937,20,27,18,17,
4.88075,-12,5,9,13,
4.88208,-15,10,21,1,
4.88345,-4,15,22,12,
4.88481,4,18,22,12,
4.88615,4,18,22,12,
4.88754,27,30,23,26,
4.8889,48,33,33,26,
4.89029,42,32,38,35,
4.89166,30,33,37,34,
4.89303,22,33,24,23,
4.89444,20,26,21,16,
4.89582,10,21,18,19,
4.89718,-10,20,24,21,
4.89857,-2,20,14,12,
4.89993,-2,20,14,12,
4.90128,11,13,11,17,
4.90264,11,13,11,17,
4.90395,29,23,16,20,
4.90527,30,25,21,23,
4.9066,34,32,29,36,
4.90797,38,27,32,35,
4.90934,36,27,33,30,
4.9107,22,24,29,25,
4.91208,4,11,25,25,
4.91343,2,14,28,21,
4.91478,-4,18,27,24,
4.91614,-6,10,20,24,
4.91746,6,7,17,25,
4.91877,16,3,12,16,
4.9201,25,17,19,9,
4.92147,38,34,24,17,
4.9228,40,43,35,19,
4.92417,31,47,36,39,
4.92554,36,33,20,35,
4.92692,36,33,20,35,
4.92832,29,17,27,28,
4.92968,8,15,27,29,
4.93107,-1,12,16,22,
4.93243,8,10,13,14,
4.93369,1,8,13,2,
4.93508,9,6,15,9,
4.93653,9,6,15,9,
4.93784,26,26,19,35,
4.93921,33,34,17,35,
4.94057,47,30,30,30,
4.94188,58,38,37,32,
4.94325,39,37,38,31,
4.9446,39,37,38,31,
4.94593,39,37,38,31,
4.94731,3,10,18,28,
4.94867,6,8,10,28,
4.94999,1,11,11,19,
4.95135,-17,13,15,13,
4.9527,-17,13,15,13,
4.95402,-3,7,16,26,
4.95539,42,37,29,27,
4.9568,47,32,33,20,
4.95815,55,36,34,20,
4.9595,47,37,31,22,
4.96086,44,35,26,21,
4.96222,44,35,26,21,
4.96359,37,28,25,28,
4.96496,-9,7,17,18,
4.96631,-11,7,11,12,
4.96768,-11,3,14,10,
4.96904,-3,9,13,16,
4.97037,-15,7,12,15,
4.97174,2,15,19,14,
4.97311,23,25,29,11,
4.97449,37,34,34,25,
4.97586,46,39,34,31,
4.97723,49,33,33,22,
4.97859,49,33,33,22,
4.97995,25,34,23,28,
4.9813,19,21,16,33,
4.98264,3,15,13,24,
4.984,-4,10,15,13,
4.98536,-7,15,16,16,
4.98671,-12,13,18,20,
4.98807,10,13,25,22,
4.98939,26,25,32,27,
4.99074,30,33,34,30,
4.99206,30,32,37,36,
4.99343,35,35,36,35,
4.99482,31,35,26,33,
4.99613,33,31,29,29,
4.99748,30,33,36,30,
4.99885,24,34,28,20,
5.00024,-3,18,26,21,
5.00159,-12,17,14,13,
5.00295,-12,17,14,13,
5.0043,-17,17,10,20,
5.00566,-3,22,34,18,
5.00703,-3,22,34,18,
5.00838,31,24,39,25,
5.00972,37,41,33,31,
5.01109,41,41,32,27,
5.01245,41,41,32,27,
5.01378,37,32,29,35,
5.01514,26,24,27,23,
5.0165,5,19,21,22,
5.01786,-7,19,16,29,
5.01929,-17,20,13,19,
5.02064,-4,13,8,7,
5.02202,-4,13,8,7,
5.02344,-4,7,17,18,
5.02482,7,15,22,16,
5.02619,27,18,18,19,
5.02766,56,38,40,36,
5.02905,43,34,34,25,
5.03043,43,34,34,25,
5.03188,30,40,29,21,
5.03319,15,31,23,18,
5.03459,1,21,19,16,
5.03599,-5,20,14,20,
5.03734,-3,20,11,13,
5.0387,-4,14,10,14,
5.04008,2,21,23,27,
5.04143,2,21,23,27,
5.04282,20,22,28,25,
5.04423,31,19,33,25,
5.04558,49,24,25,28,
5.04697,57,30,33,40,
5.04837,37,23,34,24,
5.04968,37,23,34,24,
5.051,24,28,23,17,
5.05234,8,17,28,11,
5.05367,-5,7,16,5,
5.05502,-4,6,16,10,
5.0564,3,5,19,18,
5.05773,15,18,20,24,
5.05909,25,26,28,33,
5.06048,32,28,32,27,
5.06181,41,38,37,34,
5.0632,42,32,41,40,
5.06458,37,36,32,39,
5.06592,40,36,25,26,
5.0752,22,26,33,28,
5.07662,22,26,33,28,
5.07799,49,34,30,30,
5.07936,41,33,26,31,
5.08072,31,37,34,34,
5.08203,28,34,40,34,
5.0834,31,30,36,39,
5.08477,21,15,19,33,
5.08609,21,15,19,33,
5.08749,10,13,19,23,
5.08885,-8,11,14,17,
5.09018,-5,7,16,20,
5.09154,2,1,22,24,
5.0929,18,2,31,19,
5.09424,16,13,33,23,
5.0956,23,29,31,30,
5.09695,53,40,39,39,
5.09828,48,30,39,46,
5.09965,40,27,38,35,
5.10104,40,27,38,35,
5.1024,28,28,29,30,
5.10369,8,12,22,29,
5.10504,-4,10,28,28,
5.10634,-18,9,21,15,
5.1077,-3,3,18,19,
5.10907,5,0,21,25,
5.11043,15,21,31,22,
5.11177,33,25,35,22,
5.11308,34,29,34,30,
5.11442,38,24,31,33,
5.1157,41,34,32,27,
5.11705,31,38,26,28,
5.11838,25,39,29,29,
5.11976,25,39,29,29,
5.12114,9,26,26,17,
5.1225,6,22,28,19,
5.12386,-9,8,22,29,
5.12519,-6,8,22,24,
5.12656,-6,8,22,24,
5.12792,13,9,20,16,
5.12927,40,17,25,36,
5.13059,29,33,37,30,
5.13195,44,43,35,27,
5.13327,44,43,35,27,
5.1346,47,43,32,24,
5.13596,37,37,24,31,
5.13729,22,19,23,35,
5.13861,7,19,20,38,
5.14002,3,7,18,21,
5.14138,0,11,13,10,
5.14273,-6,11,22,10,
5.14408,1,24,27,16,
5.14536,20,25,22,15,
5.1467,40,25,24,24,
5.14805,47,35,21,31,
5.14938,57,35,29,35,
5.15069,43,23,35,40,
5.15202,43,23,35,40,
5.15341,26,20,19,24,
5.15477,14,16,20,24,
5.15612,17,15,22,28,
5.15744,-8,6,24,7,
5.15881,-6,5,21,18,
5.16016,-6,5,21,18,
5.16152,9,8,11,17,
5.16291,22,11,14,21,
5.16421,31,23,23,25,
5.16554,41,20,25,37,
5.16686,40,39,44,40,
5.16823,40,39,44,40,
5.16959,33,23,37,31,
5.17097,12,19,19,26,
5.17236,13,25,27,27,
5.17367,10,30,32,20,
5.17501,0,26,14,19,
5.17633,-17,21,18,20,
5.17763,-11,17,20,23,
5.17899,-11,17,20,23,
5.18033,15,26,22,32,
5.18174,29,34,30,33,
5.18311,24,40,32,36,
5.18448,40,32,28,39,
5.1858,34,28,29,37,
5.18714,31,24,29,25,
5.18848,32,24,28,27,
5.18979,-12,20,36,33,
5.19117,-18,30,42,26,
5.19252,-18,30,42,26,
5.19383,-13,13,7,6,
5.19519,-13,10,5,7,
5.19654,-13,10,5,7,
5.19785,6,27,13,17,
5.19921,40,33,22,21,
5.20056,40,33,22,21,
5.20194,40,31,27,29,
5.20331,40,35,39,34,
5.20463,20,34,33,29,
5.20594,20,16,16,25,
5.2073,12,14,19,18,
5.20879,9,16,20,13,
5.21013,-12,7,22,13,
5.21151,-24,3,19,13,
5.21288,4,1,21,21,
5.21425,4,1,21,21,
5.21562,25,14,18,19,
5.21698,31,28,22,25,
5.21837,25,37,26,32,
5.21979,29,32,29,32,
5.22116,19,25,31,30,
5.22253,9,20,28,34,
5.2239,9,20,28,34,
5.22524,-4,20,30,29,
5.2266,-7,16,23,19,
5.22804,-7,16,23,19,
5.22944,-5,2,26,11,
5.23081,-8,7,15,9,
5.23223,6,22,24,7,
5.23361,32,39,38,20,
5.235,28,38,35,33,
5.23643,44,41,34,32,
5.23779,39,35,31,34,
5.23922,35,24,31,29,
5.24057,11,15,25,30,
5.2419,-5,11,28,30,
5.24328,-5,11,28,30,
5.24465,-9,11,24,25,
5.246,-10,3,19,10,
5.24736,9,12,17,17,
5.24873,17,19,28,31,
5.25008,32,17,28,25,
5.25147,45,28,33,19,
5.25282,48,36,29,28,
5.25418,49,31,29,38,
5.25556,41,27,37,27,
5.25691,28,28,28,19,
5.25825,28,28,28,19,
5.25961,7,25,14,19,
5.261,1,21,18,15,
5.26233,-1,20,15,21,
5.26369,-5,15,13,18,
5.26506,12,10,16,16,
5.26641,24,17,23,14,
5.2678,33,36,37,26,
5.26916,35,36,37,21,
5.27051,47,41,39,30,
5.2719,44,36,31,34,
5.27326,44,36,31,34,
5.27462,33,31,30,24,
5.27598,33,31,30,24,
5.27734,3,24,31,19,
5.27871,4,16,30,27,
5.28013,-8,12,27,27,
5.2815,-4,3,18,26,
5.28286,-4,3,18,26,
5.28425,11,12,27,30,
5.2856,40,32,31,37,
5.28697,46,31,31,31,
5.28829,47,41,29,39,
5.28965,34,37,28,34,
5.29103,34,37,28,34,
5.29242,33,32,27,29,
5.29368,17,19,27,23,
5.29506,5,10,22,30,
5.29645,-6,6,24,28,
5.29779,-12,0,28,19,
5.29917,-5,8,22,23,
5.30058,-5,7,11,13,
5.30193,14,13,14,7,
5.3033,35,36,32,24,
5.30467,46,29,39,22,
5.30602,49,24,41,26,
5.30738,49,24,41,26,
5.30874,47,31,43,33,
5.31009,24,31,36,29,
5.31145,-5,23,28,20,
5.3128,2,13,26,11,
5.31415,-6,0,26,11,
5.31552,-6,0,26,11,
5.31688,0,6,24,12,
5.31824,10,11,31,22,
5.31958,34,17,25,24,
5.32092,30,32,32,25,
5.32227,41,32,25,39,
5.32367,41,32,25,39,
5.32502,38,22,28,37,
5.32637,23,17,31,30,
5.32773,18,16,26,27,
5.32907,10,5,13,28,
5.33044,-5,17,24,18,
5.33179,-5,17,24,18,
5.33309,-14,15,17,11,
5.33444,2,18,16,15,
5.33579,25,19,27,18,
5.33714,34,17,19,24,
5.33848,34,17,19,24,
5.33982,49,36,36,38,
5.34117,49,36,36,38,
5.3425,36,29,29,33,
5.34382,22,30,30,29,
5.34517,11,30,34,21,
5.34652,-3,31,26,18,
5.34789,-16,11,26,18,
5.34925,-7,0,19,15,
5.3506,-9,7,15,8,
5.35196,2,3,11,14,
5.35335,25,22,24,29,
5.35474,25,22,24,29,
5.35611,31,22,35,36,
5.35746,31,26,39,35,
5.35881,49,31,38,29,
5.36019,43,28,27,22,
5.36155,19,18,33,29,
5.36293,18,8,28,20,
5.36428,15,2,27,22,
5.36564,-11,-5,22,12,
5.367,-17,-6,16,11,
5.36835,2,4,21,18,
5.3697,6,10,27,22,
5.37108,22,24,17,27,
5.37246,32,26,26,23,
5.37381,32,26,26,23,
5.37512,44,38,27,34,
5.37649,34,34,23,33,
5.37784,29,21,28,23,
5.37921,11,17,22,23,
5.38059,13,22,22,27,
5.38194,13,22,22,27,
5.38326,-6,7,11,14,
5.38463,-4,4,17,2,
5.38594,-4,4,17,2,
5.38726,-9,6,25,6,
5.3886,38,33,29,28,
5.38991,38,33,29,28,
5.39125,41,47,36,35,
5.39254,45,43,45,34,
5.39387,43,37,43,20,
5.39526,19,31,34,29,
5.39658,15,26,24,23,
5.39789,16,21,23,17,
5.3992,16,21,23,17,
5.40054,8,7,28,22,
5.40187,-5,3,29,14,
5.4032,-8,14,22,6,
5.40457,3,9,18,11,
5.4059,17,17,25,22,
5.40722,38,23,25,31,
5.40853,44,34,26,28,
5.40984,43,36,36,29,
5.4112,48,25,32,22,
5.4125,37,17,26,28,
5.41385,37,17,26,28,
5.41523,13,13,26,18,
5.41655,13,13,26,18,
5.41782,1,1,24,16,
5.41921,-10,-4,9,21,
5.42059,-5,-6,11,19,
5.42193,27,19,23,8,
5.42336,27,19,23,8,
5.42476,41,22,24,16,
5.42609,50,31,30,25,
5.42749,47,32,26,30,
5.42887,47,32,26,30,
5.43021,22,25,28,35,
5.43159,15,22,29,31,
5.43296,15,22,29,31,
5.43434,0,6,21,26,
5.43573,-4,1,17,29,
5.43703,-1,6,20,23,
5.43842,0,14,28,19,
5.43984,36,27,31,30,
5.44123,36,27,31,30,
5.44259,45,28,39,28,
5.44395,39,39,46,21,
5.4453,45,45,45,32,
5.44664,33,39,41,37,
5.44801,21,38,21,31,
5.44959,21,38,21,31,
5.45093,14,20,15,17,
5.4523,8,10,13,25,
5.45368,-2,13,11,22,
5.45508,-12,20,15,14,
5.45646,11,23,26,17,
5.45778,11,23,26,17,
5.45918,11,23,26,17,
5.46053,38,31,25,38,
5.46185,44,41,32,38,
5.46321,38,34,32,34,
5.46456,34,31,28,32,
5.46588,34,31,28,32,
5.46721,29,24,18,32,
5.46853,20,21,21,26,
5.46985,-3,17,19,28,
5.47119,-9,24,25,20,
5.47253,-7,21,26,22,
5.47385,11,22,19,23,
5.47521,11,22,19,23,
5.47656,23,26,24,30,
5.47787,44,35,32,31,
5.47922,50,29,50,40,
5.48057,38,23,43,36,
5.48189,39,14,32,36,
5.48325,38,24,27,30,
5.4846,32,19,30,29,
5.48592,9,11,20,30,
5.48731,-4,13,9,24,
5.48868,-1,13,16,25,
5.49,0,22,20,19,
5.49136,0,22,20,19,
5.49271,23,24,24,22,
5.49402,42,24,21,27,
5.49538,41,27,29,34,
5.49674,45,29,39,46,
5.49806,46,31,40,42,
5.49942,46,31,40,42,
5.50081,34,31,39,42,
5.50213,19,28,17,25,
5.50355,10,30,17,28,
5.5049,10,30,17,28,
5.50622,-1,12,27,25,
5.50757,6,17,30,26,
5.50892,6,17,30,26,
5.51025,41,34,38,43,
5.51162,41,45,39,46,
5.51297,59,38,37,55,
5.5143,66,39,41,50,
5.51568,52,37,47,51,
5.51707,52,37,47,51,
5.5184,44,37,54,45,
5.51978,26,38,53,38,
5.52114,22,30,54,40,
5.52248,9,14,44,46,
5.52384,9,22,25,50,
5.5251,9,22,25,50,
5.52649,27,31,31,58,
5.52785,48,39,40,70,
5.52921,76,49,62,91,
5.53056,84,46,73,103,
5.53199,89,48,76,110,
5.53334,96,63,74,123,
5.53468,94,70,71,132,
5.53602,94,70,71,132,
5.53735,100,61,91,168,
5.5387,73,73,111,247,
5.54004,121,128,178,404,
5.54139,121,128,178,404,
5.54274,138,136,150,297,
5.54409,112,107,119,236,
5.54539,109,97,109,196,
5.54675,93,82,90,139,
5.54811,93,82,90,139,
5.54947,98,70,95,127,
5.55086,92,76,88,124,
5.55225,65,52,73,111,
5.5536,65,52,73,111,
5.55499,51,38,62,112,
5.55637,24,36,46,79,
5.55773,24,36,46,79,
5.5591,24,39,35,77,
5.56047,31,18,31,61,
5.56182,53,20,39,61,
5.56318,57,39,54,60,
5.56455,52,46,65,59,
5.56586,67,44,70,61,
5.56723,67,44,70,64,
5.56859,57,40,58,64,
5.56991,35,32,53,60,
5.57129,23,34,45,47,
5.57267,11,29,38,39,
5.57398,0,11,21,37,
5.57538,0,11,21,37,
5.57672,7,6,16,25,
5.57803,17,27,23,23,
5.5794,34,36,39,35,
5.58076,34,36,39,35,
5.58209,36,30,50,45,
5.58346,54,30,47,47,
5.58483,52,40,45,47,
5.58615,52,40,45,47,
5.58752,31,21,26,39,
5.58888,25,28,20,26,
5.59024,7,31,17,36,
5.59159,-11,4,30,26,
5.59295,-11,4,30,26,
5.59429,-7,12,24,33,
5.59565,18,28,28,27,
5.59701,27,32,29,25,
5.59835,30,42,26,42,
5.59973,52,45,24,55,
5.60112,45,51,38,52,
5.60247,45,51,38,52,
5.60384,41,49,30,41,
5.60519,18,29,36,48,
5.60658,20,20,25,41,
5.60792,5,15,25,31,
5.60921,-10,9,12,31,
5.61056,-6,6,20,28,
5.6119,-6,6,20,28,
5.61325,-1,10,31,24,
5.61459,29,25,29,27,
5.61592,37,26,27,34,
5.61728,54,26,38,44,
5.61862,48,29,40,44,
5.61997,42,42,32,44,
5.62132,42,42,32,44,
5.6227,22,22,26,36,
5.62403,15,24,20,33,
5.62543,5,13,21,27,
5.62682,4,5,23,19,
5.62815,-7,4,18,22,
5.62951,3,-1,27,31,
5.63091,4,7,31,27,
5.63226,27,35,38,40,
5.63363,49,51,41,51,
5.635,49,51,41,51,
5.6363,61,38,51,45,
5.63762,46,35,47,42,
5.63897,35,28,32,28,
5.64034,25,20,20,29,
5.64166,8,23,22,33,
5.64303,8,23,22,33,
5.64439,0,30,27,27,
5.64574,7,-4,22,14,
5.64716,4,-4,28,16,
5.64852,9,-1,37,24,
5.64985,41,21,34,44,
5.65124,47,32,28,40,
5.65255,52,35,35,34,
5.65389,67,40,45,40,
5.65526,28,42,40,40,
5.65665,30,29,39,38,
5.658,30,29,39,38,
5.65937,16,15,22,24,
5.66077,16,15,22,24,
5.66211,-11,9,15,21,
5.66348,-4,14,11,14,
5.66483,7,17,18,23,
5.66616,7,17,18,23,
5.6675,27,34,32,36,
5.66886,47,38,27,41,
5.6702,58,49,40,43,
5.67155,48,33,36,49,
5.67293,45,36,24,49,
5.67434,25,32,28,40,
5.67571,15,24,27,32,
5.6771,-4,19,19,22,
5.67845,-4,12,15,21,
5.67982,-4,12,15,21,
5.68118,-9,5,23,28,
5.68257,6,19,29,29,
5.68395,26,24,27,26,
5.6853,53,22,38,43,
5.68661,64,31,35,43,
5.68797,64,31,35,43,
5.68932,46,42,27,53,
5.69064,26,36,25,39,
5.69199,24,33,25,34,
5.69337,10,24,23,33,
5.69473,-1,16,28,24,
5.69612,-22,7,24,24,
5.69747,-15,11,16,24,
5.69878,-5,13,17,20,
5.70011,15,29,23,21,
5.70146,42,37,31,24,
5.70284,54,29,29,36,
5.70422,64,25,37,45,
5.70567,69,33,47,51,
5.707,51,37,35,50,
5.70837,40,31,30,40,
5.70971,18,15,25,36,
5.71109,18,15,25,36,
5.71244,-2,8,17,25,
5.71377,-1,9,14,28,
5.71515,-11,14,8,27,
5.71645,-10,13,9,23,
5.71776,17,22,11,31,
5.71908,32,27,15,46,
5.72041,32,27,15,46,
5.72173,48,41,34,54,
5.72305,45,40,36,50,
5.72439,39,36,36,43,
5.72575,39,30,26,41,
5.72714,20,23,19,41,
5.72849,1,27,30,35,
5.72982,-5,25,30,30,
5.73119,-18,18,20,28,
5.73258,-5,14,23,22,
5.73392,-2,12,24,23,
5.73528,25,35,23,28,
5.73663,25,35,23,28,
5.73798,37,34,26,26,
5.73934,43,49,33,31,
5.74073,37,47,38,28,
5.74205,30,36,35,34,
5.7434,21,30,29,37,
5.74476,10,14,24,44,
5.74607,10,14,24,44,
5.74743,4,11,19,43,
5.74878,-6,16,15,27,
5.75013,0,6,13,26,
5.75149,12,17,12,30,
5.75285,29,25,19,24,
5.75424,35,42,26,20,
5.7556,30,35,30,20,
5.75698,38,32,36,31,
5.75834,32,37,41,39,
5.7597,32,37,41,39,
5.76104,24,31,42,41,
5.76238,21,20,36,38,
5.76378,14,16,22,24,
5.76523,9,3,16,26,
5.76653,-7,12,11,22,
5.7679,-9,7,16,16,
5.76925,-9,7,16,16,
5.77059,29,29,25,28,
5.77194,37,30,24,40,
5.77329,42,26,28,46,
5.77465,56,30,39,41,
5.77604,51,31,42,44,
5.77739,39,18,41,43,
5.77873,39,18,41,43,
5.78006,18,23,20,23,
5.78143,-1,13,24,30,
5.78277,-8,10,23,26,
5.78409,2,12,19,18,
5.78546,7,8,20,12,
5.78678,16,0,11,14,
5.78818,24,25,18,17,
5.7895,42,28,33,28,
5.79087,52,33,45,28,
5.79217,52,33,45,28,
5.79351,34,45,44,25,
5.79487,23,40,34,24,
5.79617,23,40,34,24,
5.79754,17,25,26,25,
5.79891,4,20,29,19,
5.80027,-15,11,13,21,
5.80168,-15,11,13,21,
5.80307,0,19,28,14,
5.80437,21,20,29,11,
5.80571,38,29,33,19,
5.80709,36,38,30,25,
5.80847,41,40,23,33,
5.8098,48,31,28,28,
5.81119,51,31,35,25,
5.81256,26,21,29,22,
5.81392,26,21,29,22,
5.81532,16,14,10,15,
5.81662,16,14,10,15,
5.81794,-6,-2,16,14,
5.81927,-17,-7,10,9,
5.82065,-8,-1,1,6,
5.82216,29,33,22,31,
5.82361,58,28,29,36,
5.82498,57,26,31,36,
5.82637,57,26,31,36,
5.82788,65,40,38,31,
5.82933,51,36,31,35,
5.83072,24,36,23,32,
5.83217,2,34,19,29,
5.83356,-6,20,10,20,
5.83497,-9,7,5,10,
5.83636,0,0,3,8,
5.83772,0,0,3,8,
5.83907,4,21,11,9,
5.84035,36,35,30,23,
5.84168,50,34,38,22,
5.84302,58,43,44,19,
5.84438,58,43,44,19,
5.8457,54,39,31,31,
5.84709,41,40,28,37,
5.84854,20,37,30,32,
5.84987,0,7,14,31,
5.85127,5,5,14,19,
5.85264,5,5,14,19,
5.85399,4,5,8,11,
5.85537,0,6,12,10,
5.85672,12,21,10,8,
5.85807,42,30,32,26,
5.8594,41,24,41,31,
5.86074,42,32,39,33,
5.86208,42,32,39,33,
5.86348,46,29,21,29,
5.86484,24,22,15,23,
5.86615,9,29,14,17,
5.86747,-3,9,13,25,
5.86878,-3,9,13,25,
5.8701,-3,9,13,25,
5.87147,-17,-1,19,25,
5.87285,2,20,21,5,
5.87419,9,30,17,10,
5.87558,39,37,34,18,
5.87693,52,31,37,31,
5.87828,63,28,28,30,
5.87969,51,32,29,37,
5.88107,27,34,24,29,
5.88243,21,27,29,30,
5.88384,16,21,23,28,
5.88514,-1,27,25,26,
5.88645,-1,27,25,26,
5.88779,-7,21,26,24,
5.88915,-13,14,29,19,
5.89053,10,24,23,17,
5.89186,25,26,23,30,
5.89323,31,35,29,35,
5.89461,45,41,24,38,
5.89602,59,37,29,34,
5.8974,51,38,38,38,
5.89875,21,25,22,21,
5.90009,1,22,20,19,
5.9014,1,22,20,19,
5.90276,1,22,20,19,
5.90412,4,14,26,24,
5.90548,-13,-3,22,18,
5.90686,-4,1,28,16,
5.90823,23,17,35,25,
5.90961,23,17,35,25,
5.91101,33,21,34,29,
5.91238,55,38,31,26,
5.91374,51,29,34,33,
5.91513,42,31,32,36,
5.9165,18,30,28,29,
5.91785,18,30,28,29,
5.91915,18,30,28,29,
5.9205,10,7,24,12,
5.92184,0,11,24,11,
5.92323,-2,7,21,15,
5.92458,-1,18,25,17,
5.92591,7,13,24,23,
5.92727,29,30,24,27,
5.92864,42,42,29,29,
5.92996,51,52,33,34,
5.93133,39,41,29,31,
5.93269,39,41,29,31,
5.93405,26,28,26,33,
5.93548,26,28,26,33,
5.93683,14,11,17,32,
5.93819,-7,0,24,20,
5.93955,-8,9,26,6,
5.9409,-7,7,22,-1,
5.94225,-2,12,15,1,
5.94362,22,18,18,13,
5.94499,33,28,27,28,
5.94636,28,36,24,34,
5.94773,52,38,30,31,
5.9491,52,38,30,31,
5.95044,39,35,33,29,
5.95181,31,39,31,33,
5.95322,18,24,22,30,
5.95456,6,17,14,26,
5.95586,8,16,15,17,
5.95723,-3,24,19,7,
5.95857,-3,24,19,7,
5.95994,-3,15,22,12,
5.96128,38,25,29,21,
5.9626,39,28,32,37,
5.96389,40,41,39,34,
5.96522,44,48,40,32,
5.96654,44,48,40,32,
5.9679,36,38,34,27,
5.96926,18,30,24,31,
5.9706,6,21,23,23,
5.97197,9,16,11,14,
5.97332,3,12,8,7,
5.97467,-3,16,19,12,
5.97604,-3,16,19,12,
5.97741,12,17,19,19,
5.97877,30,22,34,22,
5.98018,36,35,43,24,
5.98158,50,33,32,34,
5.98297,61,38,32,36,
5.98435,46,37,35,32,
5.98568,46,37,35,32,
5.98703,37,21,31,29,
5.98834,6,19,26,29,
5.98964,-5,6,23,21,
5.99099,-18,4,19,16,
5.99226,-23,18,20,12,
5.99361,-3,23,29,10,
5.99498,-3,23,29,10,
5.99628,19,25,29,21,
5.99763,39,28,30,24,
5.99902,50,39,38,22,
6.00039,61,32,32,27,
6.00171,48,38,38,28,
6.00309,31,40,35,25,
6.00448,9,26,25,24,
6.00582,4,8,25,20,
6.00723,-3,14,18,7,
6.00859,-17,11,20,11,
6.00992,-17,11,20,11,
6.0113,-6,3,9,8,
6.01265,17,9,10,16,
6.01399,24,30,26,27,
6.01536,46,27,29,45,
6.01672,56,28,33,46,
6.01807,56,28,33,46,
6.01945,40,36,33,36,
6.02083,27,41,25,31,
6.02221,23,31,19,32,
6.02373,23,31,19,32,
6.02509,14,31,28,27,
6.02651,1,25,29,18,
6.02799,1,16,27,10,
6.0294,-6,25,17,7,
6.03077,3,27,24,16,
6.03213,30,32,37,35,
6.03354,35,40,36,29,
6.03514,35,40,36,29,
6.03651,38,41,36,28,
6.03786,26,28,39,36,
6.03926,11,28,20,31,
6.04061,10,13,23,25,
6.04194,10,4,18,30,
6.0433,-9,13,12,11,
6.04468,-2,14,20,13,
6.04603,0,15,28,20,
6.04742,0,15,28,20,
6.04875,32,18,21,22,
6.05009,50,26,32,21,
6.05145,43,21,28,20,
6.05281,56,33,39,35,
6.05415,50,25,37,34,
6.05551,50,25,37,34,
6.05686,11,22,25,38,
6.05821,-4,15,14,27,
6.05962,-19,11,9,17,
6.06098,-16,7,14,15,
6.06236,-16,7,14,15,
6.06372,-1,10,21,17,
6.06507,8,13,28,18,
6.0664,30,33,47,30,
6.06776,52,30,45,28,
6.06917,52,30,45,28,
6.07053,41,29,39,35,
6.07189,34,37,32,34,
6.07324,31,40,28,24,
6.07455,26,24,27,29,
6.0759,-6,0,17,25,
6.07726,-6,0,17,25,
6.07863,-26,11,20,14,
6.08004,-9,6,23,23,
6.08141,3,27,29,27,
6.08276,39,23,21,37,
6.08417,46,35,28,36,
6.08554,48,44,34,41,
6.08692,48,44,34,41,
6.0883,46,30,36,34,
6.08964,36,33,26,39,
6.09096,23,38,19,43,
6.09228,5,18,24,27,
6.09367,-8,5,13,23,
6.09503,-8,5,13,23,
6.09639,-4,11,18,14,
6.09771,5,20,26,21,
6.09898,10,15,26,27,
6.10039,10,15,26,27,
6.1017,34,36,35,32,
6.10306,34,36,35,32,
6.10443,51,31,41,41,
6.1058,29,38,45,37,
6.10712,17,23,33,35,
6.10846,6,18,29,33,
6.10978,2,16,29,29,
6.11115,5,7,18,22,
6.11252,-16,6,17,23,
6.11387,-16,6,17,23,
6.11518,2,2,17,7,
6.11651,10,6,22,12,
6.11782,34,30,34,18,
6.11917,45,35,41,25,
6.12051,48,37,37,28,
6.12187,48,37,27,25,
6.12323,31,31,38,27,
6.1246,17,20,41,41,
6.12592,17,20,41,41,
6.12729,15,17,32,24,
6.12865,11,13,19,29,
6.13002,-5,11,15,24,
6.13141,-5,11,15,24,
6.13276,-4,9,12,21,
6.1341,21,20,11,30,
6.13543,27,19,26,27,
6.13672,30,26,34,33,
6.13806,43,38,27,31,
6.13938,43,38,27,31,
6.14073,50,44,28,34,
6.14205,32,35,27,33,
6.14336,28,25,32,24,
6.14466,5,17,25,24,
6.14597,-6,12,24,28,
6.14733,-6,12,24,28,
6.14868,-2,-3,8,18,
6.15002,4,8,15,14,
6.15138,12,26,31,23,
6.15274,45,49,44,36,
6.15408,51,40,32,34,
6.15543,51,40,32,34,
6.15679,43,32,40,28,
6.15811,46,30,42,26,
6.15947,45,21,36,31,
6.16095,22,13,22,38,
6.16232,2,16,28,23,
6.1638,3,10,34,16,
6.16512,2,12,18,14,
6.16647,-11,8,16,22,
6.16783,-7,10,13,26,
6.16912,22,23,10,21,
6.17047,39,27,18,21,
6.17185,40,28,20,25,
6.17316,40,28,20,25,
6.17451,45,33,27,45,
6.17578,50,26,30,42,
6.17715,32,32,32,26,
6.1785,4,24,21,16,
6.17985,6,15,20,10,
6.18117,2,21,18,16,
6.1825,-15,11,18,25,
6.18386,-3,16,17,4,
6.18523,4,17,18,13,
6.18661,4,17,18,13,
6.188,49,34,21,31,
6.18932,49,34,21,31,
6.19067,53,41,20,35,
6.19203,52,33,22,47,
6.19335,35,27,27,37,
6.19468,25,36,22,22,
6.19603,17,26,28,23,
6.19735,0,27,24,24,
6.19871,-13,15,16,13,
6.20007,-13,8,17,19,
6.20139,-11,10,13,23,
6.20275,5,13,15,20,
6.20412,14,27,32,19,
6.20546,38,41,39,31,
6.20681,39,31,29,37,
6.20821,43,37,41,38,
6.20956,29,35,41,38,
6.21094,21,38,27,30,
6.2123,11,26,20,25,
6.21366,2,26,18,28,
6.21502,2,26,18,28,
6.2164,1,23,9,30,
6.21776,-6,7,9,20,
6.21919,-13,10,6,21,
6.22058,18,29,31,21,
6.22192,36,30,34,19,
6.22332,36,30,34,19,
6.22477,50,37,34,28,
6.22604,39,41,39,36,
6.22743,35,36,42,32,
6.22878,15,16,21,28,
6.23014,15,16,21,28,
6.23149,9,17,19,26,
6.23287,10,19,18,27,
6.23421,-2,13,12,28,
6.23558,-10,4,21,29,
6.23688,-5,7,18,17,
6.23823,14,16,15,20,
6.23959,31,30,26,21,
6.24087,43,36,30,25,
6.2422,39,43,41,34,
6.24359,38,38,38,42,
6.24499,39,32,27,31,
6.2463,39,32,27,31,
6.24762,18,21,31,24,
6.24895,2,12,28,22,
6.25034,8,15,23,18,
6.2517,-20,10,20,13,
6.2531,-10,9,27,8,
6.25449,4,21,24,13,
6.25581,39,30,29,34,
6.25719,39,30,29,34,
6.25853,48,34,36,33,
6.25985,44,42,25,38,
6.26117,44,42,25,38,
6.2625,28,33,25,29,
6.26387,27,29,30,35,
6.2652,20,24,22,28,
6.26661,-1,15,27,31,
6.26794,-8,13,21,23,
6.26927,-3,10,16,12,
6.27063,6,15,14,16,
6.27199,9,15,18,24,
6.27337,25,16,24,25,
6.27474,29,14,31,34,
6.2761,29,14,31,34,
6.27753,52,36,25,25,
6.27887,49,27,28,25,
6.28022,31,34,33,25,
6.28157,25,28,25,26,
6.28294,9,22,21,26,
6.28433,0,20,22,30,
6.28572,2,8,17,26,
6.2871,-19,16,13,26,
6.28843,-14,27,28,18,
6.28974,19,21,32,20,
6.2911,19,21,32,20,
6.29247,45,24,35,31,
6.29378,40,35,29,30,
6.29513,47,46,36,30,
6.29649,32,41,47,31,
6.2978,19,22,30,31,
6.29917,6,21,24,25,
6.3005,5,13,24,18,
6.30181,-8,12,18,22,
6.30315,-8,12,18,22,
6.30453,-20,16,12,23,
6.30585,-7,10,24,18,
6.30722,7,11,26,16,
6.30862,21,25,28,27,
6.30995,24,27,32,32,
6.31133,40,24,42,34,
6.31271,37,32,40,38,
6.31404,30,32,32,41,
6.31543,11,31,35,31,
6.31678,11,31,35,31,
6.31812,9,19,26,19,
6.31947,12,7,25,17,
6.32081,-4,13,27,16,
6.32213,-11,26,20,16,
6.32351,-2,27,21,9,
6.32492,11,33,23,21,
6.32626,11,33,23,21,
6.32767,38,46,25,33,
6.32903,52,39,35,34,
6.33037,47,39,38,33,
6.33173,36,34,24,38,
6.33303,20,29,26,28,
6.33435,19,17,26,25,
6.33567,19,17,26,25,
6.33703,1,7,15,19,
6.33839,-12,6,22,12,
6.33977,-17,14,20,4,
6.34106,-11,19,11,8,
6.34239,15,15,17,17,
6.34376,35,32,20,24,
6.3451,41,30,22,23,
6.34647,54,31,34,41,
6.34784,54,31,42,34,
6.3492,44,39,42,34,
6.35059,28,22,31,21,
6.35195,28,22,31,21,
6.35331,7,19,22,18,
6.35465,0,7,26,18,
6.35601,-7,0,21,10,
6.35736,-10,12,14,18,
6.35871,6,14,18,27,
6.36007,23,27,26,35,
6.36142,33,25,33,30,
6.3628,35,25,34,34,
6.36421,45,37,35,26,
6.36559,45,37,35,26,
6.36695,48,33,29,29,
6.3683,31,32,29,34,
6.36966,5,26,36,26,
6.37106,2,20,34,24,
6.37241,-10,1,18,16,
6.37375,-4,0,26,23,
6.37513,-3,14,27,12,
6.37649,13,14,22,9,
6.3778,46,32,23,18,
6.37913,38,38,24,23,
6.38045,38,38,24,23,
6.38181,44,44,37,45,
6.38314,35,32,33,38,
6.38447,22,23,29,28,
6.38578,22,13,18,22,
6.38711,12,12,8,15,
6.38844,-1,19,15,7,
6.38979,-20,10,4,8,
6.39115,-5,14,20,12,
6.39254,-5,14,20,12,
6.39385,9,24,15,16,
6.39517,33,30,13,18,
6.39649,41,37,16,25,
6.39781,40,32,23,30,
6.39916,38,27,37,35,
6.40052,28,29,35,30,
6.40182,27,32,22,37,
6.40318,34,29,19,31,
6.40453,17,26,15,25,
6.40584,4,19,22,25,
6.40721,-7,3,10,26,
6.40858,-7,3,10,26,
6.4099,-4,22,16,26,
6.41125,-4,22,16,26,
6.4126,5,25,11,23,
6.41393,26,26,36,31,
6.41526,31,30,34,31,
6.41658,36,34,38,33,
6.41791,36,34,38,33,
6.41928,21,29,27,33,
6.42065,15,18,30,29,
6.42205,2,12,28,23,
6.42343,1,1,19,25,
6.42482,1,1,19,25,
6.42617,-8,-11,17,22,
6.42754,1,-4,15,23,
6.42894,21,17,19,20,
6.43033,31,32,32,23,
6.43173,31,41,37,26,
6.43308,35,37,30,38,
6.43452,35,37,30,38,
6.43587,44,34,26,33,
6.43723,24,27,15,32,
6.4386,8,19,20,32,
6.43996,1,15,15,14,
6.44133,1,15,15,14,
6.44271,-11,10,18,9,
6.44407,-7,4,14,11,
6.44544,-2,12,10,17,
6.44679,6,17,22,26,
6.44815,30,24,26,26,
6.44951,28,22,31,37,
6.45087,54,30,38,47,
6.45219,57,27,46,43,
6.45352,27,38,34,35,
6.45486,8,35,29,29,
6.45623,-7,30,25,26,
6.45758,3,9,14,30,
6.45892,3,9,14,30,
6.46028,-7,14,2,18,
6.46165,-6,10,8,15,
6.46302,13,28,30,16,
6.46438,40,38,37,27,
6.46567,34,45,45,33,
6.46699,43,43,34,34,
6.46831,48,40,29,34,
6.4696,43,27,25,38,
6.4709,39,32,32,37,
6.47222,3,17,29,25,
6.47356,3,17,29,25,
6.47489,3,17,29,25,
6.47628,11,24,26,27,
6.47765,-21,-3,18,11,
6.47894,-1,13,19,3,
6.4803,12,15,15,6,
6.48158,21,15,12,17,
6.48309,24,26,20,26,
6.48442,29,28,19,27,
6.48573,57,42,27,36,
6.48711,36,27,36,32,
6.48844,26,37,29,30,
6.48978,26,37,29,30,
6.49123,7,21,11,18,
6.49259,-10,9,13,19,
6.49391,-10,9,13,19,
6.49522,-9,2,5,8,
6.49652,-4,9,18,12,
6.49782,-4,9,18,12,
6.49915,-2,25,26,18,
6.50049,26,30,38,38,
6.5018,32,40,41,31,
6.50312,48,38,45,27,
6.50448,40,31,42,26,
6.50579,24,24,31,22,
6.50714,15,23,28,17,
6.50849,5,20,34,17,
6.50981,-22,13,18,21,
6.51122,-9,11,16,11,
6.51256,-9,11,16,11,
6.51388,0,6,9,15,
6.51527,-2,9,19,19,
6.5166,21,22,32,18,
6.51792,38,36,34,27,
6.51928,47,34,35,40,
6.52065,55,32,28,41,
6.52197,36,35,26,30,
6.52332,27,31,40,35,
6.52468,25,24,36,33,
6.526,24,18,18,34,
6.52736,11,9,23,19,
6.5287,-13,-6,27,3,
6.53001,-10,-4,27,-1,
6.53137,-10,-4,27,-1,
6.53272,20,16,27,20,
6.53404,41,17,36,28,
6.53539,41,17,36,28,
6.5367,49,36,31,35,
6.53802,52,37,40,35,
6.5393,51,35,42,34,
6.54063,31,30,38,33,
6.54195,18,15,24,33,
6.54331,9,18,14,27,
6.54463,2,13,14,28,
6.54595,-22,0,24,18,
6.54728,0,10,27,6,
6.54865,4,11,27,9,
6.54997,4,11,27,9,
6.55133,25,20,37,15,
6.55268,40,36,37,31,
6.55399,50,44,31,31,
6.55533,65,47,32,29,
6.55668,30,40,28,34,
6.558,30,40,28,34,
6.55936,26,45,20,27,
6.56072,5,17,26,24,
6.56204,5,8,19,27,
6.5634,-10,2,16,21,
6.56476,-10,2,16,21,
6.56608,-2,-5,15,14,
6.56742,15,-2,24,28,
6.56878,40,17,40,33,
6.57016,38,36,40,37,
6.57153,38,36,40,37,
6.57291,38,36,40,37,
6.57426,35,22,40,35,
6.57564,30,25,38,36,
6.57698,16,23,25,28,
6.57831,11,19,27,19,
6.57966,-8,17,19,8,
6.58104,-8,17,19,8,
6.58237,-19,14,13,8,
6.58372,3,5,14,28,
6.58501,29,28,30,24,
6.58636,29,28,30,24,
6.58773,31,42,27,38,
6.58909,37,36,35,47,
6.59041,37,36,35,47,
6.59176,45,25,42,42,
6.59309,20,26,28,37,
6.59443,3,21,17,31,
6.59575,6,14,23,32,
6.59705,6,14,23,32,
6.59837,-6,6,15,32,
6.5997,-12,-6,5,28,
6.60104,-19,4,6,27,
6.60237,3,31,15,15,
6.60375,17,29,27,25,
6.60512,33,20,25,38,
6.60646,46,20,30,38,
6.60778,51,22,31,27,
6.60914,37,31,34,28,
6.61051,29,28,39,32,
6.61188,2,28,18,19,
6.61329,3,16,10,16,
6.61463,3,16,10,16,
6.61602,-9,9,6,17,
6.61738,-19,-2,15,22,
6.61881,-23,0,15,12,
6.62033,28,14,30,25,
6.62185,37,22,18,28,
6.6233,36,29,25,33,
6.6247,42,43,27,28,
6.62603,30,36,23,29,
6.62744,11,31,32,28,
6.62882,11,31,32,28,
6.63018,-3,11,22,19,
6.63155,-9,11,16,9,
6.63286,-9,11,16,9,
6.63421,-17,13,19,7,
6.63555,-8,8,27,8,
6.63702,18,14,14,13,
6.63842,38,18,16,22,
6.63981,44,47,35,27,
6.64117,44,47,35,27,
6.64251,34,41,37,31,
6.64387,34,41,37,31,
6.64521,13,16,30,26,
6.64659,11,5,25,17,
6.64793,7,-1,20,17,
6.64926,-1,1,23,13,
6.65072,-14,-4,13,13,
6.65209,-21,-1,16,6,
6.65346,-2,13,23,18,
6.65481,16,18,23,27,
6.65617,27,22,26,33,
6.65749,35,22,22,36,
6.65884,50,39,26,39,
6.66024,50,39,26,39,
6.66158,45,37,31,37,
6.66291,31,16,30,28,
6.66422,18,12,24,29,
6.66559,4,10,26,22,
6.6669,-4,14,20,15,
6.66822,-10,6,16,7,
6.66958,-13,8,9,5,
6.671,-2,7,21,21,
6.6724,27,18,25,29,
6.67374,27,18,25,29,
6.67506,32,19,26,27,
6.67642,42,25,31,43,
6.67774,42,25,31,43,
6.6791,30,24,26,34,
6.6804,2,8,31,30,
6.68174,2,8,31,30,
6.6831,11,7,23,30,
6.68449,-10,10,18,30,
6.68585,-18,9,8,17,
6.68722,-1,10,20,7,
6.68859,13,18,29,14,
6.68995,35,18,36,20,
6.69131,47,20,36,26,
6.69266,40,28,30,36,
6.69401,23,31,26,31,
6.69539,23,31,26,31,
6.69674,22,36,24,29,
6.69807,19,27,23,20,
6.69945,11,24,19,29,
6.70082,1,15,9,29,
6.70215,-11,9,12,26,
6.70355,-12,-5,5,13,
6.70492,-12,-5,5,13,
6.70627,2,4,8,16,
6.70758,32,25,22,38,
6.70891,31,25,31,46,
6.71025,31,25,31,46,
6.7116,34,32,36,48,
6.71296,16,39,37,32,
6.71429,16,39,37,32,
6.71558,5,26,23,26,
6.71693,-4,22,31,19,
6.71827,-5,4,26,20,
6.71964,-23,-15,17,21,
6.72102,-11,6,22,32,
6.72232,-11,6,22,32,
6.72381,-11,6,22,32,
6.72518,13,27,39,30,
6.72649,14,28,39,30,
6.72781,25,29,31,30,
6.72913,27,31,28,47,
6.73047,31,34,25,43,
6.73183,12,38,23,39,
6.73319,-5,34,31,46,
6.73451,-8,17,23,45,
6.73587,-24,19,11,30,
6.73722,-18,7,14,17,
6.7386,-18,7,14,17,
6.73998,2,16,27,30,
6.74129,28,28,28,44,
6.74268,40,39,37,53,
6.74404,39,36,42,53,
6.7454,47,37,44,54,
6.74675,47,37,44,54,
6.74811,35,40,42,49,
6.74949,22,26,32,50,
6.75082,-5,12,33,40,
6.75219,-4,7,32,26,
6.75359,-7,4,29,24,
6.75496,-21,4,15,24,
6.7563,-18,14,20,22,
6.75759,12,12,31,34,
6.75894,31,16,35,39,
6.76027,18,29,33,39,
6.76161,18,29,33,39,
6.76301,27,34,33,35,
6.76438,22,31,32,32,
6.76572,23,33,27,31,
6.76704,2,26,29,24,
6.7684,-8,23,21,23,
6.76974,-8,23,21,23,
6.77112,-32,4,15,19,
6.77248,-35,6,18,20,
6.77384,-32,11,19,22,
6.77522,1,16,23,24,
6.7766,1,16,23,24,
6.77792,1,16,23,24,
6.77927,9,27,31,30,
6.78062,41,32,41,48,
6.78195,24,29,35,45,
6.78336,20,27,31,41,
6.78472,-11,16,24,28,
6.78609,-11,16,24,28,
6.78747,-10,21,22,25,
6.78883,-24,2,11,23,
6.79021,-34,-7,17,29,
6.79161,-22,3,25,21,
6.79299,-5,8,34,26,
6.79433,-5,8,34,26,
6.79569,13,23,31,25,
6.79705,41,26,41,30,
6.79846,43,21,35,39,
6.79983,25,12,24,44,
6.80118,-9,22,15,17,
6.80254,-9,22,15,17,
6.8039,-22,13,18,22,
6.80525,-24,17,19,17,
6.8066,-33,7,6,14,
6.80795,-38,0,7,16,
6.80931,-23,6,20,11,
6.81069,11,22,14,15,
6.81204,11,22,14,15,
6.81339,25,22,14,30,
6.81474,17,38,43,38,
6.81613,18,29,43,36,
6.8175,-1,22,32,36,
6.81884,-11,22,21,38,
6.82021,-17,18,24,35,
6.82157,-29,20,26,30,
6.82299,-29,20,26,30,
6.82442,-38,-1,22,18,
6.82585,-34,1,28,15,
6.82724,-17,18,26,22,
6.82862,-17,18,26,22,
6.82994,4,30,34,24,
6.83132,14,38,33,22,
6.83265,16,39,37,40,
6.83398,6,30,49,36,
6.83548,6,30,49,36,
6.83688,-8,15,30,26,
6.83826,-8,15,30,26,
6.83968,-35,8,20,28,
6.84103,-42,-6,17,22,
6.84237,-43,-11,18,10,
6.84374,-41,-9,25,10,
6.8451,7,22,29,26,
6.84649,7,22,29,26,
6.84785,7,21,27,40,
6.84918,30,30,45,52,
6.85053,30,30,45,52,
6.85187,19,23,47,40,
6.85322,-12,18,26,40,
6.85459,-12,18,26,40,
6.85597,-19,16,21,38,
6.85733,-15,11,26,33,
6.85871,-47,5,23,30,
6.86007,-31,9,16,28,
6.86141,-31,9,16,28,
6.86273,-6,16,30,30,
6.86409,10,23,25,32,
6.86536,11,29,37,40,
6.86672,29,35,45,39,
6.86808,32,28,38,40,
6.86945,32,28,38,40,
6.87084,25,29,34,43,
6.87215,3,24,35,35,
6.87348,-13,20,25,24,
6.8748,-24,13,14,21,
6.87616,-34,5,17,22,
6.87749,-40,0,27,21,
6.87884,-35,7,26,30,
6.88021,-10,15,28,21,
6.88153,18,14,39,29,
6.88285,23,26,47,36,
6.8842,18,43,43,48,
6.88551,18,43,43,48,
6.88689,15,33,47,38,
6.88824,9,30,44,36,
6.88962,1,29,34,26,
6.89101,-14,12,31,18,
6.89237,-28,2,19,16,
6.89371,-22,-6,21,24,
6.89515,-27,-11,22,15,
6.8965,-20,0,22,19,
6.89784,0,17,20,22,
6.8992,13,25,35,21,
6.90054,17,28,43,31,
6.90189,30,38,55,44,
6.90326,28,30,51,35,
6.90462,18,24,46,40,
6.90593,-1,29,43,39,
6.9073,-18,24,35,25,
6.90861,-25,5,29,11,
6.90991,-37,8,19,-6,
6.91128,-37,8,19,-6,
6.91262,-23,-4,22,-2,
6.91398,-23,-4,22,-2,
6.91533,-2,20,32,15,
6.9167,26,32,41,31,
6.91806,22,37,39,32,
6.91942,14,39,36,33,
6.92078,14,39,36,33,
6.92213,15,20,39,14,
6.92345,6,10,37,11,
6.92484,-8,10,35,15,
6.92621,-23,3,20,3,
6.92759,-23,3,20,3,
6.92893,-23,3,20,3,
6.93028,-35,1,8,-6,
6.93166,-16,12,9,0,
6.93303,-3,20,28,12,
6.93438,14,28,42,29,
6.93574,29,31,35,32,
6.93711,29,31,35,32,
6.9385,22,33,33,36,
6.93987,0,26,34,25,
6.94122,-3,27,36,21,
6.94257,-9,15,29,21,
6.94392,-11,13,30,23,
6.94527,-11,13,30,23,
6.94662,-20,8,29,11,
6.94793,-18,9,28,5,
6.94929,-1,24,34,8,
6.95064,13,34,46,10,
6.95201,34,41,52,12,
6.95336,47,46,57,25,
6.95473,40,39,51,38,
6.95612,24,43,44,34,
6.95744,-12,22,25,20,
6.95882,-8,21,23,15,
6.96019,-9,21,26,14,
6.96151,-9,21,26,14,
6.96289,-26,11,27,8,
6.96424,-19,16,21,4,
6.9656,-13,20,21,4,
6.96696,18,38,25,11,
6.96822,18,40,37,16,
6.96956,18,40,37,16,
6.97088,48,35,52,37,
6.97223,37,38,49,34,
6.97356,16,28,54,31,
6.9749,19,22,45,31,
6.97627,0,14,40,24,
6.97762,5,19,36,28,
6.979,5,19,36,28,
6.98035,-11,-1,25,-1,
6.9817,-8,11,15,1,
6.98305,-9,13,22,8,
6.98439,7,21,38,22,
6.98572,22,32,46,39,
6.98708,34,28,40,48,
6.98842,32,43,44,43,
6.98973,26,43,54,35,
6.9911,25,35,50,35,
6.99246,25,35,50,35,
6.99382,13,34,43,27,
6.99519,0,26,39,17,
6.99655,-1,19,31,17,
6.99787,-22,6,16,13,
6.99921,-10,10,33,9,
7.0005,5,30,36,24,
7.00184,5,30,36,24,
7.00318,30,36,53,36,
7.00452,45,42,53,34,
7.00583,61,43,49,39,
7.0072,53,36,35,40,
7.00856,35,30,36,36,
7.00989,11,28,47,30,
7.01128,11,28,47,30,
7.01259,-8,1,33,27,
7.01391,-20,-4,27,14,
7.01525,-26,7,30,4,
7.01663,-12,17,31,5,
7.01796,1,13,33,16,
7.01934,17,7,36,32,
7.02074,24,23,49,37,
7.0221,53,49,65,45,
7.02347,42,50,62,48,
7.0249,24,41,58,47,
7.02629,24,41,58,47,
7.02778,20,31,61,41,
7.02912,-1,17,43,24,
7.0305,2,13,19,19,
7.03204,-17,0,16,11,
7.03362,-24,1,29,13,
7.03508,-8,4,26,7,
7.03646,34,35,46,38,
7.03785,34,35,46,38,
7.03921,43,41,51,40,
7.04069,42,53,44,45,
7.04204,49,42,44,46,
7.04348,28,39,52,33,
7.04488,19,38,51,26,
7.04627,1,18,50,26,
7.04769,-9,16,40,23,
7.04906,-17,10,27,13,
7.05045,-1,1,20,25,
7.05192,13,4,21,16,
7.05323,13,4,21,16,
7.05456,10,12,25,16,
7.05591,29,31,28,22,
7.05726,49,40,34,42,
7.05861,35,37,40,46,
7.05997,27,35,42,49,
7.0613,25,22,48,36,
7.06265,19,26,38,23,
7.06402,1,20,40,30,
7.0654,0,15,41,31,
7.06675,-2,-1,30,11,
7.06811,-2,-1,30,11,
7.06942,9,11,32,7,
7.07076,9,11,32,7,
7.07214,26,32,43,21,
7.07345,32,40,47,28,
7.07479,48,42,50,28,
7.07612,53,48,63,26,
7.07749,48,45,67,24,
7.07884,29,31,65,26,
7.08019,0,15,41,22,
7.08155,-4,9,30,14,
7.0829,-19,17,22,8,
7.08429,-17,19,30,16,
7.08562,-17,19,30,16,
7.08696,-14,18,37,9,
7.08832,-3,15,32,12,
7.08966,28,25,52,26,
7.09103,35,36,55,29,
7.09237,42,43,57,35,
7.09367,32,49,58,33,
7.095,28,38,56,33,
7.09636,30,27,42,30,
7.09773,15,26,29,15,
7.09906,-2,25,32,8,
7.10038,-14,29,40,10,
7.10171,-29,22,24,-1,
7.10304,-17,16,19,-4,
7.10444,-2,18,22,0,
7.10579,18,26,25,11,
7.10712,32,45,26,20,
7.10849,47,47,44,26,
7.10983,49,36,50,22,
7.11125,49,36,50,22,
7.11262,50,36,50,19,
7.11396,29,42,35,9,
7.11533,14,40,24,2,
7.11669,1,14,30,4,
7.11805,-12,0,27,4,
7.11941,-6,-1,30,-2,
7.12079,0,1,24,-5,
7.12211,12,22,31,-3,
7.1235,20,32,28,9,
7.12488,29,45,27,26,
7.12622,47,46,33,29,
7.12762,47,46,33,29,
7.12893,36,42,38,18,
7.13026,33,45,38,20,
7.13162,22,49,35,18,
7.1329,-2,31,33,10,
7.13428,-13,27,35,5,
7.13562,-20,15,17,-19,
7.13698,-20,15,17,-19,
7.1385,-12,9,17,-11,
7.13986,13,31,25,0,
7.14127,31,45,34,-3,
7.14259,52,52,39,20,
7.14396,52,52,39,20,
7.14531,52,52,39,20,
7.14667,48,46,47,19,
7.14804,35,37,49,15,
7.14939,7,37,39,11,
7.1507,-5,32,25,12,
7.15207,-6,20,14,1,
7.15345,-11,5,20,-13,
7.15479,-3,17,21,-17,
7.15615,8,24,26,2,
7.15751,21,28,31,5,
7.15883,25,35,29,5,
7.1602,25,35,29,5,
7.16156,32,42,35,11,
7.16293,48,51,40,19,
7.16433,46,51,41,18,
7.16561,9,36,30,13,
7.16697,0,31,22,3,
7.16831,-3,20,23,1,
7.16959,-20,17,23,-3,
7.17094,-25,4,20,-3,
7.17231,-14,12,20,-14,
7.17362,3,23,19,-9,
7.17498,18,26,30,-8,
7.17634,20,43,43,6,
7.17766,37,44,51,8,
7.17898,37,44,51,8,
7.1803,45,37,54,5,
7.18164,36,43,49,12,
7.18302,17,47,35,10,
7.18437,-5,38,31,-2,
7.18569,-21,38,28,-11,
7.18706,-21,38,28,-11,
7.18842,-26,17,23,-22,
7.18976,-23,16,26,-21,
7.19112,-23,16,26,-21,
7.19246,3,16,25,-16,
7.19377,44,51,39,-4,
7.19517,44,51,39,-4,
7.19648,41,52,40,-1,
7.19779,28,38,35,8,
7.19915,15,40,24,0,
7.20045,3,33,18,-7,
7.2018,3,33,18,-7,
7.20314,-4,25,25,-14,
7.20448,-19,12,14,-10,
7.20582,-26,10,5,-10,
7.2071,-14,15,8,-21,
7.20848,-6,18,20,-14,
7.20981,4,28,21,-13,
7.21117,27,45,30,-9,
7.21253,28,54,39,-1,
7.21384,32,49,33,12,
7.21521,24,41,31,13,
7.21658,16,38,39,9,
7.21792,11,26,27,9,
7.21931,11,26,27,9,
7.22069,8,23,25,4,
7.22206,3,8,25,-8,
7.22352,-11,3,19,-14,
7.2249,-5,12,10,-7,
7.22625,8,31,8,5,
7.22767,21,45,34,4,
7.22906,25,47,41,5,
7.23042,44,39,43,9,
7.23186,51,52,44,14,
7.23346,38,46,31,25,
7.23491,24,38,26,24,
7.23633,9,36,17,17,
7.23767,-1,29,9,15,
7.23905,-8,28,15,8,
7.24042,-19,22,25,-1,
7.24175,-10,3,18,-3,
7.24311,-10,11,22,11,
7.24447,17,29,21,9,
7.24578,39,41,32,22,
7.24714,34,45,34,22,
7.2485,43,48,28,32,
7.24983,35,43,33,32,
7.2512,32,43,32,19,
7.25255,15,36,21,10,
7.25391,7,37,11,10,
7.25527,15,33,8,12,
7.25663,12,23,23,15,
7.25796,4,19,19,6,
7.25932,8,15,23,2,
7.26073,19,19,24,14,
7.26208,32,31,25,28,
7.26344,42,40,28,28,
7.26481,42,40,28,28,
7.26616,49,52,26,36,
7.26753,47,42,39,28,
7.26888,19,46,23,27,
7.27022,26,43,17,30,
7.27157,18,28,16,19,
7.27294,2,36,13,15,
7.27429,-10,35,12,15,
7.27567,-17,23,15,4,
7.27702,-2,25,12,6,
7.27839,12,37,20,15,
7.27974,22,38,30,24,
7.28108,42,46,43,26,
7.28243,60,55,45,29,
7.28381,54,47,44,35,
7.2852,48,43,40,32,
7.28654,37,41,49,24,
7.28789,24,37,47,19,
7.28927,15,22,30,8,
7.29063,4,32,20,11,
7.29195,4,32,20,11,
7.2933,-16,22,11,11,
7.29465,17,15,19,5,
7.29597,34,29,23,16,
7.29727,43,43,34,32,
7.29858,49,47,42,35,
7.29991,58,51,43,38,
7.30138,64,46,50,37,
7.30281,55,43,56,27,
7.30427,28,47,22,31,
7.30565,28,47,22,31,
7.30702,7,34,23,23,
7.30841,12,37,22,21,
7.30973,-4,31,18,24,
7.31109,-14,16,11,19,
7.31243,9,26,16,12,
7.31375,39,44,19,20,
7.31516,42,45,25,21,
7.31651,50,48,27,24,
7.31785,60,57,38,27,
7.3192,39,52,34,25,
7.32056,39,52,34,25,
7.322,27,41,30,18,
7.32337,15,30,31,17,
7.32471,3,33,27,18,
7.32605,-4,21,27,12,
7.32735,3,9,19,12,
7.32869,-2,21,24,14,
7.33004,10,38,21,14,
7.33141,46,46,37,20,
7.33275,46,46,37,20,
7.33409,47,49,45,33,
7.33549,57,59,53,42,
7.33683,61,54,50,38,
7.33816,53,46,38,25,
7.33955,16,44,29,25,
7.3409,3,31,19,18,
7.34226,3,31,19,18,
7.34359,3,17,9,8,
7.34492,2,30,10,13,
7.34622,1,30,8,19,
7.34755,13,29,23,20,
7.34888,28,35,27,23,
7.35024,39,48,31,25,
7.3516,39,48,31,25,
7.35296,47,52,33,32,
7.35434,46,54,31,26,
7.35573,35,48,26,21,
7.35704,24,33,24,28,
7.35837,15,33,20,27,
7.35974,8,36,20,15,
7.36106,-4,27,10,5,
7.36246,-3,25,25,6,
7.36382,-1,22,25,9,
7.36519,23,39,28,7,
7.36656,23,39,28,7,
7.36792,46,52,24,16,
7.36928,56,43,27,27,
7.37062,56,52,33,24,
7.37199,47,46,30,18,
7.37331,36,36,37,16,
7.37463,36,36,37,16,
7.37597,5,27,23,20,
7.37731,1,36,29,19,
7.37865,-7,24,17,15,
7.38003,-3,26,10,4,
7.38139,-3,26,10,4,
7.3827,4,39,8,12,
7.38411,4,39,8,12,
7.38553,38,55,39,18,
7.38689,51,59,43,13,
7.38826,62,64,39,24,
7.38963,31,43,28,24,
7.39099,13,39,37,22,
7.39239,3,27,33,19,
7.39372,3,27,33,19,
7.39509,11,34,19,12,
7.39641,-10,28,15,14,
7.39771,-3,20,13,3,
7.39905,18,26,13,10,
7.40042,32,35,19,13,
7.40176,44,38,28,15,
7.40313,55,52,32,24,
7.40449,71,61,30,31,
7.40584,58,55,26,25,
7.40722,33,48,18,25,
7.4086,33,48,18,25,
7.40992,17,33,20,23,
7.4113,18,37,24,18,
7.41265,16,27,24,15,
7.41399,-1,14,19,0,
7.41532,-1,18,13,1,
7.41663,18,35,19,-3,
7.41798,18,35,19,-3,
7.41933,38,38,27,2,
7.42069,55,45,41,28,
7.42206,69,44,33,37,
7.42354,49,40,29,29,
7.42494,35,30,28,29,
7.42631,15,32,27,20,
7.42771,15,32,27,20,
7.42916,19,35,15,19,
7.43059,10,19,2,6,
7.43204,-3,24,-2,4,
7.43349,-10,16,-3,-2,
7.43495,11,24,-2,7,
7.43638,34,46,19,20,
7.43775,46,40,29,23,
7.43913,46,40,29,23,
7.44051,50,44,36,32,
7.44186,42,46,37,35,
7.44324,33,34,36,24,
7.44459,6,20,24,18,
7.44591,-4,21,21,10,
7.44727,1,22,21,8,
7.44866,6,26,13,5,
7.45,2,14,9,17,
7.45134,2,14,9,17,
7.4527,29,25,21,25,
7.45402,51,33,28,28,
7.45542,55,47,30,35,
7.45678,55,47,30,35,
7.45804,59,48,27,34,
7.45942,59,48,27,34,
7.46071,46,41,18,28,
7.46205,26,23,16,31,
7.46338,24,18,4,20,
7.4647,2,11,4,14,
7.46602,1,5,6,7,
7.4674,1,5,6,7,
7.46872,16,17,8,10,
7.47003,42,34,12,12,
7.4714,64,50,26,16,
7.47276,70,46,39,15,
7.4741,71,50,39,20,
7.47543,58,41,33,27,
7.47678,58,41,33,27,
7.47806,32,42,26,20,
7.4794,9,34,22,19,
7.48076,12,19,16,16,
7.4821,5,22,5,0,
7.48349,-2,12,4,3,
7.48488,9,22,-4,3,
7.48622,9,31,-3,6,
7.48758,9,31,-3,6,
7.48893,34,36,2,13,
7.49029,46,44,11,9,
7.49171,64,51,24,9,
7.49307,64,51,24,9,
7.49443,59,57,15,17,
7.49577,25,35,9,21,
7.49712,20,28,7,14,
7.49848,7,23,9,8,
7.4998,2,15,-1,0,
7.50117,2,15,-1,0,
7.50249,2,15,-1,0,
7.50387,14,27,8,5,
7.50517,32,33,22,17,
7.50654,33,42,17,15,
7.50789,52,39,19,17,
7.50924,47,46,26,30,
7.51065,47,46,26,30,
7.51201,49,37,17,31,
7.51333,29,38,20,10,
7.51471,29,38,20,10,
7.51608,8,34,10,9,
7.51746,-6,21,-2,5,
7.51877,-4,22,6,-7,
7.5201,-4,22,6,-7,
7.52146,11,21,12,-3,
7.52282,39,49,16,23,
7.52417,50,51,28,30,
7.52552,63,49,31,27,
7.52687,49,44,24,27,
7.52823,36,44,19,34,
7.5296,36,44,19,34,
7.53097,24,30,18,13,
7.53234,8,16,7,8,
7.5337,7,13,7,5,
7.53507,-5,13,14,0,
7.53647,-3,10,14,-7,
7.53784,0,12,8,3,
7.53922,16,32,9,13,
7.54058,25,42,21,20,
7.54188,37,48,24,27,
7.54337,50,50,35,25,
7.54477,41,44,38,24,
7.5461,17,40,31,23,
7.54743,17,40,31,23,
7.54876,8,23,11,18,
7.55011,9,29,3,18,
7.55147,1,24,-4,5,
7.55282,-10,14,7,3,
7.55419,-8,21,13,10,
7.55556,10,19,16,12,
7.55692,31,31,21,13,
7.5583,42,52,21,24,
7.55967,42,52,21,24,
7.56097,53,51,22,29,
7.56229,37,44,22,37,
7.56368,37,44,22,37,
7.56499,28,45,30,35,
7.56635,3,22,22,25,
7.56769,3,22,22,25,
7.56902,1,10,16,25,
7.57036,-3,10,19,28,
7.57171,-8,12,12,3,
7.57306,5,10,15,5,
7.57439,32,33,25,10,
7.57574,39,44,22,20,
7.57708,46,43,23,21,
7.57844,58,45,26,28,
7.57978,58,45,26,28,
7.58111,38,42,26,23,
7.58247,10,38,21,22,
7.58384,2,40,10,19,
7.58519,-1,35,9,14,
7.58658,-13,19,12,8,
7.58796,-25,21,22,-1,
7.58928,-5,30,7,12,
7.59065,11,41,12,22,
7.59201,11,41,12,22,
7.59332,34,51,21,31,
7.59463,42,42,30,33,
7.59595,56,47,32,32,
7.59731,52,43,34,32,
7.59867,20,37,23,33,
7.60004,3,27,14,22,
7.60142,2,17,9,25,
7.60281,-6,11,20,23,
7.60418,-6,11,20,23,
7.60553,-18,9,16,23,
7.60689,-14,6,6,17,
7.60824,6,23,13,22,
7.60957,27,33,24,29,
7.61095,43,43,25,26,
7.6123,45,45,35,28,
7.61367,48,46,32,25,
7.61498,39,37,24,30,
7.61632,14,19,15,27,
7.61765,2,15,14,23,
7.61902,2,15,14,23,
7.62047,-4,21,23,14,
7.62184,-9,4,21,3,
7.62322,-16,-1,21,4,
7.62462,-18,7,28,7,
7.62599,16,34,33,23,
7.62737,42,43,37,25,
7.62872,49,48,41,28,
7.63007,50,47,46,33,
7.63146,38,46,39,36,
7.63286,38,46,39,36,
7.6342,28,28,23,33,
7.63555,19,24,27,29,
7.63697,18,17,19,24,
7.63835,-3,19,14,28,
7.63985,-21,6,4,24,
7.64128,-13,5,7,20,
7.64276,20,24,16,11,
7.64419,31,33,31,17,
7.64556,39,30,44,34,
7.64698,37,27,41,36,
7.64839,30,39,33,36,
7.64971,34,37,32,26,
7.65114,31,30,38,23,
7.65249,25,29,29,30,
7.65385,2,18,9,24,
7.65522,-18,-1,11,27,
7.65657,-18,-1,11,27,
7.65791,-6,2,19,22,
7.65927,2,11,22,22,
7.66063,19,22,30,28,
7.66196,19,22,30,28,
7.66333,42,36,21,29,
7.66471,55,39,27,34,
7.66606,55,39,27,34,
7.66743,31,27,24,29,
7.6688,14,16,31,33,
7.67016,6,21,31,28,
7.67153,13,26,25,21,
7.67293,-3,22,21,18,
7.67426,-10,7,14,10,
7.67563,-12,6,6,10,
7.67694,-4,16,23,14,
7.6783,13,27,19,13,
7.67967,34,37,24,20,
7.68104,38,40,26,22,
7.68245,52,47,32,23,
7.68381,60,42,37,32,
7.68516,30,31,29,30,
7.68654,14,23,24,24,
7.6879,6,13,18,20,
7.68926,-1,12,24,17,
7.69061,-20,13,20,15,
7.69196,-16,3,20,15,
7.69331,-12,14,25,23,
7.69465,4,20,17,20,
7.69601,20,27,27,31,
7.69739,33,33,38,35,
7.69873,50,34,33,31,
7.70009,69,31,27,36,
7.70148,61,39,30,37,
7.70283,24,34,17,33,
7.70426,9,25,10,30,
7.70561,9,25,10,30,
7.70697,2,16,24,15,
7.70832,-2,-4,26,11,
7.70962,-2,-4,26,11,
7.71099,-5,-4,26,15,
7.7123,28,25,25,15,
7.7137,28,25,25,15,
7.71507,30,28,38,29,
7.71643,42,35,34,42,
7.71779,36,37,31,40,
7.71911,42,31,29,39,
7.72043,36,31,33,26,
7.72176,13,37,34,28,
7.72314,-7,19,28,26,
7.72451,-9,7,17,20,
7.72587,0,2,13,2,
7.72723,0,2,13,2,
7.72861,6,14,13,13,
7.72996,9,21,20,25,
7.73137,23,33,27,29,
7.7328,23,32,31,30,
7.7342,38,25,34,39,
7.73559,45,33,33,42,
7.73695,34,29,28,42,
7.73832,19,21,23,35,
7.73973,1,24,30,26,
7.74111,7,19,24,25,
7.7425,0,14,15,19,
7.74386,-9,6,17,19,
7.74524,-6,3,20,14,
7.74657,-2,14,15,8,
7.74792,13,21,11,12,
7.74928,28,30,26,19,
7.75064,51,49,26,36,
7.75197,50,43,35,40,
7.75333,44,43,37,47,
7.75468,44,43,37,47,
7.75602,14,29,21,34,
7.7574,1,21,20,26,
7.75876,1,21,20,26,
7.7601,-7,0,24,15,
7.76147,-6,6,15,20,
7.76282,-6,6,15,20,
7.76419,8,21,21,34,
7.76558,32,23,33,30,
7.76695,29,38,24,33,
7.76833,65,28,32,30,
7.76971,49,36,34,29,
7.77104,49,36,34,29,
7.77233,36,39,31,22,
7.77369,21,23,23,22,
7.77503,5,18,22,22,
7.77636,7,14,16,22,
7.77772,-4,11,20,9,
7.77911,-9,15,14,6,
7.78049,-9,15,14,6,
7.78181,-6,24,17,18,
7.78317,30,39,33,21,
7.78449,32,43,24,32,
7.78585,51,48,36,32,
7.78717,50,43,38,28,
7.78853,50,43,38,28,
7.78987,47,35,39,23,
7.79118,1,17,35,20,
7.79249,-4,16,33,16,
7.79381,1,17,14,19,
7.7952,-3,16,8,20,
7.79655,3,27,18,26,
7.79789,-2,20,15,17,
7.79924,10,25,18,14,
7.80059,26,25,36,33,
7.80194,41,30,30,31,
7.80331,41,30,30,31,
7.80466,41,27,33,34,
7.806,35,27,31,30,
7.80738,29,33,35,37,
7.80874,16,23,29,33,
7.81011,1,10,19,22,
7.81151,-8,12,18,12,
7.81283,-8,12,18,12,
7.81416,1,1,17,15,
7.81555,8,11,15,20,
7.81694,36,25,23,25,
7.81829,34,50,39,25,
7.81966,34,50,39,25,
7.82096,34,50,39,25,
7.82231,51,46,44,30,
7.82364,31,47,46,29,
7.82497,28,29,37,19,
7.82633,6,16,27,26,
7.82774,-2,17,24,20,
7.82912,-4,12,23,14,
7.83046,-5,-2,18,10,
7.83183,-15,6,19,8,
7.83323,4,17,25,20,
7.83458,20,38,28,27,
7.83593,39,48,25,34,
7.83729,39,48,25,34,
7.83864,55,42,34,40,
7.83997,49,35,35,40,
7.84132,23,37,24,37,
7.84267,21,21,29,30,
7.84399,21,21,29,30,
7.84536,2,10,21,26,
7.84671,-4,12,18,21,
7.84808,-11,19,22,17,
7.84944,3,17,16,6,
7.85081,37,20,28,22,
7.85215,37,20,28,22,
7.85353,37,20,28,22,
7.85485,49,21,42,29,
7.85616,53,41,38,32,
7.85754,45,33,35,37,
7.85888,21,24,38,36,
7.86024,21,24,38,36,
7.8616,7,10,25,25,
7.86298,8,10,18,27,
7.86434,-4,-11,21,26,
7.8657,-14,-4,11,23,
7.86706,-10,5,20,12,
7.86842,8,22,21,18,
7.86978,8,22,21,18,
7.87115,35,31,29,27,
7.8725,44,39,36,31,
7.87385,50,44,33,34,
7.8752,48,33,28,39,
7.87655,30,30,30,33,
7.87788,21,30,23,29,
7.87924,14,16,21,30,
7.88066,-5,7,16,23,
7.88199,-10,6,24,5,
7.88336,-10,6,24,5,
7.88476,-8,-4,20,15,
7.88607,-6,10,24,16,
7.8874,21,22,29,24,
7.88874,32,33,33,27,
7.89008,63,40,41,34,
7.89147,47,36,39,34,
7.89282,47,36,39,34,
7.89415,39,38,36,27,
7.89552,-2,25,28,15,
7.89687,-1,28,19,14,
7.89822,-7,9,8,15,
7.89959,-2,0,16,11,
7.90096,-4,-2,21,12,
7.9023,1,17,30,18,
7.9037,1,17,30,18,
7.90507,32,40,40,35,
7.90643,27,30,44,41,
7.90775,42,43,39,35,
7.90914,42,39,32,34,
7.91047,42,39,32,34,
7.9118,33,32,26,25,
7.91316,15,19,22,27,
7.9145,2,17,16,34,
7.91586,-10,22,19,30,
7.91718,-7,10,11,25,
7.91852,1,13,4,19,
7.91984,1,13,4,19,
7.92119,10,14,9,21,
7.9225,38,24,30,32,
7.92387,42,40,45,28,
7.9252,51,48,40,26,
7.92652,44,35,37,29,
7.92785,31,27,37,28,
7.9292,31,27,37,28,
7.93056,17,19,17,34,
7.93191,0,20,14,31,
7.9333,-22,6,15,22,
7.9347,-23,-7,22,15,
7.93606,-16,-10,25,15,
7.93743,-1,13,24,9,
7.93879,14,32,23,10,
7.94015,26,36,29,20,
7.94151,47,48,33,20,
7.94289,50,42,35,26,
7.94426,49,41,39,33,
7.94564,49,41,39,33,
7.94702,20,22,26,36,
7.94838,5,3,33,31,
7.9497,-3,2,18,21,
7.95105,-20,-10,6,19,
7.95239,-13,5,8,13,
7.9537,-13,7,5,9,
7.95509,3,2,9,9,
7.95645,24,21,20,16,
7.95779,50,37,22,27,
7.95916,50,37,22,27,
7.96052,55,39,28,30,
7.96185,55,39,28,30,
7.96321,21,23,24,25,
7.96461,25,19,26,26,
7.96597,6,14,23,20,
7.9674,-11,4,18,10,
7.96877,-12,6,10,13,
7.97014,-12,6,10,13,
7.9715,-1,12,14,29,
7.97285,26,24,13,30,
7.97421,26,24,13,30,
7.97558,40,19,29,26,
7.97693,55,25,38,33,
7.97827,38,19,41,40,
7.97967,32,22,30,34,
7.98101,29,31,25,25,
7.98237,10,28,19,26,
7.98375,-3,22,24,21,
7.98511,-21,-1,21,6,
7.98646,-21,-1,21,6,
7.98783,-24,-3,28,7,
7.98914,9,5,19,30,
7.99052,9,5,19,30,
7.99189,36,18,31,32,
7.99327,43,31,35,40,
7.99463,43,31,35,40,
7.99599,40,41,41,33,
7.99736,32,36,35,28,
7.99874,16,28,25,32,
8.00012,2,8,21,32,
8.0015,-15,3,24,24,
8.00288,-15,3,24,24,
8.00423,-17,-9,22,26,
8.00563,-11,-2,23,21,
8.00699,5,13,24,20,
8.00836,31,28,23,29,
8.0098,32,30,30,39,
8.01122,41,20,31,35,
8.01258,54,28,35,35,
8.01393,31,23,39,32,
8.0153,12,26,35,29,
8.01669,0,21,18,21,
8.01805,3,11,10,22,
8.01944,-8,5,8,20,
8.02082,-8,5,8,20,
8.02222,-24,10,20,17,
8.02371,-1,11,17,23,
8.02507,1,12,28,30,
8.02646,32,29,31,36,
8.02791,30,30,30,42,
8.02927,41,38,30,51,
8.0307,49,30,32,50,
8.03216,32,16,22,32,
8.03357,12,17,26,35,
8.03503,11,-7,13,24,
8.03645,11,-7,13,24,
8.03785,11,-7,13,24,
8.03926,-20,-6,22,23,
8.04062,-5,-9,19,26,
8.04198,4,1,25,31,
8.04336,22,23,34,36,
8.04471,36,25,41,41,
8.04606,36,25,41,41,
8.04743,41,38,53,47,
8.04881,31,35,43,51,
8.05016,31,35,43,51,
8.05152,0,23,33,33,
8.05287,-6,15,29,34,
8.05422,-10,-5,22,32,
8.05557,-10,-5,22,32,
8.05692,-22,-1,31,22,
8.05827,-3,1,34,28,
8.05966,14,8,44,30,
8.06102,19,32,48,42,
8.06248,19,32,48,42,
8.06384,31,31,51,45,
8.06519,27,21,53,45,
8.06655,21,16,49,50,
8.06795,21,13,48,48,
8.06931,-15,-11,46,36,
8.07066,-20,1,45,26,
8.07202,-38,-8,27,27,
8.07336,-32,-10,24,18,
8.07472,-7,0,27,18,
8.07609,7,9,33,33,
8.07745,7,9,33,33,
8.0788,34,26,40,50,
8.08014,39,35,46,47,
8.08144,35,34,52,48,
8.08275,34,33,52,40,
8.08409,13,34,44,39,
8.08539,14,24,47,39,
8.08676,-2,11,56,33,
8.08809,-5,7,32,36,
8.08946,-5,7,32,36,
8.09081,-20,2,24,28,
8.09218,-22,4,27,23,
8.09358,-6,11,39,29,
8.09494,11,17,44,43,
8.09629,34,23,46,50,
8.09768,39,29,49,57,
8.0991,39,29,49,57,
8.10046,36,41,50,51,
8.10181,14,31,44,51,
8.10317,-5,18,40,35,
8.10452,-11,22,38,34,
8.10588,-11,22,38,34,
8.10724,-11,22,38,34,
8.1086,-10,8,21,25,
8.10996,-10,22,23,22,
8.11134,6,27,20,19,
8.1127,27,38,30,21,
8.11405,41,33,30,29,
8.11543,41,33,30,29,
8.11677,41,28,39,35,
8.11812,19,17,55,44,
8.11949,9,16,48,40,
8.12084,-9,3,40,28,
8.12221,-13,-5,33,27,
8.12355,-13,-5,33,27,
8.12491,-26,-11,21,26,
8.12629,-26,-2,13,30,
8.12765,-11,12,20,22,
8.12902,7,29,20,26,
8.13041,7,29,20,26,
8.13178,27,32,28,43,
8.13316,35,35,39,50,
8.13453,42,29,50,42,
8.13589,13,10,38,44,
8.13726,13,10,38,44,
8.13861,8,5,32,36,
8.13996,-13,-3,23,32,
8.14133,-34,-12,13,29,
8.1427,-34,-12,13,29,
8.14407,-26,-3,18,21,
8.14546,-5,-5,32,14,
8.14682,4,2,38,25,
8.1482,15,24,40,39,
8.14956,36,34,29,48,
8.15094,37,29,35,53,
8.15236,21,23,44,49,
8.15372,14,15,47,49,
8.15511,14,10,36,46,
8.15648,13,-2,31,35,
8.15783,-18,-16,23,31,
8.15921,-18,-16,23,31,
8.16056,-30,-21,17,21,
8.16192,-21,-24,19,24,
8.16329,0,-5,20,37,
8.16464,20,-1,35,43,
8.16599,35,23,47,52,
8.16735,31,18,46,46,
8.16865,21,18,42,51,
8.17,21,18,42,51,
8.17132,21,6,33,40,
8.17268,-3,5,27,43,
8.17404,-4,-6,27,39,
8.17541,-11,-12,24,36,
8.17679,-26,-19,19,31,
8.17811,-26,-19,19,31,
8.17948,-9,-12,16,37,
8.18083,4,3,33,40,
8.18214,26,4,44,38,
8.18352,34,4,50,32,
8.18484,28,13,43,42,
8.1862,28,13,43,42,
8.1875,23,18,38,50,
8.18884,17,16,36,47,
8.19019,6,-10,32,26,
8.19156,7,-15,25,34,
8.19294,7,-15,25,34,
8.19429,-8,-31,15,29,
8.19566,-11,-30,11,26,
8.19702,-17,-31,20,31,
8.19839,4,1,33,28,
8.19978,18,18,41,40,
8.20114,31,31,41,39,
8.20248,34,37,46,49,
8.20384,33,16,49,49,
8.20519,28,8,45,51,
8.20654,20,11,39,45,
8.20789,6,2,30,29,
8.20924,-10,-11,33,31,
8.21064,-18,-20,28,27,
8.21201,-22,-32,19,17,
8.21336,-11,-26,11,17,
8.21472,-1,-12,18,23,
8.21609,18,7,43,32,
8.21746,33,1,49,41,
8.21882,42,17,54,44,
8.2202,27,20,45,31,
8.22161,27,20,45,31,
8.22301,17,26,48,36,
8.22439,11,-4,38,34,
8.22584,-5,-14,32,29,
8.22737,-9,-3,29,19,
8.22881,-26,-4,29,22,
8.23018,-30,1,18,25,
8.23155,-24,6,11,16,
8.2329,-6,25,25,18,
8.23424,24,35,29,33,
8.23562,24,35,29,33,
8.23708,35,42,43,40,
8.23847,42,40,58,38,
8.23989,23,24,59,28,
8.24128,9,5,39,29,
8.24263,3,1,31,25,
8.244,-14,-2,39,13,
8.24539,-23,5,35,-2,
8.24676,-23,5,35,-2,
8.24815,-20,9,19,4,
8.2495,-2,4,29,13,
8.25089,12,10,31,15,
8.25228,24,17,33,28,
8.25363,29,20,49,36,
8.25503,29,20,49,36,
8.25641,17,27,41,30,
8.25776,27,16,35,22,
8.25916,16,10,39,17,
8.26048,0,-3,41,19,
8.26184,-9,-1,40,24,
8.26323,-33,-9,34,12,
8.26456,-33,-9,34,12,
8.2659,-22,7,37,7,
8.26726,-4,15,30,10,
8.2686,32,17,35,20,
8.2699,29,23,48,30,
8.27126,29,40,59,40,
8.27261,29,40,59,40,
8.27396,20,28,63,35,
8.27532,5,22,56,29,
8.2767,3,11,50,23,
8.27804,3,11,50,23,
8.2794,5,1,35,29,
8.28075,-5,-6,19,24,
8.28211,-26,-3,23,8,
8.28349,-23,-7,22,6,
8.28485,16,17,34,9,
8.28621,30,16,43,15,
8.28756,43,17,55,30,
8.28892,50,31,59,44,
8.29031,42,37,55,32,
8.29167,25,21,60,27,
8.29303,13,9,51,30,
8.29439,-2,2,47,29,
8.29577,-7,-2,46,25,
8.29713,-11,3,35,19,
8.29849,-20,-8,26,12,
8.29986,-4,-15,32,8,
8.30122,3,-8,34,10,
8.30257,26,24,51,26,
8.30395,37,21,57,31,
8.3053,39,23,56,24,
8.30665,39,23,56,24,
8.30801,47,32,66,23,
8.30938,38,26,68,26,
8.31073,6,22,59,18,
8.31205,-9,15,56,16,
8.31339,-6,0,48,18,
8.31471,-6,0,48,18,
8.31604,-28,3,41,5,
8.31741,-25,10,27,-8,
8.31877,5,21,34,-7,
8.32013,31,23,61,20,
8.32151,31,23,61,20,
8.32286,30,32,74,26,
8.32422,42,41,79,27,
8.32559,44,34,80,19,
8.32695,45,27,72,24,
8.32832,14,23,65,20,
8.32969,-3,8,53,19,
8.33107,-3,8,53,19,
8.33245,-12,11,34,18,
8.33379,-22,10,37,3,
8.33516,-17,13,26,-4,
8.33653,7,17,36,-8,
8.33787,28,26,49,0,
8.33924,28,26,49,0,
8.34064,33,32,64,12,
8.34199,50,35,69,20,
8.34337,36,33,71,23,
8.34475,16,26,66,18,
8.34613,10,12,60,9,
8.3475,11,5,53,14,
8.34889,-2,-3,49,4,
8.35023,-27,-6,45,-11,
8.3516,-19,4,32,0,
8.35297,-1,11,46,1,
8.35434,-1,11,46,1,
8.35572,31,24,58,13,
8.35708,28,32,73,27,
8.35847,28,32,73,27,
8.35984,25,28,69,27,
8.36121,24,21,63,22,
8.36256,22,12,59,15,
8.36395,3,4,53,16,
8.3653,-8,9,58,9,
8.36665,-4,6,48,0,
8.36796,-12,-10,35,-4,
8.36931,-12,-10,35,-4,
8.37066,-3,7,40,5,
8.37202,1,26,47,2,
8.3734,27,32,53,14,
8.37475,33,43,65,22,
8.37613,33,43,65,22,
8.37743,33,42,71,31,
8.37874,32,35,61,23,
8.38008,27,33,48,22,
8.38141,11,24,41,20,
8.38273,-12,11,47,2,
8.3841,-14,1,41,-5,
8.38545,-14,1,41,-5,
8.38679,-12,9,37,-8,
8.38812,0,20,41,-4,
8.38949,33,21,47,8,
8.39086,47,26,53,19,
8.39227,47,26,53,19,
8.39363,47,26,53,19,
8.39499,48,44,59,32,
8.39638,36,30,48,21,
8.39771,18,33,45,6,
8.39909,2,19,46,2,
8.40049,-8,10,43,-5,
8.40186,-8,10,43,-5,
8.40323,-29,-5,42,-16,
8.40461,-5,21,42,-10,
8.40595,2,26,36,-4,
8.40731,29,29,48,-6,
8.40867,33,38,63,0,
8.41001,33,38,63,0,
8.41137,37,37,64,13,
8.41273,33,34,61,13,
8.41407,20,19,50,5,
8.41548,10,18,39,-3,
8.41685,-4,20,38,-6,
8.4182,-17,12,39,-13,
8.41962,-30,-8,19,-13,
8.42099,-22,-10,17,-18,
8.42236,-6,19,31,-13,
8.42377,-6,19,31,-13,
8.42515,21,32,48,3,
8.42652,21,32,48,3,
8.42795,23,47,56,-4,
8.42933,38,44,59,17,
8.43069,14,31,66,13,
8.43206,4,23,61,8,
8.43342,-8,20,65,2,
8.43479,1,13,64,-5,
8.43629,-21,7,55,-10,
8.43764,-29,-9,42,-4,
8.4391,-13,-7,43,1,
8.44047,-13,-7,43,1,
8.44184,0,13,51,1,
8.44324,31,28,76,-6,
8.44463,45,30,78,9,
8.44595,47,33,75,19,
8.44735,38,45,70,20,
8.44871,13,41,65,7,
8.45006,0,22,68,-1,
8.45144,-18,16,71,-5,
8.45285,-5,4,65,-9,
8.45421,-20,-5,47,-2,
8.45557,-27,-6,37,2,
8.45692,-14,12,31,-2,
8.45827,8,27,41,11,
8.45966,28,36,65,27,
8.46103,24,46,72,24,
8.46238,43,40,70,20,
8.46369,55,42,72,25,
8.46505,21,35,61,23,
8.46638,14,28,65,28,
8.46774,14,28,65,28,
8.46914,-4,22,56,9,
8.47049,-4,22,56,9,
8.47188,-12,18,39,3,
8.47321,-21,10,31,-1,
8.47459,-2,14,36,-2,
8.47596,-2,14,36,-2,
8.47734,29,39,50,14,
8.47869,25,37,54,16,
8.48008,45,38,57,25,
8.48143,38,40,50,15,
8.48282,22,25,49,15,
8.48418,22,25,49,15,
8.48557,11,17,53,17,
8.4869,2,13,39,12,
8.48826,-2,6,37,6,
8.48962,-21,-1,27,0,
8.491,-11,20,25,3,
8.49236,3,27,36,11,
8.49366,3,27,36,11,
8.49503,32,53,49,9,
8.49639,44,52,58,8,
8.49768,48,42,61,15,
8.4991,37,36,60,14,
8.50043,28,33,60,11,
8.50174,24,23,46,18,
8.50318,24,23,46,18,
8.50452,-8,18,41,7,
8.50583,-27,-2,36,-3,
8.50715,-25,-3,28,-6,
8.5085,-7,9,30,-2,
8.50981,-7,9,30,-2,
8.51116,19,28,37,4,
8.51254,28,43,50,5,
8.51389,48,49,56,29,
8.51531,48,49,56,29,
8.5167,45,40,57,31,
8.51802,29,20,39,6,
8.51941,29,20,39,6,
8.52075,-8,15,45,9,
8.52206,-7,2,38,5,
8.52342,-19,-15,29,0,
8.52487,-15,-17,22,-5,
8.52629,1,0,35,-6,
8.52768,17,27,39,0,
8.52907,29,31,51,6,
8.53041,30,25,51,13,
8.53178,36,37,50,21,
8.53314,32,51,66,33,
8.53448,31,51,59,35,
8.53584,31,43,58,23,
8.53719,10,28,56,14,
8.53857,2,18,51,8,
8.53992,-17,7,32,-7,
8.54122,-22,5,29,-5,
8.54256,-15,12,23,-5,
8.54394,-7,14,25,-2,
8.54529,-7,14,25,-2,
8.54664,20,33,40,11,
8.54802,53,39,53,18,
8.54937,56,40,54,23,
8.55072,45,34,49,22,
8.55208,41,27,45,15,
8.55343,17,20,45,11,
8.55478,7,7,40,9,
8.5562,3,18,33,10,
8.55759,-12,20,13,-8,
8.55896,-6,3,15,-5,
8.56034,-6,3,15,-5,
8.56168,8,3,17,2,
8.56307,16,17,19,6,
8.56442,46,32,19,12,
8.56578,53,37,28,18,
8.56716,51,40,31,14,
8.56851,42,37,41,28,
8.56986,42,37,41,28,
8.57122,5,18,31,23,
8.57258,-2,9,21,13,
8.57393,-4,8,8,9,
8.5753,-19,-5,5,4,
8.57666,-26,0,0,-6,
8.57801,-23,10,10,-1,
8.57939,-1,6,19,13,
8.58075,34,15,27,29,
8.58213,41,34,33,29,
8.5835,54,55,23,23,
8.58487,39,40,28,28,
8.58623,22,40,28,30,
8.58756,22,40,28,30,
8.58891,16,41,22,26,
8.59028,6,20,12,22,
8.59164,0,13,4,17,
8.593,-24,-10,4,14,
8.59436,-12,-3,8,4,
8.59573,4,15,15,2,
8.59706,11,19,21,15,
8.59845,31,25,28,24,
8.59982,26,22,31,27,
8.60117,42,44,22,23,
8.60253,42,44,22,23,
8.60385,26,29,13,16,
8.60518,25,20,8,17,
8.60656,9,11,14,24,
8.60791,2,18,-2,16,
8.60928,-4,14,-11,12,
8.61063,-7,-9,-19,-2,
8.61197,-16,-8,-13,7,
8.61327,-16,-8,-13,7,
8.61455,8,-1,-8,14,
8.61593,36,24,9,21,
8.61729,35,25,5,30,
8.61865,29,35,-3,29,
8.62002,36,40,7,19,
8.6214,25,41,-5,11,
8.62279,25,41,-5,11,
8.62418,-3,20,-15,21,
8.62554,-9,19,-24,20,
8.6269,-19,14,-29,12,
8.62825,-18,13,-25,2,
8.62963,-15,16,-20,0,
8.631,0,20,-12,9,
8.63246,24,33,-15,13,
8.63381,40,48,-3,14,
8.63519,36,53,-1,15,
8.63651,49,52,4,31,
8.63784,41,26,-5,21,
8.63923,27,27,-4,18,
8.64059,7,35,-9,11,
8.64194,2,36,-20,10,
8.64332,2,36,-20,10,
8.64465,-7,23,-18,4,
8.646,-4,25,-36,-7,
8.64739,-10,17,-31,0,
8.64873,3,25,-23,5,
8.65008,34,40,-22,9,
8.65146,52,41,-16,9,
8.65281,57,40,-9,18,
8.65412,58,33,-9,29,
8.65551,31,45,-20,19,
8.6569,16,31,-33,10,
8.65825,16,31,-33,10,
8.65963,8,18,-35,2,
8.66107,1,11,-38,-4,
8.66244,-15,11,-54,-6,
8.66383,-12,28,-49,-3,
8.6652,11,29,-39,0,
8.66656,11,29,-39,0,
8.66794,40,46,-28,10,
8.66929,41,47,-38,16,
8.67064,47,62,-31,20,
8.67197,41,49,-28,21,
8.67333,39,50,-35,14,
8.67465,31,55,-41,-2,
8.67604,16,39,-47,7,
8.67742,-6,43,-55,11,
8.67878,-13,42,-63,4,
8.6802,-10,29,-68,-8,
8.68157,-1,37,-68,-6,
8.68294,-1,37,-68,-6,
8.68432,8,54,-67,-6,
8.6856,34,69,-59,20,
8.68697,49,70,-48,17,
8.68836,49,70,-48,17,
8.68971,56,76,-49,8,
8.69111,30,60,-35,9,
8.69248,30,60,-35,9,
8.69383,-7,54,-42,3,
8.6952,-4,53,-51,2,
8.69656,-7,56,-52,-1,
8.6979,-11,50,-58,-1,
8.69926,11,54,-50,3,
8.70062,11,54,-50,3,
8.70196,27,69,-44,9,
8.70332,47,69,-43,15,
8.70471,41,78,-45,14,
8.70607,41,95,-43,27,
8.70737,25,82,-31,16,
8.70874,25,82,-31,16,
8.71006,17,61,-28,14,
8.7114,5,46,-38,5,
8.71275,-1,58,-42,0,
8.71408,-3,36,-50,-2,
8.71544,0,33,-40,-1,
8.71679,0,52,-30,11,
8.71813,0,52,-30,11,
8.7195,16,60,-27,18,
8.72086,53,68,-16,15,
8.72223,57,80,-8,27,
8.72358,54,81,-8,23,
8.72497,51,76,-2,16,
8.72633,32,59,-9,16,
8.72763,8,54,-22,14,
8.72897,-2,48,-24,15,
8.73033,-18,46,-39,6,
8.73162,-10,33,-33,5,
8.73293,-10,33,-33,5,
8.73427,-10,33,-33,5,
8.73563,-4,54,-28,12,
8.73691,28,67,-36,19,
8.73826,51,67,-21,19,
8.7396,57,84,-5,30,
8.74097,37,80,-16,29,
8.74236,37,80,-16,29,
8.74374,33,70,-30,16,
8.7451,9,63,-34,11,
8.74646,0,59,-32,2,
8.74782,-23,54,-40,4,
8.74919,-21,52,-45,6,
8.75053,-21,52,-45,6,
8.75185,-19,46,-51,-3,
8.75321,3,59,-42,3,
8.75458,28,76,-31,-3,
8.7559,33,79,-38,2,
8.75725,53,89,-32,13,
8.75861,48,86,-35,14,
8.75994,33,80,-34,10,
8.76131,21,76,-40,4,
8.76266,-5,66,-41,-1,
8.764,-5,66,-41,-1,
8.76539,-9,68,-49,8,
8.76676,-19,64,-50,-13,
8.76816,-19,64,-50,-13,
8.76955,-16,74,-55,-10,
8.7709,39,103,-34,1,
8.77226,45,122,-26,4,
8.77358,45,122,-26,4,
8.77498,69,133,-14,15,
8.77635,51,119,-15,14,
8.7777,37,112,-22,13,
8.77901,33,121,-23,21,
8.78033,26,113,-29,28,
8.78168,20,109,-21,23,
8.78297,1,112,-17,23,
8.78434,-6,106,-28,27,
8.78567,18,135,-19,15,
8.78705,18,135,-19,15,
8.78845,18,135,-19,15,
8.78978,65,165,4,41,
8.79118,72,172,3,39,
8.79261,85,179,11,51,
8.79396,69,202,3,60,
8.79528,61,209,-6,53,
8.79659,61,209,-6,53,
8.79801,27,202,-23,29,
8.79938,25,203,-31,27,
8.80073,13,197,-33,18,
8.80205,12,221,-44,10,
8.80341,21,237,-48,14,
8.80472,29,240,-47,18,
8.80604,45,251,-50,17,
8.80737,67,257,-57,20,
8.80873,74,255,-58,16,
8.81004,80,252,-51,6,
8.81138,80,252,-51,6,
8.81275,48,213,-68,-1,
8.81405,20,193,-77,1,
8.81539,-4,176,-74,-6,
8.81671,-12,129,-78,-16,
8.81799,-12,129,-78,-16,
8.81932,-17,123,-80,-18,
8.82066,-10,115,-74,-18,
8.822,11,131,-61,-14,
8.82335,18,141,-64,-12,
8.82471,40,143,-55,-16,
8.82603,53,135,-40,-3,
8.82742,53,135,-40,-3,
8.82878,35,136,-30,5,
8.83014,11,122,-50,-4,
8.83154,-3,100,-52,-6,
8.8329,-3,86,-47,-18,
8.83426,-13,87,-44,-19,
8.83562,-27,91,-47,-12,
8.83698,-27,91,-47,-12,
8.83838,-26,95,-47,-15,
8.83975,12,100,-47,-26,
8.84105,19,109,-36,-16,
8.84243,23,104,-39,-6,
8.8438,34,108,-33,-6,
8.84521,36,119,-23,-1,
8.84657,35,109,-29,-5,
8.84793,11,68,-35,-15,
8.84929,-2,71,-40,-15,
8.85063,-2,71,-40,-15,
8.85201,-19,67,-52,-9,
8.85337,-26,67,-51,-21,
8.85476,-23,54,-42,-29,
8.85613,-25,46,-38,-25,
8.85749,1,58,-33,-17,
8.85882,23,75,-23,-18,
8.86018,29,93,-23,-3,
8.86153,35,109,-21,-6,
8.86291,27,93,-26,-13,
8.86427,25,89,-30,-8,
8.86563,15,84,-40,-9,
8.867,-9,81,-40,-12,
8.86835,-9,74,-35,-7,
8.86969,-20,57,-40,-13,
8.87108,-32,47,-56,-13,
8.87243,-22,52,-55,-13,
8.87383,-15,64,-53,-20,
8.8752,21,79,-45,-6,
8.87656,22,90,-36,1,
8.87792,22,90,-36,1,
8.87928,45,109,-15,18,
8.88066,37,101,-14,13,
8.88198,37,101,-14,13,
8.88335,2,92,-10,-8,
8.88472,-2,90,-15,-5,
8.88625,-3,92,-22,-7,
8.88764,-23,78,-22,-13,
8.889,-13,77,-22,-10,
8.8903,-6,68,-21,-2,
8.89166,9,86,-15,7,
8.89306,25,95,-9,20,
8.8944,32,107,-9,14,
8.89577,35,108,-2,13,
8.89708,35,108,-2,13,
8.89844,29,99,-5,12,
8.89982,36,86,-6,14,
8.90118,-9,78,-5,7,
8.90253,-14,76,0,-5,
8.90385,-14,76,0,-5,
8.90521,-18,59,-3,5,
8.90652,-8,62,-11,6,
8.90784,0,66,-8,13,
8.90918,15,81,-5,18,
8.91051,43,100,8,22,
8.91182,50,99,13,21,
8.91319,50,99,13,21,
8.91453,45,99,17,28,
8.91584,35,91,19,22,
8.91719,22,83,26,20,
8.91858,11,80,27,20,
8.91999,16,70,20,8,
8.92137,12,64,7,9,
8.92277,-7,59,3,6,
8.92414,-1,51,9,15,
8.92553,22,64,19,27,
8.92683,30,78,23,24,
8.92815,39,77,21,20,
8.92947,39,77,21,20,
8.93082,54,67,22,26,
8.93218,54,82,30,35,
8.93353,47,71,25,35,
8.93499,23,61,26,24,
8.93637,4,59,16,19,
8.93769,-1,58,23,25,
8.93905,-10,41,21,21,
8.94042,-14,33,9,13,
8.94177,9,37,5,7,
8.94318,9,37,5,7,
8.94453,31,43,9,17,
8.94586,42,54,23,26,
8.94725,34,59,28,30,
8.94863,42,63,35,31,
8.94996,39,65,31,31,
8.95132,39,65,31,31,
8.95266,23,45,27,28,
8.95399,15,45,29,27,
8.95533,5,44,26,30,
8.9567,-11,28,28,17,
8.95801,-3,11,14,17,
8.95936,-5,5,15,25,
8.96073,3,18,24,21,
8.96208,41,32,39,28,
8.96344,52,38,43,26,
8.9648,48,54,47,25,
8.96612,52,63,55,27,
8.96754,32,55,55,34,
8.96889,32,48,46,31,
8.9702,18,41,30,33,
8.97152,9,31,19,26,
8.97286,-12,21,5,14,
8.97422,-3,19,12,17,
8.97561,-3,19,12,17,
8.97696,-8,10,18,15,
8.97831,-8,14,28,9,
8.97968,13,16,25,20,
8.98103,42,35,32,26,
8.9823,55,52,43,41,
8.98363,55,52,43,41,
8.98496,46,46,37,34,
8.9863,44,43,35,35,
8.98774,14,27,27,27,
8.98911,4,11,23,20,
8.99049,-23,-2,13,31,
8.99185,-23,-2,13,31,
8.99322,-12,-1,16,26,
8.9946,0,-2,11,20,
8.99596,17,3,12,22,
8.99731,35,31,21,28,
8.99867,43,36,27,24,
9.00002,61,39,32,19,
9.00138,58,49,46,25,
9.00276,46,48,46,32,
9.00413,16,14,29,28,
9.00551,10,14,18,24,
9.00687,2,16,26,31,
9.00826,-10,5,15,31,
9.00958,-9,-4,11,16,
9.01094,-8,-3,14,7,
9.01227,10,3,16,12,
9.01366,21,15,22,29,
9.01505,28,21,34,36,
9.01641,28,21,34,36,
9.01776,55,45,57,29,
9.01913,40,42,47,26,
9.02052,33,39,40,26,
9.02188,6,19,34,28,
9.02326,10,8,32,22,
9.02462,10,8,32,22,
9.02601,8,12,18,20,
9.0274,-2,6,8,19,
9.02876,-2,0,11,18,
9.03011,14,15,15,24,
9.03153,26,19,22,31,
9.03289,26,19,22,31,
9.03424,41,43,33,33,
9.03564,36,44,31,39,
9.03705,36,44,31,39,
9.03848,35,29,28,32,
9.03991,21,27,23,37,
9.04129,9,21,19,35,
9.04265,-10,3,18,19,
9.044,-10,3,18,19,
9.04531,-8,-6,17,15,
9.0467,-1,-1,23,16,
9.04805,12,34,32,28,
9.04937,22,31,23,35,
9.05072,39,29,29,27,
9.0521,58,37,37,20,
9.05348,58,37,37,20,
9.05481,49,32,39,27,
9.05614,23,27,38,22,
9.05744,15,11,29,23,
9.05877,10,4,30,30,
9.06011,10,4,30,30,
9.06147,-4,3,4,18,
9.06283,-4,2,14,8,
9.06424,0,13,28,5,
9.0656,25,33,23,31,
9.067,34,34,24,34,
9.06836,34,34,24,34,
9.06965,43,44,38,24,
9.07101,43,44,38,24,
9.07236,31,46,43,29,
9.07372,24,39,33,37,
9.07509,1,14,22,29,
9.07643,1,14,22,29,
9.07776,-11,15,25,20,
9.07914,-7,1,12,6,
9.0805,-6,0,5,7,
9.08186,14,17,21,18,
9.08323,26,25,30,21,
9.08458,28,35,34,29,
9.08594,28,35,34,29,
9.0873,32,39,42,28,
9.08866,36,42,29,36,
9.09001,28,35,35,36,
9.09138,14,25,35,27,
9.09271,12,10,27,28,
9.09407,-6,14,21,29,
9.09548,-5,12,25,29,
9.09693,-12,-13,24,23,
9.09835,2,5,30,21,
9.09971,2,5,30,21,
9.10108,22,39,30,17,
9.10244,22,39,30,17,
9.10381,35,47,31,30,
9.10516,47,39,37,39,
9.10652,38,31,25,41,
9.10788,32,26,27,36,
9.10919,6,16,25,23,
9.11049,-3,16,20,20,
9.1118,-1,2,13,15,
9.11316,-8,-4,15,15,
9.11451,-8,12,7,14,
9.11587,9,11,17,28,
9.11722,9,11,17,28,
9.11856,22,27,23,34,
9.11992,40,39,20,32,
9.12128,43,43,27,39,
9.12267,42,54,33,37,
9.12405,32,48,38,34,
9.1254,32,48,38,34,
9.12677,26,30,38,36,
9.12814,10,7,25,18,
9.12949,-1,6,26,15,
9.13085,2,6,12,9,
9.1322,4,14,20,23,
9.1336,4,14,20,23,
9.13499,4,14,20,23,
9.13635,42,37,25,29,
9.13767,46,45,27,37,
9.13905,48,52,30,38,
9.14049,32,44,23,46,
9.14184,32,44,23,46,
9.14324,28,31,19,32,
9.1446,20,14,27,16,
9.14593,13,8,18,21,
9.14729,-16,11,10,26,
9.14864,-11,18,6,23,
9.15,-7,14,10,19,
9.15137,-7,14,10,19,
9.15272,6,6,25,15,
9.15405,37,39,28,28,
9.15547,25,55,28,31,
9.15683,36,58,35,29,
9.15818,28,43,34,33,
9.15956,35,36,29,34,
9.16092,35,21,30,29,
9.16226,10,28,26,30,
9.16361,10,28,26,30,
9.16494,4,15,21,24,
9.16631,-7,-1,23,16,
9.16767,-7,-2,18,9,
9.16901,12,11,9,13,
9.17037,30,14,20,18,
9.1718,33,44,33,25,
9.17318,41,49,34,40,
9.17453,41,49,34,40,
9.1759,28,33,24,27,
9.17726,24,30,21,23,
9.17862,17,15,28,16,
9.17997,-2,6,25,16,
9.18135,-2,6,25,16,
9.1827,-15,-7,29,15,
9.18406,-13,-3,17,12,
9.18543,-14,7,9,11,
9.18678,8,20,20,17,
9.18816,30,42,29,26,
9.18953,41,42,35,29,
9.19087,63,52,40,40,
9.19219,60,57,43,42,
9.19353,27,34,27,27,
9.19487,23,32,15,36,
9.19622,19,23,21,36,
9.19752,19,23,21,36,
9.1989,-8,11,24,24,
9.20026,-8,11,24,24,
9.20161,-18,11,22,21,
9.20294,4,21,25,15,
9.2043,24,17,29,24,
9.20565,24,17,29,24,
9.20701,47,45,25,38,
9.20838,48,54,25,39,
9.2097,36,47,24,31,
9.21101,36,42,25,23,
9.21235,18,25,19,26,
9.21372,18,25,19,26,
9.21507,12,14,15,25,
9.21642,1,13,10,30,
9.21776,-20,9,5,23,
9.21913,-15,6,18,22,
9.22049,-10,11,22,26,
9.22187,6,21,23,23,
9.22318,29,33,34,33,
9.2245,27,34,39,37,
9.22585,49,38,32,30,
9.22724,37,37,35,34,
9.22859,35,29,41,34,
9.22994,23,24,33,23,
9.2313,3,25,33,26,
9.23265,3,25,33,26,
9.23404,-1,13,27,31,
9.23551,-11,1,12,30,
9.23691,-1,2,11,25,
9.23827,10,17,23,24,
9.23965,23,22,26,21,
9.24103,31,29,30,19,
9.24245,50,51,43,26,
9.24382,37,46,34,28,
9.24535,37,46,34,28,
9.24675,28,29,31,24,
9.24809,3,17,19,23,
9.24948,3,17,19,23,
9.25084,5,15,17,21,
9.25226,7,11,27,10,
9.2536,-17,3,20,9,
9.25496,-3,15,18,13,
9.25633,22,22,20,16,
9.2577,50,29,23,17,
9.25901,50,43,20,22,
9.26033,32,39,38,39,
9.26166,38,37,47,38,
9.26305,38,37,47,38,
9.2644,40,41,37,29,
9.26573,30,31,34,25,
9.2671,6,16,34,35,
9.26841,1,8,29,31,
9.26973,-10,5,22,6,
9.27107,-10,5,22,6,
9.27246,-6,17,18,10,
9.27379,24,37,20,29,
9.27516,25,34,28,22,
9.27651,38,37,41,19,
9.27782,57,43,37,27,
9.27914,55,53,34,33,
9.28047,55,53,34,33,
9.28178,34,38,29,30,
9.28309,6,22,30,18,
9.28444,0,28,31,18,
9.28574,-5,11,30,8,
9.28704,-20,-1,22,11,
9.28838,8,6,22,22,
9.2897,8,6,22,22,
9.29106,8,6,22,22,
9.29242,35,38,19,22,
9.29372,30,40,25,24,
9.2951,44,47,33,26,
9.29648,33,47,30,28,
9.29787,22,42,36,34,
9.29923,12,34,38,25,
9.30061,12,31,34,26,
9.30192,7,17,22,23,
9.30329,-4,3,21,16,
9.30463,-8,6,15,16,
9.30595,-1,-3,7,13,
9.30731,-1,-3,7,13,
9.30865,19,14,8,14,
9.30996,24,36,20,32,
9.31133,48,50,39,31,
9.31272,54,45,38,36,
9.31403,42,38,34,40,
9.31541,39,38,28,41,
9.31677,26,29,27,33,
9.31809,8,22,22,33,
9.31945,14,19,14,21,
9.32083,-1,1,21,11,
9.32217,-1,1,21,11,
9.32359,-1,1,21,11,
9.32494,8,12,17,22,
9.32625,20,23,26,20,
9.32765,34,28,27,31,
9.32902,41,50,30,39,
9.33037,30,41,34,36,
9.33174,37,40,38,31,
9.3331,31,23,35,27,
9.33443,31,23,35,27,
9.3358,18,15,25,21,
9.33715,-11,2,19,18,
9.33855,-27,3,14,22,
9.33991,-20,15,15,21,
9.34128,-20,15,15,21,
9.34268,13,20,18,19,
9.34405,49,36,22,24,
9.34541,39,42,23,22,
9.34677,69,33,19,34,
9.34817,69,33,19,34,
9.34952,47,29,25,39,
9.35086,20,37,30,33,
9.35225,25,21,22,33,
9.35362,7,17,10,35,
9.35499,-8,10,18,16,
9.35635,-11,5,16,13,
9.35771,-1,15,22,10,
9.35903,20,17,23,23,
9.36037,30,29,27,29,
9.36167,37,40,34,29,
9.36299,42,40,28,27,
9.36435,54,42,37,33,
9.36569,38,38,42,36,
9.36708,38,38,42,36,
9.36841,32,42,41,38,
9.36976,12,25,26,28,
9.37113,6,27,22,28,
9.37251,-13,22,22,27,
9.37383,-14,0,11,27,
9.37519,-7,0,6,23,
9.37659,8,6,17,25,
9.37795,39,36,24,28,
9.37935,46,33,35,31,
9.38072,46,33,35,31,
9.38208,48,45,38,38,
9.38345,48,45,38,38,
9.38482,45,42,35,36,
9.38619,16,19,23,24,
9.38761,9,12,28,25,
9.38898,10,23,16,23,
9.39031,-16,16,18,28,
9.39169,-16,16,18,28,
9.39303,-5,19,13,26,
9.3944,8,15,20,20,
9.39576,37,33,24,29,
9.39712,44,39,22,26,
9.3985,38,34,23,35,
9.39989,48,48,43,43,
9.40125,48,48,43,43,
9.40263,36,38,30,44,
9.40402,-1,19,27,24,
9.40538,0,24,32,28,
9.40673,-11,17,33,29,
9.40809,-14,9,23,30,
9.40942,-14,9,23,30,
9.41076,-14,9,11,21,
9.41211,18,19,15,16,
9.41342,23,27,23,22,
9.41477,38,27,34,31,
9.41613,50,32,33,30,
9.41752,50,38,34,34,
9.41888,44,32,32,39,
9.42031,34,36,26,26,
9.42166,9,29,35,21,
9.42305,10,22,30,25,
9.42445,10,22,30,25,
9.42579,-2,12,20,17,
9.42718,-11,5,22,13,
9.42859,-11,5,29,15,
9.42995,29,27,28,35,
9.43133,32,35,29,27,
9.43266,33,44,27,32,
9.434,36,49,32,37,
9.43548,36,49,32,37,
9.43683,27,43,39,36,
9.43817,22,30,24,18,
9.43954,7,21,21,19,
9.44092,14,11,19,28,
9.4425,-3,4,23,24,
9.44388,-7,3,14,23,
9.44523,-1,9,16,17,
9.44658,14,15,18,33,
9.44795,42,39,25,37,
9.4493,40,40,26,32,
9.4506,40,40,26,32,
9.45196,38,47,38,31,
9.45332,38,47,38,31,
9.45468,42,45,32,30,
9.45604,19,24,18,29,
9.45751,22,26,25,25,
9.45889,11,17,31,29,
9.46026,-13,-7,5,23,
9.4616,-13,-7,5,23,
9.46298,-5,3,11,23,
9.46432,40,27,20,33,
9.46569,38,30,28,31,
9.46707,45,35,38,26,
9.46842,45,35,38,26,
9.46973,57,38,39,22,
9.47112,42,38,39,25,
9.47246,21,33,22,35,
9.47381,17,15,28,28,
9.47525,12,9,22,23,
9.47658,12,9,22,23,
9.4779,-9,3,13,22,
9.47929,-14,-6,9,18,
9.48065,-6,2,18,20,
9.48196,48,20,22,31,
9.48334,54,21,23,33,
9.48469,54,21,23,33,
9.486,53,34,33,35,
9.48738,35,45,41,37,
9.48873,34,37,38,41,
9.49005,30,20,40,36,
9.49142,-7,11,23,21,
9.49281,-7,11,23,21,
9.49416,-8,2,13,20,
9.49553,1,9,19,9,
9.4969,6,8,20,7,
9.49824,21,26,15,11,
9.49961,43,24,32,31,
9.50097,41,31,41,40,
9.5023,41,31,41,40,
9.50367,49,37,33,39,
9.50499,56,39,39,36,
9.50637,41,30,31,31,
9.50774,13,23,24,28,
9.5091,9,13,24,23,
9.51044,9,16,19,22,
9.51182,-8,5,23,19,
9.51312,-16,1,28,17,
9.51446,11,2,30,18,
9.5158,11,2,30,18,
9.51715,24,21,31,19,
9.51849,35,39,32,33,
9.51986,35,36,34,37,
9.52122,46,36,33,37,
9.52259,32,28,30,19,
9.52394,26,29,28,28,
9.52529,26,29,28,28,
9.52665,-3,18,18,26,
9.52802,-4,8,20,19,
9.52938,-16,-10,19,16,
9.53075,-10,-6,19,15,
9.53211,-6,-1,21,14,
9.53345,2,3,26,11,
9.53486,2,3,26,11,
9.53626,51,30,34,27,
9.53761,55,23,25,35,
9.53899,49,28,22,30,
9.54034,41,26,29,31,
9.54172,16,15,26,29,
9.54311,10,9,24,28,
9.54445,8,-2,16,17,
9.54575,-4,-24,8,9,
9.54712,-12,-26,5,14,
9.54844,-10,-16,12,15,
9.5498,-10,-16,12,15,
9.55117,9,-15,11,19,
9.55253,22,-6,9,13,
9.55385,39,3,19,24,
9.55522,44,13,29,23,
9.55666,41,11,36,28,
9.558,38,11,32,20,
9.55943,18,-4,16,16,
9.56082,-8,-15,22,19,
9.56216,-8,-30,10,9,
9.56352,-8,-30,10,9,
9.56488,-26,-41,-1,-5,
9.56622,-16,-50,-8,-4,
9.5676,-5,-38,3,4,
9.56895,-5,-38,3,4,
9.57031,33,-42,10,12,
9.57168,27,-44,-10,-3,
9.57306,27,-44,-10,-3,
9.57441,30,-36,-13,0,
9.57578,-1,-26,-54,-28,
9.57713,-39,-36,-132,-78,
9.57846,-93,-186,-254,-187,
9.57982,-185,-455,-379,-317,
9.58121,-291,-722,-479,-442,
9.58256,-376,-934,-524,-527,
9.58392,-419,-1067,-542,-587,
9.58528,-421,-1129,-546,-625,
9.58668,-414,-1158,-528,-643,
9.58808,-408,-1149,-504,-641,
9.58943,-391,-1122,-475,-606,
9.59078,-378,-1064,-441,-567,
9.59214,-357,-1019,-424,-543,
9.59348,-335,-913,-383,-492,
9.59484,-341,-859,-358,-450,
9.59617,-324,-800,-325,-415,
9.59748,-308,-738,-295,-392,
9.59881,-298,-681,-278,-373,
9.60018,-298,-681,-278,-373,
9.60154,-249,-582,-240,-314,
9.60289,-225,-538,-216,-286,
9.60425,-186,-482,-202,-265,
9.6056,-186,-482,-202,-265,
9.60698,-139,-403,-159,-231,
9.60836,-137,-381,-151,-222,
9.6097,-138,-362,-141,-216,
9.61106,-143,-345,-138,-197,
9.61243,-143,-345,-138,-197,
9.61375,-149,-330,-129,-186,
9.61511,-151,-299,-115,-172,
9.61646,-151,-299,-115,-172,
9.61782,-146,-296,-118,-160,
9.61925,-132,-290,-110,-151,
9.62065,-111,-267,-105,-141,
9.62202,-78,-243,-92,-127,
9.62345,-64,-223,-88,-122,
9.62485,-63,-210,-64,-121,
9.62625,-71,-195,-63,-117,
9.62765,-72,-178,-62,-97,
9.62903,-81,-166,-66,-85,
9.63039,-81,-166,-66,-85,
9.63179,-81,-166,-66,-85,
9.63318,-72,-158,-64,-86,
9.63457,-75,-166,-59,-89,
9.63591,-84,-162,-62,-85,
9.63726,-60,-133,-50,-72,
9.63859,-49,-122,-47,-71,
9.63995,-49,-122,-47,-71,
9.64139,-23,-96,-30,-63,
9.64274,-20,-89,-34,-56,
9.64416,-23,-90,-34,-63,
9.64555,-37,-89,-28,-59,
9.64694,-49,-102,-35,-48,
9.64835,-49,-102,-35,-48,
9.64971,-49,-112,-34,-45,
9.65111,-56,-105,-39,-52,
9.6525,-55,-94,-49,-48,
9.65386,-41,-79,-26,-49,
9.65525,-41,-79,-26,-49,
9.6566,-21,-70,-22,-44,
9.65795,-6,-53,-13,-39,
9.65934,-2,-50,-4,-22,
9.66071,-6,-47,-5,-22,
9.66207,-25,-59,-19,-25,
9.66341,-25,-59,-19,-25,
9.66474,-19,-63,-13,-29,
9.66609,-47,-70,-12,-18,
9.66743,-50,-63,-13,-20,
9.66877,-58,-62,-16,-29,
9.67012,-40,-61,-16,-34,
9.6715,-33,-45,-7,-32,
9.67285,-20,-35,-6,-20,
9.67418,0,-21,-10,-4,
9.67555,9,-22,-1,1,
9.6769,-7,-28,9,-3,
9.67824,-7,-28,9,-3,
9.67961,-2,-25,1,-11,
9.68092,-2,-24,-6,-14,
9.68224,-10,-24,-7,-16,
9.6836,-28,-22,-6,-22,
9.68497,-31,-26,-16,-24,
9.68631,-31,-26,-16,-24,
9.6877,-36,-24,-7,-16,
9.68908,-24,-22,-6,-6,
9.69042,8,-8,9,0,
9.69178,10,-3,11,-5,
9.69314,6,-7,10,2,
9.69451,2,-11,7,6,
9.69586,3,-17,-2,6,
9.69724,10,-14,-3,-1,
9.69858,4,-15,1,-12,
9.69995,-9,-16,-5,-8,
9.70133,-13,-13,-2,-4,
9.70268,-20,-18,-3,-3,
9.70404,-28,-17,-11,-11,
9.70539,-22,-9,-4,-3,
9.70674,5,5,12,10,
9.7081,13,14,15,9,
9.70945,21,10,18,6,
9.71082,21,10,18,6,
9.71219,21,11,30,13,
9.71353,21,11,30,13,
9.71487,11,12,21,18,
9.71624,-3,3,3,12,
9.71759,-3,-8,-2,3,
9.71893,-3,-8,-2,3,
9.72024,-20,-16,2,3,
9.72156,-12,-18,1,3,
9.72292,-5,-7,9,-1,
9.72427,10,8,13,-2,
9.72565,31,11,14,9,
9.72701,29,12,21,12,
9.72837,33,20,24,11,
9.72975,26,16,17,21,
9.73116,26,16,17,21,
9.73252,18,2,14,20,
9.73387,-5,16,26,7,
9.73526,-5,16,26,7,
9.73661,-7,4,21,8,
9.73793,-2,-7,7,-5,
9.73931,0,5,11,-2,
9.74067,1,5,14,12,
9.742,13,12,11,20,
9.74336,29,10,20,32,
9.74472,36,16,22,23,
9.74606,34,32,21,24,
9.74743,27,23,20,22,
9.7488,21,27,26,18,
9.75014,0,24,29,18,
9.75151,-15,12,15,23,
9.7529,-12,4,12,20,
9.75421,0,-8,4,7,
9.75561,-3,-10,3,12,
9.75697,6,6,11,3,
9.75834,6,6,11,3,
9.7596,22,11,17,12,
9.76096,14,19,33,15,
9.76234,19,19,24,21,
9.76371,19,19,24,21,
9.76501,21,17,19,34,
9.76637,29,16,23,33,
9.76773,30,19,12,23,
9.7691,7,18,9,22,
9.77043,-3,24,15,20,
9.7718,-3,13,14,19,
9.77318,-1,7,13,20,
9.77453,-5,3,15,24,
9.77596,3,2,18,18,
9.77737,25,7,24,14,
9.77873,27,25,25,19,
9.78012,32,28,23,27,
9.7815,32,28,23,27,
9.78286,21,30,16,22,
9.78425,14,24,23,20,
9.7856,5,20,27,23,
9.78697,6,2,25,22,
9.78834,-9,1,22,9,
9.78969,-22,-5,10,2,
9.79105,-7,5,11,8,
9.79237,-5,16,19,21,
9.79366,16,16,26,26,
9.795,19,16,22,28,
9.79636,39,29,31,36,
9.79768,39,29,31,36,
9.79904,39,29,31,36,
9.80039,25,34,26,39,
9.80174,11,14,12,19,
9.80311,6,18,10,16,
9.80449,-3,25,16,18,
9.80592,6,16,19,24,
9.80729,2,17,15,19,
9.80865,4,12,18,19,
9.81,9,16,31,24,
9.81135,29,21,33,34,
9.81271,36,21,32,35,
9.81408,36,21,32,35,
9.81547,30,23,27,22,
9.81683,34,36,33,29,
9.81816,31,30,32,28,
9.81954,20,24,18,23,
9.82091,18,28,21,26,
9.82226,13,25,17,30,
9.82362,0,11,11,32,
9.82498,-5,9,12,23,
9.82635,2,6,18,18,
9.82781,16,13,28,24,
9.82921,24,20,39,19,
9.83065,24,20,39,19,
9.83205,27,25,36,18,
9.83344,42,34,37,19,
9.83477,28,29,29,32,
9.83616,24,23,25,24,
9.83761,18,15,16,22,
9.83902,-1,-2,16,29,
9.84037,-1,-2,16,29,
9.84171,-1,-2,16,29,
9.84311,-8,14,17,16,
9.84449,3,16,14,11,
9.84586,16,17,18,9,
9.84723,34,22,25,12,
9.84859,36,32,24,14,
9.84993,37,36,35,24,
9.85131,44,38,43,30,
9.8527,20,30,29,15,
9.85406,17,23,19,8,
9.85546,14,11,15,13,
9.85682,11,12,19,16,
9.85812,9,12,9,20,
9.85945,16,12,7,14,
9.86079,5,4,15,20,
9.86217,16,7,22,18,
9.86353,26,24,29,18,
9.86491,26,24,29,18,
9.86622,28,32,36,36,
9.86757,44,38,35,28,
9.86895,47,31,24,27,
9.87031,19,35,25,26,
9.87173,15,23,16,32,
9.87308,15,23,16,32,
9.87439,0,18,18,21,
9.87576,0,18,18,21,
9.87713,0,20,23,16,
9.87846,0,11,22,15,
9.87983,16,13,13,16,
9.88116,16,13,13,16,
9.88251,32,25,17,24,
9.88385,44,32,35,22,
9.88524,44,33,39,22,
9.88657,36,32,41,18,
9.88789,30,31,34,28,
9.88928,25,14,21,35,
9.89062,17,11,19,34,
9.89195,5,16,13,26,
9.89333,1,13,9,19,
9.8947,9,18,13,24,
9.89603,7,10,17,27,
9.89738,5,22,21,20,
9.89869,20,36,23,14,
9.90002,35,36,23,21,
9.90136,54,36,26,30,
9.9027,53,39,27,29,
9.9041,34,32,24,23,
9.90547,34,32,24,23,
9.90682,10,24,23,27,
9.90816,10,24,23,27,
9.90954,14,18,19,29,
9.91089,-4,4,6,24,
9.91232,-5,20,21,18,
9.91365,-5,20,21,18,
9.91497,24,18,26,31,
9.91633,39,22,35,30,
9.91765,35,26,40,30,
9.91903,26,37,34,23,
9.92044,39,27,25,32,
9.92174,36,14,24,33,
9.92312,31,14,29,22,
9.92452,22,25,17,29,
9.92586,4,24,16,25,
9.92723,4,23,26,23,
9.92859,-2,16,7,16,
9.93022,-2,16,7,16,
9.93155,23,17,22,30,
9.93293,36,24,20,34,
9.93427,31,31,23,37,
9.93561,32,41,27,29,
9.93688,40,33,36,27,
9.93823,24,26,32,33,
9.9396,27,24,33,37,
9.94095,19,27,26,36,
9.94229,11,17,14,21,
9.94365,10,19,14,20,
9.94501,0,23,23,25,
9.94636,-3,9,22,24,
9.94774,-8,3,15,31,
9.94904,7,14,17,20,
9.95037,31,37,25,31,
9.95173,22,41,33,32,
9.95306,22,41,33,32,
9.95439,41,33,31,25,
9.95575,42,29,29,28,
9.95711,38,27,22,15,
9.95849,38,27,22,15,
9.95985,2,20,25,10,
9.96122,2,20,25,10,
9.96252,5,20,30,11,
9.96384,0,18,28,16,
9.96516,-3,14,21,13,
9.96647,9,20,21,21,
9.96784,31,29,24,25,
9.9692,33,27,23,29,
9.9705,34,26,31,38,
9.97187,39,26,34,32,
9.97319,26,29,27,32,
9.97458,9,11,21,19,
9.97589,9,11,21,19,
9.97725,9,11,21,19,
9.97861,15,14,29,18,
9.97998,2,13,24,9,
9.98133,-8,14,16,11,
9.98268,4,5,9,15,
9.98404,4,5,9,15,
9.98539,23,12,21,16,
9.98674,25,16,26,20,
9.98811,27,33,28,29,
9.98946,32,31,33,38,
9.99081,22,28,25,36,
9.99214,22,24,25,31,
9.99348,11,21,25,21,
9.99484,11,21,25,21,
9.99621,8,14,25,11,
9.99758,9,4,16,13,
9.99903,9,4,16,13,
10.0004,7,19,29,13,
10.0017,15,17,32,26,
10.0031,29,23,31,24,
10.0045,43,26,30,26,
10.0058,34,41,30,25,
10.0072,34,41,30,25,
10.0085,35,27,22,22,
10.0099,18,23,27,28,
10.0113,5,21,29,23,
10.0127,5,25,25,17,
10.014,-2,15,13,23,
10.0154,-2,15,13,23,
10.0168,-3,6,15,19,
10.0181,1,5,19,23,
10.0195,19,22,18,28,
10.0208,28,16,24,34,
10.0222,30,34,31,26,
10.0236,38,38,40,25,
10.025,34,24,43,31,
10.0263,20,21,34,25,
10.0277,24,22,13,19,
10.0291,18,15,9,16,
10.0305,18,15,9,16,
10.0318,11,14,13,19,
10.0332,-6,3,9,14,
10.0346,-2,8,19,10,
10.0359,20,8,35,16,
10.0373,31,28,43,26,
10.0386,31,28,43,26,
10.04,35,37,40,27,
10.0414,20,44,26,23,
10.0427,31,29,31,25,
10.0441,14,19,26,26,
10.0455,6,20,21,21,
10.0468,6,20,21,21,
10.0482,13,20,17,13,
10.0495,-9,14,17,14,
10.0509,-3,13,10,10,
10.0523,11,8,14,9,
10.0536,10,16,17,14,
10.055,17,33,13,22,
10.0563,25,31,21,23,
10.0577,36,29,29,23,
10.0591,42,34,27,23,
10.0604,29,24,21,34,
10.0617,16,13,19,26,
10.063,9,20,22,20,
10.0644,12,21,14,20,
10.0657,0,12,12,17,
10.0671,-9,0,15,13,
10.0684,-10,5,9,9,
10.0697,-10,5,9,9,
10.0711,5,29,28,17,
10.0725,21,37,26,16,
10.0738,24,38,26,16,
10.0752,24,34,31,27,
10.0765,35,31,30,38,
10.0779,37,30,24,30,
10.0793,23,29,28,31,
10.0807,16,2,21,29,
10.082,12,2,16,22,
10.0834,9,15,14,17,
10.0848,3,13,20,9,
10.0861,3,13,20,9,
10.0875,9,15,16,12,
10.0888,36,27,13,25,
10.0902,32,32,22,25,
10.0915,34,38,19,30,
10.0928,37,32,21,34,
10.0941,22,24,21,40,
10.0955,13,23,21,30,
10.0969,20,12,17,32,
10.0982,8,10,19,27,
10.0995,8,10,19,27,
10.1009,12,4,8,18,
10.1023,8,6,13,8,
10.1037,0,19,9,14,
10.105,4,22,8,15,
10.1064,28,25,17,16,
10.1078,39,30,27,28,
10.109,39,30,27,28,
10.1104,47,28,20,37,
10.1118,15,32,29,21,
10.1132,31,23,31,18,
10.1145,20,17,31,21,
10.1159,16,9,20,19,
10.1172,3,16,7,27,
10.1186,3,16,7,27,
10.1199,4,21,17,26,
10.1213,9,17,27,19,
10.1226,5,21,20,17,
10.124,21,26,24,22,
10.1253,22,19,32,30,
10.1267,21,24,29,26,
10.128,31,34,22,18,
10.1294,24,28,23,17,
10.1308,19,30,26,28,
10.1321,14,17,21,20,
10.1335,14,17,21,20,
10.1348,18,9,21,22,
10.1362,7,12,23,15,
10.1376,-5,13,18,12,
10.1389,8,20,33,16,
10.1402,24,25,27,27,
10.1416,24,25,27,27,
10.143,33,31,31,29,
10.1443,32,31,36,34,
10.1456,34,27,38,30,
10.147,38,29,29,21,
10.1484,28,27,23,23,
10.1498,28,27,23,23,
10.1511,18,22,23,28,
10.1525,4,13,14,25,
10.1538,2,16,11,17,
10.1553,-1,20,15,7,
10.1567,-1,12,18,13,
10.1581,12,22,26,23,
10.1595,34,22,25,21,
10.1608,31,29,29,17,
10.1622,38,32,38,28,
10.1636,35,28,34,37,
10.1649,31,23,38,36,
10.1664,31,23,38,36,
10.1678,28,24,37,30,
10.1691,8,26,30,24,
10.1705,7,16,23,15,
10.1719,0,22,22,19,
10.1732,-12,15,19,22,
10.1746,-1,13,13,28,
10.1759,17,18,16,24,
10.1772,36,31,28,30,
10.1786,33,43,34,34,
10.1799,40,43,32,40,
10.1813,40,43,32,40,
10.1827,44,27,24,28,
10.1841,32,14,32,28,
10.1854,18,23,25,22,
10.1868,8,10,26,32,
10.1882,7,16,27,28,
10.1895,7,16,27,28,
10.1908,7,16,22,30,
10.1922,17,32,19,25,
10.1936,32,43,33,24,
10.195,43,38,32,23,
10.1963,48,35,25,26,
10.1976,56,42,23,26,
10.1989,39,25,29,27,
10.2003,31,23,29,36,
10.2017,31,19,26,31,
10.203,7,25,20,26,
10.2043,6,27,26,22,
10.2056,6,16,23,26,
10.207,14,8,16,24,
10.2083,0,9,19,29,
10.2096,29,26,26,28,
10.211,29,26,26,28,
10.2124,43,37,31,25,
10.2137,43,35,29,20,
10.215,29,45,22,30,
10.2164,34,36,31,28,
10.2177,19,29,27,21,
10.2191,16,13,22,16,
10.2204,16,13,22,16,
10.2218,13,20,27,25,
10.2232,14,13,24,30,
10.2245,0,3,12,21,
10.226,-10,19,13,18,
10.2274,26,30,19,16,
10.2288,33,37,30,32,
10.2302,35,30,25,33,
10.2315,37,30,37,38,
10.2332,24,29,37,35,
10.2346,27,21,29,38,
10.236,27,21,29,38,
10.2374,24,14,17,35,
10.2387,9,9,21,29,
10.24,2,-1,21,24,
10.2414,3,0,15,20,
10.2427,5,3,15,15,
10.2441,19,15,22,28,
10.2455,39,32,24,30,
10.2468,36,31,35,26,
10.2482,46,32,32,33,
10.2495,46,32,32,33,
10.2509,41,40,29,33,
10.2522,17,28,24,21,
10.2536,17,28,24,21,
10.2549,0,27,24,19,
10.2563,4,17,21,22,
10.2576,1,18,21,18,
10.259,-1,25,28,17,
10.2603,8,14,34,23,
10.2617,14,20,36,32,
10.263,39,29,31,34,
10.2644,39,29,31,34,
10.2657,51,31,27,40,
10.267,45,27,32,40,
10.2684,45,26,29,37,
10.2697,24,16,19,32,
10.2711,10,16,23,35,
10.2725,10,16,25,24,
10.2738,14,26,14,26,
10.2751,-4,24,8,20,
10.2765,0,24,21,17,
10.2778,19,29,27,33,
10.2792,19,29,27,33,
10.2805,34,33,25,25,
10.2819,43,37,25,23,
10.2833,29,43,24,27,
10.2847,39,41,34,39,
10.286,27,45,29,26,
10.2874,26,37,20,16,
10.2887,18,26,27,27,
10.2901,8,16,20,24,
10.2914,7,19,25,14,
10.2928,7,19,25,14,
10.2941,14,24,23,22,
10.2955,14,26,22,28,
10.2968,27,22,24,32,
10.2982,25,29,30,39,
10.2995,38,34,29,39,
10.3009,37,33,35,37,
10.3022,29,31,37,35,
10.3036,16,16,30,31,
10.3049,19,19,22,24,
10.3062,19,19,22,24,
10.3076,9,24,24,23,
10.3088,-2,16,16,23,
10.3102,-2,6,13,20,
10.3115,2,3,23,23,
10.3129,6,26,20,18,
10.3142,6,26,20,18,
10.3156,29,36,22,23,
10.3169,49,30,17,36,
10.3183,56,41,23,39,
10.3197,31,39,19,30,
10.321,28,29,24,32,
10.3223,21,21,32,32,
10.3237,21,21,32,32,
10.325,3,10,32,29,
10.3263,-16,10,22,26,
10.3277,-11,10,17,28,
10.3291,2,19,23,33,
10.3304,18,29,27,30,
10.3317,18,29,27,30,
10.3331,26,28,24,39,
10.3344,38,25,34,33,
10.3357,34,34,45,28,
10.337,33,37,36,30,
10.3384,43,30,31,26,
10.3398,27,27,33,32,
10.3411,6,14,23,33,
10.3425,9,7,25,33,
10.3438,4,20,27,23,
10.3453,-3,11,25,30,
10.3466,1,8,17,27,
10.348,1,8,17,27,
10.3493,26,33,35,20,
10.3506,32,31,44,27,
10.352,32,31,44,27,
10.3533,48,44,32,34,
10.3546,39,42,35,38,
10.356,19,36,26,29,
10.3574,11,31,30,30,
10.3587,-2,20,32,26,
10.36,3,9,22,26,
10.3613,7,4,14,17,
10.3627,-8,5,23,20,
10.3641,-8,5,23,20,
10.3655,1,4,31,26,
10.3668,11,7,23,32,
10.3681,33,22,31,42,
10.3694,30,25,29,41,
10.3707,35,27,36,40,
10.372,34,32,42,35,
10.3733,34,32,42,35,
10.3747,31,14,28,37,
10.3761,11,8,27,30,
10.3774,9,19,30,33,
10.3788,-11,14,20,22,
10.3801,-1,13,13,22,
10.3815,15,19,19,20,
10.3828,15,19,19,20,
10.3842,22,16,25,16,
10.3855,27,17,40,24,
10.3869,34,27,40,31,
10.3883,31,33,42,32,
10.3896,32,28,36,35,
10.391,19,27,30,32,
10.3923,19,29,22,27,
10.3936,13,30,15,17,
10.395,-11,10,28,23,
10.3964,-11,10,28,23,
10.3977,-3,3,20,10,
10.399,3,11,15,14,
10.4004,16,26,29,23,
10.4017,22,37,38,24,
10.4031,33,45,44,24,
10.4044,48,30,26,39,
10.4057,32,31,19,37,
10.4071,31,25,29,31,
10.4084,31,25,29,31,
10.4097,38,16,39,21,
10.4111,20,20,29,20,
10.4125,11,23,22,18,
10.4138,-2,14,11,23,
10.4152,-1,12,16,22,
10.4166,-4,21,20,29,
10.4179,13,24,22,30,
10.4193,31,21,28,32,
10.4206,36,22,34,31,
10.422,43,31,36,37,
10.4234,43,31,36,37,
10.4248,31,33,35,29,
10.4261,25,21,24,31,
10.4276,28,15,21,30,
10.429,23,25,21,24,
10.4304,6,7,20,18,
10.4319,11,9,21,22,
10.4333,14,17,13,21,
10.4347,15,29,16,30,
10.4361,15,29,16,30,
10.4375,48,40,36,39,
10.4389,42,37,31,45,
10.4403,32,44,26,35,
10.4416,24,31,30,32,
10.4431,28,17,30,38,
10.4445,22,21,29,27,
10.4459,7,19,23,24,
10.4473,23,20,14,24,
10.4487,5,15,19,27,
10.45,3,15,14,22,
10.4514,3,15,14,22,
10.4527,3,15,14,22,
10.454,18,17,18,29,
10.4554,28,19,40,35,
10.4568,40,31,40,41,
10.4581,45,41,39,44,
10.4595,14,21,32,35,
10.4608,14,21,32,35,
10.4622,14,14,24,24,
10.4635,11,14,19,25,
10.4649,13,25,18,25,
10.4662,-4,16,23,23,
10.4676,-4,13,22,20,
10.4689,9,13,24,26,
10.4703,35,31,32,33,
10.4717,35,31,32,33,
10.473,49,32,28,30,
10.4744,60,28,35,34,
10.4757,51,34,34,35,
10.4771,39,30,34,32,
10.4785,24,22,36,23,
10.4798,24,22,36,23,
10.4812,2,17,29,23,
10.4825,3,15,19,17,
10.4839,-3,2,17,10,
10.4853,0,8,17,10,
10.4866,21,17,25,31,
10.488,21,17,25,31,
10.4893,35,28,25,26,
10.4907,48,30,33,33,
10.4921,43,39,38,39,
10.4934,36,41,27,35,
10.4947,36,41,27,35,
10.4961,18,25,26,33,
10.4974,19,23,22,36,
10.4988,23,17,10,29,
10.5001,-4,16,18,22,
10.5015,-1,8,18,18,
10.5029,1,10,25,24,
10.5042,8,12,30,34,
10.5056,35,28,27,36,
10.507,43,25,25,27,
10.5083,42,36,34,36,
10.5097,29,39,32,27,
10.511,29,39,32,27,
10.5123,29,39,32,27,
10.5136,8,35,31,30,
10.515,12,19,17,23,
10.5164,6,2,13,21,
10.5177,7,0,8,29,
10.519,9,0,10,23,
10.5203,-1,5,13,23,
10.5217,1,18,16,22,
10.5231,41,28,27,34,
10.5245,32,34,26,44,
10.5258,41,31,29,39,
10.5272,42,35,36,37,
10.5286,42,35,36,37,
10.5299,37,43,32,38,
10.5313,1,22,32,28,
10.5326,1,20,20,29,
10.5339,11,11,13,20,
10.5353,0,7,13,17,
10.5367,4,2,23,15,
10.538,12,4,22,25,
10.5394,18,22,15,30,
10.5407,30,22,24,32,
10.542,35,28,23,39,
10.5434,35,28,23,39,
10.5447,37,33,37,44,
10.5461,23,34,38,35,
10.5475,20,24,35,31,
10.5489,18,18,25,23,
10.5502,0,25,23,29,
10.5516,-9,14,22,25,
10.5528,-9,14,22,25,
10.5541,-12,19,20,18,
10.5555,0,13,28,27,
10.5568,20,19,38,33,
10.5582,20,19,38,33,
10.5596,33,24,36,31,
10.5609,33,24,36,31,
10.5623,36,37,33,35,
10.5637,36,34,36,34,
10.5651,32,42,36,30,
10.5664,20,26,21,19,
10.5678,-4,14,15,17,
10.5692,-4,14,15,17,
10.5705,-13,14,16,21,
10.5719,-2,3,7,20,
10.5732,-2,3,7,20,
10.5746,21,12,10,26,
10.576,30,27,28,36,
10.5773,36,32,35,37,
10.5787,36,32,35,37,
10.58,41,30,31,37,
10.5814,22,24,25,38,
10.5828,11,32,28,38,
10.5841,14,28,25,30,
10.5855,17,20,9,18,
10.5869,17,20,9,18,
10.5882,17,20,9,18,
10.5896,9,19,7,18,
10.5909,11,27,35,29,
10.5922,36,32,39,22,
10.5936,38,31,42,30,
10.5949,31,32,41,33,
10.5963,31,32,41,33,
10.5976,35,33,40,34,
10.599,30,24,23,33,
10.6004,28,27,19,25,
10.6016,28,27,19,25,
10.603,16,24,29,23,
10.6044,12,25,22,18,
10.6057,-3,13,28,19,
10.607,-3,11,20,23,
10.6084,5,17,26,30,
10.6098,22,25,36,36,
10.6111,22,20,38,36,
10.6125,36,33,38,32,
10.6138,32,46,37,30,
10.6152,27,33,38,25,
10.6165,27,33,38,25,
10.6178,20,24,40,21,
10.6192,18,20,31,30,
10.6206,14,17,26,32,
10.6219,14,17,26,32,
10.6232,-7,16,18,21,
10.6245,3,7,18,22,
10.6259,24,11,22,32,
10.6272,22,33,34,28,
10.6286,22,33,34,28,
10.63,36,39,40,34,
10.6314,40,41,29,37,
10.6328,40,41,29,37,
10.6343,30,36,25,38,
10.6359,13,37,25,26,
10.6373,2,29,30,25,
10.6387,1,11,23,28,
10.64,-6,3,18,23,
10.6413,-8,5,16,23,
10.6427,8,22,15,13,
10.6441,32,26,23,28,
10.6455,38,23,22,39,
10.6468,38,23,22,39,
10.6481,45,29,19,41,
10.6494,49,35,26,37,
10.6508,52,34,29,25,
10.6521,18,18,16,30,
10.6535,18,18,16,30,
10.6549,17,15,24,32,
10.6562,-9,11,21,18,
10.6575,3,9,19,19,
10.6588,5,16,20,18,
10.6602,5,20,20,21,
10.6615,22,25,28,22,
10.6629,29,29,27,25,
10.6642,33,29,24,31,
10.6656,51,29,35,35,
10.6669,45,19,39,38,
10.6683,39,14,32,36,
10.6695,39,14,32,36,
10.6709,13,19,21,22,
10.6722,2,19,24,27,
10.6736,-7,25,22,18,
10.6749,-1,-1,12,26,
10.6763,-1,-1,12,26,
10.6776,-1,14,22,29,
10.679,15,20,24,38,
10.6804,24,34,31,35,
10.6817,34,39,34,40,
10.6831,31,41,31,42,
10.6844,32,45,30,37,
10.6857,32,45,30,37,
10.6871,24,36,30,28,
10.6884,17,10,20,21,
10.6898,17,12,21,28,
10.6912,12,9,9,22,
10.6925,12,9,9,22,
10.6939,-3,11,16,8,
10.6952,16,29,26,17,
10.6965,36,28,28,28,
10.6979,33,25,31,43,
10.6993,33,25,31,43,
10.7006,38,36,37,38,
10.702,29,25,39,28,
10.7033,29,27,31,25,
10.7046,25,31,23,24,
10.7059,20,25,28,26,
10.7073,21,24,28,19,
10.7086,6,23,24,13,
10.7099,0,12,24,9,
10.7112,7,20,22,15,
10.7126,33,22,25,28,
10.7138,41,26,26,40,
10.7152,45,28,22,39,
10.7165,45,28,22,39,
10.7178,39,28,30,37,
10.7192,39,28,39,30,
10.7205,30,31,40,35,
10.7219,21,11,15,34,
10.7232,6,23,20,36,
10.7246,-4,28,29,38,
10.7259,4,19,15,35,
10.7273,5,15,13,27,
10.7286,7,20,19,31,
10.7299,23,24,19,29,
10.7313,31,31,23,26,
10.7326,31,31,23,26,
10.7339,38,34,35,29,
10.7352,38,34,35,29,
10.7366,32,36,31,29,
10.7379,27,21,27,27,
10.7393,26,16,26,26,
10.7407,8,20,16,22,
10.742,8,20,16,22,
10.7433,0,9,21,28,
10.7446,0,5,20,26,
10.7459,27,20,19,31,
10.7473,27,20,19,31,
10.7486,24,34,22,30,
10.75,40,39,33,35,
10.7513,47,41,28,34,
10.7527,54,43,34,40,
10.754,47,29,39,35,
10.7554,43,30,30,32,
10.7567,15,30,20,35,
10.7581,5,24,23,24,
10.7594,8,10,29,26,
10.7607,-5,4,22,32,
10.762,-4,17,19,25,
10.7634,2,15,16,22,
10.7647,25,22,28,32,
10.766,30,35,33,31,
10.7674,30,35,33,31,
10.7687,37,47,43,36,
10.7701,39,41,54,47,
10.7714,40,42,47,52,
10.7728,18,19,31,32,
10.7742,18,19,31,32,
10.7756,6,20,30,25,
10.7769,4,26,28,22,
10.7783,-5,29,20,32,
10.784,22,25,32,28,
10.7854,31,36,49,43,
10.7867,46,34,42,40,
10.7881,38,34,35,30,
10.7894,21,32,38,40,
10.7908,21,32,38,40,
10.7921,5,15,33,35,
10.7935,11,21,21,25,
10.7948,0,21,25,23,
10.7962,-3,11,27,19,
10.7975,0,0,28,21,
10.7989,15,7,31,28,
10.8003,25,25,33,33,
10.8016,30,37,29,35,
10.803,50,32,24,46,
10.8044,53,32,32,53,
10.8057,46,27,33,54,
10.8071,29,36,31,48,
10.8084,12,36,32,44,
10.8097,23,30,23,30,
10.8111,12,17,17,27,
10.8124,0,4,19,25,
10.8138,4,12,14,23,
10.8151,1,20,8,32,
10.8164,1,20,8,32,
10.8177,38,38,24,24,
10.8191,49,34,22,24,
10.8205,41,34,31,29,
10.8219,48,36,43,27,
10.8233,48,30,31,29,
10.8247,44,29,22,35,
10.826,21,23,26,38,
10.8273,24,24,22,36,
10.8287,24,24,22,36,
10.8301,22,16,21,24,
10.8314,0,18,18,18,
10.8328,-11,12,24,24,
10.8342,-5,29,20,28,
10.8356,43,38,30,35,
10.8369,38,37,27,35,
10.8383,38,37,27,35,
10.8397,36,43,36,35,
10.8411,33,36,37,39,
10.8424,24,22,36,32,
10.8438,18,9,24,34,
10.8452,11,18,18,33,
10.8465,11,18,18,33,
10.8479,6,22,24,17,
10.8493,0,26,23,17,
10.8507,-10,21,20,19,
10.852,39,29,18,30,
10.8534,39,29,18,30,
10.8548,45,36,31,43,
10.8561,44,41,48,39,
10.8574,38,43,51,29,
10.8588,31,42,50,29,
10.8601,24,29,46,38,
10.8615,13,15,31,36,
10.863,17,9,20,26,
10.8643,1,19,20,19,
10.8657,-14,17,22,27,
10.867,2,11,29,28,
10.8684,15,26,34,27,
10.8697,31,45,27,36,
10.8712,31,45,27,36,
10.8725,48,39,33,35,
10.8738,54,30,48,41,
10.8752,40,34,44,35,
10.8766,38,28,39,30,
10.8779,18,32,38,25,
10.8793,18,32,38,25,
10.8806,8,27,29,30,
10.8819,9,20,17,34,
10.8833,-8,2,21,31,
10.8847,-3,17,11,28,
10.886,18,27,10,21,
10.8873,28,31,27,31,
10.8887,45,28,32,30,
10.89,61,35,35,37,
10.8914,65,45,42,38,
10.8928,52,42,40,37,
10.8942,35,27,28,31,
10.8956,22,25,31,29,
10.8969,17,18,28,23,
10.8983,1,16,26,20,
10.8996,-3,14,14,23,
10.901,8,21,17,29,
10.9023,10,24,16,33,
10.9037,24,36,19,28,
10.905,40,38,23,36,
10.9064,40,38,23,36,
10.9078,48,33,26,37,
10.9091,41,40,30,42,
10.9105,28,44,28,42,
10.9118,30,42,38,41,
10.9132,15,32,41,39,
10.9145,19,13,36,38,
10.9158,11,18,32,32,
10.9172,-8,11,19,25,
10.9185,15,18,28,29,
10.9199,30,15,29,35,
10.9213,30,15,29,35,
10.9226,44,28,28,31,
10.924,36,32,33,35,
10.9253,48,37,44,42,
10.9267,50,48,40,43,
10.9281,33,33,32,36,
10.9294,19,31,23,32,
10.9308,19,31,23,32,
10.9322,4,31,24,33,
10.9335,8,32,29,36,
10.9348,13,20,26,27,
10.9362,13,20,26,27,
10.9375,24,16,38,25,
10.9389,34,34,41,28,
10.9402,34,34,41,28,
10.9416,35,52,34,35,
10.9429,51,48,34,40,
10.9444,44,35,33,45,
10.9457,24,29,31,31,
10.947,24,29,31,31,
10.9483,6,34,27,27,
10.9496,2,36,30,28,
10.951,9,22,22,26,
10.9523,6,14,14,28,
10.9537,6,14,14,28,
10.955,7,22,16,30,
10.9564,24,30,21,31,
10.9578,48,44,33,47,
10.9592,46,52,45,56,
10.9605,50,57,49,55,
10.9619,46,41,45,49,
10.9632,21,38,46,48,
10.9646,21,37,42,42,
10.9659,13,33,31,36,
10.9674,8,24,28,29,
10.9687,6,20,23,18,
10.97,6,24,22,13,
10.9714,11,20,18,14,
10.9728,15,26,22,22,
10.9742,20,38,29,38,
10.9755,41,32,36,44,
10.9769,45,48,37,35,
10.9782,41,48,26,27,
10.9795,38,43,28,26,
10.9808,38,43,28,26,
10.9822,35,32,28,30,
10.9835,19,20,20,21,
10.9849,15,25,28,24,
10.9862,-16,13,21,18,
10.9876,-10,14,22,17,
10.989,-10,14,22,17,
10.9903,25,19,35,19,
10.9917,47,29,36,33,
10.993,50,37,35,45,
10.9943,60,45,38,34,
10.9957,53,44,40,34,
10.9971,38,39,30,39,
10.9986,21,33,23,35,
11,8,20,22,39,
11.0014,13,16,28,28,
11.0027,8,16,36,21,
11.0041,-11,-2,28,15,
11.0055,-11,-2,28,15,
11.0068,-6,3,27,23,
11.0082,36,27,22,35,
11.0096,36,38,38,36,
11.0109,36,47,42,34,
11.0123,36,38,28,33,
11.0136,36,38,28,33,
11.015,36,38,28,33,
11.0164,28,33,43,31,
11.0177,9,17,33,30,
11.0191,16,21,24,34,
11.0204,8,15,15,25,
11.0218,1,11,18,15,
11.0232,8,6,18,10,
11.0246,11,9,22,19,
11.026,36,27,33,42,
11.0274,36,27,33,42,
11.0287,37,26,37,48,
11.0301,35,37,38,48,
11.0315,35,37,38,48,
11.0329,35,30,38,48,
11.0342,21,21,19,33,
11.036,23,22,18,23,
11.0374,-3,7,8,31,
11.0389,-15,16,21,26,
11.0403,-15,16,21,26,
11.0417,-8,16,23,20,
11.0431,3,16,22,20,
11.0444,32,47,43,41,
11.0458,34,34,45,41,
11.0472,41,41,46,51,
11.0486,38,38,43,53,
11.0499,40,26,41,51,
11.0511,18,15,42,39,
11.0525,0,19,39,28,
11.0539,-4,15,43,26,
11.0552,-4,1,29,27,
11.0566,-4,1,29,27,
11.058,-7,6,20,26,
11.0594,8,26,29,28,
11.0607,27,33,33,31,
11.0621,47,33,29,36,
11.0635,47,34,32,33,
11.0648,49,26,35,35,
11.0662,49,26,35,35,
11.0675,39,35,31,29,
11.0689,18,30,26,30,
11.0702,5,22,26,25,
11.0716,11,18,22,26,
11.073,1,6,14,27,
11.0743,0,-1,12,28,
11.0757,10,2,21,30,
11.077,12,14,26,30,
11.0784,38,37,27,35,
11.0798,48,40,31,36,
11.0812,43,34,46,40,
11.0825,39,36,45,42,
11.0839,39,36,45,42,
11.0852,42,29,36,37,
11.0866,16,25,33,34,
11.088,-1,23,34,24,
11.0894,-4,8,20,28,
11.0907,-9,1,16,18,
11.0921,-13,5,14,14,
11.0934,-4,9,25,17,
11.0948,19,21,25,21,
11.0962,43,39,20,24,
11.0975,42,43,28,28,
11.0989,55,48,27,38,
11.1002,55,36,27,38,
11.1016,40,38,35,41,
11.103,13,30,34,36,
11.1044,8,17,27,22,
11.1057,4,19,20,19,
11.107,-10,3,20,18,
11.1083,-8,6,21,7,
11.1097,-4,2,16,9,
11.111,14,10,24,17,
11.1124,14,10,24,17,
11.1137,28,31,35,31,
11.1151,35,40,34,29,
11.1165,41,33,43,40,
11.1178,28,22,39,31,
11.1191,28,22,39,31,
11.1205,9,18,25,34,
11.1218,6,21,26,31,
11.1232,8,12,26,31,
11.1246,-12,15,27,23,
11.1259,-15,11,12,16,
11.1273,-14,10,4,20,
11.1286,-14,10,4,20,
11.13,22,22,22,25,
11.1314,30,22,30,37,
11.1328,32,16,30,32,
11.1341,40,24,33,36,
11.1355,34,30,31,37,
11.1369,21,32,36,34,
11.1382,24,15,29,19,
11.1396,18,21,16,15,
11.141,-2,10,9,20,
11.1423,-15,4,7,15,
11.1437,-1,11,8,13,
11.1451,-1,11,8,13,
11.1464,3,13,6,25,
11.1478,38,22,27,34,
11.1491,52,35,27,32,
11.1505,46,38,36,34,
11.1519,37,25,38,40,
11.1533,25,23,29,32,
11.1547,13,28,28,36,
11.1561,7,11,26,15,
11.1574,7,11,26,15,
11.1588,9,18,24,11,
11.1602,-7,9,8,18,
11.1615,-7,9,8,18,
11.1629,2,9,20,20,
11.1642,37,22,36,20,
11.1656,50,25,38,25,
11.167,43,22,32,22,
11.1683,51,39,31,34,
11.1697,48,45,25,44,
11.1711,33,29,24,35,
11.1724,10,22,30,28,
11.1738,2,28,10,18,
11.1751,2,28,10,18,
11.1765,2,28,10,18,
11.1779,-23,3,13,5,
11.1792,-5,13,12,21,
11.1805,-1,6,21,32,
11.1819,37,33,29,35,
11.1832,32,40,33,38,
11.1846,32,40,33,38,
11.186,31,41,35,42,
11.1873,24,33,21,32,
11.1887,30,35,26,37,
11.19,7,26,23,31,
11.1914,-1,22,23,22,
11.1928,-1,22,23,22,
11.1941,4,23,31,21,
11.1955,5,19,27,22,
11.1968,13,18,26,22,
11.1981,16,15,21,25,
11.1995,39,16,22,24,
11.2009,53,20,24,24,
11.2022,43,34,34,39,
11.2035,50,29,31,44,
11.2048,42,25,38,39,
11.2062,42,33,35,42,
11.2076,26,28,26,38,
11.2089,8,19,24,15,
11.2103,8,19,24,15,
11.2117,3,6,15,23,
11.213,-14,0,15,26,
11.2144,-7,11,24,31,
11.2158,11,11,21,37,
11.2171,32,30,23,37,
11.2184,31,29,25,32,
11.2198,32,41,30,37,
11.2212,30,30,27,44,
11.2225,31,27,24,46,
11.2239,26,15,29,38,
11.2252,4,16,16,25,
11.2266,4,16,16,25,
11.2283,-3,6,16,27,
11.2296,-11,8,13,14,
11.2311,-9,14,16,18,
11.2326,9,9,17,26,
11.234,31,12,21,33,
11.2356,31,12,21,33,
11.237,31,19,24,31,
11.2384,55,30,32,33,
11.2398,37,30,30,30,
11.2412,30,28,28,35,
11.2425,3,6,24,23,
11.2439,-6,1,15,15,
11.2453,-6,1,15,15,
11.2467,-11,15,17,17,
11.248,-4,9,11,20,
11.2494,9,8,22,24,
11.2507,27,11,30,29,
11.2521,30,31,31,35,
11.2535,30,31,31,35,
11.2549,41,29,21,30,
11.2562,33,32,24,32,
11.2576,31,22,26,36,
11.259,4,22,32,22,
11.2604,4,22,32,22,
11.2618,0,20,17,18,
11.2632,-9,3,17,12,
11.2645,-9,8,9,11,
11.2659,-14,10,14,11,
11.2672,3,27,27,14,
11.2686,3,27,27,14,
11.27,38,35,30,30,
11.2714,47,30,32,39,
11.2728,42,41,37,37,
11.2741,27,39,38,35,
11.2755,22,33,27,31,
11.2769,14,25,23,34,
11.2782,-1,19,22,22,
11.2796,-4,22,11,20,
11.2809,-18,16,10,16,
11.2823,-18,16,10,16,
11.2837,-11,20,7,15,
11.285,0,13,6,26,
11.2864,20,29,10,23,
11.2878,42,35,18,29,
11.2892,44,43,34,33,
11.2905,41,45,42,36,
11.2919,37,26,33,33,
11.2933,13,20,18,31,
11.2946,5,15,25,22,
11.296,0,16,32,19,
11.2974,-3,10,30,15,
11.2989,-16,13,21,15,
11.3003,-7,13,15,22,
11.3017,0,20,9,27,
11.3031,19,18,14,20,
11.3044,32,20,21,20,
11.3057,35,26,25,33,
11.3071,31,34,30,39,
11.3085,35,29,30,33,
11.3099,35,29,30,33,
11.3113,16,17,18,20,
11.3126,18,21,18,11,
11.314,18,21,18,11,
11.3153,6,15,10,24,
11.3167,8,10,13,20,
11.3181,8,10,13,20,
11.3195,7,9,19,15,
11.3209,20,19,27,26,
11.3222,22,38,29,31,
11.3237,29,44,32,31,
11.3249,29,44,32,31,
11.3263,28,28,34,27,
11.3276,15,31,17,28,
11.329,13,23,12,18,
11.3304,3,11,7,13,
11.3317,3,11,7,13,
11.3331,-13,6,14,19,
11.3344,-13,6,14,19,
11.3357,-11,1,9,16,
11.3371,20,24,19,21,
11.3384,26,22,21,23,
11.3398,32,23,30,26,
11.3411,25,29,40,34,
11.3425,35,23,45,27,
11.3438,30,18,32,23,
11.3452,21,29,28,27,
11.3466,-3,21,8,19,
11.3479,-9,19,14,14,
11.3493,-9,19,14,14,
11.3507,-8,12,11,11,
11.352,-1,11,16,9,
11.3534,8,8,17,7,
11.3547,18,22,19,16,
11.3561,37,20,27,27,
11.3574,37,20,27,27,
11.3588,26,26,35,40,
11.3601,35,22,35,27,
11.3615,24,27,29,26,
11.3628,17,17,29,19,
11.3642,-5,11,28,11,
11.3655,5,13,26,13,
11.3669,5,13,26,13,
11.3682,1,14,12,6,
11.3696,-6,10,14,10,
11.371,-8,17,10,21,
11.3724,11,21,17,16,
11.3737,27,30,19,18,
11.3751,29,35,22,23,
11.3765,44,35,26,25,
11.3778,38,26,33,33,
11.3792,23,23,23,29,
11.3805,2,20,13,23,
11.3818,2,20,13,23,
11.3832,-3,14,18,12,
11.3846,9,13,16,5,
11.3859,-5,12,5,11,
11.3873,-2,18,14,15,
11.3886,-2,18,14,15,
11.39,20,11,15,18,
11.3913,34,32,20,30,
11.3927,34,31,22,28,
11.3941,32,37,21,32,
11.3954,26,28,33,37,
11.3968,26,28,33,37,
11.3982,26,28,33,37,
11.3995,11,4,27,18,
11.4009,11,16,24,17,
11.4022,5,13,21,10,
11.4036,-3,-2,23,9,
11.405,-5,5,12,15,
11.4064,-3,7,18,25,
11.4077,3,15,15,25,
11.409,49,29,30,40,
11.4104,46,36,34,33,
11.4117,31,39,29,29,
11.413,23,29,21,38,
11.4143,22,17,21,28,
11.4157,17,19,24,28,
11.417,17,19,24,28,
11.4183,2,21,17,27,
11.4197,-7,8,6,25,
11.4211,-7,8,6,25,
11.4224,-14,-3,12,20,
11.4238,0,18,24,20,
11.4252,30,37,32,33,
11.4265,57,40,20,39,
11.428,47,38,24,41,
11.4295,47,38,24,41,
11.431,28,28,20,41,
11.4324,26,15,17,29,
11.4339,2,17,22,28,
11.4354,2,9,15,26,
11.4367,0,9,17,13,
11.4381,-14,-3,15,9,
11.4396,-8,-8,16,7,
11.441,12,8,16,9,
11.4424,32,28,23,21,
11.4438,32,28,23,21,
11.4451,32,31,28,23,
11.4465,23,34,34,26,
11.4479,23,34,34,26,
11.4492,15,31,38,29,
11.4505,-1,19,24,24,
11.4518,-3,19,16,26,
11.4532,-2,16,15,23,
11.4545,-5,8,16,18,
11.4559,-10,12,10,6,
11.4572,-8,21,11,12,
11.4586,5,20,9,25,
11.4599,39,36,27,38,
11.4613,39,36,27,38,
11.4627,42,34,26,38,
11.464,42,34,26,38,
11.4653,33,37,32,35,
11.4667,21,28,32,28,
11.468,10,27,26,27,
11.4694,10,20,9,20,
11.4707,10,20,9,20,
11.4721,-7,19,12,18,
11.4734,-15,4,21,9,
11.4748,2,20,22,14,
11.4761,29,22,27,30,
11.4774,29,22,27,30,
11.4788,45,31,45,25,
11.4802,45,31,45,25,
11.4815,45,41,41,35,
11.4828,37,24,38,35,
11.4842,25,17,27,24,
11.4855,17,14,17,19,
11.4868,0,6,23,21,
11.4882,4,17,18,22,
11.4896,-2,5,18,20,
11.491,-3,0,19,19,
11.4923,-2,2,22,20,
11.4937,7,10,26,29,
11.4951,22,17,24,34,
11.4964,28,32,22,25,
11.4976,39,45,24,32,
11.499,36,43,31,32,
11.5003,22,39,36,40,
11.5016,16,17,29,44,
11.503,16,17,29,44,
11.5044,19,10,22,31,
11.5057,5,1,23,28,
11.5071,-6,6,21,25,
11.5084,-6,6,21,25,
11.5098,-4,12,8,20,
11.5111,21,19,25,23,
11.5124,38,19,36,32,
11.5137,38,19,36,32,
11.5151,67,34,32,32,
11.5164,44,40,34,40,
11.5178,25,30,35,36,
11.5191,19,24,31,28,
11.5205,8,26,30,30,
11.5218,12,35,31,38,
11.5234,13,19,17,34,
11.5248,8,3,13,22,
11.5262,0,6,22,20,
11.5275,-7,6,21,20,
11.5288,10,19,29,22,
11.5301,24,33,27,27,
11.5315,37,32,33,33,
11.5328,38,41,45,45,
11.5342,28,26,36,44,
11.5355,27,17,29,32,
11.5368,16,19,31,32,
11.5381,11,17,32,26,
11.5395,-4,12,25,26,
11.5408,-4,12,25,26,
11.5421,-14,21,18,27,
11.5435,-4,10,23,33,
11.5449,16,9,18,32,
11.5462,16,9,18,32,
11.5476,40,35,20,24,
11.5489,36,35,23,34,
11.5503,35,48,35,36,
11.5516,26,30,29,38,
11.553,20,19,27,34,
11.5544,20,19,27,34,
11.5558,3,11,21,23,
11.5572,5,6,18,15,
11.5586,8,6,18,14,
11.56,-11,8,8,9,
11.5613,-10,6,11,15,
11.5627,-10,6,11,15,
11.564,28,30,23,28,
11.5654,34,29,33,30,
11.5668,49,39,28,31,
11.5682,56,31,22,38,
11.5696,46,34,27,34,
11.571,19,31,35,29,
11.5724,12,24,27,34,
11.5737,6,28,25,23,
11.5751,-1,23,27,22,
11.5765,-2,17,13,24,
11.5778,1,6,14,28,
11.5792,4,4,21,30,
11.5805,4,4,21,30,
11.5819,29,31,25,38,
11.5833,29,31,25,38,
11.5846,34,36,34,42,
11.586,34,30,20,32,
11.5873,28,28,21,23,
11.5888,28,28,21,23,
11.5902,7,11,28,29,
11.5915,3,10,14,30,
11.5929,6,5,18,20,
11.5942,-3,2,18,21,
11.5956,9,17,22,19,
11.597,9,17,22,19,
11.5983,14,21,17,25,
11.5997,31,22,17,35,
11.601,31,29,25,28,
11.6024,38,39,33,34,
11.6038,40,29,29,42,
11.6051,40,29,29,42,
11.6065,37,33,22,31,
11.6078,10,22,26,32,
11.6092,2,15,22,22,
11.6105,-15,8,19,12,
11.6119,-10,15,24,13,
11.6132,10,10,16,25,
11.6146,11,8,25,22,
11.6159,27,26,30,21,
11.6173,46,31,31,33,
11.6187,46,31,31,33,
11.6201,55,40,30,36,
11.6214,43,48,34,35,
11.6228,28,39,41,34,
11.6242,10,19,31,26,
11.6256,-5,0,19,31,
11.6269,-6,6,13,26,
11.6283,-6,6,13,26,
11.6296,-18,15,16,18,
11.631,-13,21,17,20,
11.6324,15,23,21,32,
11.6337,37,39,33,39,
11.6351,37,39,33,39,
11.6365,37,39,33,39,
11.6378,35,30,43,36,
11.6392,25,32,36,35,
11.6406,19,28,30,40,
11.6419,10,22,21,40,
11.6432,1,12,12,36,
11.6446,-1,10,10,29,
11.646,-17,13,10,22,
11.6473,2,13,23,19,
11.6486,17,14,28,21,
11.6499,38,21,33,34,
11.6513,38,21,33,34,
11.6527,44,31,35,45,
11.654,39,25,40,42,
11.6554,35,28,41,39,
11.6567,30,33,31,41,
11.6581,11,29,25,44,
11.6595,16,12,21,38,
11.6607,21,9,21,24,
11.6621,4,10,7,19,
11.6634,-10,4,13,10,
11.6648,-10,4,13,10,
11.6661,19,14,28,24,
11.6674,27,26,26,25,
11.6688,31,25,25,38,
11.6701,31,25,25,38,
11.6715,46,31,24,48,
11.6728,41,31,28,53,
11.6741,43,32,21,43,
11.6755,12,15,19,36,
11.6769,13,20,11,28,
11.6782,13,20,11,28,
11.6795,-2,13,6,21,
11.6809,-10,4,9,19,
11.6822,-5,6,15,23,
11.6836,5,7,14,20,
11.685,30,24,28,23,
11.6863,30,24,28,23,
11.6876,39,33,36,28,
11.689,48,34,39,48,
11.6903,28,40,39,43,
11.6916,32,33,36,37,
11.693,17,22,19,32,
11.6943,17,22,19,32,
11.6957,17,22,19,32,
11.6971,13,22,13,27,
11.6984,-3,8,14,28,
11.6998,-3,13,11,26,
11.7011,17,14,17,36,
11.7025,30,33,24,44,
11.7038,39,48,30,51,
11.7052,53,47,31,45,
11.7065,59,43,42,57,
11.7079,45,40,39,54,
11.7093,28,35,36,49,
11.7106,23,29,34,41,
11.712,23,29,34,41,
11.7134,16,14,26,35,
11.7147,7,16,29,27,
11.7161,16,17,28,34,
11.7175,18,24,24,36,
11.7188,28,29,22,38,
11.7201,37,38,39,53,
11.7215,42,37,47,54,
11.7228,51,42,56,49,
11.7241,50,45,59,59,
11.7255,46,36,55,72,
11.7268,47,38,49,73,
11.7281,32,25,47,62,
11.7295,23,13,39,49,
11.7308,16,27,41,54,
11.7321,14,23,39,54,
11.7335,2,18,37,50,
11.7348,25,34,34,59,
11.7362,25,34,34,59,
11.7375,50,44,35,78,
11.7388,63,50,41,84,
11.7402,76,45,54,80,
11.7415,69,50,60,86,
11.7428,69,50,60,86,
11.7442,64,39,57,90,
11.7456,60,42,58,90,
11.7469,49,46,63,98,
11.7483,34,31,58,80,
11.7495,37,17,50,79,
11.7509,46,29,41,84,
11.7522,46,29,41,84,
11.7536,65,41,62,115,
11.7549,91,58,65,132,
11.7563,94,70,77,132,
11.7576,109,70,97,140,
11.7589,109,70,97,140,
11.7602,109,70,97,140,
11.7616,104,56,102,140,
11.763,103,57,92,150,
11.7644,91,63,97,170,
11.7657,86,56,103,187,
11.7671,85,75,103,224,
11.7685,85,75,103,224,
11.7698,103,78,111,238,
11.7712,149,116,122,295,
11.7725,184,138,143,339,
11.7739,218,161,178,388,
11.7753,256,175,212,455,
11.7766,256,175,212,455,
11.778,276,190,242,549,
11.7794,314,211,282,681,
11.7807,424,317,521,1587,
11.7821,611,462,644,1548,
11.7834,524,449,553,1178,
11.7847,388,357,425,875,
11.7861,280,292,315,674,
11.7874,231,227,250,538,
11.7888,186,154,190,388,
11.7901,186,154,190,388,
11.7915,164,147,175,335,
11.7928,166,134,151,282,
11.7942,143,114,134,245,
11.7955,119,106,127,222,
11.7968,110,99,100,196,
11.7982,79,64,90,129,
11.7996,79,64,90,129,
11.8009,61,51,88,120,
11.8023,46,43,63,105,
11.8037,47,46,63,112,
11.805,67,51,71,112,
11.8063,71,61,73,111,
11.8077,77,61,79,112,
11.809,90,62,87,114,
11.8104,90,62,87,114,
11.8117,81,44,69,110,
11.8131,71,37,61,110,
11.8144,62,34,62,104,
11.8158,62,34,62,104,
11.8171,23,33,59,66,
11.8185,19,35,55,53,
11.8198,16,36,46,43,
11.8212,37,34,45,40,
11.8226,51,49,52,46,
11.824,51,49,52,46,
11.8253,71,51,47,58,
11.8267,79,40,46,70,
11.8283,85,44,43,76,
11.8298,78,37,55,79,
11.8312,67,41,52,78,
11.8326,47,35,45,68,
11.834,22,20,41,64,
11.8355,21,24,30,49,
11.8371,8,21,15,30,
11.8385,9,25,18,39,
11.8399,9,25,18,39,
11.8413,40,31,34,57,
11.8427,40,31,34,57,
11.8441,58,38,37,70,
11.8455,65,36,40,71,
11.8468,55,44,52,77,
11.8482,26,22,44,71,
11.8495,19,25,32,66,
11.8509,19,25,32,66,
11.8523,21,31,24,47,
11.8537,13,24,19,32,
11.8551,5,14,23,31,
11.8564,2,26,21,35,
11.8578,31,38,33,44,
11.8591,31,38,33,44,
11.8605,39,48,42,43,
11.8618,60,45,53,48,
11.8632,55,33,56,53,
11.8645,49,37,50,52,
11.8658,28,26,35,45,
11.8672,28,26,35,45,
11.8685,22,20,31,43,
11.8698,22,20,31,43,
11.8712,10,8,28,35,
11.8726,6,20,23,35,
11.8739,-1,20,24,32,
11.8753,18,24,21,43,
11.8768,39,37,41,53,
11.8781,50,41,45,50,
11.8795,57,47,57,64,
11.8808,63,41,55,73,
11.8822,55,35,43,67,
11.8836,33,34,30,54,
11.885,33,34,30,54,
11.8863,26,33,23,45,
11.8877,26,29,33,51,
11.889,4,13,24,37,
11.8904,-1,27,24,31,
11.8917,-1,27,24,31,
11.8931,35,28,28,32,
11.8945,51,39,40,34,
11.8958,57,31,45,46,
11.8972,57,46,40,55,
11.8986,37,48,32,57,
11.9,37,48,32,57,
11.9013,31,41,31,52,
11.9028,22,28,27,46,
11.9042,17,31,27,37,
11.9056,-2,20,7,29,
11.907,6,13,9,29,
11.9084,8,12,14,29,
11.9097,26,10,27,32,
11.9111,41,35,26,49,
11.9125,48,37,26,58,
11.9139,70,45,41,61,
11.9152,70,45,41,61,
11.9166,56,44,40,55,
11.918,38,40,30,49,
11.9194,24,28,25,48,
11.9207,15,23,29,51,
11.922,3,22,22,36,
11.9234,-6,17,24,21,
11.9248,-6,18,23,24,
11.9261,-6,18,23,24,
11.9275,28,41,32,32,
11.9288,35,33,34,46,
11.9302,41,36,40,38,
11.9315,49,41,41,50,
11.9329,43,42,35,49,
11.9342,43,42,35,49,
11.9356,26,34,40,54,
11.937,13,35,35,37,
11.9383,9,35,29,26,
11.9397,7,33,30,21,
11.941,2,11,14,11,
11.9424,1,14,12,15,
11.9437,-2,22,25,28,
11.9451,31,33,30,46,
11.9464,36,49,35,53,
11.9478,36,49,35,53,
11.9491,43,40,40,56,
11.9505,45,47,41,50,
11.9518,38,41,34,43,
11.9531,30,33,26,39,
11.9545,9,24,31,35,
11.9558,6,27,21,29,
11.9572,-10,15,20,26,
11.9585,-9,12,27,29,
11.9599,7,16,23,31,
11.9613,23,16,24,23,
11.9626,33,21,22,24,
11.964,45,25,33,29,
11.9654,55,35,43,32,
11.9668,61,34,47,36,
11.9681,48,34,37,41,
11.9695,34,34,26,42,
11.9709,30,33,21,34,
11.9722,19,11,40,22,
11.9736,20,5,36,22,
11.975,20,5,36,22,
11.9763,-6,0,19,19,
11.9777,-6,0,19,19,
11.9791,1,11,29,21,
11.9804,39,30,26,35,
11.9818,46,33,33,32,
11.9832,56,40,48,37,
11.9845,51,46,41,41,
11.9859,46,45,44,34,
11.9873,28,31,49,34,
11.9887,16,22,31,37,
11.99,16,22,31,37,
11.9913,20,17,28,33,
11.9927,-2,6,20,21,
11.994,2,3,12,24,
11.9954,14,17,17,23,
11.9967,13,26,31,20,
11.998,53,33,30,44,
11.9994,52,42,37,42,
12.0008,48,46,42,52,
12.0021,44,28,45,60,
12.0035,43,26,39,49,
12.0049,43,26,39,49,
12.0062,27,19,34,32,
12.0076,8,3,36,20,
12.009,2,-4,26,22,
12.0103,-7,-1,22,30,
12.0116,-5,16,28,28,
12.013,14,13,27,27,
12.0143,36,10,35,23,
12.0156,53,39,39,30,
12.017,43,43,44,32,
12.0183,43,43,44,32,
12.0197,43,43,44,32,
12.0211,37,36,34,49,
12.0224,17,38,28,36,
12.0238,20,33,24,37,
12.0251,-7,21,19,30,
12.0265,-4,17,27,24,
12.0279,-4,17,27,24,
12.0293,-4,23,29,24,
12.0307,17,25,18,23,
12.0322,36,36,20,25,
12.0336,46,46,20,33,
12.035,57,44,34,35,
12.0363,62,48,42,41,
12.0377,62,48,42,41,
12.0391,54,47,37,46,
12.0404,40,29,35,38,
12.0418,5,20,28,30,
12.0432,-8,11,17,24,
12.0446,-8,11,17,24,
12.0459,2,6,21,20,
12.0473,4,18,15,20,
12.0486,4,18,15,20,
12.0499,25,38,22,22,
12.0512,47,42,41,37,
12.0526,59,34,35,46,
12.054,59,34,35,46,
12.0555,41,33,43,46,
12.0569,39,20,34,40,
12.0583,27,32,31,29,
12.0597,3,19,15,21,
12.061,-2,12,22,15,
12.0624,-2,12,22,15,
12.0637,10,18,24,22,
12.0651,8,19,18,29,
12.0664,22,26,29,27,
12.0677,38,35,34,28,
12.0691,61,37,27,32,
12.0704,61,37,27,32,
12.0718,68,28,33,36,
12.0732,32,37,27,36,
12.0746,22,28,26,25,
12.0759,16,17,23,24,
12.0773,6,17,21,27,
12.0786,-3,17,25,16,
12.08,-3,17,25,16,
12.0813,-9,9,23,16,
12.0827,4,9,26,19,
12.0841,32,29,23,30,
12.0855,43,39,31,46,
12.087,43,39,31,46,
12.0883,48,39,33,44,
12.0896,44,36,34,37,
12.091,24,39,29,39,
12.0924,22,29,22,41,
12.0937,16,22,18,29,
12.0951,7,20,21,19,
12.0965,7,20,21,19,
12.0978,-1,15,20,25,
12.0992,7,5,19,14,
12.1006,15,19,30,19,
12.1019,42,37,37,29,
12.1033,41,37,37,34,
12.1047,57,39,40,36,
12.1061,62,40,51,36,
12.1074,26,33,39,36,
12.1088,14,24,37,37,
12.1101,14,24,37,37,
12.1115,12,17,30,33,
12.1128,2,20,31,22,
12.1142,-3,10,17,19,
12.1156,-1,-1,8,19,
12.1169,-3,25,10,19,
12.1183,30,36,19,20,
12.1197,47,34,27,33,
12.121,48,32,21,39,
12.1224,64,35,26,41,
12.1238,59,37,24,44,
12.1251,51,37,29,41,
12.1265,34,33,28,28,
12.1279,22,21,30,20,
12.1292,16,13,19,21,
12.1306,-6,20,20,14,
12.1319,-17,12,26,8,
12.1333,-5,13,16,17,
12.1347,23,19,27,22,
12.136,45,33,34,36,
12.1374,45,33,34,36,
12.1388,40,46,38,44,
12.1401,44,35,47,44,
12.1415,42,34,50,39,
12.1429,18,33,23,48,
12.1442,22,19,22,44,
12.1456,21,25,25,24,
12.147,4,17,22,23,
12.1484,-2,12,20,14,
12.1497,-4,17,25,4,
12.1511,12,30,25,17,
12.1525,32,33,29,19,
12.1538,32,33,29,19,
12.1552,32,33,29,19,
12.1565,61,41,34,42,
12.1578,64,51,37,37,
12.1591,53,46,30,40,
12.1605,15,23,24,25,
12.1618,1,21,28,22,
12.1631,1,21,28,22,
12.1644,-1,18,31,26,
12.1657,9,0,18,18,
12.1671,9,0,18,18,
12.1685,9,1,9,24,
12.1698,28,22,32,24,
12.1712,31,35,37,35,
12.1725,31,35,37,35,
12.1739,32,38,32,41,
12.1752,52,40,28,51,
12.1766,41,37,23,47,
12.1779,37,37,24,33,
12.1793,-5,21,29,34,
12.1806,-5,21,29,34,
12.1819,-2,16,31,28,
12.1833,0,3,29,20,
12.1846,7,-7,23,17,
12.186,-4,2,18,18,
12.1874,2,15,16,32,
12.1887,38,30,20,39,
12.19,43,39,33,43,
12.1914,50,36,34,42,
12.1927,45,42,31,40,
12.1941,29,32,33,40,
12.1955,8,22,25,29,
12.1968,1,29,16,28,
12.1982,1,29,16,28,
12.1995,7,24,18,27,
12.2009,-9,5,17,17,
12.2023,-8,16,25,11,
12.2036,-2,20,28,20,
12.2051,22,21,26,25,
12.2064,44,21,30,39,
12.2078,41,20,34,38,
12.2091,54,39,43,39,
12.2105,43,44,24,49,
12.2119,43,44,24,49,
12.2132,30,28,23,45,
12.2146,13,23,31,39,
12.2159,7,17,29,27,
12.2172,5,14,28,21,
12.2186,-8,-1,21,18,
12.22,-3,1,25,22,
12.2214,-3,1,25,22,
12.2228,17,15,21,17,
12.2242,34,30,31,33,
12.2256,34,30,31,33,
12.227,45,46,42,47,
12.2283,25,39,55,49,
12.2296,23,33,48,44,
12.231,19,21,45,33,
12.2323,11,9,24,28,
12.2337,11,3,16,25,
12.2352,0,1,9,21,
12.2365,-4,-2,18,13,
12.2379,5,13,21,16,
12.2393,36,29,16,30,
12.2406,45,37,21,39,
12.242,45,37,21,39,
12.2435,47,29,26,40,
12.2448,39,37,28,49,
12.2462,39,40,28,39,
12.2476,36,32,27,33,
12.249,21,19,18,27,
12.2503,13,20,16,26,
12.2517,-7,19,11,17,
12.253,-12,2,10,17,
12.2543,11,9,23,29,
12.2557,11,9,23,29,
12.2571,18,21,25,32,
12.2584,31,23,37,32,
12.2598,35,34,43,40,
12.2611,47,49,51,46,
12.2625,42,44,45,46,
12.2639,36,40,39,46,
12.2652,36,40,39,46,
12.2665,34,26,37,45,
12.2679,11,16,18,32,
12.2693,-11,20,12,28,
12.2707,-6,7,7,19,
12.272,4,9,6,14,
12.2734,11,11,7,18,
12.2748,11,11,7,18,
12.2762,48,31,30,42,
12.2775,48,42,35,45,
12.2789,58,36,42,39,
12.2803,44,36,44,50,
12.2817,44,36,44,50,
12.2831,40,18,38,33,
12.2844,11,18,14,31,
12.2857,8,11,17,29,
12.2871,-14,3,22,17,
12.2884,-17,-2,26,4,
12.2898,-17,-2,26,4,
12.2911,-9,-1,24,-1,
12.2925,13,14,18,6,
12.2938,39,28,16,26,
12.2954,41,37,23,35,
12.2968,49,45,24,39,
12.2981,54,47,33,42,
12.2995,43,42,30,32,
12.3009,25,36,24,33,
12.3023,13,25,26,27,
12.3037,12,27,25,24,
12.305,-13,16,18,24,
12.3064,3,2,16,14,
12.3078,3,2,16,14,
12.3091,17,20,22,9,
12.3105,43,31,28,33,
12.3118,36,39,37,33,
12.3132,34,43,38,39,
12.3145,31,44,49,33,
12.3158,31,44,49,33,
12.3171,31,44,49,33,
12.3185,23,40,46,30,
12.3198,9,29,20,35,
12.3211,-12,19,20,35,
12.3224,-20,7,10,15,
12.3237,-15,6,12,12,
12.325,-9,18,18,9,
12.3264,13,28,33,14,
12.3277,40,28,41,32,
12.329,37,23,37,33,
12.3304,47,32,38,37,
12.3318,60,35,33,35,
12.3331,46,35,26,35,
12.3345,35,37,25,30,
12.3359,19,20,16,21,
12.3372,17,14,19,21,
12.3386,-21,1,23,19,
12.3399,-14,6,30,19,
12.3412,-9,11,24,19,
12.3426,11,17,30,28,
12.344,34,33,26,22,
12.3453,42,30,31,28,
12.3467,42,30,31,28,
12.348,48,45,35,35,
12.3493,39,35,29,40,
12.3507,39,35,29,40,
12.3521,27,22,20,27,
12.3534,8,19,26,32,
12.3548,16,16,23,25,
12.3561,-4,10,13,20,
12.3574,-13,14,22,21,
12.3588,-13,14,22,21,
12.3601,1,7,18,20,
12.3615,28,12,20,17,
12.3628,39,22,27,26,
12.3642,46,30,27,39,
12.3655,47,32,45,50,
12.3669,47,32,45,50,
12.3683,45,29,45,47,
12.3696,25,36,36,41,
12.371,9,23,15,35,
12.3723,10,22,17,30,
12.3737,-15,3,25,14,
12.375,-2,4,17,10,
12.3763,-2,4,17,10,
12.3776,9,8,21,12,
12.379,26,33,24,18,
12.3803,30,33,25,32,
12.3817,39,33,37,38,
12.383,39,32,51,52,
12.3844,39,29,44,56,
12.3857,25,32,30,42,
12.3878,11,19,14,36,
12.3892,7,25,16,25,
12.3905,5,14,20,20,
12.3919,-10,13,17,16,
12.3933,-10,13,17,16,
12.3947,2,4,10,13,
12.3961,9,22,24,16,
12.3975,24,29,25,34,
12.3988,47,42,38,41,
12.4002,35,36,42,43,
12.4016,35,36,42,43,
12.403,26,27,24,37,
12.4044,26,27,24,37,
12.4057,13,22,19,36,
12.4071,2,19,23,34,
12.4084,-9,7,15,9,
12.4097,-2,12,15,6,
12.4111,-2,12,15,6,
12.4125,10,22,17,16,
12.4138,29,26,28,35,
12.4153,47,34,28,34,
12.4166,64,44,40,51,
12.4179,64,44,40,51,
12.4193,51,42,40,45,
12.4206,51,42,40,45,
12.422,12,22,18,38,
12.4233,-4,21,13,23,
12.4247,-1,18,15,16,
12.4261,-11,16,9,9,
12.4276,-11,16,9,9,
12.429,0,12,4,11,
12.4304,32,20,26,21,
12.432,32,20,26,21,
12.4333,47,25,38,40,
12.4347,47,31,46,35,
12.4361,39,32,35,41,
12.4374,42,28,24,46,
12.4388,38,32,26,42,
12.4402,11,26,22,33,
12.4416,-5,15,20,25,
12.443,-17,17,14,16,
12.4444,-18,12,17,10,
12.4457,5,15,25,18,
12.4471,5,15,25,18,
12.4484,15,18,21,31,
12.4498,29,30,20,34,
12.4512,44,38,44,37,
12.4525,49,33,41,35,
12.4539,42,27,25,40,
12.4552,27,39,27,40,
12.4566,16,34,21,24,
12.4579,-4,14,16,23,
12.4593,-1,4,12,12,
12.4607,-10,4,13,8,
12.462,-10,4,13,8,
12.4633,-6,4,20,2,
12.4647,0,9,29,8,
12.466,10,22,27,17,
12.4674,28,29,35,24,
12.4687,49,45,39,45,
12.47,40,35,39,51,
12.4714,26,33,31,46,
12.4728,27,21,21,30,
12.4741,27,21,21,30,
12.4755,6,8,24,29,
12.4768,-10,9,9,19,
12.4781,-25,0,10,13,
12.4795,-10,3,14,12,
12.4808,0,4,10,9,
12.4822,21,20,23,17,
12.4836,44,28,39,35,
12.4849,37,28,41,40,
12.4863,51,36,36,40,
12.4876,51,36,36,40,
12.489,35,21,34,45,
12.4904,22,12,41,41,
12.4918,17,19,41,38,
12.4931,3,23,41,34,
12.4945,-3,20,38,31,
12.4959,-19,5,19,2,
12.4973,-19,5,19,2,
12.4987,-18,10,17,1,
12.5,12,26,28,25,
12.5014,38,32,28,28,
12.5027,50,36,34,36,
12.5041,56,41,43,34,
12.5055,44,34,41,35,
12.5068,44,34,41,35,
12.5082,12,33,27,29,
12.5096,10,22,20,30,
12.5109,0,16,24,34,
12.5123,-13,-10,17,7,
12.5137,-5,-1,13,5,
12.515,-5,-1,13,5,
12.5164,9,18,30,25,
12.5177,26,27,33,22,
12.5191,27,38,38,23,
12.5205,27,38,38,23,
12.5219,41,46,55,28,
12.5232,41,46,55,28,
12.5246,39,32,45,38,
12.526,19,26,32,39,
12.5273,6,30,29,29,
12.5287,0,20,31,17,
12.53,-1,4,16,11,
12.5314,-1,4,16,11,
12.5328,1,-2,15,9,
12.5341,15,12,23,18,
12.5355,29,17,35,26,
12.5369,28,25,32,25,
12.5382,38,35,35,31,
12.5396,30,30,28,34,
12.541,30,30,28,34,
12.5423,34,22,27,27,
12.5437,1,15,24,26,
12.545,4,18,29,31,
12.5464,-1,4,26,24,
12.5477,-20,-6,25,20,
12.5491,-21,7,21,12,
12.5505,-21,7,21,12,
12.5518,5,10,25,27,
12.5532,24,15,28,29,
12.5546,27,22,29,24,
12.5559,50,25,30,29,
12.5573,37,19,27,26,
12.5587,39,29,36,25,
12.56,18,20,35,32,
12.5614,5,26,25,32,
12.5627,6,16,20,18,
12.5641,-13,5,17,13,
12.5654,-13,5,17,13,
12.5668,-10,2,14,11,
12.5682,2,1,7,1,
12.5695,8,15,7,11,
12.5708,42,27,33,32,
12.5722,42,37,28,30,
12.5736,42,37,28,30,
12.575,35,24,37,32,
12.5764,22,31,32,30,
12.5777,14,19,25,25,
12.5791,8,16,14,12,
12.5805,8,16,14,12,
12.5818,4,6,16,13,
12.5832,-10,-5,14,17,
12.5845,-10,0,18,13,
12.5859,-10,6,27,10,
12.5872,21,17,36,31,
12.5886,27,31,40,29,
12.59,27,31,40,29,
12.5913,44,38,40,32,
12.5927,30,31,33,30,
12.594,17,20,27,22,
12.5953,14,9,22,20,
12.5967,-3,10,16,21,
12.598,-3,10,16,21,
12.5993,-2,14,16,16,
12.6006,-2,17,6,11,
12.602,-6,6,19,-3,
12.6033,9,13,18,9,
12.6047,28,27,29,21,
12.606,38,35,37,29,
12.6074,37,41,36,36,
12.6088,36,33,42,36,
12.6101,35,28,34,28,
12.6114,22,17,28,24,
12.6128,22,17,28,24,
12.6142,3,16,31,17,
12.6156,-4,6,23,4,
12.617,-14,0,6,2,
12.6184,-9,5,17,1,
12.6198,0,12,22,9,
12.6211,24,29,28,14,
12.6224,24,29,28,14,
12.6238,30,34,28,25,
12.6251,44,40,24,27,
12.6265,47,30,26,22,
12.628,34,29,28,15,
12.6295,18,20,25,16,
12.6309,16,23,15,10,
12.6323,-1,17,9,4,
12.6336,-7,10,15,7,
12.6349,-11,9,14,4,
12.6363,-15,16,11,-9,
12.6376,8,19,13,3,
12.639,30,31,23,10,
12.6404,35,30,27,9,
12.6418,35,30,27,9,
12.6433,38,29,33,15,
12.6447,37,40,38,23,
12.646,15,36,38,19,
12.6475,10,36,34,8,
12.6489,10,24,31,-1,
12.6502,0,20,24,-3,
12.6515,-12,15,15,-10,
12.6528,-20,3,25,-15,
12.6542,-14,19,21,-6,
12.6555,9,24,30,0,
12.6569,9,24,30,0,
12.6582,24,27,34,1,
12.6596,31,27,38,4,
12.661,48,36,40,7,
12.6623,23,23,24,6,
12.6637,15,19,22,3,
12.665,12,16,23,0,
12.6663,4,9,11,2,
12.6677,-3,12,11,-10,
12.6691,-19,12,15,-16,
12.6704,-6,5,23,-13,
12.6718,-6,5,23,-13,
12.6731,16,22,21,-6,
12.6745,16,22,21,-6,
12.6759,27,31,30,12,
12.6772,44,28,40,14,
12.6786,41,34,47,27,
12.6799,17,23,39,8,
12.6813,11,21,42,9,
12.6826,11,21,42,9,
12.684,5,18,32,9,
12.6853,-4,15,16,1,
12.6866,-11,10,6,-11,
12.6881,-9,4,22,-22,
12.6894,7,8,21,-19,
12.6908,16,23,25,-8,
12.6921,16,23,25,-8,
12.6934,38,45,47,25,
12.6948,40,42,48,33,
12.6962,41,30,40,24,
12.6975,17,21,42,10,
12.6989,10,14,30,7,
12.7003,10,14,30,7,
12.7017,10,14,30,7,
12.703,-8,7,18,-8,
12.7043,-6,3,10,-12,
12.7057,0,1,9,-4,
12.707,5,16,18,6,
12.7084,28,26,33,12,
12.7097,27,29,33,16,
12.711,27,29,33,16,
12.7124,44,34,47,31,
12.7137,56,39,50,28,
12.7151,45,41,50,29,
12.7165,16,15,29,15,
12.7178,-1,19,22,2,
12.7192,-1,19,22,2,
12.7206,-15,-1,13,0,
12.7219,-12,8,17,-1,
12.7233,-16,8,18,-7,
12.7246,34,25,36,20,
12.7259,34,25,36,20,
12.7273,34,31,44,25,
12.7287,34,31,44,25,
12.73,52,52,42,27,
12.7314,33,44,36,31,
12.7328,34,32,40,30,
12.7341,16,16,32,10,
12.7355,-5,24,19,9,
12.7368,-5,24,19,9,
12.7382,-23,-2,12,-5,
12.7395,-23,-2,12,-5,
12.7409,-13,0,22,-17,
12.7422,-5,-1,22,-6,
12.7435,35,23,33,6,
12.7448,44,38,48,6,
12.7462,44,38,48,6,
12.7475,52,40,51,15,
12.7488,43,35,46,17,
12.7501,33,25,39,10,
12.7515,15,23,22,0,
12.7528,4,11,24,-9,
12.7542,-9,12,21,-15,
12.7556,-9,12,21,-15,
12.757,-18,-1,13,-8,
12.7583,-12,9,9,-11,
12.7597,13,16,16,-6,
12.761,33,28,22,-3,
12.7624,28,42,36,5,
12.7638,40,43,42,9,
12.765,57,46,39,5,
12.7664,28,24,53,9,
12.7677,15,19,34,2,
12.7691,15,14,31,-8,
12.7704,15,14,31,-8,
12.7718,11,18,27,-11,
12.7732,-1,13,15,-5,
12.7745,-6,18,14,-10,
12.7759,-3,8,21,-19,
12.7772,25,14,27,-8,
12.7786,25,14,27,-8,
12.78,30,39,45,1,
12.7813,35,38,50,9,
12.7827,25,36,49,4,
12.784,16,31,48,-6,
12.7854,12,21,36,-7,
12.7867,12,21,36,-7,
12.7881,0,21,27,-13,
12.7895,-6,22,29,-11,
12.7908,-4,9,22,-16,
12.7922,10,15,26,-12,
12.7936,9,24,27,-6,
12.7949,9,24,27,-6,
12.7963,17,33,35,4,
12.7977,48,39,56,9,
12.7991,55,47,54,17,
12.8004,46,46,55,21,
12.8018,24,34,51,22,
12.8031,7,26,50,8,
12.8045,7,26,50,8,
12.8058,-15,28,29,3,
12.8072,-18,8,30,0,
12.8086,-4,6,35,-5,
12.81,12,12,37,-4,
12.8114,22,15,46,11,
12.8127,22,15,46,11,
12.8141,26,36,40,17,
12.8155,26,36,40,17,
12.8168,53,40,47,30,
12.8182,52,49,49,29,
12.8196,30,22,42,21,
12.8209,30,22,42,21,
12.8223,16,27,36,20,
12.8237,-15,7,28,17,
12.8251,-24,4,19,2,
12.8265,-10,7,27,4,
12.8279,-5,20,34,2,
12.8293,10,27,34,2,
12.8306,34,30,44,16,
12.832,40,31,47,23,
12.8334,48,36,52,34,
12.8348,55,45,55,37,
12.8363,30,36,54,30,
12.8376,28,37,45,31,
12.8391,28,37,45,31,
12.8405,2,25,35,24,
12.8419,-7,20,35,15,
12.8434,-7,15,13,-3,
12.8448,-6,4,20,-4,
12.8462,11,14,22,2,
12.8476,30,22,33,20,
12.8489,50,28,34,23,
12.8503,51,29,31,25,
12.8517,39,26,54,27,
12.8531,28,31,57,30,
12.8544,19,34,51,29,
12.8558,10,27,40,17,
12.8571,-3,14,25,7,
12.8585,-3,14,25,7,
12.8599,-17,2,27,1,
12.8613,0,2,29,7,
12.8627,9,3,35,1,
12.864,5,13,36,2,
12.8654,38,32,39,17,
12.8667,31,39,36,21,
12.8681,34,33,40,32,
12.8694,30,35,45,23,
12.8708,12,37,41,14,
12.8721,17,36,35,15,
12.8734,17,36,35,15,
12.8748,0,20,27,13,
12.8762,-5,16,22,9,
12.8775,-9,4,23,-6,
12.8789,-10,17,20,-4,
12.8803,-2,16,23,-4,
12.8816,-2,16,23,-4,
12.883,37,37,55,6,
12.8844,44,37,48,14,
12.8857,53,46,45,27,
12.8871,50,36,42,24,
12.8885,39,32,42,23,
12.8898,12,24,31,24,
12.8912,1,25,26,21,
12.8926,2,20,29,10,
12.8939,-11,19,20,-3,
12.8953,-24,4,19,-9,
12.8967,-6,11,25,-7,
12.8981,7,18,24,1,
12.8995,7,18,24,1,
12.9008,34,27,38,11,
12.9021,30,38,52,14,
12.9035,42,53,56,25,
12.9049,37,36,39,30,
12.9062,32,25,47,24,
12.9076,12,16,46,18,
12.9089,10,21,46,3,
12.9103,3,14,49,-4,
12.9116,-6,1,41,-7,
12.913,5,-3,33,-4,
12.9143,16,11,34,12,
12.9157,16,11,34,12,
12.9171,16,11,34,12,
12.9184,30,24,46,24,
12.9198,47,35,61,31,
12.9211,63,43,55,34,
12.9225,43,31,34,22,
12.9239,43,31,34,22,
12.9252,25,25,29,23,
12.9266,16,8,36,12,
12.9279,-10,3,29,8,
12.9293,-21,-1,30,7,
12.9307,-11,7,30,5,
12.9321,7,17,33,-1,
12.9335,7,17,33,-1,
12.9349,35,39,50,11,
12.9363,33,42,39,20,
12.9376,56,39,48,34,
12.939,51,32,48,34,
12.9404,41,32,44,34,
12.9417,41,32,44,34,
12.9432,12,11,31,21,
12.9445,-9,14,31,25,
12.9459,-25,1,16,12,
12.9473,-25,1,16,12,
12.9486,5,12,27,5,
12.95,5,12,27,5,
12.9513,8,14,24,14,
12.9527,34,31,52,26,
12.9541,40,37,58,19,
12.9554,52,36,66,24,
12.9568,27,30,53,34,
12.9581,27,30,53,34,
12.9596,28,27,56,25,
12.9609,7,22,37,16,
12.9623,7,22,37,16,
12.9636,-6,8,22,0,
12.965,-16,15,20,-6,
12.9663,-10,19,18,-1,
12.9676,8,24,23,-1,
12.969,23,30,31,6,
12.9703,35,41,39,31,
12.9716,55,42,45,34,
12.9729,42,34,46,25,
12.9743,42,34,46,25,
12.9756,32,31,54,15,
12.9769,13,18,48,16,
12.9783,0,12,43,20,
12.9797,-13,13,33,15,
12.981,-28,4,24,7,
12.9823,-28,4,24,7,
12.9837,-18,20,26,4,
12.9851,3,18,41,11,
12.9865,22,26,44,20,
12.9879,24,31,36,28,
12.9892,28,35,34,28,
12.9906,37,43,40,35,
12.992,43,39,46,32,
12.9934,16,41,46,15,
12.9948,2,16,50,9,
12.9962,12,14,38,9,
12.9976,-2,5,24,8,
12.999,-2,5,24,8,
13.0003,-8,6,23,3,
13.0016,-10,24,27,0,
13.003,20,33,29,12,
13.0044,40,36,35,19,
13.0057,35,38,41,20,
13.0071,48,38,50,16,
13.0084,45,41,48,28,
13.0098,50,36,54,26,
13.0112,11,21,31,8,
13.0125,11,21,31,8,
13.0139,-5,19,33,-2,
13.0153,-6,22,27,-3,
13.0166,-11,6,28,-12,
13.0179,-23,-3,32,-8,
13.0193,6,21,39,-1,
13.0207,19,43,54,3,
13.022,19,43,54,3,
13.0234,47,33,72,9,
13.0248,45,33,77,12,
13.0262,37,36,74,16,
13.0275,33,31,70,11,
13.0288,15,23,61,-3,
13.0302,-2,27,46,-10,
13.0316,-2,27,46,-10,
13.033,-12,4,31,-20,
13.0344,-16,1,24,-22,
13.0358,-16,-2,23,-24,
13.0372,10,34,37,-12,
13.0386,29,33,48,-10,
13.04,29,33,48,-10,
13.0414,37,31,58,6,
13.0428,49,35,60,16,
13.0442,49,32,63,12,
13.0455,11,35,66,0,
13.0469,-10,16,62,-6,
13.0483,-7,0,53,-12,
13.0497,-7,0,53,-12,
13.0511,-11,-9,57,-17,
13.0525,-10,0,58,-30,
13.0538,-2,16,54,-28,
13.0552,12,16,59,-19,
13.0566,21,31,78,-7,
13.0579,33,50,82,2,
13.0593,33,50,82,2,
13.0607,32,54,95,3,
13.062,16,40,97,-7,
13.0635,11,24,87,-15,
13.0648,0,28,79,-15,
13.0662,-6,29,82,-16,
13.0675,-21,14,88,-27,
13.0688,-25,22,100,-33,
13.0701,-25,22,100,-33,
13.0715,-7,35,113,-26,
13.0728,13,53,115,-15,
13.0741,25,54,112,-1,
13.0755,33,47,112,2,
13.0769,36,40,115,5,
13.0782,35,52,108,3,
13.0795,21,48,111,-9,
13.0809,3,35,100,-4,
13.0823,3,35,100,-4,
13.0837,2,29,100,-13,
13.0851,-16,13,76,-39,
13.0864,-11,20,73,-47,
13.0878,-11,20,73,-47,
13.0892,-5,33,84,-32,
13.0905,-5,33,84,-32,
13.0919,21,52,96,-17,
13.0933,41,44,107,-13,
13.0947,43,48,105,-4,
13.0961,22,42,100,-11,
13.0974,0,35,85,-18,
13.0988,0,35,85,-18,
13.1001,-13,19,76,-22,
13.1014,-34,15,70,-30,
13.1028,-18,5,68,-34,
13.1041,-18,5,68,-34,
13.1055,-20,7,57,-37,
13.1069,-4,22,64,-33,
13.1082,9,25,84,-22,
13.1096,12,39,95,-12,
13.111,41,51,91,2,
13.1123,23,38,84,-6,
13.1137,23,38,84,-6,
13.1151,3,17,76,-20,
13.1164,-14,22,80,-22,
13.1177,-15,17,74,-31,
13.1191,-25,9,58,-37,
13.1204,-31,6,56,-41,
13.1218,-15,8,56,-40,
13.1231,-15,8,56,-40,
13.1245,4,22,68,-32,
13.1258,31,39,81,-16,
13.1272,30,31,81,-9,
13.1286,49,43,84,-2,
13.1299,42,43,81,-2,
13.1313,22,41,84,4,
13.1326,9,12,64,-16,
13.134,-9,11,64,-19,
13.1353,-15,14,59,-15,
13.1366,-30,6,54,-17,
13.138,-19,8,50,-16,
13.1393,-19,8,50,-16,
13.1406,-14,18,42,-16,
13.142,-7,22,39,-10,
13.1433,34,33,64,9,
13.1446,49,33,68,8,
13.146,53,49,76,11,
13.1474,39,42,67,5,
13.1487,32,27,55,10,
13.15,20,28,55,6,
13.1514,5,26,50,3,
13.1528,2,21,55,4,
13.1541,-13,19,41,4,
13.1555,-8,14,35,2,
13.1568,-13,7,30,-2,
13.1582,-14,7,42,-3,
13.1595,9,25,43,1,
13.1608,34,52,52,9,
13.1622,43,43,67,22,
13.1635,37,30,71,28,
13.1649,36,28,68,21,
13.1662,36,28,68,21,
13.1676,28,27,72,20,
13.169,10,22,62,14,
13.1704,-2,7,44,5,
13.1718,-21,1,43,-7,
13.1731,-16,15,32,-16,
13.1745,-19,11,30,-10,
13.1759,5,17,38,2,
13.1773,34,29,42,13,
13.1787,43,44,49,20,
13.18,45,38,58,32,
13.1814,41,35,62,22,
13.1828,31,37,67,25,
13.1842,17,40,66,33,
13.1855,13,35,54,30,
13.1869,-9,24,29,3,
13.1883,-22,20,26,3,
13.1896,-13,13,32,6,
13.191,-2,-1,25,2,
13.1924,-2,-1,25,2,
13.1937,13,9,21,-2,
13.1951,40,44,37,17,
13.1965,43,38,48,28,
13.198,50,44,59,37,
13.1993,44,46,53,45,
13.2007,38,30,43,43,
13.202,21,26,36,35,
13.2034,2,20,42,14,
13.2047,-8,8,31,2,
13.2061,-8,8,31,2,
13.2075,-23,0,20,-4,
13.2089,-14,5,20,-2,
13.2102,-2,19,27,0,
13.2116,15,36,34,3,
13.213,33,38,40,21,
13.2143,35,51,49,29,
13.2157,40,44,53,29,
13.217,34,37,49,26,
13.2184,18,40,42,29,
13.2197,18,40,42,29,
13.2211,14,27,39,15,
13.2225,-3,13,25,10,
13.2239,-8,2,21,-3,
13.2253,-10,5,24,7,
13.2267,-10,5,24,7,
13.228,9,24,32,12,
13.2294,18,28,42,19,
13.2308,36,42,49,26,
13.2322,38,45,45,37,
13.2335,29,41,37,41,
13.235,29,41,37,41,
13.2365,28,45,33,35,
13.2378,2,20,36,29,
13.2392,2,7,26,20,
13.2406,-1,16,26,13,
13.2419,-9,2,16,11,
13.2434,-7,10,22,12,
13.2447,26,27,25,18,
13.2461,26,27,25,18,
13.2475,36,42,33,30,
13.2488,31,43,39,29,
13.2502,40,52,37,31,
13.2516,40,48,25,29,
13.253,35,34,21,30,
13.2543,35,34,21,30,
13.2557,0,28,23,26,
13.2574,1,23,21,19,
13.2588,-6,4,24,15,
13.2601,-7,1,18,20,
13.2614,1,4,23,20,
13.2628,32,20,20,19,
13.2642,32,20,20,19,
13.2655,33,33,27,19,
13.2669,52,43,33,36,
13.2682,47,51,24,43,
13.2696,34,42,16,44,
13.271,21,42,26,45,
13.2724,7,35,30,38,
13.2738,11,31,27,32,
13.2751,0,22,19,24,
13.2764,-4,7,14,25,
13.2778,-4,7,14,25,
13.2792,-4,7,14,25,
13.2806,37,29,17,24,
13.282,47,43,38,30,
13.2834,45,45,31,30,
13.2847,50,49,41,38,
13.2861,42,48,37,35,
13.2875,42,48,37,35,
13.2888,16,37,20,29,
13.2903,6,30,16,22,
13.2917,6,30,16,22,
13.293,6,23,16,22,
13.2944,4,19,19,25,
13.2958,3,12,12,19,
13.2971,14,15,5,18,
13.2985,40,21,16,23,
13.2998,41,39,21,25,
13.3012,58,42,33,41,
13.3026,58,44,34,31,
13.3039,43,47,29,24,
13.3053,43,47,29,24,
13.3067,29,43,29,28,
13.3081,4,22,24,23,
13.3095,-2,16,13,25,
13.3109,-3,17,1,19,
13.3122,-11,22,3,15,
13.3136,-11,22,3,15,
13.315,22,29,21,8,
13.3163,33,31,35,8,
13.3177,27,36,46,21,
13.319,51,56,40,33,
13.3204,51,56,40,33,
13.3218,55,48,43,32,
13.3231,37,31,36,33,
13.3245,7,22,28,19,
13.3258,-6,13,20,20,
13.3272,-5,10,20,22,
13.3286,-10,0,16,22,
13.3299,1,1,20,17,
13.3313,-3,10,20,12,
13.3326,24,46,25,27,
13.334,30,48,28,31,
13.3354,35,39,38,27,
13.3367,44,39,47,31,
13.3381,44,39,47,31,
13.3395,33,45,42,28,
13.3409,14,24,29,23,
13.3423,5,18,26,14,
13.3437,7,29,24,11,
13.345,-12,-5,7,7,
13.3464,-12,-5,7,7,
13.3478,-7,-3,2,-5,
13.3491,11,36,19,18,
13.3505,25,41,25,26,
13.3519,40,50,29,33,
13.3533,57,45,36,41,
13.3546,57,45,36,41,
13.3559,52,43,45,38,
13.3572,42,43,40,33,
13.3586,0,23,20,27,
13.36,-2,13,23,22,
13.3614,0,18,30,19,
13.3627,-13,2,20,14,
13.3641,-7,-6,26,5,
13.3655,-8,1,20,-2,
13.3668,35,29,27,13,
13.3682,35,29,27,13,
13.3696,45,31,43,29,
13.3709,51,40,45,31,
13.3723,59,53,40,38,
13.3736,46,52,44,37,
13.3751,24,34,35,35,
13.3764,-1,28,18,10,
13.3778,0,19,22,7,
13.3791,0,19,22,7,
13.3805,-4,1,19,1,
13.3819,-8,12,18,0,
13.3832,-1,24,30,12,
13.3846,23,38,34,21,
13.386,31,49,34,29,
13.3874,40,50,37,38,
13.3887,59,56,47,40,
13.39,51,47,49,28,
13.3914,39,47,45,32,
13.3928,28,40,39,34,
13.3942,8,23,22,18,
13.3955,8,23,22,18,
13.3969,-2,21,10,12,
13.3982,-3,6,15,6,
13.3996,5,6,12,15,
13.4009,5,6,12,15,
13.4022,29,24,11,20,
13.4036,48,40,25,26,
13.4049,48,48,29,26,
13.4062,58,41,27,34,
13.4076,38,35,37,36,
13.4089,19,36,32,32,
13.4103,16,25,29,27,
13.4117,5,10,23,23,
13.413,10,19,27,26,
13.4144,2,11,20,11,
13.4157,3,6,19,10,
13.4172,0,15,13,11,
13.4185,8,32,19,20,
13.4199,37,42,26,23,
13.4213,37,46,31,26,
13.4227,39,45,29,24,
13.424,55,50,39,34,
13.4254,24,42,33,28,
13.4268,11,28,19,28,
13.4282,18,18,20,23,
13.4296,8,21,19,22,
13.431,8,21,19,22,
13.4324,-21,9,3,11,
13.4337,-7,5,-5,10,
13.4351,0,21,-5,9,
13.4365,22,30,2,13,
13.4379,38,38,14,25,
13.4393,52,38,26,26,
13.4407,55,45,22,37,
13.4421,55,45,22,37,
13.4436,49,35,25,36,
13.445,21,30,26,26,
13.4463,4,24,19,17,
13.4477,4,24,19,17,
13.449,-25,13,9,10,
13.4504,-2,12,-2,5,
13.4518,-2,9,0,1,
13.4531,17,11,6,7,
13.4545,39,28,19,22,
13.4559,39,28,19,22,
13.4573,39,28,19,22,
13.4586,68,57,25,33,
13.46,47,48,29,30,
13.4614,31,38,35,25,
13.4627,9,27,13,28,
13.4641,9,27,13,28,
13.4655,1,18,17,33,
13.4668,-2,12,-1,9,
13.4681,-5,24,-2,13,
13.4694,-5,24,-2,13,
13.4708,-2,20,4,25,
13.4722,31,33,28,31,
13.4735,30,44,25,32,
13.4749,30,44,25,32,
13.4763,60,51,17,25,
13.4777,55,39,27,27,
13.479,36,30,24,27,
13.4804,4,25,26,15,
13.4818,3,20,24,23,
13.4832,3,20,24,23,
13.4845,-5,14,24,22,
13.4859,4,16,12,12,
13.4872,12,22,3,5,
13.4885,17,15,10,18,
13.4899,38,46,22,23,
13.4913,38,46,22,23,
13.4927,32,52,20,28,
13.494,26,47,33,22,
13.4954,23,49,31,22,
13.4967,25,42,21,31,
13.498,18,26,18,34,
13.4994,18,26,18,34,
13.5008,11,27,18,22,
13.5021,-11,21,8,12,
13.5035,-11,26,6,6,
13.5048,5,19,16,15,
13.5062,26,33,17,26,
13.5075,36,38,32,38,
13.5089,36,38,32,38,
13.5102,46,45,33,44,
13.5116,56,55,31,37,
13.513,41,41,29,32,
13.5143,41,41,29,32,
13.5157,2,22,16,32,
13.517,2,22,16,32,
13.5184,0,14,11,32,
13.5197,-8,9,0,16,
13.5211,-5,23,7,10,
13.5224,21,32,19,14,
13.5238,35,43,27,18,
13.5251,39,35,31,19,
13.5265,48,38,35,23,
13.5279,48,47,43,23,
13.5293,46,51,34,21,
13.5306,40,40,26,32,
13.532,19,36,26,30,
13.5333,9,31,16,26,
13.5347,-2,28,14,23,
13.5361,-8,13,5,21,
13.5374,-18,10,-2,14,
13.5387,0,31,13,17,
13.5401,26,39,18,23,
13.5414,34,47,22,22,
13.5428,34,47,22,22,
13.5442,48,60,28,23,
13.5455,64,61,33,33,
13.5469,63,56,32,45,
13.5482,35,36,25,33,
13.5495,23,33,25,24,
13.5508,23,33,25,24,
13.5522,-5,23,14,19,
13.5536,-20,19,15,14,
13.5549,-6,30,7,24,
13.5563,12,22,23,19,
13.5577,41,37,33,30,
13.5591,41,37,33,30,
13.5605,49,48,27,30,
13.5618,52,53,25,35,
13.5632,60,52,30,31,
13.5646,42,41,31,21,
13.5659,27,24,24,31,
13.5672,27,24,24,31,
13.5685,13,27,18,25,
13.5698,1,22,4,19,
13.5712,-10,20,4,19,
13.5725,-5,15,-2,12,
13.5739,12,26,8,12,
13.5753,41,46,14,12,
13.5766,41,46,14,12,
13.5779,52,52,8,28,
13.5793,45,64,37,40,
13.5807,40,61,28,32,
13.582,41,47,20,23,
13.5833,26,36,19,20,
13.5847,6,25,24,29,
13.586,3,25,24,25,
13.5875,-3,20,14,20,
13.5888,-16,9,2,20,
13.5902,-3,22,0,23,
13.5915,-3,22,0,23,
13.5929,15,30,-2,30,
13.5942,29,35,6,34,
13.5957,30,34,16,34,
13.597,51,53,37,38,
13.5983,51,47,34,39,
13.5997,51,47,34,39,
13.601,26,46,22,36,
13.6023,11,26,5,29,
13.6037,3,22,11,25,
13.6051,-3,16,10,13,
13.6065,0,10,0,9,
13.6078,-3,6,3,11,
13.6092,-3,6,3,11,
13.6105,19,32,7,10,
13.6119,44,35,12,20,
13.6134,43,43,12,33,
13.6147,54,49,28,30,
13.6161,54,49,28,30,
13.6174,51,36,21,33,
13.6187,27,34,10,29,
13.62,13,25,4,24,
13.6214,-1,22,9,16,
13.6227,-11,18,-3,15,
13.624,-7,21,-9,18,
13.6254,-7,21,-9,18,
13.6267,1,24,-5,14,
13.6281,36,55,13,29,
13.6295,39,54,13,25,
13.6309,44,49,23,30,
13.6323,44,36,28,37,
13.6337,45,38,22,43,
13.6351,29,41,9,34,
13.6366,4,29,4,24,
13.638,-1,26,-1,22,
13.6393,-1,26,-1,22,
13.6408,-13,8,-7,13,
13.6422,0,8,-10,12,
13.6436,5,13,-8,8,
13.645,22,40,19,20,
13.6463,37,37,15,32,
13.6477,44,42,14,28,
13.6491,60,51,19,34,
13.6505,47,39,17,26,
13.6519,33,46,6,24,
13.6533,9,19,1,11,
13.6546,10,26,-3,15,
13.656,10,26,-3,15,
13.6574,-1,23,-7,7,
13.6587,-21,19,-9,5,
13.6601,-8,10,-12,4,
13.6615,23,22,3,6,
13.6629,46,35,17,15,
13.6643,46,35,17,15,
13.6656,52,50,26,18,
13.667,47,36,17,31,
13.6684,46,36,24,34,
13.6697,42,43,15,21,
13.6711,24,37,5,26,
13.6725,6,24,7,24,
13.6738,7,16,6,27,
13.6752,-7,13,1,18,
13.6766,-18,22,-6,14,
13.678,-2,23,-5,9,
13.6793,26,36,17,12,
13.6807,26,47,13,23,
13.6821,38,39,8,21,
13.6835,43,47,8,32,
13.6849,42,40,8,25,
13.6862,42,40,8,25,
13.6876,15,39,8,21,
13.689,-5,35,14,13,
13.6903,3,33,8,10,
13.6917,-1,21,-2,12,
13.6931,-2,13,-3,13,
13.6945,-12,18,1,14,
13.6959,30,49,2,26,
13.6972,49,55,12,25,
13.6986,49,55,12,25,
13.7,68,51,17,33,
13.7013,68,51,17,33,
13.7027,54,50,17,29,
13.7041,30,36,19,27,
13.7054,20,36,18,17,
13.7068,10,41,6,14,
13.7082,-17,25,-6,12,
13.7096,-17,25,-6,12,
13.7109,-3,23,3,13,
13.7123,-3,23,3,13,
13.7137,7,40,3,20,
13.7151,33,37,14,22,
13.7165,40,49,16,31,
13.7179,39,55,24,25,
13.7192,48,65,27,25,
13.7206,39,49,22,24,
13.722,17,45,14,21,
13.7233,16,29,6,21,
13.7248,10,18,2,20,
13.7262,6,23,-7,12,
13.7276,-12,26,-11,-2,
13.7289,-12,26,-11,-2,
13.7303,-5,23,3,6,
13.7317,30,42,6,18,
13.733,41,50,19,23,
13.7344,38,50,25,21,
13.7358,44,52,30,26,
13.7371,31,42,20,35,
13.7385,20,45,12,19,
13.7398,17,35,10,18,
13.7412,3,30,12,15,
13.7426,-8,21,13,12,
13.744,-8,21,13,12,
13.7453,-12,23,0,8,
13.7467,-9,23,0,5,
13.748,21,35,2,9,
13.7494,44,56,10,25,
13.7508,46,52,14,24,
13.7521,57,60,32,22,
13.7535,50,58,42,31,
13.7549,44,54,27,31,
13.7563,28,35,17,28,
13.7576,28,35,17,28,
13.759,4,31,13,27,
13.7604,9,35,7,31,
13.7617,6,20,-1,25,
13.7631,-1,15,8,26,
13.7645,1,25,26,16,
13.7658,28,49,30,28,
13.7672,51,62,30,43,
13.7686,60,66,32,32,
13.77,65,62,28,33,
13.7713,56,59,32,40,
13.7727,39,58,30,34,
13.7741,37,49,13,25,
13.7755,18,41,11,30,
13.7769,18,41,11,30,
13.7783,-13,30,3,16,
13.7797,-19,29,10,11,
13.781,-7,36,11,10,
13.7824,16,56,10,16,
13.7837,25,58,8,13,
13.7851,25,58,8,13,
13.7864,54,63,20,22,
13.7878,54,63,20,22,
13.7892,60,65,25,34,
13.7905,37,51,22,30,
13.7919,19,49,16,27,
13.7933,2,38,21,28,
13.7946,5,37,19,30,
13.796,-10,35,20,21,
13.7973,-11,44,18,13,
13.7987,-16,40,21,13,
13.8001,33,65,19,19,
13.8014,33,65,19,19,
13.8028,49,64,38,21,
13.8042,45,68,33,31,
13.8055,59,84,29,36,
13.8069,60,76,21,39,
13.8083,41,61,23,31,
13.8096,16,48,17,27,
13.811,16,48,17,27,
13.8124,4,33,2,21,
13.8137,-12,25,-11,6,
13.8151,-5,33,-12,1,
13.8164,5,49,0,11,
13.8178,22,51,10,19,
13.8192,22,51,10,19,
13.8206,50,60,12,17,
13.8219,59,69,29,13,
13.8233,54,68,22,25,
13.8247,51,71,19,27,
13.8261,30,72,24,24,
13.8276,14,61,18,26,
13.829,3,35,6,0,
13.8303,2,30,-3,-8,
13.8317,5,29,-2,-10,
13.8331,-13,36,2,-3,
13.8344,5,55,3,-1,
13.8358,5,55,3,-1,
13.8371,25,61,6,1,
13.8385,40,74,28,24,
13.8399,43,80,34,21,
13.8412,40,62,26,21,
13.8426,28,57,17,29,
13.844,22,52,8,23,
13.8453,8,33,10,10,
13.8467,0,39,-3,-4,
13.8481,-3,34,-9,-1,
13.8495,-2,40,-6,6,
13.8508,-2,40,-6,6,
13.8521,10,37,10,9,
13.8534,23,52,18,14,
13.8548,27,59,10,25,
13.8562,57,73,16,25,
13.8575,57,75,20,34,
13.8589,41,72,20,35,
13.8602,15,49,11,29,
13.8615,3,32,15,26,
13.8628,11,35,5,20,
13.8643,2,30,-7,10,
13.8657,-9,31,-2,-4,
13.8671,-7,30,-1,1,
13.8684,7,30,0,-1,
13.8697,20,33,5,3,
13.8711,28,55,3,3,
13.8725,23,69,11,11,
13.8738,56,61,17,22,
13.8752,52,63,25,17,
13.8765,52,63,25,17,
13.8779,43,60,27,22,
13.8793,23,51,15,24,
13.8807,2,39,3,22,
13.8821,-2,48,8,4,
13.8834,-19,39,7,-5,
13.8848,-5,33,0,4,
13.8861,2,36,-7,11,
13.8874,11,53,-4,8,
13.8888,33,63,11,9,
13.8901,47,58,20,7,
13.8914,65,72,23,10,
13.8927,45,69,19,9,
13.8941,24,68,9,16,
13.8955,8,62,17,26,
13.8968,4,54,17,19,
13.8982,4,36,6,13,
13.8996,-3,30,2,8,
13.901,-20,38,-8,-15,
13.9024,-14,47,-7,-8,
13.9037,-14,47,-7,-8,
13.9051,33,54,15,6,
13.9065,32,68,7,12,
13.9079,32,68,7,12,
13.9092,35,64,8,25,
13.9106,28,66,14,22,
13.912,19,51,21,9,
13.9133,1,46,11,9,
13.9147,-11,42,5,8,
13.9161,2,33,2,5,
13.9174,-2,34,-3,-1,
13.9188,-13,37,-2,-1,
13.9202,-13,37,-2,-1,
13.9216,-5,43,4,-8,
13.9229,7,52,14,-9,
13.9243,25,65,8,1,
13.9256,27,58,6,0,
13.927,25,64,20,24,
13.9283,25,64,20,24,
13.9296,37,62,13,20,
13.9309,28,48,13,15,
13.9323,11,40,6,21,
13.9336,12,31,2,13,
13.935,-2,25,1,-2,
13.9363,0,35,-3,-5,
13.9376,0,38,-1,3,
13.939,0,38,-1,3,
13.9404,23,58,-1,17,
13.9417,39,50,7,19,
13.9431,56,58,18,27,
13.9445,42,60,16,26,
13.9458,42,60,16,26,
13.9472,32,54,15,16,
13.9486,18,46,18,8,
13.9499,-1,48,4,4,
13.9513,-10,23,-5,3,
13.9527,-10,23,-5,3,
13.954,-6,21,6,5,
13.9554,-6,21,6,5,
13.9568,3,33,11,8,
13.9582,44,49,16,25,
13.9595,30,49,19,21,
13.9609,47,64,15,23,
13.9622,37,67,10,35,
13.9636,36,61,16,29,
13.965,24,51,16,25,
13.9663,8,43,14,21,
13.9677,8,43,14,21,
13.9691,3,30,4,21,
13.9704,-7,17,-1,15,
13.9718,-1,13,-2,12,
13.9731,5,16,-3,13,
13.9745,17,20,7,15,
13.9759,47,45,35,19,
13.9772,54,45,39,29,
13.9786,48,44,32,36,
13.98,41,45,17,26,
13.9813,41,45,17,26,
13.9827,35,42,9,18,
13.984,7,27,6,16,
13.9854,8,36,5,17,
13.9868,-2,20,11,9,
13.9881,-2,20,11,9,
13.9894,-4,28,0,7,
13.9908,2,27,10,13,
13.9922,29,46,10,21,
13.9935,39,52,15,25,
13.9948,54,49,28,26,
13.9962,54,49,28,26,
13.9976,48,37,34,31,
13.999,40,41,35,30,
14.0003,24,40,25,32,
14.0016,5,31,14,22,
14.003,-5,29,6,19,
14.0044,-7,14,11,16,
14.0058,-7,14,11,16,
14.0071,-1,29,2,10,
14.0085,23,42,6,16,
14.0098,34,55,11,28,
14.0112,42,57,16,26,
14.0126,63,58,18,28,
14.0139,60,51,21,34,
14.0153,56,44,18,31,
14.0167,35,38,22,23,
14.0181,6,28,19,23,
14.0195,-8,19,18,16,
14.0209,-15,6,-3,22,
14.0222,-15,6,-3,22,
14.0236,-3,14,2,8,
14.025,21,20,9,5,
14.0264,36,35,13,9,
14.0277,36,35,13,9,
14.0291,40,50,24,23,
14.0305,40,50,24,23,
14.0319,48,45,26,20,
14.0334,29,43,17,20,
14.0348,22,38,13,15,
14.0362,8,40,15,21,
14.0377,1,27,7,21,
14.0391,1,27,7,21,
14.0406,-13,14,9,18,
14.042,-10,13,12,10,
14.0434,2,27,20,9,
14.0448,51,44,14,18,
14.0461,57,47,12,26,
14.0476,65,52,20,30,
14.049,57,59,30,34,
14.0503,56,56,27,34,
14.0517,42,34,20,38,
14.0531,8,36,21,25,
14.0544,-1,30,18,17,
14.0558,-1,12,13,10,
14.0572,-5,18,7,4,
14.0585,3,22,12,4,
14.0599,20,20,14,4,
14.0613,43,36,18,13,
14.0627,48,42,22,22,
14.0641,48,42,22,22,
14.0654,63,37,33,31,
14.0668,45,40,31,21,
14.0682,28,31,22,27,
14.0695,17,37,22,23,
14.0709,18,27,20,16,
14.0725,14,27,21,18,
14.0738,-11,23,13,14,
14.0752,-9,25,18,14,
14.0766,13,27,19,15,
14.0779,41,35,16,21,
14.0793,41,35,16,21,
14.0807,52,46,19,36,
14.082,60,56,29,32,
14.0833,60,53,34,28,
14.0848,42,46,30,22,
14.0861,25,44,22,20,
14.0875,14,35,20,20,
14.0888,16,20,17,14,
14.0902,-10,10,20,16,
14.0915,-5,5,26,20,
14.0929,-5,5,26,20,
14.0943,2,15,21,10,
14.0956,15,32,27,14,
14.097,37,34,24,21,
14.0983,47,44,16,34,
14.0997,42,49,34,39,
14.101,48,48,34,41,
14.1024,25,45,27,29,
14.1038,14,35,25,23,
14.1052,-2,37,21,23,
14.1065,9,38,12,23,
14.1079,6,26,18,19,
14.1093,3,8,13,15,
14.1106,-4,2,13,8,
14.112,-4,2,13,8,
14.1134,18,38,16,27,
14.1148,37,49,30,33,
14.1161,35,46,28,38,
14.1175,37,50,30,40,
14.1189,37,50,30,40,
14.1202,29,42,35,40,
14.1216,23,24,26,29,
14.1231,23,12,30,20,
14.1246,18,22,21,18,
14.1259,-3,15,9,24,
14.1272,-2,12,9,24,
14.1286,-2,12,9,24,
14.1299,23,35,14,28,
14.1313,38,47,26,35,
14.1327,41,52,37,34,
14.134,53,51,30,34,
14.1355,45,45,27,31,
14.1368,45,45,27,31,
14.1382,28,47,33,31,
14.1395,34,41,33,28,
14.1409,25,29,18,21,
14.1423,4,8,24,25,
14.1436,-14,18,27,18,
14.145,-14,18,27,18,
14.1463,2,28,25,16,
14.1477,23,21,27,18,
14.149,32,28,43,25,
14.1504,41,39,43,25,
14.1517,52,54,46,28,
14.1531,36,49,42,30,
14.1544,31,42,36,36,
14.1558,33,32,36,28,
14.1571,24,25,32,25,
14.1585,6,22,24,29,
14.1599,-4,27,18,28,
14.1613,-4,17,16,22,
14.1626,-1,12,21,19,
14.164,-4,17,27,24,
14.1654,46,33,22,27,
14.1667,49,45,30,27,
14.1681,57,55,29,23,
14.1695,44,55,34,22,
14.1708,35,48,38,29,
14.1722,35,48,38,29,
14.1736,20,30,28,23,
14.175,16,25,29,16,
14.1763,8,20,28,28,
14.1776,-6,3,20,24,
14.179,-2,9,17,17,
14.1804,2,16,12,13,
14.1817,9,25,18,17,
14.183,41,32,30,28,
14.1844,41,32,30,28,
14.1857,39,47,28,25,
14.187,43,36,45,26,
14.1884,29,33,48,26,
14.1897,29,33,48,26,
14.1911,13,20,35,29,
14.1924,2,19,27,22,
14.1937,-3,20,33,20,
14.1951,0,8,18,15,
14.1965,-18,8,20,26,
14.1978,-5,14,24,28,
14.1991,22,28,25,25,
14.2005,41,34,23,26,
14.2018,43,38,19,32,
14.2032,43,38,19,32,
14.2045,55,48,35,28,
14.2059,29,28,33,36,
14.2073,22,20,24,40,
14.2086,18,26,21,28,
14.21,18,17,24,18,
14.2114,12,19,16,25,
14.2127,-12,7,9,26,
14.2141,-13,12,21,15,
14.2155,0,16,24,24,
14.2168,28,26,27,36,
14.2182,28,26,27,36,
14.2196,28,32,26,29,
14.2209,30,36,39,31,
14.2223,53,36,53,29,
14.2237,27,29,27,35,
14.225,21,18,27,37,
14.2264,21,18,27,37,
14.2278,12,13,26,26,
14.2292,11,8,26,28,
14.2307,-3,3,22,16,
14.2322,-15,-1,24,13,
14.2336,6,0,25,20,
14.235,42,27,25,31,
14.2365,42,27,25,31,
14.2379,51,32,33,32,
14.2394,51,29,37,37,
14.2407,41,27,26,38,
14.2422,26,17,33,35,
14.2436,17,19,37,24,
14.2449,1,7,24,22,
14.2462,-1,9,26,31,
14.2476,-9,11,18,19,
14.249,-6,1,22,14,
14.2503,-5,0,17,14,
14.2517,31,20,30,22,
14.2531,39,26,30,33,
14.2544,39,26,30,33,
14.2558,36,41,32,31,
14.2572,31,42,32,29,
14.2586,31,42,32,29,
14.2599,19,30,33,32,
14.2613,3,13,36,23,
14.2626,1,9,25,22,
14.264,1,9,25,22,
14.2654,-17,-1,17,9,
14.2667,-4,-2,17,12,
14.2681,4,14,21,22,
14.2695,50,33,25,20,
14.2708,50,33,25,20,
14.2722,59,45,29,25,
14.2735,57,42,37,31,
14.2749,57,42,37,31,
14.2763,51,28,39,28,
14.2776,11,12,28,33,
14.279,11,14,18,31,
14.2804,11,14,18,31,
14.2817,-6,0,26,18,
14.2831,7,2,28,18,
14.2845,1,-3,21,23,
14.2858,15,0,19,25,
14.2873,46,22,33,21,
14.2888,46,22,33,21,
14.2901,53,45,24,34,
14.2915,52,44,31,41,
14.2928,39,35,33,30,
14.2942,27,37,31,24,
14.2956,6,18,28,17,
14.297,0,11,32,10,
14.2983,0,11,32,10,
14.2996,-4,-3,8,12,
14.301,-4,-3,8,12,
14.3023,6,2,8,11,
14.3037,20,24,18,24,
14.305,21,30,28,32,
14.3063,31,34,32,40,
14.3077,31,34,32,40,
14.309,43,45,26,40,
14.3104,33,42,19,31,
14.3118,13,37,13,28,
14.3131,4,12,22,23,
14.3145,-10,-1,29,25,
14.3158,-10,-1,29,25,
14.3172,-26,0,19,13,
14.3186,-20,1,23,15,
14.3199,-3,9,25,20,
14.3213,24,27,16,31,
14.3227,33,29,26,25,
14.324,33,29,26,25,
14.3254,46,45,27,29,
14.3267,31,49,47,36,
14.3281,15,40,44,35,
14.3294,5,35,32,20,
14.3308,5,23,21,14,
14.3321,5,23,21,14,
14.3335,6,16,20,22,
14.3348,4,8,18,25,
14.3362,-1,5,7,27,
14.3376,6,7,11,22,
14.3389,20,25,17,26,
14.3403,28,35,22,24,
14.3416,40,35,29,23,
14.343,41,41,35,25,
14.3443,38,42,32,35,
14.3457,25,32,23,32,
14.347,5,22,15,34,
14.3484,5,22,15,34,
14.3497,13,19,16,32,
14.351,-1,11,17,21,
14.3524,-11,9,22,11,
14.3537,4,23,21,16,
14.3551,25,27,22,15,
14.3565,25,27,22,15,
14.3578,42,40,35,35,
14.3591,45,42,38,38,
14.3605,47,30,37,38,
14.3618,36,36,35,47,
14.3632,30,32,25,32,
14.3646,30,32,25,32,
14.366,22,32,20,22,
14.3673,-3,10,11,21,
14.3687,-12,-3,5,26,
14.3701,-8,-1,11,19,
14.3714,-14,17,10,12,
14.3727,-5,17,24,17,
14.3741,34,32,39,21,
14.3755,65,43,37,36,
14.3768,60,47,35,33,
14.3782,43,38,29,37,
14.3796,30,27,35,31,
14.3809,11,14,26,27,
14.3822,11,14,26,27,
14.3836,-4,9,13,29,
14.3849,-5,6,19,23,
14.3863,0,-4,22,22,
14.3876,-3,0,29,25,
14.3889,2,10,15,19,
14.3903,18,23,11,21,
14.3916,38,30,19,26,
14.393,47,40,36,34,
14.3944,50,47,47,32,
14.3958,50,47,47,32,
14.3972,34,34,49,24,
14.3985,27,30,37,22,
14.3999,22,36,32,30,
14.4012,5,14,25,35,
14.4026,-14,9,12,14,
14.404,-14,9,12,14,
14.4053,-14,-6,7,5,
14.4067,15,19,25,18,
14.408,43,32,31,24,
14.4094,49,38,29,33,
14.4107,41,40,34,33,
14.4121,50,50,35,29,
14.4134,41,47,28,34,
14.4147,31,47,25,27,
14.416,17,33,24,22,
14.4174,17,33,24,22,
14.4187,17,33,24,22,
14.4201,15,22,27,28,
14.4215,-6,7,21,16,
14.4228,4,-3,27,10,
14.4243,8,3,24,9,
14.4256,29,23,31,24,
14.4271,29,23,31,24,
14.4285,25,34,37,29,
14.4299,48,40,43,40,
14.4313,48,40,43,40,
14.4327,32,32,24,28,
14.4341,9,18,14,28,
14.4356,-5,11,15,24,
14.4369,2,20,27,26,
14.4385,0,15,17,27,
14.4399,0,5,16,14,
14.4413,6,13,19,24,
14.4427,30,21,17,25,
14.4441,38,35,32,23,
14.4454,48,33,36,28,
14.4468,48,33,36,28,
14.4482,61,37,36,29,
14.4495,39,33,29,27,
14.4509,29,27,31,18,
14.4522,8,23,23,20,
14.4535,-5,19,14,13,
14.4549,-15,13,22,9,
14.4563,-4,15,19,12,
14.4576,-11,1,20,18,
14.459,-5,8,15,18,
14.4604,25,31,14,23,
14.4617,34,48,26,20,
14.463,43,48,38,30,
14.4644,51,50,50,33,
14.4657,45,36,42,30,
14.4671,32,27,16,26,
14.4684,10,20,18,22,
14.4698,10,27,27,28,
14.4711,10,27,27,28,
14.4725,-11,2,14,14,
14.4738,-15,2,16,10,
14.4752,-6,14,17,13,
14.4766,17,21,22,22,
14.4779,31,28,33,27,
14.4793,31,28,33,27,
14.4807,25,52,43,36,
14.4821,43,40,46,28,
14.4835,43,39,47,29,
14.4848,22,33,26,26,
14.4861,22,33,26,26,
14.4874,8,31,24,27,
14.4888,5,23,16,22,
14.4902,-11,3,20,9,
14.4915,-6,16,28,11,
14.493,-6,16,28,11,
14.4943,20,19,31,24,
14.4957,20,19,31,24,
14.4971,32,23,25,29,
14.4984,35,44,37,33,
14.4998,28,49,32,26,
14.5011,34,40,33,33,
14.5024,17,25,28,29,
14.5038,5,21,26,26,
14.5052,6,9,27,22,
14.5065,1,2,15,16,
14.5079,1,2,15,16,
14.5093,-11,-7,15,20,
14.5106,-6,-5,15,19,
14.512,17,9,21,14,
14.5133,44,26,20,20,
14.5147,45,26,20,24,
14.5161,43,34,45,27,
14.5174,33,33,43,28,
14.5188,25,24,39,27,
14.5202,21,20,34,27,
14.5215,21,10,30,22,
14.5228,6,9,22,14,
14.5242,6,9,22,14,
14.5255,-2,13,15,7,
14.5269,-2,7,17,4,
14.5282,-2,7,17,4,
14.5296,33,31,23,12,
14.5309,40,38,20,18,
14.5323,30,44,22,29,
14.5336,42,42,33,26,
14.5349,26,44,29,20,
14.5362,26,34,19,23,
14.5376,20,22,19,23,
14.5389,-3,21,14,17,
14.5402,-3,21,14,17,
14.5415,-14,9,19,12,
14.5428,-17,7,11,10,
14.5443,-9,8,13,11,
14.5456,-2,2,19,17,
14.5471,-1,19,20,14,
14.5484,39,21,29,24,
14.5497,40,22,34,31,
14.551,45,35,37,24,
14.5524,32,35,35,24,
14.5537,32,26,24,28,
14.555,32,26,24,28,
14.5563,16,20,13,26,
14.5576,2,11,10,22,
14.559,-20,9,13,16,
14.5603,-20,9,13,16,
14.5617,-21,3,17,10,
14.563,-7,9,23,28,
14.5644,16,24,20,28,
14.5657,29,40,21,22,
14.567,33,46,30,30,
14.5683,43,44,34,43,
14.5696,33,46,36,36,
14.571,18,31,27,26,
14.5723,5,15,14,36,
14.5737,5,15,14,36,
14.5751,-6,18,21,21,
14.5764,-20,6,19,21,
14.5777,-23,4,22,11,
14.5791,-12,6,19,2,
14.5804,21,18,12,21,
14.5818,46,24,26,33,
14.5831,46,24,26,33,
14.5845,52,31,27,32,
14.5858,57,39,33,35,
14.5872,44,41,32,38,
14.5885,34,35,36,27,
14.5898,17,24,38,26,
14.5912,3,14,22,20,
14.5925,3,14,22,20,
14.5938,-10,10,19,15,
14.5952,-6,-5,16,13,
14.5965,-7,3,9,5,
14.5978,5,12,26,8,
14.5992,5,12,26,8,
14.6006,30,38,43,29,
14.6019,29,41,31,27,
14.6033,32,34,25,31,
14.6047,35,32,27,33,
14.606,26,29,29,27,
14.6074,13,16,26,23,
14.6088,8,10,20,22,
14.6102,-14,2,10,19,
14.6115,-21,-1,8,17,
14.6128,-16,2,19,8,
14.6141,-16,2,19,8,
14.6154,0,2,29,16,
14.6168,14,20,29,20,
14.6181,33,16,23,30,
14.6195,45,25,26,36,
14.6209,41,26,34,36,
14.6222,34,16,42,31,
14.6236,23,20,41,25,
14.6249,7,14,37,25,
14.6262,-2,6,32,27,
14.6275,-11,-6,14,25,
14.6289,-8,-16,6,18,
14.6302,-3,-2,20,19,
14.6316,-6,9,32,24,
14.633,-2,9,37,31,
14.6344,25,20,31,38,
14.6359,31,40,30,35,
14.6373,31,40,30,35,
14.6387,41,37,39,33,
14.6401,28,27,36,34,
14.6415,28,27,36,34,
14.6429,18,21,27,35,
14.6444,0,0,14,27,
14.6457,-6,-9,23,27,
14.6471,-1,-16,14,26,
14.6485,-10,-14,17,16,
14.6498,6,9,15,15,
14.6513,33,26,32,28,
14.6526,29,33,39,22,
14.654,28,36,32,31,
14.6554,39,36,36,32,
14.6568,39,36,36,32,
14.6581,35,28,42,35,
14.6595,20,24,36,33,
14.6608,16,20,18,25,
14.6622,-3,9,13,19,
14.6635,-7,-4,8,22,
14.6649,0,10,22,22,
14.6663,0,10,22,22,
14.6677,12,6,23,19,
14.669,31,24,33,27,
14.6704,33,27,35,29,
14.6718,43,37,35,31,
14.6732,36,23,45,34,
14.6745,36,23,45,34,
14.6759,37,22,49,26,
14.6772,25,15,44,24,
14.6786,-5,6,32,18,
14.68,-17,4,20,23,
14.6814,-22,5,17,24,
14.6827,-14,7,23,30,
14.6841,-14,7,23,30,
14.6855,4,2,29,30,
14.6868,41,12,37,46,
14.6882,40,31,37,53,
14.6896,50,38,46,47,
14.6909,47,32,50,46,
14.6923,34,33,39,46,
14.6937,10,19,31,39,
14.695,14,-6,28,26,
14.6964,5,-6,25,23,
14.6977,5,-6,25,23,
14.6991,3,-13,15,20,
14.7004,2,-13,17,21,
14.7018,13,-10,19,25,
14.7031,24,-8,23,36,
14.7044,42,14,42,35,
14.7058,51,28,40,31,
14.7072,62,28,43,36,
14.7086,41,31,44,48,
14.71,20,23,39,47,
14.7114,22,14,38,37,
14.7127,15,18,28,27,
14.714,0,7,30,28,
14.7154,-8,4,21,20,
14.7168,-15,-6,29,24,
14.7181,-7,-5,30,26,
14.7195,3,-2,36,21,
14.7208,29,10,36,20,
14.7221,45,34,37,26,
14.7235,64,36,34,30,
14.7249,64,36,34,30,
14.7263,24,25,45,41,
14.7277,19,10,50,43,
14.7291,19,10,50,43,
14.7304,6,8,34,21,
14.7318,-1,-2,28,20,
14.7331,-4,-13,19,15,
14.7345,-4,-13,19,15,
14.7358,15,6,29,16,
14.7372,21,5,31,21,
14.7386,42,19,44,25,
14.7399,68,32,54,39,
14.7413,68,32,54,39,
14.7427,56,40,61,39,
14.7441,43,41,54,38,
14.7455,22,27,33,29,
14.7468,12,12,27,24,
14.7482,10,2,35,27,
14.7495,10,2,35,27,
14.7508,2,7,36,31,
14.7522,-7,-8,34,32,
14.7535,22,3,26,27,
14.7549,26,8,35,30,
14.7562,39,14,34,29,
14.7576,61,18,40,39,
14.759,61,18,40,39,
14.7603,72,27,39,51,
14.7616,47,25,39,51,
14.7629,15,18,44,42,
14.7642,11,4,29,38,
14.7656,9,0,20,41,
14.7669,4,-3,16,32,
14.7683,-6,-15,18,24,
14.7696,-4,-8,33,23,
14.771,25,25,40,38,
14.7724,40,31,48,33,
14.7737,39,31,44,36,
14.775,39,31,44,36,
14.7764,57,38,50,39,
14.7778,44,26,55,43,
14.7791,38,14,43,44,
14.7805,22,5,39,43,
14.7818,14,-5,39,40,
14.7832,14,-5,39,40,
14.7845,-17,-20,38,29,
14.7858,-9,-28,29,25,
14.7873,-13,-17,25,25,
14.7886,31,17,40,30,
14.79,31,17,40,30,
14.7914,31,17,40,30,
14.7928,48,22,51,40,
14.7941,53,20,45,52,
14.7955,36,13,52,41,
14.7968,39,4,55,35,
14.7981,19,-5,55,41,
14.7995,3,-9,36,33,
14.8009,2,-12,25,34,
14.8022,-8,-21,25,19,
14.8035,-2,-23,32,21,
14.8049,-4,-21,26,20,
14.8062,-4,-21,26,20,
14.8076,28,-1,38,44,
14.8089,28,-1,38,44,
14.8103,49,13,37,46,
14.8116,50,9,50,38,
14.813,43,10,55,37,
14.8143,22,13,47,39,
14.8157,21,-1,34,37,
14.8171,9,-20,37,35,
14.8184,-10,-30,29,27,
14.8198,-23,-28,17,30,
14.8213,-7,-24,15,20,
14.8226,-7,-24,15,20,
14.8239,6,-20,26,22,
14.8252,36,-7,38,39,
14.8267,39,-10,44,44,
14.8281,51,-8,40,41,
14.8295,47,1,42,33,
14.8311,47,1,42,33,
14.8325,46,1,32,35,
14.8339,-1,-25,28,25,
14.8353,-4,-35,36,21,
14.8367,-8,-35,31,29,
14.838,-8,-35,31,29,
14.8394,-5,-27,28,31,
14.8408,4,-21,21,31,
14.8421,17,-18,24,39,
14.8436,29,-6,25,44,
14.845,42,7,43,46,
14.8464,38,12,49,41,
14.8477,34,-3,46,45,
14.8491,34,-12,49,46,
14.8504,34,-12,49,46,
14.8518,11,-10,42,32,
14.8532,16,-25,17,28,
14.8546,-15,-27,23,19,
14.8559,-21,-22,20,16,
14.8573,-6,-14,23,19,
14.8586,13,-4,34,23,
14.86,34,5,44,28,
14.8614,31,13,48,36,
14.8627,53,7,53,39,
14.8641,47,3,55,45,
14.8654,43,8,59,47,
14.8668,43,8,59,47,
14.8682,28,11,50,49,
14.8695,13,1,39,36,
14.8709,-9,-22,25,26,
14.8722,-2,-11,23,30,
14.8736,-9,-10,20,31,
14.8749,-9,-10,20,31,
14.8763,32,2,32,32,
14.8777,42,11,40,38,
14.8791,56,8,39,43,
14.8805,57,7,49,45,
14.8818,54,5,46,49,
14.8831,50,3,41,53,
14.8845,27,-1,42,44,
14.8858,6,0,38,37,
14.8872,-2,-3,33,36,
14.8885,-15,-21,33,34,
14.8899,-8,-13,26,18,
14.8912,6,-16,30,15,
14.8926,6,-16,30,15,
14.8939,28,6,35,37,
14.8953,37,12,39,42,
14.8966,43,22,39,51,
14.898,50,23,53,53,
14.8993,46,10,59,47,
14.9006,46,10,59,47,
14.9019,31,5,47,40,
14.9033,12,-4,34,24,
14.9047,6,-6,34,24,
14.906,-12,-9,31,24,
14.9074,-21,-15,26,29,
14.9088,-14,-16,17,31,
14.9101,20,-7,25,25,
14.9115,40,9,28,25,
14.9129,39,23,57,45,
14.9142,39,22,53,42,
14.9156,35,22,53,42,
14.917,40,20,56,37,
14.9183,30,15,62,44,
14.9196,18,-2,54,44,
14.921,1,-13,26,33,
14.9223,-3,-10,20,25,
14.9237,-17,-25,20,24,
14.925,-10,-26,18,27,
14.9263,9,-14,13,28,
14.9277,24,1,15,34,
14.9291,45,17,31,41,
14.9304,45,20,35,34,
14.9318,39,17,45,45,
14.9332,39,17,45,45,
14.9345,25,11,40,38,
14.9359,29,1,36,46,
14.9373,14,3,32,35,
14.9386,1,-22,30,20,
14.94,1,-22,30,20,
14.9413,-8,-20,26,20,
14.9427,-18,-12,25,23,
14.9441,7,1,26,21,
14.9454,7,1,38,22,
14.9468,47,17,41,25,
14.9481,46,16,48,38,
14.9495,46,16,48,38,
14.9509,50,21,58,38,
14.9522,32,9,47,33,
14.9535,26,11,43,27,
14.9549,20,11,44,31,
14.9562,9,9,40,35,
14.9576,-6,8,25,30,
14.9589,-20,2,30,18,
14.9602,-21,1,26,15,
14.9616,1,-5,19,29,
14.963,19,12,28,28,
14.9643,46,20,29,25,
14.9656,57,22,31,25,
14.9669,56,39,44,41,
14.9682,42,42,52,41,
14.9696,33,28,47,35,
14.971,11,12,29,26,
14.9723,11,3,25,34,
14.9736,11,3,25,34,
14.9749,-5,0,24,31,
14.9763,-11,-9,23,17,
14.9776,-4,-9,33,16,
14.979,16,-3,34,16,
14.9803,16,-3,34,16,
14.9817,34,3,37,27,
14.9831,29,24,47,30,
14.9844,48,34,38,40,
14.9857,42,25,34,32,
14.987,39,11,37,33,
14.9884,39,11,37,33,
14.9897,-2,14,24,38,
14.9911,-7,3,29,39,
14.9924,-4,0,28,37,
14.9937,-7,-7,21,31,
14.9951,-5,-9,24,18,
14.9964,-5,-9,24,18,
14.9978,-4,-9,27,22,
14.9992,42,23,45,33,
15.0005,41,18,46,31,
15.0019,45,25,46,36,
15.0032,47,23,41,34,
15.0046,39,21,42,28,
15.0059,39,21,42,28,
15.0073,4,20,38,23,
15.0087,-2,13,44,24,
15.01,-2,13,44,24,
15.0114,-16,2,30,21,
15.0128,-3,2,21,25,
15.0141,13,12,30,31,
15.0155,13,12,30,31,
15.0168,40,23,35,39,
15.0182,50,22,32,44,
15.0197,54,31,39,49,
15.021,46,18,46,36,
15.0224,46,18,46,36,
15.0238,20,10,36,42,
15.0251,11,7,38,35,
15.0265,9,3,43,23,
15.0279,0,-4,38,23,
15.0293,-17,-10,21,25,
15.0307,-1,8,27,27,
15.0321,-1,8,27,27,
15.0335,32,28,41,37,
15.035,40,29,37,47,
15.0364,59,31,38,52,
15.0378,41,28,46,52,
15.0391,31,14,48,48,
15.0405,19,8,19,34,
15.0419,19,8,19,34,
15.0433,2,3,22,34,
15.0447,-16,-2,16,19,
15.0461,-3,4,16,25,
15.0476,-3,1,24,25,
15.0488,7,11,27,28,
15.0502,7,11,27,28,
15.0516,33,29,32,25,
15.053,37,29,35,34,
15.0543,55,35,36,36,
15.0557,53,33,40,40,
15.0571,32,23,30,42,
15.0584,17,13,31,30,
15.0598,10,8,30,18,
15.0611,8,7,21,30,
15.0625,-13,1,17,19,
15.0639,2,2,19,30,
15.0652,2,2,19,30,
15.0666,20,10,24,25,
15.068,20,10,24,25,
15.0693,26,15,33,28,
15.0707,34,28,41,29,
15.072,45,22,38,42,
15.0734,44,18,29,49,
15.0748,44,18,29,49,
15.0761,18,20,28,24,
15.0775,7,16,27,33,
15.0789,-4,6,32,32,
15.0802,-19,-14,12,21,
15.0816,-19,-14,12,21,
15.083,5,5,6,21,
15.0843,28,24,19,16,
15.0857,32,29,37,20,
15.087,34,27,33,33,
15.0884,42,25,38,35,
15.0897,26,19,36,47,
15.091,22,13,40,50,
15.0924,22,13,40,50,
15.0937,2,-2,25,35,
15.095,5,-2,27,35,
15.0964,-1,-5,27,27,
15.0977,-8,-13,9,25,
15.0991,5,1,13,32,
15.1005,5,1,13,32,
15.1018,26,5,23,35,
15.1032,27,20,32,31,
15.1046,39,24,24,35,
15.1059,55,23,25,36,
15.1072,27,20,27,39,
15.1086,27,20,27,39,
15.11,28,14,32,35,
15.1113,18,4,35,35,
15.1127,8,12,29,33,
15.114,4,3,17,25,
15.1153,-4,-2,13,18,
15.1167,3,-9,22,12,
15.1181,13,-6,27,15,
15.1195,24,5,29,34,
15.1208,40,27,33,41,
15.1222,53,36,37,45,
15.1236,47,30,37,47,
15.1249,35,23,41,38,
15.1263,35,23,41,38,
15.1276,21,11,37,31,
15.129,15,16,31,26,
15.1303,12,1,21,35,
15.1317,-16,-13,10,32,
15.133,-12,-23,10,27,
15.1344,-14,-18,7,25,
15.1357,6,-1,15,25,
15.137,23,14,30,31,
15.1383,39,22,29,47,
15.1397,43,31,31,43,
15.1411,43,31,31,43,
15.1425,43,19,31,34,
15.1438,40,6,20,34,
15.1452,26,2,10,34,
15.1466,9,-3,12,32,
15.1479,-2,-20,16,24,
15.1493,-15,-25,5,24,
15.1506,-15,-25,5,24,
15.152,-4,-13,11,33,
15.1533,17,-1,15,37,
15.1546,31,11,17,42,
15.156,44,22,18,42,
15.1574,57,24,29,40,
15.1588,50,15,21,41,
15.1601,50,15,21,41,
15.1615,29,-6,10,42,
15.1629,14,-11,12,34,
15.1643,3,-10,16,34,
15.1656,-11,-15,-3,37,
15.167,-6,-22,-12,34,
15.1684,-6,-22,-12,34,
15.1697,9,-16,3,26,
15.1711,9,-16,3,26,
15.1724,25,0,15,42,
15.1737,35,13,10,52,
15.1751,53,15,20,55,
15.1765,53,15,20,55,
15.1778,50,3,24,61,
15.1792,26,4,16,46,
15.1805,8,2,6,33,
15.1818,-7,-11,2,30,
15.1832,-12,-26,-5,29,
15.1846,-12,-26,-5,29,
15.1859,-2,-24,-8,25,
15.1873,-2,-24,-8,25,
15.1887,19,8,18,30,
15.19,27,12,16,36,
15.1914,46,12,19,34,
15.1927,38,26,16,41,
15.1941,38,26,16,41,
15.1954,32,9,14,43,
15.1968,23,-4,14,41,
15.1981,1,-5,3,49,
15.1994,-5,-14,8,42,
15.2008,-7,-24,-2,34,
15.2022,-7,-24,-2,34,
15.2035,-10,-30,5,27,
15.2049,-13,-21,3,27,
15.2062,44,6,8,43,
15.2076,45,20,10,49,
15.209,37,23,24,46,
15.2103,36,23,23,43,
15.2117,28,17,13,42,
15.213,24,13,12,50,
15.2144,3,-2,-1,39,
15.2158,1,-3,-4,26,
15.2171,1,-3,-4,26,
15.2185,-20,-9,-1,26,
15.2199,-26,-7,2,31,
15.2212,-5,-15,-6,31,
15.2226,0,-4,4,34,
15.2239,26,21,10,51,
15.2252,37,19,19,49,
15.2266,37,19,19,49,
15.228,54,22,14,58,
15.2293,36,21,15,57,
15.2306,28,17,18,57,
15.232,24,9,7,53,
15.2333,11,8,3,46,
15.2347,11,8,3,46,
15.2361,12,5,1,43,
15.2375,0,-11,1,28,
15.2389,3,-18,-3,38,
15.2403,28,-2,11,49,
15.2416,41,27,17,49,
15.243,40,18,17,48,
15.2445,54,26,24,54,
15.2461,56,26,20,51,
15.2476,52,8,9,46,
15.2489,30,3,11,47,
15.2503,10,-7,17,39,
15.2517,10,-7,17,39,
15.253,-1,-21,1,48,
15.2544,-11,-10,5,49,
15.2557,-6,-1,0,45,
15.2571,32,8,10,46,
15.2585,40,11,16,49,
15.2598,40,11,16,49,
15.2612,51,26,17,56,
15.2625,68,32,16,65,
15.2639,55,25,24,69,
15.2653,38,23,17,71,
15.2666,25,17,12,57,
15.268,12,11,-2,47,
15.2693,12,11,-2,47,
15.2707,-9,-10,-8,32,
15.2721,4,-12,-4,31,
15.2734,18,-3,1,38,
15.2747,24,6,-2,48,
15.276,44,14,3,56,
15.2774,43,28,15,55,
15.2787,43,28,15,55,
15.2801,49,30,21,70,
15.2814,40,22,21,68,
15.2828,40,24,19,62,
15.2841,24,16,18,63,
15.2854,11,5,21,59,
15.2868,-1,3,15,42,
15.2882,-4,-5,1,30,
15.2895,-1,-21,0,30,
15.2909,15,-5,-3,37,
15.2924,15,-5,-3,37,
15.2937,31,18,6,47,
15.2951,54,21,18,54,
15.2965,54,21,18,54,
15.2978,66,24,21,63,
15.2992,45,30,13,65,
15.3006,45,30,13,65,
15.3019,9,17,4,51,
15.3032,12,11,-2,52,
15.3046,2,6,-1,57,
15.3059,-7,1,-1,54,
15.3073,-1,11,1,46,
15.3087,11,14,-2,46,
15.31,36,11,-2,48,
15.3114,46,28,17,59,
15.3127,55,30,15,67,
15.3141,71,22,19,69,
15.3155,45,27,17,67,
15.3168,45,27,17,67,
15.3182,29,17,9,67,
15.3196,12,15,1,56,
15.3209,14,-2,-1,51,
15.3223,1,-9,-1,43,
15.3236,9,-7,-6,34,
15.3249,11,9,11,27,
15.3264,9,14,11,27,
15.3278,9,14,11,27,
15.3292,27,30,15,55,
15.3306,39,24,15,67,
15.332,40,24,13,79,
15.3334,40,24,13,79,
15.3347,26,34,11,69,
15.3361,19,22,14,52,
15.3374,5,12,24,49,
15.3388,-4,12,23,44,
15.3401,-4,12,23,44,
15.3415,-4,5,3,20,
15.3428,11,-3,-1,23,
15.3442,11,-3,-1,23,
15.3456,56,24,17,47,
15.3471,49,32,23,47,
15.3485,48,42,23,51,
15.3498,51,26,20,61,
15.3513,36,26,13,54,
15.3526,36,26,13,54,
15.3539,13,22,1,50,
15.3553,15,13,8,42,
15.3566,13,-3,19,33,
15.3579,5,-6,13,28,
15.3593,-7,7,0,28,
15.3607,-7,7,0,28,
15.362,3,6,9,40,
15.3633,34,29,23,45,
15.3647,46,31,10,50,
15.366,57,24,22,53,
15.3675,48,24,20,55,
15.3689,35,24,10,56,
15.3702,18,11,10,42,
15.3716,7,-5,5,36,
15.3729,-2,3,7,39,
15.3743,-10,4,1,34,
15.3756,-16,-8,4,27,
15.377,21,5,7,28,
15.3783,21,5,7,28,
15.3797,18,24,17,34,
15.3811,36,35,9,49,
15.3824,36,35,9,49,
15.3838,47,40,20,58,
15.3851,42,26,22,52,
15.3865,28,25,25,40,
15.3879,28,25,25,40,
15.3892,9,17,13,29,
15.3905,5,1,4,36,
15.3918,-13,-3,-2,25,
15.3932,2,7,-6,19,
15.3946,13,7,-3,18,
15.396,13,7,-3,18,
15.3973,13,7,-3,18,
15.3987,42,18,25,36,
15.4001,53,19,24,43,
15.4015,63,33,17,53,
15.4029,52,25,10,56,
15.4043,17,17,22,42,
15.4056,17,17,22,42,
15.407,16,-2,13,36,
15.4083,3,-3,8,37,
15.4097,0,-6,0,27,
15.4111,-4,-5,-1,31,
15.4124,5,0,6,25,
15.4138,5,0,6,25,
15.4152,20,9,15,23,
15.4165,54,33,17,35,
15.4178,53,36,29,50,
15.4192,43,30,38,58,
15.4206,34,17,27,40,
15.4219,34,17,27,40,
15.4233,13,17,20,37,
15.4246,0,2,2,24,
15.426,0,2,2,24,
15.4274,-15,0,8,21,
15.4287,-1,0,2,17,
15.4301,17,3,7,20,
15.4317,26,21,7,26,
15.4331,35,34,28,41,
15.4344,40,40,32,45,
15.4359,55,40,25,43,
15.4372,53,30,29,41,
15.4386,32,25,34,39,
15.4399,23,13,25,41,
15.4414,15,5,13,35,
15.4428,8,6,17,30,
15.4442,-10,-4,15,28,
15.4456,-7,5,14,20,
15.4471,15,9,13,19,
15.4484,15,9,13,19,
15.4498,32,34,17,23,
15.4512,32,34,17,23,
15.4526,45,38,18,34,
15.4539,48,34,30,29,
15.4554,29,32,36,35,
15.4568,18,14,31,31,
15.4581,3,3,19,26,
15.4594,3,3,19,26,
15.4608,-6,-7,10,14,
15.4621,-11,5,11,23,
15.4635,-11,5,11,23,
15.4648,7,3,14,33,
15.4661,16,3,9,37,
15.4675,40,26,9,27,
15.4688,47,28,15,27,
15.4701,44,32,29,34,
15.4715,48,36,35,36,
15.4728,29,30,29,46,
15.4741,19,21,26,35,
15.4755,19,21,26,35,
15.4768,4,20,15,28,
15.4782,-1,12,11,17,
15.4795,-6,-5,16,15,
15.4809,6,-1,9,16,
15.4822,17,14,12,23,
15.4835,37,30,19,25,
15.4849,37,30,19,25,
15.4863,50,18,23,33,
15.4876,52,23,29,36,
15.489,37,32,30,35,
15.4903,21,37,23,32,
15.4917,21,37,23,32,
15.4929,9,34,17,32,
15.4942,8,22,11,35,
15.4956,-10,2,6,14,
15.497,-7,-5,-2,12,
15.4983,-7,-5,-2,12,
15.4996,-1,7,7,22,
15.5009,17,22,12,28,
15.5023,40,38,12,34,
15.5036,49,28,18,28,
15.505,59,43,14,45,
15.5063,47,42,18,49,
15.5076,47,42,18,49,
15.5089,22,20,11,31,
15.5103,18,18,13,35,
15.5116,0,15,19,25,
15.5129,-10,9,24,9,
15.5142,-8,6,16,7,
15.5156,-8,6,16,7,
15.517,-9,4,12,5,
15.5183,38,24,17,34,
15.5197,47,32,28,33,
15.5211,44,32,38,32,
15.5224,58,37,36,34,
15.5238,44,23,30,41,
15.5251,41,22,22,41,
15.5265,29,16,17,33,
15.5279,10,8,19,18,
15.5292,-9,-1,14,21,
15.5306,-9,-1,14,21,
15.532,-1,-8,10,27,
15.5333,-1,-8,13,16,
15.5347,1,1,4,13,
15.5361,37,22,16,34,
15.5374,42,18,16,38,
15.5388,45,29,23,43,
15.5401,45,29,23,43,
15.5415,53,27,24,41,
15.5428,48,28,12,34,
15.5442,31,31,16,21,
15.5455,13,17,12,19,
15.5469,13,17,12,19,
15.5483,13,17,12,19,
15.5497,-6,2,12,20,
15.551,5,5,9,17,
15.5524,24,4,20,21,
15.5537,42,48,23,39,
15.5551,42,48,23,39,
15.5565,44,45,25,39,
15.5578,44,43,28,40,
15.5592,27,38,31,33,
15.5606,25,32,32,34,
15.562,11,19,21,35,
15.5633,10,18,21,25,
15.5647,2,7,8,13,
15.566,2,7,8,13,
15.5674,10,16,16,7,
15.5688,19,16,18,15,
15.5701,36,29,26,19,
15.5715,49,42,28,25,
15.5729,52,43,19,34,
15.5742,68,51,28,35,
15.5756,66,46,31,34,
15.577,47,36,31,39,
15.5784,26,21,23,39,
15.5797,13,18,15,12,
15.5811,16,14,10,14,
15.5825,-7,8,11,16,
15.5839,-10,13,17,11,
15.5852,-10,13,17,11,
15.5866,5,23,28,13,
15.588,23,28,17,23,
15.5893,35,39,32,20,
15.5907,58,44,37,36,
15.592,62,36,37,38,
15.5934,44,27,29,33,
15.5947,35,29,33,35,
15.5961,30,31,31,28,
15.5975,7,17,14,24,
15.5988,4,9,10,18,
15.6002,11,8,12,9,
15.6016,11,8,12,9,
15.603,6,2,10,7,
15.6043,12,3,8,15,
15.6056,29,20,20,24,
15.607,43,37,26,25,
15.6083,44,39,39,36,
15.6096,44,39,39,36,
15.6109,45,28,36,35,
15.6123,22,28,22,19,
15.6136,13,19,8,20,
15.615,17,15,22,13,
15.6163,2,8,13,6,
15.6176,-4,-4,3,4,
15.619,-4,-4,3,4,
15.6203,-5,1,5,8,
15.6216,18,27,28,12,
15.623,25,34,33,15,
15.6244,36,35,37,26,
15.6257,54,33,32,37,
15.6272,61,29,30,43,
15.6286,53,30,28,32,
15.63,30,17,18,28,
15.6315,22,16,15,16,
15.6329,8,21,9,13,
15.6343,8,21,9,13,
15.6357,-9,17,-3,8,
15.6371,4,20,-1,5,
15.6385,29,21,6,11,
15.6398,36,28,17,24,
15.6412,46,33,24,25,
15.6426,62,35,19,25,
15.644,69,51,23,33,
15.6454,57,29,16,31,
15.6468,51,26,12,19,
15.6481,20,23,13,19,
15.6495,10,21,17,17,
15.651,10,21,17,17,
15.6523,5,13,17,14,
15.6536,-2,18,8,10,
15.655,22,21,8,19,
15.6563,35,22,13,20,
15.6576,35,22,13,20,
15.659,65,38,27,30,
15.6603,68,46,22,25,
15.6616,74,36,29,30,
15.663,42,26,36,27,
15.6644,26,15,18,27,
15.6657,26,15,18,27,
15.6671,14,18,16,22,
15.6684,5,10,18,12,
15.6698,3,7,12,9,
15.6712,11,1,16,15,
15.6725,12,25,7,9,
15.6738,12,25,7,9,
15.6752,53,33,15,15,
15.6765,58,46,31,21,
15.6779,78,37,23,29,
15.6792,66,42,22,25,
15.6805,48,38,23,21,
15.6819,29,40,23,20,
15.6832,29,40,23,20,
15.6846,28,22,16,18,
15.6859,12,7,12,11,
15.6873,9,-7,9,12,
15.6887,15,-3,13,4,
15.69,16,12,19,5,
15.6913,23,18,19,13,
15.6927,50,28,17,13,
15.694,73,38,28,22,
15.6954,68,40,30,30,
15.6967,55,43,37,27,
15.698,55,43,37,27,
15.6994,42,40,31,25,
15.7007,34,21,20,14,
15.7021,21,22,13,15,
15.7034,18,23,11,19,
15.7048,3,13,11,-4,
15.7061,16,25,7,2,
15.7076,19,27,9,10,
15.709,45,34,9,21,
15.7103,56,43,21,30,
15.7117,61,44,28,28,
15.713,66,44,34,35,
15.7143,58,41,37,26,
15.7157,59,41,28,16,
15.717,59,41,28,16,
15.7184,43,24,20,24,
15.7197,26,15,19,17,
15.721,15,2,13,11,
15.7224,22,5,15,2,
15.7237,22,5,15,2,
15.7251,37,17,21,6,
15.7264,56,29,21,17,
15.7278,61,28,24,21,
15.7292,70,34,29,31,
15.7306,58,29,24,32,
15.732,58,29,24,32,
15.7333,51,33,19,33,
15.7346,42,33,23,36,
15.736,25,20,21,7,
15.7374,20,17,23,9,
15.7387,20,17,23,9,
15.7401,14,20,13,6,
15.7414,10,16,10,8,
15.7428,31,22,19,8,
15.7442,59,39,23,29,
15.7455,59,39,23,29,
15.7469,70,38,29,30,
15.7482,70,46,23,29,
15.7496,53,39,30,22,
15.751,50,40,21,19,
15.7523,50,40,21,19,
15.7537,32,28,26,13,
15.755,28,13,22,3,
15.7564,21,14,11,-3,
15.7577,13,20,-1,4,
15.7591,22,25,6,14,
15.7605,22,25,6,14,
15.7618,29,25,22,24,
15.7632,57,40,39,33,
15.7645,75,44,42,37,
15.7658,64,37,38,34,
15.7672,61,39,26,30,
15.7685,40,36,17,26,
15.7698,17,24,15,16,
15.7712,16,28,21,6,
15.7726,1,18,21,-1,
15.7739,1,18,21,-1,
15.7753,1,18,21,-1,
15.7767,10,17,13,0,
15.7779,28,22,18,3,
15.7793,52,25,22,6,
15.7807,51,27,29,9,
15.782,64,28,44,11,
15.7833,66,38,44,20,
15.7846,52,44,42,26,
15.7859,28,21,24,34,
15.7873,20,20,17,26,
15.7887,20,20,17,26,
15.7899,22,17,15,27,
15.7913,7,14,13,-2,
15.7926,7,14,13,-2,
15.794,4,15,21,-2,
15.7954,41,23,19,20,
15.7968,58,42,20,18,
15.7981,64,47,31,23,
15.7995,65,47,36,23,
15.8009,58,41,31,24,
15.8022,53,33,19,20,
15.8036,40,23,25,16,
15.8049,13,18,23,12,
15.8063,5,10,13,6,
15.8077,1,19,14,6,
15.809,1,17,15,4,
15.8104,13,16,8,-3,
15.8117,27,15,9,5,
15.813,43,31,25,19,
15.8144,45,35,30,19,
15.8157,51,41,24,17,
15.8171,61,36,26,20,
15.8185,61,36,26,20,
15.8199,57,34,34,22,
15.8213,23,36,26,6,
15.8227,28,26,14,4,
15.824,30,22,21,2,
15.8252,30,22,21,2,
15.8266,4,15,10,-6,
15.828,1,27,13,-6,
15.8293,19,36,13,0,
15.8306,51,50,23,13,
15.8319,51,50,23,13,
15.8333,57,46,28,8,
15.8346,57,46,28,8,
15.836,66,35,36,18,
15.8373,50,43,35,15,
15.8386,41,44,16,1,
15.84,18,42,14,2,
15.8414,27,37,10,-1,
15.8428,16,29,4,-4,
15.8442,-9,22,12,-4,
15.8456,16,27,7,2,
15.8469,36,31,15,-2,
15.8483,36,31,15,-2,
15.8496,54,42,23,9,
15.851,55,39,35,12,
15.8524,55,39,35,12,
15.8537,68,31,41,-1,
15.8551,53,29,37,-4,
15.8565,38,27,23,5,
15.8578,19,17,10,4,
15.8594,19,17,10,4,
15.8607,14,6,10,-13,
15.862,6,10,9,-3,
15.8634,6,10,9,-3,
15.8647,25,17,14,-2,
15.8661,54,35,20,13,
15.8674,58,37,31,10,
15.8688,58,37,31,10,
15.8701,64,47,30,14,
15.8715,56,29,28,14,
15.8728,37,24,23,2,
15.8741,24,16,25,7,
15.8755,16,22,23,5,
15.8769,8,22,21,-12,
15.8782,8,22,21,-12,
15.8796,6,21,0,-4,
15.8809,19,25,5,-6,
15.8823,35,29,15,2,
15.8836,54,32,20,8,
15.885,70,43,19,10,
15.8864,68,45,26,23,
15.8877,59,35,23,29,
15.8891,58,32,32,21,
15.8905,27,16,27,12,
15.8919,17,14,27,4,
15.8932,23,14,15,2,
15.8946,23,14,15,2,
15.8959,3,10,13,4,
15.8973,9,6,9,-2,
15.8986,37,14,15,0,
15.9,37,14,15,0,
15.9013,50,25,26,2,
15.9026,57,40,28,11,
15.904,57,37,35,15,
15.9054,51,40,28,13,
15.9067,30,22,11,3,
15.9081,30,22,11,3,
15.9094,17,23,7,-1,
15.9107,3,29,5,1,
15.9121,0,23,5,-9,
15.9134,0,23,5,-9,
15.9148,8,22,14,-18,
15.9163,21,23,10,-12,
15.9176,35,22,9,1,
15.919,59,38,12,13,
15.9204,61,55,31,16,
15.9218,50,36,35,9,
15.9231,44,37,31,5,
15.9245,30,35,25,6,
15.9258,22,34,26,3,
15.9272,24,22,26,-5,
15.9285,11,16,21,-11,
15.9298,11,16,21,-11,
15.9312,11,21,15,-1,
15.9326,3,27,10,2,
15.9339,20,37,9,-4,
15.9353,34,41,11,3,
15.9367,50,46,14,10,
15.9381,64,49,35,19,
15.9395,57,45,38,9,
15.9409,57,45,38,9,
15.9422,36,28,17,8,
15.9436,15,32,13,2,
15.945,12,26,13,-5,
15.9464,2,26,4,-6,
15.9478,-7,13,10,-11,
15.9492,-1,6,21,-11,
15.9506,12,24,28,-2,
15.9519,24,28,30,0,
15.9533,44,42,26,2,
15.9546,56,51,24,20,
15.956,56,51,24,20,
15.9574,42,34,18,18,
15.9588,44,40,19,10,
15.9602,15,36,15,3,
15.9615,13,28,24,-3,
15.9629,9,14,14,1,
15.9642,-14,16,-2,-4,
15.9656,-14,16,-2,-4,
15.967,1,8,19,-11,
15.9684,13,21,26,-6,
15.9697,29,34,30,5,
15.9711,49,42,25,4,
15.9724,55,54,22,5,
15.9737,50,44,23,13,
15.9751,46,35,29,10,
15.9764,29,29,9,-2,
15.9778,29,29,9,-2,
15.9791,15,20,10,0,
15.9805,15,29,16,4,
15.9818,7,18,20,-12,
15.9832,-5,5,19,-14,
15.9845,-13,14,8,-16,
15.9858,28,25,22,-4,
15.9872,49,31,23,13,
15.9885,56,36,21,19,
15.9899,70,39,34,21,
15.9913,60,37,24,14,
15.9926,49,40,31,8,
15.994,33,23,22,-3,
15.9954,33,23,22,-3,
15.9967,33,23,22,-3,
15.9981,22,19,24,-7,
15.9995,-4,26,9,-11,
16.0008,-11,21,6,-8,
16.0021,-12,22,21,-7,
16.0035,48,36,36,5,
16.0049,48,36,36,5,
16.0062,44,22,45,12,
16.0076,45,51,31,15,
16.009,45,51,31,14,
16.0103,43,49,27,14,
16.0117,13,34,18,13,
16.0131,13,34,18,13,
16.0144,16,24,20,6,
16.0157,15,23,28,0,
16.0171,-7,30,20,-11,
16.0185,2,16,21,-16,
16.0198,6,15,22,-3,
16.0212,21,27,28,7,
16.0226,34,37,31,5,
16.0239,38,35,32,3,
16.0253,47,38,34,16,
16.0267,47,38,34,16,
16.0281,35,34,27,25,
16.0295,20,38,22,16,
16.0308,12,37,21,7,
16.0322,17,20,22,7,
16.0335,1,19,15,-2,
16.0349,-4,9,6,-17,
16.0362,20,28,9,-22,
16.0376,38,41,21,-18,
16.039,53,44,26,-7,
16.0404,54,39,16,9,
16.0418,54,39,16,9,
16.0434,52,39,22,21,
16.0448,47,37,30,29,
16.0461,27,29,25,7,
16.0475,24,23,20,5,
16.0489,6,27,20,0,
16.0502,-9,15,6,-4,
16.0516,-9,15,6,-4,
16.0529,-16,7,5,-10,
16.0542,-13,12,7,-8,
16.0556,30,29,23,19,
16.057,38,30,28,24,
16.0583,38,30,28,24,
16.0598,60,41,21,31,
16.0611,43,40,17,31,
16.0625,30,45,25,26,
16.0639,13,25,13,14,
16.0652,13,25,13,14,
16.0666,6,22,14,14,
16.0679,-5,16,15,6,
16.0693,-7,6,12,-4,
16.0707,-9,19,16,-3,
16.072,16,19,15,2,
16.0734,35,23,10,6,
16.0747,35,23,10,6,
16.076,40,31,24,10,
16.0774,43,32,17,18,
16.0788,31,35,26,23,
16.0801,20,33,25,28,
16.0815,15,22,22,26,
16.0828,15,22,22,26,
16.0841,15,13,24,20,
16.0855,0,22,23,12,
16.0869,-6,13,10,5,
16.0882,-1,24,14,-9,
16.0896,19,31,13,-2,
16.091,42,26,12,11,
16.0923,37,23,16,20,
16.0937,35,34,22,32,
16.095,44,44,19,29,
16.0964,39,39,16,27,
16.0977,22,33,20,24,
16.0991,14,32,28,24,
16.1005,-1,22,26,18,
16.1019,-3,21,26,20,
16.1032,6,19,26,23,
16.1046,-6,0,20,-2,
16.1059,-7,9,14,-7,
16.1074,18,28,22,-4,
16.1088,37,33,35,5,
16.1101,35,35,34,23,
16.1115,40,52,41,24,
16.1128,34,46,32,22,
16.1142,31,31,33,29,
16.1155,21,29,32,22,
16.1169,10,33,26,25,
16.1182,-2,33,29,31,
16.1196,-4,33,16,19,
16.1209,-18,22,9,10,
16.1222,-7,17,12,6,
16.1236,-7,17,12,6,
16.125,17,31,18,15,
16.1264,49,35,21,16,
16.1277,56,46,28,18,
16.1291,59,47,33,28,
16.1304,35,43,30,22,
16.1318,35,43,30,22,
16.1331,27,38,30,16,
16.1346,-2,27,17,9,
16.1361,5,20,9,13,
16.1374,-4,12,6,15,
16.1387,-8,6,9,6,
16.1401,-11,2,20,1,
16.1414,0,24,20,3,
16.1428,28,35,27,6,
16.1442,40,39,20,26,
16.1456,54,40,23,34,
16.1469,54,40,23,34,
16.1483,27,37,38,29,
16.1497,22,22,32,24,
16.151,9,16,24,29,
16.1524,3,18,18,24,
16.1537,3,18,18,24,
16.155,-15,12,23,21,
16.1563,-16,-5,20,22,
16.1577,0,9,8,15,
16.159,27,16,17,19,
16.1604,36,33,34,26,
16.1617,37,38,29,27,
16.1631,45,42,33,34,
16.1645,53,48,37,26,
16.1658,33,27,31,31,
16.1671,17,23,26,29,
16.1685,17,23,26,29,
16.1698,10,18,28,26,
16.1712,9,12,31,24,
16.1726,-5,7,21,12,
16.1739,-4,8,12,6,
16.1753,-2,11,16,4,
16.1766,14,12,16,3,
16.1779,30,30,23,11,
16.1793,49,30,34,36,
16.1807,43,33,40,34,
16.1821,34,35,39,32,
16.1834,27,30,40,33,
16.1848,27,17,28,34,
16.1861,9,18,21,21,
16.1875,9,18,21,21,
16.1889,11,12,23,13,
16.1902,-1,-2,23,2,
16.1916,5,9,8,1,
16.193,-2,26,15,3,
16.1943,11,23,20,12,
16.1957,25,41,19,22,
16.197,45,31,40,34,
16.1984,36,27,42,29,
16.1998,37,29,43,29,
16.2011,27,22,33,24,
16.2024,20,17,24,19,
16.2038,13,11,29,20,
16.2052,13,11,29,20,
16.2065,-2,5,9,18,
16.2079,-2,5,9,18,
16.2092,3,17,9,9,
16.2106,21,3,18,10,
16.212,25,21,21,27,
16.2134,30,24,33,27,
16.2147,39,25,31,25,
16.216,44,29,29,32,
16.2173,43,24,36,26,
16.2187,36,17,31,18,
16.2201,-2,31,16,28,
16.2214,-4,13,14,20,
16.2228,-4,13,14,20,
16.2242,-9,3,17,11,
16.2255,-11,10,18,1,
16.2269,-4,1,20,7,
16.2283,18,20,23,8,
16.2297,26,30,29,16,
16.2311,26,30,29,16,
16.2324,43,27,24,21,
16.2338,34,25,27,19,
16.2354,27,24,38,17,
16.2367,17,21,33,10,
16.2382,5,22,23,16,
16.2397,11,28,18,23,
16.2412,5,19,24,15,
16.2426,-10,0,10,7,
16.244,-4,12,18,10,
16.2454,5,17,17,11,
16.2468,33,34,15,11,
16.2482,36,26,14,11,
16.2496,44,26,21,19,
16.2509,44,26,21,19,
16.2522,40,38,30,31,
16.2536,19,41,25,21,
16.255,9,25,20,20,
16.2563,0,13,12,14,
16.2576,0,13,12,14,
16.2591,-20,12,5,-5,
16.2604,-25,6,3,-8,
16.2617,13,14,9,7,
16.2631,23,29,15,9,
16.2645,30,38,22,13,
16.2658,33,44,29,19,
16.2672,33,44,29,19,
16.2686,43,38,27,30,
16.2699,19,50,22,27,
16.2713,17,45,19,30,
16.2726,-1,32,12,32,
16.274,-7,26,14,27,
16.2754,-18,28,20,26,
16.2767,-27,17,19,14,
16.278,-21,19,20,2,
16.2794,1,25,20,1,
16.2808,1,25,20,1,
16.2821,29,28,28,10,
16.2835,34,22,33,17,
16.2849,32,26,32,18,
16.2862,35,37,39,28,
16.2876,23,32,37,17,
16.289,15,19,29,14,
16.2903,-9,12,23,16,
16.2916,-9,12,23,16,
16.293,-11,17,17,13,
16.2944,-24,9,7,11,
16.2958,-24,9,7,11,
16.2972,-7,18,6,10,
16.2985,17,22,16,6,
16.2999,27,32,22,7,
16.3013,18,45,19,10,
16.3027,33,44,31,28,
16.304,26,42,34,28,
16.3054,12,42,31,21,
16.3068,3,25,24,13,
16.3081,-15,14,18,9,
16.3095,-15,14,18,9,
16.3109,-17,9,21,10,
16.3122,-17,1,12,8,
16.3136,-16,28,13,-7,
16.315,-3,31,26,3,
16.3163,14,27,25,16,
16.3176,14,27,25,16,
16.319,38,32,23,16,
16.3203,30,46,29,17,
16.3216,29,49,31,9,
16.323,-11,32,20,12,
16.3244,-15,36,15,4,
16.3257,-15,36,15,4,
16.3271,-15,36,15,4,
16.3284,-36,19,17,-6,
16.3297,-43,10,17,-8,
16.3311,-30,12,20,3,
16.3324,10,34,20,2,
16.3337,10,34,20,2,
16.3351,25,47,26,17,
16.3364,45,67,29,22,
16.3378,23,62,29,19,
16.3392,14,56,32,26,
16.3406,-2,56,32,22,
16.342,-2,56,32,22,
16.3433,-1,48,23,20,
16.3447,-8,49,22,19,
16.346,-38,37,10,-2,
16.3474,-40,30,17,-8,
16.3487,-16,41,20,1,
16.3501,4,56,34,13,
16.3515,8,67,32,27,
16.3528,20,72,30,25,
16.3541,20,56,32,31,
16.3556,19,51,28,37,
16.3569,19,51,28,37,
16.3582,18,47,33,29,
16.3596,5,49,37,21,
16.361,-2,42,35,20,
16.3623,-15,45,25,27,
16.3637,-27,47,16,4,
16.3651,-32,39,17,7,
16.3665,-32,39,17,7,
16.3678,-4,63,23,3,
16.3692,18,63,36,8,
16.3705,26,64,45,19,
16.3719,22,76,44,23,
16.3733,8,59,44,20,
16.3746,5,50,33,23,
16.376,-12,55,20,22,
16.3773,-15,42,24,21,
16.3787,-14,37,32,29,
16.3801,-12,43,26,13,
16.3814,-33,41,25,1,
16.3827,-25,47,25,-5,
16.3841,-25,47,25,-5,
16.3855,1,60,26,7,
16.3868,1,60,26,7,
16.3883,8,67,29,14,
16.3896,19,65,38,28,
16.391,4,57,31,32,
16.3923,4,57,31,32,
16.3937,-8,59,29,21,
16.395,-18,51,9,20,
16.3964,-20,44,22,6,
16.3977,-43,39,25,2,
16.3991,-37,47,26,-3,
16.4004,-37,47,26,-3,
16.4017,-37,47,26,-3,
16.4031,7,65,36,5,
16.4044,15,76,40,15,
16.4058,6,70,33,20,
16.4072,26,79,39,28,
16.4086,10,89,32,15,
16.41,10,89,32,15,
16.4114,-14,62,26,7,
16.4128,-14,59,21,10,
16.4141,-45,53,23,3,
16.4155,-50,47,20,4,
16.4169,-39,45,15,8,
16.4182,-25,58,18,12,
16.4196,-25,58,18,12,
16.4209,4,88,33,22,
16.4223,4,81,42,19,
16.4236,18,86,50,30,
16.425,-6,92,47,25,
16.4264,-6,92,47,25,
16.4278,-17,82,39,29,
16.4292,-41,67,21,7,
16.4306,-34,61,19,7,
16.4321,-34,61,19,7,
16.4336,-53,38,16,-4,
16.4352,-53,38,16,-4,
16.4366,-34,68,26,-4,
16.438,-14,76,33,1,
16.4394,1,74,28,9,
16.4408,27,88,40,25,
16.4422,21,78,44,17,
16.4436,-7,65,42,15,
16.445,-7,65,42,15,
16.4464,-17,54,34,8,
16.4478,-10,63,19,6,
16.4492,-25,59,15,6,
16.4505,-47,49,23,4,
16.4519,-47,49,24,-3,
16.4532,-30,54,26,-4,
16.4546,-7,62,32,10,
16.456,6,72,30,25,
16.4574,17,80,25,32,
16.4587,17,80,25,32,
16.4601,3,75,40,33,
16.4614,3,74,38,22,
16.4627,2,64,33,16,
16.4641,-18,57,32,8,
16.4654,-30,59,35,2,
16.4668,-43,38,22,2,
16.4681,-38,38,18,8,
16.4695,-38,38,18,8,
16.4708,-7,45,16,10,
16.4722,20,58,20,14,
16.4736,10,57,33,14,
16.475,28,66,40,32,
16.4763,28,66,40,32,
16.4777,28,66,40,32,
16.4791,17,61,30,22,
16.4804,-4,55,23,21,
16.4817,-18,49,25,13,
16.4831,-25,47,25,17,
16.4845,-36,45,22,13,
16.4859,-47,43,21,11,
16.4873,-42,48,15,8,
16.4887,3,66,28,6,
16.4901,9,62,33,15,
16.4914,3,67,42,27,
16.4927,25,65,46,34,
16.494,25,65,46,34,
16.4954,13,64,36,24,
16.4968,-8,58,22,23,
16.4981,-17,51,21,20,
16.4995,-17,51,21,16,
16.5008,-24,46,23,7,
16.5022,-42,44,21,5,
16.5035,-36,48,16,9,
16.5049,-17,46,17,17,
16.5063,19,64,38,25,
16.5077,9,66,35,27,
16.5091,9,66,35,27,
16.5104,14,78,42,19,
16.5118,17,83,48,23,
16.5132,6,74,46,31,
16.5145,2,56,34,15,
16.5159,-16,48,28,10,
16.5172,-16,48,28,10,
16.5186,-14,44,31,5,
16.5199,-27,28,23,8,
16.5212,-18,36,18,8,
16.5226,-14,42,20,1,
16.524,9,70,25,17,
16.5254,9,70,25,17,
16.5267,9,70,25,17,
16.5281,35,79,30,37,
16.5296,18,66,26,34,
16.5311,11,60,36,32,
16.5324,-9,53,36,21,
16.5337,-9,53,36,21,
16.5351,-15,41,24,19,
16.5364,-31,29,23,8,
16.5378,-21,41,26,12,
16.5392,-17,44,22,10,
16.5406,-7,49,28,11,
16.542,15,53,32,25,
16.5433,15,53,32,25,
16.5447,40,66,47,29,
16.546,27,62,49,34,
16.5475,18,58,47,30,
16.5488,-10,45,20,31,
16.5502,-10,45,20,31,
16.5516,-24,36,20,29,
16.5529,-23,40,15,22,
16.5543,-35,39,12,5,
16.5556,-22,35,15,6,
16.5571,-15,43,30,3,
16.5584,-15,43,30,3,
16.5597,3,51,39,13,
16.5611,6,45,44,25,
16.5625,40,57,45,26,
16.5638,26,51,42,25,
16.5652,1,50,40,22,
16.5665,-18,38,47,13,
16.5679,-28,42,39,6,
16.5693,-24,43,31,16,
16.5706,-30,27,29,13,
16.572,-35,36,17,1,
16.5733,-35,36,17,1,
16.5747,-35,36,17,1,
16.5761,-6,37,25,8,
16.5774,0,50,39,13,
16.5788,7,52,47,28,
16.5802,19,55,25,29,
16.5816,19,55,25,29,
16.5829,-12,45,42,24,
16.5843,-15,26,32,27,
16.5856,-18,22,25,29,
16.5869,-31,18,16,17,
16.5883,-27,27,19,9,
16.5896,-27,27,19,9,
16.591,-27,27,19,9,
16.5923,-29,32,29,7,
16.5937,11,51,35,12,
16.595,21,43,46,19,
16.5964,30,39,57,12,
16.5977,19,44,50,15,
16.5991,6,45,43,28,
16.6004,9,48,44,24,
16.6018,-1,50,37,27,
16.6032,-23,23,22,9,
16.6046,-21,11,19,12,
16.606,-19,14,18,17,
16.6073,-19,14,18,17,
16.6087,-19,20,24,13,
16.6101,-12,28,25,16,
16.6115,18,38,32,25,
16.6128,22,41,37,24,
16.6142,37,49,43,29,
16.6155,27,52,44,33,
16.6169,9,42,49,39,
16.6183,-10,38,43,34,
16.6196,-16,23,25,16,
16.621,-16,23,25,16,
16.6223,-16,23,24,18,
16.6237,-30,24,15,15,
16.6251,-21,14,22,13,
16.6264,-23,13,20,10,
16.6278,-19,23,25,5,
16.6292,18,37,41,25,
16.6305,25,50,38,30,
16.6319,25,50,38,30,
16.6333,19,44,44,24,
16.6347,8,40,50,28,
16.6361,8,40,50,28,
16.6374,-16,14,41,19,
16.6387,-8,0,31,22,
16.6401,-14,-6,23,20,
16.6416,-25,-10,31,16,
16.6429,-24,-10,36,15,
16.6443,-5,7,40,12,
16.6456,29,17,36,26,
16.647,26,31,45,27,
16.6484,46,46,50,30,
16.6497,46,46,50,30,
16.651,48,42,45,32,
16.6524,35,42,35,37,
16.6538,19,36,38,27,
16.6552,-14,15,37,24,
16.6566,-11,4,28,19,
16.658,-11,4,28,19,
16.6593,-15,2,25,12,
16.6607,-16,-3,25,12,
16.662,-4,16,22,19,
16.6634,27,31,47,34,
16.6648,26,43,59,40,
16.6661,26,43,59,40,
16.6675,33,48,52,37,
16.6689,19,47,53,39,
16.6703,19,28,47,40,
16.6716,-6,10,29,32,
16.673,4,7,22,29,
16.6744,4,7,22,29,
16.6758,-9,-3,22,19,
16.6772,-12,8,27,21,
16.6785,-1,5,26,31,
16.6799,27,16,30,39,
16.6813,43,29,31,36,
16.6826,48,30,38,30,
16.684,48,30,38,30,
16.6853,53,32,38,41,
16.6867,42,35,27,41,
16.6881,23,26,31,36,
16.6895,-4,9,31,24,
16.6908,-4,9,31,24,
16.6922,-11,5,28,25,
16.6936,-10,4,20,21,
16.6949,9,8,19,19,
16.6963,3,18,29,32,
16.6976,3,18,29,32,
16.699,26,38,44,37,
16.7003,26,38,44,37,
16.7017,38,38,54,31,
16.703,37,31,48,45,
16.7044,19,22,52,43,
16.706,-6,20,33,47,
16.7074,-4,10,30,40,
16.7087,-4,10,30,40,
16.71,-9,-3,29,34,
16.7114,-12,2,24,32,
16.7127,-2,18,29,25,
16.714,8,17,26,31,
16.7154,18,35,38,34,
16.7168,18,35,38,34,
16.7181,19,44,47,37,
16.7194,27,44,69,35,
16.7208,11,42,60,38,
16.7222,5,20,49,32,
16.7235,-16,22,43,24,
16.7249,-6,18,43,23,
16.7262,-6,18,43,23,
16.7276,-9,9,33,30,
16.7289,-14,15,34,28,
16.7303,-8,15,26,22,
16.7317,19,21,27,28,
16.733,32,24,44,25,
16.7343,35,19,45,24,
16.7357,41,20,51,31,
16.737,43,38,49,31,
16.7384,23,34,36,26,
16.7398,10,19,34,23,
16.7412,10,19,34,23,
16.7425,4,13,34,23,
16.7438,-13,13,35,23,
16.7452,-23,3,30,16,
16.7466,-19,-12,35,15,
16.7479,-6,2,40,18,
16.7493,-6,2,40,18,
16.7506,16,21,54,20,
16.7519,42,41,52,39,
16.7533,53,47,47,43,
16.7546,39,42,47,39,
16.7559,2,17,49,37,
16.7573,2,17,49,37,
16.7586,2,17,49,37,
16.76,-15,10,49,30,
16.7614,-14,-15,39,18,
16.7628,-25,-10,27,14,
16.7641,-31,-5,35,26,
16.7655,-6,2,47,28,
16.7669,13,11,54,34,
16.7682,16,20,65,29,
16.7696,31,41,62,31,
16.771,23,24,61,34,
16.7723,31,20,65,37,
16.7736,22,18,70,40,
16.775,22,18,70,40,
16.7764,-4,8,59,39,
16.7777,-23,1,47,38,
16.7791,-26,-12,43,27,
16.7804,-16,-10,50,19,
16.7817,-6,-17,38,20,
16.7831,2,-19,38,29,
16.7845,10,-6,49,33,
16.7858,27,13,52,41,
16.7872,42,13,54,44,
16.7886,28,15,59,51,
16.7899,28,15,59,51,
16.7913,28,15,59,51,
16.7926,0,3,58,42,
16.794,4,-9,55,44,
16.7953,-5,-16,49,37,
16.7967,-21,-23,46,29,
16.7981,-14,-23,39,26,
16.7995,-14,-23,39,26,
16.8008,25,-17,33,32,
16.8022,40,-4,49,37,
16.8036,41,2,63,40,
16.805,53,9,66,50,
16.8063,50,12,65,50,
16.8077,38,9,54,52,
16.809,27,6,45,48,
16.8104,6,-9,46,41,
16.8117,3,-18,47,33,
16.8131,-4,-28,44,38,
16.8144,-11,-41,37,25,
16.8158,-11,-41,37,25,
16.8172,-10,-28,34,29,
16.8185,35,-12,45,41,
16.8199,35,-12,45,41,
16.8214,34,-6,54,46,
16.8227,39,11,67,43,
16.8241,39,11,67,43,
16.8255,41,5,68,49,
16.8269,4,1,67,36,
16.8282,-2,-15,64,32,
16.8296,2,-10,58,37,
16.831,-16,-29,27,34,
16.8323,-16,-29,27,34,
16.8338,-3,-26,27,33,
16.8353,15,-24,35,23,
16.8367,25,-14,46,26,
16.8382,41,0,57,43,
16.8396,40,18,60,46,
16.8409,26,16,51,38,
16.8423,24,9,46,38,
16.8437,20,-1,37,39,
16.8451,7,-13,36,36,
16.8464,7,-13,36,36,
16.8478,-4,-17,43,35,
16.8492,-12,-21,30,29,
16.8505,-4,-24,33,32,
16.8519,6,-17,44,33,
16.8532,16,-13,47,38,
16.8546,35,-2,48,42,
16.856,52,7,63,44,
16.8574,44,17,69,40,
16.8587,44,17,69,40,
16.8601,35,13,54,46,
16.8615,35,13,54,46,
16.8628,22,2,44,53,
16.8641,-17,-21,49,38,
16.8655,-12,-27,46,26,
16.8667,-3,-25,33,24,
16.8681,-7,-17,35,23,
16.8695,6,-5,42,33,
16.8708,25,5,42,37,
16.8722,33,15,56,42,
16.8735,36,15,57,53,
16.8749,40,27,51,52,
16.8763,37,19,51,49,
16.8776,22,5,47,53,
16.879,28,2,41,48,
16.8803,12,-5,43,35,
16.8816,-9,-7,38,24,
16.883,-15,-21,28,26,
16.8843,-5,-20,36,27,
16.8856,-2,-5,48,29,
16.887,-2,-5,48,29,
16.8883,5,3,45,36,
16.8897,35,4,52,41,
16.891,46,2,54,41,
16.8924,47,24,68,50,
16.8937,47,16,68,46,
16.8951,27,8,70,36,
16.8964,9,3,64,32,
16.8978,-3,-18,60,30,
16.8991,-12,-16,51,30,
16.9004,-11,-15,41,26,
16.9018,-10,-21,33,14,
16.9032,-14,-19,28,20,
16.9045,-14,-19,28,20,
16.9059,25,0,41,27,
16.9073,33,5,50,41,
16.9086,28,17,63,41,
16.91,47,32,74,40,
16.9113,39,12,68,42,
16.9126,39,12,68,42,
16.914,31,2,66,35,
16.9153,-6,-9,51,33,
16.9167,-14,-13,50,31,
16.918,-15,-18,47,19,
16.9194,-19,-15,40,17,
16.9207,-19,-15,40,17,
16.9221,-7,-8,44,21,
16.9235,43,14,40,32,
16.9248,53,6,41,34,
16.9262,65,14,53,37,
16.9275,55,18,61,36,
16.9289,45,11,57,39,
16.9303,20,-2,55,40,
16.9316,2,-5,50,36,
16.933,5,-15,53,37,
16.9343,5,-17,50,40,
16.9356,-18,-22,44,29,
16.937,-26,-29,35,22,
16.9384,-18,-30,35,18,
16.9397,2,-13,39,30,
16.941,21,8,36,40,
16.9424,42,22,46,38,
16.9438,51,32,56,48,
16.9452,51,32,56,48,
16.9465,39,18,59,31,
16.9479,21,3,55,27,
16.9492,21,3,55,27,
16.9505,-1,-11,50,25,
16.9518,-4,-11,41,23,
16.9531,-20,-18,28,22,
16.9544,-20,-18,28,22,
16.9558,2,-2,26,24,
16.9572,4,2,34,23,
16.9585,30,22,41,30,
16.9599,48,16,52,28,
16.9613,43,16,71,35,
16.9626,43,16,71,35,
16.964,34,9,67,33,
16.9654,26,1,56,31,
16.9667,11,0,53,32,
16.9681,-8,0,51,34,
16.9695,-20,-18,40,18,
16.9708,-20,-18,40,18,
16.9722,-19,-11,27,22,
16.9735,9,-10,42,26,
16.9749,37,17,66,32,
16.9763,45,29,66,25,
16.9776,42,36,66,33,
16.979,42,36,66,33,
16.9804,42,36,66,33,
16.9817,42,32,65,34,
16.9831,15,1,68,33,
16.9844,8,3,67,32,
16.9858,0,6,52,31,
16.9872,-16,-4,36,27,
16.9886,-27,-18,32,22,
16.9899,-21,-13,29,23,
16.9913,27,-4,36,28,
16.9926,44,9,45,35,
16.9939,39,18,46,37,
16.9953,39,18,46,37,
16.9966,36,33,60,38,
16.998,29,33,69,43,
16.9994,28,21,64,42,
17.0008,8,6,54,37,
17.0021,-10,-1,45,38,
17.0035,-11,-5,38,36,
17.0049,-19,-8,34,29,
17.0064,-10,-11,33,25,
17.0078,-2,-14,35,24,
17.0092,4,-4,34,32,
17.0106,24,14,33,35,
17.012,31,20,43,38,
17.0134,58,30,55,47,
17.0147,58,30,55,47,
17.0161,58,19,63,48,
17.0174,29,6,55,40,
17.0188,17,3,40,33,
17.0201,1,-6,37,30,
17.0215,-15,-5,35,16,
17.0228,-24,-16,36,14,
17.0242,-24,-16,36,14,
17.0256,18,-5,20,28,
17.0271,20,4,24,34,
17.0284,38,14,35,31,
17.0298,39,32,59,34,
17.0311,39,32,59,34,
17.0324,32,25,56,43,
17.0337,41,35,59,49,
17.0351,9,6,38,36,
17.0365,9,6,38,36,
17.0378,8,-1,37,29,
17.0392,0,-9,30,17,
17.0406,0,-9,30,17,
17.0419,2,-5,21,22,
17.0433,15,16,23,33,
17.0447,45,18,40,35,
17.046,50,34,53,33,
17.0474,47,47,59,45,
17.0487,43,39,68,42,
17.05,39,36,58,38,
17.0515,29,33,57,42,
17.0528,20,22,58,35,
17.0542,7,6,54,26,
17.0556,12,8,42,25,
17.057,-2,10,23,14,
17.0583,-8,-5,11,14,
17.0597,-7,4,14,17,
17.061,32,19,34,26,
17.0624,37,18,43,34,
17.0638,38,36,52,44,
17.0651,55,52,61,47,
17.0664,57,42,57,40,
17.0678,43,29,49,38,
17.0691,34,15,40,35,
17.0705,16,6,35,34,
17.0719,18,18,27,30,
17.0732,18,18,27,30,
17.0746,-3,3,10,15,
17.0759,5,7,21,14,
17.0773,-6,14,24,8,
17.0786,36,41,29,30,
17.08,36,41,29,30,
17.0813,45,40,33,40,
17.0827,58,41,42,37,
17.0841,41,38,44,36,
17.0855,21,22,45,32,
17.0869,21,22,45,32,
17.0883,15,18,39,29,
17.0896,10,20,33,28,
17.091,-6,-2,18,18,
17.0923,-10,3,25,22,
17.0936,-18,7,18,28,
17.0949,-2,24,20,27,
17.0963,26,34,36,23,
17.0976,39,37,41,21,
17.0989,49,45,35,34,
17.1003,71,42,27,40,
17.1016,49,24,27,37,
17.103,49,24,27,37,
17.1043,49,24,27,37,
17.1057,26,30,31,33,
17.107,3,27,29,15,
17.1084,-9,19,21,16,
17.1098,-9,8,13,12,
17.1111,3,-1,17,10,
17.1125,9,3,26,21,
17.1138,29,13,35,21,
17.1152,60,41,45,34,
17.1166,76,49,42,43,
17.118,68,36,40,34,
17.1193,60,33,31,30,
17.1207,60,33,31,30,
17.1221,43,31,23,28,
17.1234,-5,25,15,24,
17.1248,-7,15,17,27,
17.1261,-11,4,20,18,
17.1275,-11,4,20,18,
17.1289,-14,8,8,15,
17.1303,11,7,12,21,
17.1316,45,27,16,29,
17.133,56,45,32,40,
17.1344,57,42,26,34,
17.1358,57,42,26,34,
17.1371,54,43,34,39,
17.1385,30,39,35,36,
17.1399,23,22,35,34,
17.1413,-8,12,21,26,
17.1427,-13,12,8,19,
17.1441,-13,12,8,19,
17.1454,-8,-5,17,12,
17.1468,13,-1,14,23,
17.1482,28,20,22,28,
17.1495,42,37,34,44,
17.1509,42,37,34,44,
17.1523,61,51,48,34,
17.1537,50,44,29,45,
17.155,50,44,29,45,
17.1564,21,39,26,37,
17.1577,-1,15,20,24,
17.1591,-1,15,20,24,
17.1605,-6,11,26,19,
17.1618,-9,6,17,0,
17.1632,2,6,22,3,
17.1646,15,15,21,8,
17.1659,37,25,22,17,
17.1673,35,31,30,34,
17.1686,55,45,37,33,
17.17,63,50,41,35,
17.1714,51,43,45,36,
17.1727,29,37,28,39,
17.1741,21,36,16,39,
17.1755,9,26,19,36,
17.1768,12,15,20,36,
17.1782,-4,1,12,28,
17.1796,-20,4,6,15,
17.1809,-4,23,21,21,
17.1823,-4,23,21,21,
17.1837,20,42,23,23,
17.185,52,48,39,31,
17.1864,61,48,48,36,
17.1877,43,47,48,32,
17.1892,40,33,32,27,
17.1906,40,33,32,27,
17.1919,35,26,24,29,
17.1933,5,17,28,34,
17.1946,-4,17,25,19,
17.196,-6,9,17,10,
17.1974,-4,15,24,18,
17.1987,-2,11,18,24,
17.2001,11,22,23,17,
17.2015,50,31,33,30,
17.2029,71,38,32,34,
17.2042,74,43,31,40,
17.2055,55,40,32,36,
17.2069,55,40,32,36,
17.2083,37,24,33,33,
17.2096,11,23,29,24,
17.2109,1,20,26,27,
17.2123,-17,9,24,24,
17.2137,-15,-1,16,10,
17.215,-5,6,22,15,
17.2164,10,7,24,20,
17.2177,26,17,26,22,
17.219,33,29,26,31,
17.2204,38,38,28,36,
17.2218,47,52,31,33,
17.2232,45,40,29,30,
17.2245,36,32,32,26,
17.2258,25,29,31,17,
17.2272,19,18,23,22,
17.2286,-15,15,13,29,
17.23,-19,5,4,20,
17.2314,-11,13,12,16,
17.2329,1,19,15,19,
17.2343,25,18,24,24,
17.2358,37,27,27,29,
17.2372,47,28,35,31,
17.2386,59,48,45,33,
17.24,52,47,45,34,
17.2414,55,33,44,28,
17.2428,32,24,42,27,
17.2442,-2,15,26,16,
17.2456,6,12,20,14,
17.2471,-7,4,21,18,
17.2485,-13,5,10,19,
17.2498,-10,9,8,19,
17.2513,-10,9,8,19,
17.2527,38,29,23,37,
17.254,52,33,32,32,
17.2554,55,37,41,32,
17.2568,65,47,47,41,
17.2581,61,33,37,44,
17.2595,46,40,36,32,
17.2609,6,20,31,26,
17.2622,6,7,20,21,
17.2636,-8,2,7,16,
17.2649,-21,4,-1,8,
17.2663,-21,4,-1,8,
17.2676,-25,-1,-2,4,
17.269,-2,1,13,14,
17.2704,31,35,24,33,
17.2717,28,42,25,37,
17.2731,46,42,28,46,
17.2744,48,40,38,36,
17.2758,52,46,38,35,
17.2771,25,39,37,32,
17.2785,12,20,29,18,
17.2798,-2,16,20,21,
17.2812,-2,16,20,21,
17.2825,-2,16,20,21,
17.2839,-15,5,26,16,
17.2853,-13,10,28,16,
17.2866,2,17,30,14,
17.2881,45,27,33,34,
17.2894,59,32,38,34,
17.2908,59,32,38,34,
17.2921,33,34,31,27,
17.2935,19,19,26,26,
17.2948,29,24,33,33,
17.2962,12,15,26,29,
17.2975,4,9,21,29,
17.2989,4,9,21,29,
17.3002,-21,0,14,21,
17.3016,-20,3,12,22,
17.303,4,11,15,23,
17.3043,24,20,18,22,
17.3057,40,22,23,25,
17.3071,52,22,24,27,
17.3084,68,32,34,32,
17.3098,45,42,32,33,
17.3111,21,34,26,29,
17.3125,13,25,22,25,
17.3139,12,11,13,20,
17.3153,12,11,13,20,
17.3166,3,11,10,23,
17.3179,-15,17,9,25,
17.3193,-11,-1,5,25,
17.3207,15,3,24,21,
17.3221,15,3,24,21,
17.3235,52,22,29,28,
17.3248,62,24,35,29,
17.3262,64,28,38,35,
17.3276,39,22,35,33,
17.329,39,22,35,33,
17.3304,21,22,37,29,
17.3319,1,9,26,23,
17.3332,-6,6,14,26,
17.3346,-18,2,10,18,
17.3359,-17,3,4,13,
17.3373,-17,3,4,13,
17.3387,-4,18,13,8,
17.3401,32,28,23,25,
17.3414,37,38,26,28,
17.3428,46,45,35,37,
17.3442,40,45,28,30,
17.3455,42,44,31,31,
17.3469,29,33,23,23,
17.3483,-5,14,28,15,
17.3496,-1,12,23,10,
17.351,-19,4,14,10,
17.3524,-19,4,14,10,
17.3537,-17,-1,11,21,
17.3551,3,8,16,24,
17.3565,27,26,11,24,
17.3579,48,24,31,24,
17.3592,67,22,29,28,
17.3606,74,24,33,26,
17.362,53,28,28,28,
17.3633,32,37,28,36,
17.3647,15,31,24,27,
17.366,-13,10,18,30,
17.3674,-13,10,18,30,
17.3688,-28,6,12,17,
17.3701,-17,13,18,11,
17.3715,-7,15,10,20,
17.3729,2,17,15,17,
17.3742,37,29,28,31,
17.3756,42,32,39,34,
17.377,46,47,40,35,
17.3783,43,46,36,28,
17.3797,47,39,37,32,
17.3811,47,39,37,32,
17.3824,35,41,29,26,
17.3837,2,33,21,21,
17.3851,-3,25,18,27,
17.3865,-3,25,18,27,
17.3878,-16,4,20,14,
17.3892,-5,11,17,22,
17.3905,22,14,28,30,
17.3918,38,33,37,35,
17.3932,56,56,27,31,
17.3946,56,56,27,31,
17.396,57,52,29,42,
17.3973,39,47,37,41,
17.3987,30,34,45,29,
17.4001,9,22,37,19,
17.4014,-1,14,13,19,
17.4028,-1,14,13,19,
17.4042,-11,16,13,16,
17.4055,-14,-3,17,18,
17.4069,-4,10,24,18,
17.4083,24,22,28,30,
17.4096,45,42,23,25,
17.411,45,42,23,25,
17.4123,45,42,23,25,
17.4136,54,39,33,32,
17.415,40,48,30,25,
17.4164,26,40,26,32,
17.4177,-2,26,18,32,
17.419,-18,2,16,32,
17.4204,-18,2,16,32,
17.4217,-18,-11,13,27,
17.4231,-1,16,18,20,
17.4244,0,25,20,31,
17.4258,29,30,19,32,
17.4272,29,30,19,32,
17.4285,33,25,27,29,
17.4299,52,39,36,27,
17.4313,64,40,39,20,
17.4326,32,39,36,32,
17.434,24,28,26,27,
17.4354,6,17,23,24,
17.4369,-3,22,13,30,
17.4382,-13,6,11,25,
17.4396,-10,5,5,18,
17.441,3,24,12,16,
17.4424,3,24,12,16,
17.4439,17,35,23,19,
17.4453,37,43,34,22,
17.4467,51,46,31,27,
17.4481,64,47,30,36,
17.4495,41,31,33,30,
17.4509,24,26,30,23,
17.4523,11,15,12,28,
17.4536,11,15,12,28,
17.455,11,15,12,28,
17.4564,9,5,7,23,
17.4578,-5,22,5,18,
17.4591,0,27,5,14,
17.4605,12,35,23,14,
17.4618,60,42,26,27,
17.4632,60,42,26,27,
17.4646,74,38,35,27,
17.4659,61,35,35,41,
17.4673,41,24,35,37,
17.4687,41,24,35,37,
17.4701,11,16,22,24,
17.4714,-1,21,25,15,
17.4728,-10,5,19,13,
17.4742,-7,7,14,13,
17.4755,-9,11,10,18,
17.4769,17,22,18,27,
17.4783,33,39,30,32,
17.4797,35,36,33,33,
17.481,47,40,38,37,
17.4824,47,40,38,37,
17.4837,55,40,42,32,
17.4851,51,35,37,28,
17.4865,37,32,27,23,
17.4879,18,10,18,21,
17.4893,3,16,9,17,
17.4906,3,16,9,17,
17.492,-5,2,12,12,
17.4934,12,19,12,23,
17.4948,28,27,10,26,
17.4962,29,40,14,24,
17.4976,29,40,14,24,
17.499,29,40,14,24,
17.5003,38,42,29,25,
17.5017,38,49,26,25,
17.5031,25,33,31,29,
17.5044,1,11,29,21,
17.5058,1,11,29,21,
17.5071,-9,9,25,15,
17.5085,-9,1,10,6,
17.5099,-2,-4,5,-1,
17.5112,18,7,10,6,
17.5126,43,39,27,27,
17.514,43,39,27,27,
17.5153,43,39,27,27,
17.5167,41,40,34,38,
17.518,34,36,25,29,
17.5195,29,29,21,29,
17.5209,9,23,15,30,
17.5222,-12,21,13,23,
17.5236,-3,21,12,12,
17.525,-1,16,10,5,
17.5263,-6,16,7,15,
17.5277,8,24,1,8,
17.5291,33,21,7,8,
17.5305,42,37,8,23,
17.5318,42,37,8,23,
17.5332,37,33,12,23,
17.5345,51,47,19,28,
17.5359,27,45,17,29,
17.5373,15,42,13,25,
17.5386,15,42,13,25,
17.54,13,18,10,29,
17.5413,3,19,12,20,
17.5427,-11,14,-3,11,
17.5441,5,11,-10,5,
17.5454,5,11,-10,5,
17.5468,12,27,-6,11,
17.5481,26,30,9,15,
17.5496,34,38,11,26,
17.5509,37,47,16,37,
17.5523,35,47,24,24,
17.5537,31,39,19,20,
17.555,31,39,19,20,
17.5564,4,23,4,11,
17.5577,12,15,7,13,
17.5591,-15,10,4,5,
17.5604,-23,17,-2,-3,
17.5617,-15,22,-5,-2,
17.5631,6,21,11,8,
17.5645,6,21,11,8,
17.5658,44,45,20,10,
17.5672,46,46,20,19,
17.5685,53,47,28,33,
17.5698,46,39,31,20,
17.5712,40,34,21,20,
17.5725,26,34,16,25,
17.5739,10,38,16,27,
17.5753,-4,15,-2,2,
17.5767,-14,16,-9,-8,
17.578,-14,16,-9,-8,
17.5794,-18,21,-16,-1,
17.5808,-10,17,-10,5,
17.5822,11,27,-2,16,
17.5835,35,46,17,8,
17.5849,53,52,14,10,
17.5863,55,58,18,20,
17.5876,37,51,13,17,
17.5889,37,51,13,17,
17.5903,19,37,15,17,
17.5917,3,19,6,6,
17.593,-13,21,8,2,
17.5943,-24,12,5,-1,
17.5957,-15,5,1,-6,
17.597,3,17,-5,-12,
17.5983,13,34,-5,-13,
17.5997,36,37,-4,-1,
17.6011,31,42,11,3,
17.6025,62,53,11,12,
17.6038,52,58,20,17,
17.6052,37,53,19,16,
17.6065,37,53,19,16,
17.6079,22,44,17,12,
17.6093,-5,34,1,9,
17.6106,0,43,1,14,
17.612,-4,34,1,6,
17.6133,-3,27,0,7,
17.6146,-4,19,-11,6,
17.616,16,28,-10,8,
17.6174,34,51,3,17,
17.6188,45,49,2,17,
17.6201,55,64,13,20,
17.6215,47,72,21,31,
17.6228,49,59,9,20,
17.6242,40,54,17,21,
17.6255,25,47,14,17,
17.6269,0,34,15,10,
17.6282,-1,40,15,13,
17.6296,-24,29,0,-2,
17.631,-21,21,3,-1,
17.6324,3,33,-3,8,
17.6337,31,45,11,16,
17.6351,44,58,18,21,
17.6365,51,73,16,23,
17.6378,60,80,18,32,
17.6392,53,70,11,21,
17.6406,53,70,11,21,
17.6419,13,62,21,20,
17.6436,2,55,22,18,
17.6449,-10,39,-5,17,
17.6463,-8,37,-10,-1,
17.6476,-8,40,-12,-7,
17.649,-8,40,-12,-7,
17.6504,11,52,18,16,
17.6517,11,52,18,16,
17.6531,30,68,24,18,
17.6544,57,75,19,23,
17.6558,41,82,19,28,
17.6572,41,82,19,28,
17.6585,34,78,11,18,
17.6599,18,74,10,12,
17.6613,8,77,19,17,
17.6626,-19,62,-7,6,
17.664,-16,70,-1,0,
17.6653,-16,70,-1,0,
17.6667,-16,70,-1,0,
17.668,8,74,11,-1,
17.6694,39,85,27,3,
17.6708,41,97,23,7,
17.6721,62,107,13,22,
17.6735,58,99,16,19,
17.6749,58,99,16,19,
17.6762,24,67,14,19,
17.6775,5,67,16,15,
17.6789,1,63,10,10,
17.6802,1,63,10,10,
17.6816,-16,52,2,-6,
17.683,-16,52,2,-6,
17.6843,-14,57,4,-6,
17.6857,24,63,22,10,
17.687,34,68,22,22,
17.6884,31,68,27,19,
17.6898,46,78,18,23,
17.6912,46,78,18,23,
17.6925,31,77,12,19,
17.6938,1,69,18,5,
17.6952,1,69,18,5,
17.6966,5,66,19,4,
17.6979,-4,44,10,10,
17.6992,-5,39,7,-3,
17.7005,-4,40,13,-2,
17.7019,-11,47,11,3,
17.7033,30,63,19,15,
17.7046,25,72,14,19,
17.706,45,65,8,20,
17.7074,40,71,22,29,
17.7087,36,77,26,33,
17.7101,36,77,26,33,
17.7115,20,67,12,7,
17.7129,11,53,-4,-2,
17.7142,-5,51,-5,-6,
17.7155,-9,36,4,-11,
17.7168,-3,32,-5,-5,
17.7182,-6,36,-9,6,
17.7196,-2,38,-3,7,
17.7209,19,66,6,11,
17.7223,23,73,18,8,
17.7236,23,73,18,8,
17.725,38,88,30,10,
17.7263,35,84,27,15,
17.7277,36,71,24,17,
17.7291,21,57,17,9,
17.7304,-4,58,3,-5,
17.7318,-5,42,-8,-5,
17.7331,-17,41,-14,-8,
17.7345,-12,46,-10,-10,
17.7359,-2,37,0,1,
17.7372,11,45,8,-1,
17.7386,29,60,10,2,
17.7399,35,70,18,1,
17.7413,46,83,16,8,
17.7426,54,86,20,27,
17.744,47,83,23,18,
17.7454,26,69,17,15,
17.7467,11,49,14,7,
17.7481,-15,40,5,11,
17.7494,-27,38,-6,12,
17.7508,-27,38,-6,12,
17.7522,-14,38,-11,-6,
17.7536,-14,38,-11,-6,
17.755,4,37,7,-12,
17.7563,29,69,12,4,
17.7577,39,69,13,8,
17.759,38,73,15,7,
17.7603,38,73,15,7,
17.7616,38,62,6,17,
17.763,29,58,13,15,
17.7644,9,59,20,8,
17.7657,-8,41,10,9,
17.767,-8,41,10,9,
17.7684,-28,39,6,-1,
17.7697,-28,39,6,-1,
17.7711,3,47,-3,8,
17.7724,19,50,8,16,
17.7738,30,59,21,13,
17.7752,48,64,16,15,
17.7765,51,67,23,25,
17.7779,51,67,23,25,
17.7793,36,61,19,25,
17.7806,17,55,16,22,
17.782,17,55,16,22,
17.7833,1,47,-2,3,
17.7847,-11,39,-3,2,
17.7861,-11,39,-3,2,
17.7874,-12,36,1,1,
17.7888,0,44,20,1,
17.7901,29,46,24,8,
17.7915,44,49,22,16,
17.7929,54,49,11,20,
17.7942,59,69,12,21,
17.7956,59,72,24,23,
17.797,28,50,11,17,
17.7983,7,50,6,23,
17.7997,7,50,6,23,
17.801,-8,49,14,21,
17.8024,-14,34,8,10,
17.8038,-12,24,10,5,
17.8051,-7,19,4,8,
17.8065,2,48,10,16,
17.8078,12,51,13,11,
17.8092,12,51,13,11,
17.8106,50,55,17,20,
17.8119,45,49,12,22,
17.8133,40,53,17,19,
17.8147,14,31,20,2,
17.816,14,31,20,2,
17.8174,14,31,20,2,
17.8187,-3,34,8,8,
17.82,-22,13,10,-5,
17.8214,-24,15,3,-4,
17.8227,-25,27,5,3,
17.8241,-3,29,17,3,
17.8254,31,38,19,17,
17.8268,37,49,23,18,
17.8281,50,43,17,21,
17.8295,29,41,9,23,
17.8308,26,32,1,19,
17.8322,26,32,1,19,
17.8336,12,37,12,17,
17.835,-9,26,21,14,
17.8364,-5,15,16,9,
17.8378,-12,14,7,-1,
17.8392,-22,17,4,5,
17.8406,3,18,8,8,
17.842,15,31,6,7,
17.8434,26,48,13,9,
17.8447,38,52,22,15,
17.846,50,53,27,30,
17.8474,38,47,13,21,
17.8488,38,47,13,21,
17.8501,25,38,15,12,
17.8515,1,22,7,5,
17.8529,0,21,-2,3,
17.8542,-19,22,-3,6,
17.8555,-23,21,-1,-2,
17.8568,-24,22,-4,0,
17.8582,-24,22,-4,0,
17.8595,39,53,12,10,
17.8609,35,58,25,15,
17.8623,39,53,26,26,
17.8637,30,55,20,24,
17.865,30,55,20,24,
17.8664,30,55,20,24,
17.8676,13,42,19,26,
17.8689,1,42,13,12,
17.8703,-8,41,7,7,
17.8716,-15,33,8,0,
17.873,-32,17,10,-12,
17.8744,-13,20,5,-1,
17.8758,-1,31,5,7,
17.8771,30,54,17,25,
17.8784,39,51,24,19,
17.8798,54,59,24,20,
17.8811,40,55,26,16,
17.8825,40,55,26,16,
17.8839,20,62,18,14,
17.8852,8,57,23,13,
17.8866,-1,37,5,13,
17.8879,-8,30,10,6,
17.8893,-29,22,15,-6,
17.8906,-16,15,6,-7,
17.892,-3,17,7,-11,
17.8933,16,32,6,5,
17.8946,26,53,11,15,
17.896,29,58,25,14,
17.8973,29,58,25,14,
17.8987,42,64,29,6,
17.9,29,57,24,3,
17.9014,15,43,21,7,
17.9028,12,35,19,13,
17.9042,-8,35,1,10,
17.9055,-13,17,7,5,
17.9069,-13,17,7,5,
17.9083,-14,34,10,-11,
17.9096,-6,33,14,-4,
17.911,19,35,21,6,
17.9124,37,42,23,9,
17.9137,36,46,19,14,
17.9151,41,69,25,18,
17.9165,41,56,28,15,
17.9179,27,52,21,11,
17.9192,24,44,9,7,
17.9206,5,43,14,12,
17.922,-3,36,15,17,
17.9233,-8,29,11,15,
17.9246,-19,25,10,5,
17.9259,-12,45,6,-3,
17.9274,9,46,1,6,
17.9287,25,53,11,16,
17.93,25,53,11,16,
17.9314,42,81,19,13,
17.9327,45,72,16,8,
17.9341,45,72,16,8,
17.9354,25,69,22,10,
17.9368,2,65,25,5,
17.9382,2,65,25,5,
17.9395,-9,51,15,1,
17.9409,-22,36,12,7,
17.9422,-14,37,8,11,
17.9436,-1,52,7,8,
17.9449,-1,52,7,8,
17.9463,19,53,17,16,
17.9477,24,66,22,18,
17.949,33,77,19,18,
17.9504,33,77,19,18,
17.9518,20,77,26,10,
17.9531,22,71,22,6,
17.9544,3,69,15,13,
17.9558,-5,64,2,7,
17.9572,-30,51,-3,3,
17.9586,-33,45,-5,-1,
17.9599,-27,44,6,-9,
17.9612,-27,44,6,-9,
17.9626,4,66,6,-4,
17.9639,29,64,16,2,
17.9653,26,61,19,8,
17.9667,29,83,15,11,
17.968,26,86,19,18,
17.9694,21,78,16,21,
17.9708,15,73,13,16,
17.9721,-4,67,5,13,
17.9735,-11,65,3,4,
17.9749,-35,40,5,-14,
17.9762,-22,40,8,-4,
17.9776,-20,55,7,-1,
17.979,-20,55,7,-1,
17.9803,-14,68,13,4,
17.9816,11,69,9,3,
17.983,26,83,8,10,
17.9843,36,83,14,27,
17.9857,25,84,14,16,
17.9871,25,84,14,16,
17.9884,12,84,11,9,
17.9898,-9,70,3,10,
17.9911,-9,57,3,-1,
17.9925,-24,62,1,-11,
17.9938,-24,62,1,-11,
17.9952,-24,55,-2,-18,
17.9965,-24,55,-2,-18,
17.9979,9,69,17,-9,
17.9992,33,89,17,6,
18.0006,39,96,13,10,
18.0019,51,98,18,14,
18.0033,36,88,18,22,
18.0046,37,87,22,28,
18.0059,27,71,18,18,
18.0073,-4,64,-2,11,
18.0086,-12,62,-7,7,
18.0099,-36,58,-19,1,
18.0113,-25,60,-23,-6,
18.0126,-25,60,-23,-6,
18.014,-22,54,-17,-12,
18.0153,2,58,-8,-7,
18.0168,28,95,6,3,
18.0181,24,102,8,3,
18.0195,24,102,8,3,
18.0209,22,87,19,20,
18.0222,23,82,18,9,
18.0236,-2,82,13,0,
18.0249,-20,67,0,-9,
18.0262,-27,54,8,-12,
18.0276,-27,54,8,-12,
18.029,-31,50,6,-8,
18.0304,-27,60,2,-2,
18.0318,-8,54,-3,0,
18.0331,2,62,4,1,
18.0345,29,73,17,-4,
18.0358,30,87,18,8,
18.0372,35,96,15,18,
18.0385,22,71,23,13,
18.0399,14,70,24,14,
18.0413,1,69,20,9,
18.0427,-7,60,6,9,
18.0444,-7,60,6,9,
18.0458,-18,33,5,-12,
18.0473,-8,45,0,-10,
18.0487,2,51,15,-1,
18.05,34,64,20,8,
18.0516,40,68,18,15,
18.053,52,71,24,21,
18.0543,62,77,18,20,
18.0557,37,68,19,12,
18.057,24,61,18,8,
18.0584,9,53,19,6,
18.0598,3,42,19,-1,
18.0611,2,39,16,-3,
18.0625,-22,28,11,-8,
18.0639,-23,27,15,-12,
18.0653,-7,37,11,-12,
18.0667,7,60,18,-7,
18.068,26,67,19,3,
18.0694,35,68,23,6,
18.0708,45,69,30,19,
18.0722,45,69,30,19,
18.0735,32,61,20,18,
18.0749,15,56,13,14,
18.0762,-4,43,11,12,
18.0776,-15,32,15,9,
18.079,-13,37,22,10,
18.0803,-9,29,18,5,
18.0817,-16,25,15,-1,
18.0831,10,32,10,14,
18.0844,25,43,16,15,
18.0858,34,54,18,24,
18.0871,34,54,18,24,
18.0885,42,58,19,31,
18.0898,42,64,16,19,
18.0913,33,50,17,16,
18.0926,12,48,29,19,
18.094,0,29,27,20,
18.0954,0,29,27,20,
18.0967,-16,31,1,12,
18.0981,-19,25,3,3,
18.0995,-8,18,16,9,
18.1008,7,25,24,15,
18.1022,17,37,23,26,
18.1036,39,40,21,25,
18.1049,39,40,21,25,
18.1062,48,47,34,36,
18.1075,48,49,28,37,
18.1089,36,55,19,27,
18.1102,-1,30,21,17,
18.1117,-6,27,26,23,
18.113,-6,27,26,23,
18.1143,-24,15,6,13,
18.1157,-21,4,3,9,
18.117,-21,4,3,9,
18.1184,18,22,17,31,
18.1197,38,48,21,38,
18.1211,50,51,16,42,
18.1224,50,51,16,42,
18.1238,55,45,18,22,
18.1252,32,45,31,21,
18.1265,23,42,27,19,
18.1279,1,25,33,20,
18.1293,1,25,33,20,
18.1306,1,25,33,20,
18.132,-14,18,31,16,
18.1334,-13,4,11,21,
18.1348,-16,9,5,22,
18.1362,24,29,13,28,
18.1376,44,34,26,23,
18.139,44,34,26,23,
18.1403,67,44,29,20,
18.1417,53,48,22,20,
18.1431,36,52,34,34,
18.1445,20,40,33,33,
18.1458,4,21,20,27,
18.1471,0,12,24,21,
18.1485,0,12,24,21,
18.1498,-24,13,12,6,
18.1512,-27,2,5,12,
18.1526,-17,7,23,11,
18.1539,29,23,31,21,
18.1553,34,24,32,29,
18.1567,34,24,32,29,
18.1581,59,42,38,35,
18.1594,59,42,38,35,
18.1608,49,38,33,35,
18.1621,20,20,25,25,
18.1634,10,26,25,25,
18.1648,10,26,25,25,
18.1661,4,11,22,19,
18.1675,-13,0,12,21,
18.1688,3,-5,27,16,
18.1701,9,8,19,16,
18.1715,38,24,30,25,
18.1728,32,36,32,37,
18.1742,43,33,39,42,
18.1757,62,40,45,42,
18.177,45,50,38,35,
18.1783,29,31,29,28,
18.1797,26,21,26,22,
18.1811,18,12,19,21,
18.1824,13,7,20,26,
18.1838,-2,0,10,23,
18.1851,-6,-15,12,25,
18.1865,5,6,18,20,
18.1879,34,22,23,22,
18.1893,51,34,20,21,
18.1907,52,35,20,15,
18.192,52,35,20,15,
18.1933,58,36,27,31,
18.1947,45,28,22,38,
18.196,32,29,34,37,
18.1974,32,29,34,37,
18.1987,8,19,31,22,
18.2001,7,19,23,27,
18.2014,-10,5,17,18,
18.2027,-10,-5,23,7,
18.2041,-1,3,26,13,
18.2055,8,23,34,19,
18.2068,36,31,39,30,
18.2082,43,45,29,35,
18.2096,43,45,29,35,
18.211,48,44,32,36,
18.2123,41,42,30,35,
18.2137,31,43,19,35,
18.215,20,29,30,27,
18.2164,11,14,18,19,
18.2177,-7,-3,17,11,
18.2191,-13,-8,17,9,
18.2204,-11,3,13,14,
18.2217,6,4,11,27,
18.2231,6,4,11,27,
18.2245,25,18,23,31,
18.2258,51,44,34,26,
18.2272,65,57,30,29,
18.2286,54,47,37,25,
18.2299,41,44,35,27,
18.2313,18,29,34,29,
18.2327,10,25,36,26,
18.234,6,1,25,27,
18.2355,-8,-10,15,26,
18.237,-16,-11,17,19,
18.2384,-16,-11,17,19,
18.2399,-7,5,17,10,
18.2413,6,21,23,9,
18.2427,34,30,22,35,
18.2442,34,37,29,42,
18.2455,34,32,44,40,
18.2469,18,34,32,27,
18.2483,18,34,32,27,
18.2497,16,17,29,16,
18.2511,-3,1,25,8,
18.2525,1,2,18,10,
18.2538,-5,5,19,10,
18.2552,-2,11,16,12,
18.2565,9,18,19,15,
18.2579,25,17,19,17,
18.2593,38,32,23,28,
18.2606,48,34,30,24,
18.2619,53,44,40,25,
18.2633,31,46,37,24,
18.2647,32,36,38,23,
18.2661,17,16,34,35,
18.2674,8,7,27,28,
18.2688,3,15,23,27,
18.2701,-2,9,16,21,
18.2715,-16,4,4,21,
18.2728,-2,7,10,26,
18.2742,16,16,17,27,
18.2756,16,16,17,27,
18.277,56,34,28,26,
18.2783,56,34,28,26,
18.2797,75,37,23,27,
18.2809,54,28,29,23,
18.2823,25,26,23,18,
18.2836,25,26,23,18,
18.285,1,6,19,19,
18.2863,-6,7,15,19,
18.2876,-14,-5,6,21,
18.289,-14,2,19,27,
18.2903,21,27,14,14,
18.2917,21,27,14,14,
18.293,31,37,19,19,
18.2944,37,37,33,20,
18.2958,50,32,27,19,
18.2971,69,38,31,27,
18.2985,42,42,24,32,
18.2999,42,42,24,32,
18.3012,14,29,23,30,
18.3027,-1,13,23,23,
18.304,1,12,23,23,
18.3053,-23,4,18,21,
18.3067,-16,6,20,22,
18.3081,-1,11,29,10,
18.3095,9,19,30,19,
18.3108,25,44,22,30,
18.3122,38,45,22,36,
18.3135,38,45,22,36,
18.315,38,45,22,36,
18.3163,47,31,34,36,
18.3176,19,31,35,30,
18.319,9,25,22,31,
18.3203,10,11,14,28,
18.3216,5,6,15,23,
18.3229,-8,-3,15,14,
18.3243,0,6,21,11,
18.3256,6,20,18,20,
18.327,31,29,25,24,
18.3283,44,45,38,29,
18.3297,44,45,38,29,
18.331,48,46,37,33,
18.3324,48,46,37,33,
18.3337,30,53,39,33,
18.3351,26,26,33,27,
18.3364,2,16,24,22,
18.3378,-1,14,17,15,
18.3391,-9,9,17,12,
18.3404,-3,1,12,11,
18.3418,-16,0,21,18,
18.3431,1,14,23,17,
18.3445,28,46,29,24,
18.3458,28,46,29,24,
18.3471,28,46,29,24,
18.3485,69,48,27,33,
18.3498,65,33,25,28,
18.3511,50,40,29,24,
18.3525,31,39,33,29,
18.3539,5,24,24,28,
18.3552,-3,20,10,27,
18.3565,-2,12,13,24,
18.3579,-9,11,18,11,
18.3592,5,2,15,6,
18.3605,20,3,18,14,
18.3619,45,32,29,19,
18.3633,45,32,29,19,
18.3646,54,43,25,20,
18.366,61,53,34,30,
18.3673,51,37,49,34,
18.3687,38,35,45,37,
18.37,38,35,45,37,
18.3714,0,26,35,31,
18.3727,4,19,20,27,
18.3741,-6,22,14,27,
18.3755,-24,16,7,28,
18.3768,-9,18,9,18,
18.3782,-7,16,8,10,
18.3795,19,24,15,18,
18.3809,42,42,25,21,
18.3823,46,43,26,20,
18.3837,55,51,28,35,
18.385,32,40,27,25,
18.3864,32,40,27,25,
18.3877,24,33,24,22,
18.3891,7,8,9,34,
18.3904,-2,10,5,24,
18.3918,-25,10,10,13,
18.3932,-3,11,14,16,
18.3945,-3,11,14,16,
18.3959,-3,11,14,16,
18.3972,11,22,27,16,
18.3986,43,34,37,20,
18.4,43,41,38,22,
18.4013,39,50,46,30,
18.4027,35,34,39,35,
18.404,24,22,22,35,
18.4053,23,18,17,32,
18.4067,8,18,23,32,
18.408,-5,-4,20,21,
18.4094,-8,2,21,17,
18.4107,-8,2,21,17,
18.4121,-4,21,18,23,
18.4135,22,31,23,21,
18.4148,22,31,23,21,
18.4162,36,34,30,26,
18.4175,51,42,32,36,
18.4189,51,42,32,36,
18.4203,50,41,28,33,
18.4216,28,30,28,26,
18.4229,8,22,23,33,
18.4243,-3,22,22,25,
18.4257,1,14,17,20,
18.4271,-11,7,17,18,
18.4285,-11,18,12,27,
18.4298,9,25,20,16,
18.4312,9,25,20,16,
18.4326,27,36,20,30,
18.4339,42,45,28,30,
18.4354,50,43,28,36,
18.4367,55,38,36,32,
18.4381,23,34,44,25,
18.4394,13,29,27,29,
18.4408,-4,21,28,24,
18.4422,-13,16,20,27,
18.4435,-9,16,18,22,
18.4449,-10,15,17,13,
18.4463,-9,14,18,3,
18.4477,18,19,20,4,
18.449,36,20,30,22,
18.4503,33,34,40,38,
18.4517,31,45,34,29,
18.4531,54,55,36,33,
18.4544,40,43,30,32,
18.4557,13,41,30,36,
18.4572,3,32,22,26,
18.4585,3,32,22,26,
18.4599,-4,29,12,17,
18.4612,-15,20,1,20,
18.4626,-12,15,11,17,
18.464,-13,20,11,21,
18.4653,2,30,20,27,
18.4667,2,30,20,27,
18.468,32,48,26,34,
18.4693,54,48,30,33,
18.4707,61,47,26,34,
18.4721,55,36,25,39,
18.4734,27,38,19,33,
18.4747,8,38,20,34,
18.476,-4,29,16,32,
18.4774,1,17,19,25,
18.4787,-4,9,18,17,
18.4801,-2,10,20,18,
18.4815,-2,10,20,18,
18.4828,16,21,26,24,
18.4842,40,28,28,31,
18.4855,43,31,18,26,
18.4869,43,36,24,24,
18.4882,49,49,36,27,
18.4896,49,49,36,27,
18.491,32,37,40,31,
18.4923,13,28,22,24,
18.4936,6,11,19,27,
18.495,1,10,14,22,
18.4963,-6,7,9,16,
18.4976,-3,4,18,13,
18.499,-3,4,18,13,
18.5003,3,13,28,14,
18.5016,29,32,21,33,
18.5029,31,36,33,34,
18.5042,46,41,41,37,
18.5056,41,42,44,32,
18.5069,32,38,39,33,
18.5083,22,34,27,36,
18.5097,4,21,17,32,
18.511,-7,19,24,32,
18.5124,-1,19,27,34,
18.5137,-10,10,22,26,
18.5151,-11,9,12,16,
18.5165,2,21,9,7,
18.5178,7,21,19,15,
18.5192,26,38,25,24,
18.5205,33,44,35,43,
18.5218,53,48,44,38,
18.5232,53,48,44,38,
18.5245,42,39,32,23,
18.5259,16,40,27,22,
18.5273,4,33,14,19,
18.5286,10,29,10,24,
18.5299,-10,24,11,29,
18.5312,-30,10,12,28,
18.5326,-30,10,12,28,
18.5339,3,22,8,25,
18.5353,18,28,24,28,
18.5367,24,26,33,37,
18.538,50,41,38,19,
18.5394,50,41,38,19,
18.5407,42,39,43,22,
18.542,42,27,33,22,
18.5434,23,32,15,27,
18.5448,22,36,13,22,
18.5461,11,14,23,23,
18.5474,-6,8,22,18,
18.5488,-8,11,19,7,
18.5501,-8,7,21,7,
18.5515,11,20,24,20,
18.5528,35,35,21,25,
18.5542,44,39,28,29,
18.5555,44,39,28,29,
18.5568,65,32,35,27,
18.5581,44,31,27,21,
18.5595,44,31,27,21,
18.5608,10,7,21,23,
18.5622,5,5,15,20,
18.5635,10,6,10,13,
18.5649,10,6,10,13,
18.5662,-18,-17,22,2,
18.5676,-15,-17,20,8,
18.569,5,-9,21,14,
18.5703,31,1,27,27,
18.5717,31,1,27,27,
18.5731,35,9,19,26,
18.5744,35,21,29,34,
18.5758,36,8,29,40,
18.5772,36,8,29,40,
18.5785,8,-19,15,21,
18.5799,1,-29,10,19,
18.5813,1,-29,10,19,
18.5826,-14,-32,16,20,
18.5839,-8,-46,4,24,
18.5853,-7,-40,9,23,
18.5866,5,-25,16,18,
18.588,24,-19,27,27,
18.5894,24,-13,33,31,
18.5907,34,-9,36,26,
18.5921,55,-10,22,22,
18.5935,55,-10,22,22,
18.5948,32,-30,16,24,
18.5962,17,-50,11,25,
18.5976,0,-52,-5,13,
18.599,-8,-61,-20,-2,
18.6003,-37,-86,-51,-37,
18.6017,-38,-96,-61,-41,
18.603,-33,-91,-60,-45,
18.6044,-33,-91,-60,-45,
18.6057,-28,-14,-71,-76,
18.6071,-57,-22,-131,-124,
18.6085,-123,-281,-229,-218,
18.6098,-307,-1091,-395,-449,
18.6112,-307,-1091,-395,-449,
18.6126,-307,-1091,-395,-449,
18.6139,-417,-1509,-471,-569,
18.6153,-435,-1538,-471,-585,
18.6166,-437,-1517,-462,-577,
18.618,-429,-1433,-442,-562,
18.6194,-410,-1330,-414,-528,
18.6207,-361,-1221,-368,-475,
18.622,-302,-1103,-330,-426,
18.6234,-224,-898,-270,-348,
18.6248,-197,-825,-231,-306,
18.6262,-171,-750,-207,-287,
18.6275,-171,-750,-207,-287,
18.6289,-161,-684,-182,-258,
18.6303,-145,-637,-160,-235,
18.6318,-154,-590,-160,-229,
18.6332,-162,-535,-142,-208,
18.6347,-162,-535,-142,-208,
18.6363,-157,-477,-122,-167,
18.6377,-142,-452,-120,-154,
18.6391,-98,-386,-103,-142,
18.6405,-79,-354,-95,-137,
18.6419,-67,-334,-81,-124,
18.6434,-67,-334,-81,-124,
18.6448,-53,-320,-73,-107,
18.6462,-51,-307,-70,-106,
18.6477,-77,-284,-67,-95,
18.6491,-90,-288,-66,-100,
18.6504,-85,-260,-69,-89,
18.6518,-85,-260,-69,-89,
18.6531,-102,-252,-71,-83,
18.6545,-91,-224,-72,-83,
18.6558,-61,-213,-60,-86,
18.6572,-36,-202,-42,-76,
18.6585,-36,-202,-42,-76,
18.6599,-25,-178,-49,-58,
18.6613,-25,-178,-49,-58,
18.6626,-20,-163,-56,-50,
18.6639,-41,-157,-31,-57,
18.6653,-55,-150,-38,-60,
18.6667,-57,-154,-41,-59,
18.668,-66,-150,-32,-62,
18.6694,-76,-162,-38,-66,
18.6707,-69,-159,-38,-75,
18.672,-61,-138,-43,-70,
18.6734,-45,-121,-36,-59,
18.6748,-22,-100,-30,-49,
18.6761,-11,-92,-22,-44,
18.6775,-11,-83,-18,-36,
18.6789,2,-74,-21,-32,
18.6802,-13,-73,-19,-28,
18.6816,-20,-82,-24,-35,
18.6829,-30,-89,-30,-45,
18.6843,-35,-96,-28,-47,
18.6856,-35,-96,-28,-47,
18.6871,-46,-78,-27,-37,
18.6885,-46,-78,-27,-37,
18.6898,-41,-71,-20,-32,
18.6912,-16,-55,-12,-29,
18.6925,0,-40,-8,-29,
18.6939,6,-27,-6,-23,
18.6953,8,-28,-1,-17,
18.6966,0,-34,8,-19,
18.698,-4,-28,-3,-19,
18.6993,-16,-47,-12,-21,
18.7007,-18,-45,-13,-19,
18.7021,-32,-29,-8,-20,
18.7034,-32,-29,-8,-20,
18.7048,-42,-40,-10,-22,
18.7061,-39,-34,-3,-19,
18.7076,-38,-25,-3,-16,
18.7089,-2,-15,5,-8,
18.7103,-2,-15,5,-8,
18.7116,7,-18,2,-4,
18.713,20,-2,4,12,
18.7143,6,-2,6,10,
18.7158,-1,-8,16,0,
18.7171,-9,-15,-3,-9,
18.7185,-9,-15,-3,-9,
18.7199,-5,-9,-9,-13,
18.7212,-13,-23,-14,-11,
18.7226,-28,-14,-15,-8,
18.724,-27,-7,-11,-14,
18.7253,6,-15,8,-7,
18.7267,14,0,15,6,
18.728,14,0,15,6,
18.7294,9,0,12,8,
18.7308,15,7,12,11,
18.7322,11,9,15,5,
18.7335,11,8,4,2,
18.7348,-5,12,-2,-5,
18.7362,-5,12,-2,-5,
18.7376,-14,9,3,-13,
18.7389,-19,0,6,4,
18.7403,-10,-13,2,-2,
18.7417,-10,-9,4,7,
18.743,-5,1,17,5,
18.7443,7,9,20,8,
18.7457,18,12,15,12,
18.7471,26,7,15,13,
18.7484,9,6,9,21,
18.7498,12,8,20,19,
18.7512,12,8,20,19,
18.7525,0,9,21,18,
18.7539,-4,10,8,15,
18.7552,-5,4,10,7,
18.7566,-11,-13,18,0,
18.7579,-10,-5,9,5,
18.7593,-1,-2,15,2,
18.7606,11,2,25,0,
18.762,15,12,29,3,
18.7633,11,18,29,7,
18.7647,21,24,16,21,
18.7661,16,13,17,20,
18.7675,16,21,18,25,
18.7688,7,19,15,18,
18.7702,-2,3,7,5,
18.7716,-5,5,8,10,
18.7729,-3,11,6,7,
18.7744,2,-8,12,4,
18.7757,1,-9,26,5,
18.7771,9,7,29,5,
18.7784,28,16,30,10,
18.7798,28,16,30,10,
18.7812,24,15,29,26,
18.7825,30,13,30,23,
18.7839,31,19,33,15,
18.7852,24,27,24,8,
18.7866,11,16,21,10,
18.788,4,13,24,10,
18.7894,10,4,27,15,
18.7908,-2,9,20,14,
18.7921,4,16,21,3,
18.7935,11,11,20,17,
18.7949,11,11,20,17,
18.7962,20,12,27,18,
18.7976,18,19,18,29,
18.7989,25,17,23,20,
18.8003,30,21,31,29,
18.8016,26,26,34,26,
18.8029,23,30,27,29,
18.8042,23,30,27,29,
18.8056,-1,0,19,15,
18.8069,-4,-7,24,12,
18.8083,-6,-10,17,5,
18.8096,8,10,7,19,
18.8109,8,10,7,19,
18.8123,8,10,7,19,
18.8136,6,22,18,27,
18.8149,22,28,31,18,
18.8163,26,26,30,24,
18.8176,35,17,23,32,
18.8189,29,26,25,35,
18.8203,20,29,26,24,
18.8217,8,30,24,12,
18.8231,-1,18,30,9,
18.8244,-2,2,27,18,
18.8257,-14,6,21,8,
18.8271,-14,6,21,8,
18.8285,-13,8,14,6,
18.8298,6,20,15,7,
18.8312,22,17,17,12,
18.8326,31,31,19,33,
18.8339,28,37,25,32,
18.8353,16,24,34,23,
18.8366,16,24,34,23,
18.838,21,23,17,22,
18.8394,16,21,24,23,
18.8407,-2,28,31,19,
18.842,1,14,28,13,
18.8435,15,1,29,7,
18.8448,15,1,29,7,
18.8462,4,9,19,10,
18.8476,12,19,28,15,
18.849,34,24,29,23,
18.8504,36,37,25,31,
18.8518,35,31,21,33,
18.8533,35,31,21,33,
18.8547,20,24,12,23,
18.8561,21,19,14,25,
18.8575,6,21,20,19,
18.8588,-1,17,24,14,
18.8602,2,12,23,14,
18.8616,6,3,17,23,
18.863,5,4,15,25,
18.8643,8,19,14,28,
18.8657,13,33,20,30,
18.867,35,29,28,16,
18.8684,36,28,19,28,
18.8697,36,28,19,28,
18.871,28,30,27,28,
18.8723,11,28,28,24,
18.8737,11,28,28,24,
18.8751,4,32,23,23,
18.8764,14,14,14,16,
18.8778,14,14,14,16,
18.8791,-1,10,14,22,
18.8805,-4,14,11,25,
18.8818,15,17,16,22,
18.8832,19,25,22,31,
18.8845,31,27,39,34,
18.8858,31,27,39,34,
18.8872,31,27,39,34,
18.8885,32,19,34,32,
18.8898,26,23,23,28,
18.8912,18,23,20,29,
18.8926,3,11,17,18,
18.8939,-3,14,24,17,
18.8953,-3,24,30,12,
18.8966,1,24,30,15,
18.8979,13,21,20,12,
18.8993,22,32,32,22,
18.9007,18,24,30,19,
18.902,36,22,36,20,
18.9034,36,22,36,20,
18.9047,43,34,41,33,
18.9061,19,26,27,27,
18.9075,12,28,27,34,
18.9088,20,15,15,32,
18.9101,11,4,7,32,
18.9115,11,4,7,32,
18.9129,15,16,16,20,
18.9142,11,14,25,23,
18.9156,19,13,27,21,
18.917,32,25,29,34,
18.9183,32,25,29,34,
18.9197,32,25,29,34,
18.9211,42,33,28,38,
18.9224,45,41,34,38,
18.9238,25,32,43,33,
18.9252,12,11,20,33,
18.9265,10,5,16,34,
18.9279,10,5,16,34,
18.9293,8,10,21,23,
18.9307,16,15,7,14,
18.932,16,19,16,19,
18.9333,20,27,18,21,
18.9347,26,23,29,28,
18.936,26,23,29,28,
18.9374,22,20,31,32,
18.9387,40,31,41,28,
18.9401,29,28,46,23,
18.9414,23,19,32,28,
18.9429,27,30,16,33,
18.9443,14,26,15,25,
18.9456,9,31,14,23,
18.947,1,7,29,17,
18.9483,12,7,19,25,
18.9497,19,30,17,24,
18.951,32,36,25,32,
18.9524,32,36,25,32,
18.9537,41,31,30,36,
18.9551,33,26,28,34,
18.9565,30,23,33,26,
18.9578,26,16,32,24,
18.9592,26,16,32,24,
18.9606,27,15,35,30,
18.9619,14,19,28,36,
18.9633,5,20,27,32,
18.9646,8,12,21,27,
18.966,10,11,22,31,
18.9673,10,11,22,31,
18.9687,10,11,22,31,
18.97,23,33,29,33,
18.9714,27,39,30,32,
18.9728,30,33,36,36,
18.9741,20,42,28,25,
18.9756,20,42,28,25,
18.9769,13,28,29,27,
18.9782,11,10,16,28,
18.9796,12,18,17,32,
18.9809,5,19,22,32,
18.9823,-4,17,22,19,
18.9836,11,21,23,26,
18.9849,11,21,23,26,
18.9863,16,20,27,26,
18.9876,32,35,30,38,
18.989,37,35,30,32,
18.9903,42,35,32,32,
18.9916,45,27,35,26,
18.993,41,27,37,22,
18.9943,23,19,33,23,
18.9957,21,28,30,25,
18.997,4,14,22,23,
18.9983,13,23,13,25,
18.9996,13,23,13,25,
19.001,8,23,6,14,
19.0023,15,23,11,8,
19.0036,14,26,14,24,
19.0049,24,24,27,33,
19.0063,33,22,31,29,
19.0076,45,26,24,24,
19.009,43,25,28,22,
19.0104,36,31,31,31,
19.0117,25,16,23,25,
19.0131,9,18,29,28,
19.0144,18,26,33,22,
19.0158,10,19,20,19,
19.0171,17,14,13,22,
19.0185,17,14,13,22,
19.0199,31,19,33,28,
19.0212,33,17,27,30,
19.0226,26,33,30,29,
19.024,26,33,30,29,
19.0254,27,24,27,35,
19.0268,34,22,33,25,
19.0282,11,30,16,21,
19.0295,9,18,17,24,
19.0309,24,22,18,30,
19.0322,24,22,18,30,
19.0336,9,24,14,30,
19.035,9,24,14,30,
19.0364,12,20,10,29,
19.0378,27,22,19,34,
19.0393,35,34,35,35,
19.0407,35,34,35,35,
19.042,34,48,20,33,
19.0435,34,43,30,36,
19.0449,25,26,29,26,
19.0462,9,22,29,24,
19.0476,9,22,29,24,
19.0489,2,21,34,29,
19.0503,12,19,27,27,
19.0517,2,3,12,25,
19.0531,-6,15,12,16,
19.0545,16,24,25,13,
19.0559,20,37,33,23,
19.0572,25,41,35,33,
19.0586,27,40,25,36,
19.06,39,38,28,27,
19.0614,41,31,37,20,
19.0627,32,16,33,17,
19.0641,24,20,28,26,
19.0655,17,25,19,18,
19.0668,15,16,20,17,
19.0682,10,4,22,14,
19.0696,-4,9,17,13,
19.071,21,12,20,15,
19.0724,27,27,30,23,
19.0737,34,35,26,25,
19.0751,34,25,26,24,
19.0765,34,25,26,24,
19.0778,25,17,33,26,
19.0791,41,18,26,35,
19.0805,32,31,35,26,
19.0818,25,24,39,26,
19.0832,8,16,32,27,
19.0846,8,13,23,16,
19.0859,0,5,7,5,
19.0873,-8,4,7,3,
19.0887,8,16,22,8,
19.09,29,23,20,14,
19.0914,29,23,20,14,
19.0928,37,35,24,18,
19.0942,34,39,29,20,
19.0955,28,37,28,27,
19.0969,19,28,21,24,
19.0983,27,26,16,20,
19.0996,12,16,23,25,
19.101,12,16,23,25,
19.1024,1,16,16,26,
19.1037,-3,16,19,25,
19.1051,3,28,24,31,
19.1064,7,17,32,32,
19.1078,7,17,32,32,
19.1092,7,17,32,32,
19.1105,24,36,38,27,
19.1119,33,38,28,31,
19.1132,23,30,24,36,
19.1145,28,20,27,25,
19.1159,22,30,18,19,
19.1173,22,30,18,19,
19.1187,23,15,20,18,
19.1201,-7,9,18,14,
19.1214,4,9,10,7,
19.1228,8,17,23,14,
19.1241,17,16,25,21,
19.1255,17,16,25,21,
19.1268,26,27,22,26,
19.1282,27,48,33,34,
19.1295,38,41,39,30,
19.1308,40,34,39,21,
19.1322,24,40,32,27,
19.1335,10,26,34,23,
19.1349,0,21,23,20,
19.1362,0,17,20,18,
19.1376,8,8,33,25,
19.139,15,25,23,23,
19.1403,15,25,23,23,
19.1416,22,29,20,29,
19.143,41,21,19,31,
19.1444,34,30,32,25,
19.1457,33,40,28,23,
19.1471,23,41,21,28,
19.1485,23,41,21,28,
19.1498,29,35,26,26,
19.1513,21,14,11,33,
19.1527,11,17,18,25,
19.154,11,22,23,22,
19.1554,4,8,19,34,
19.1567,4,8,19,34,
19.1581,4,8,19,34,
19.1595,9,25,14,22,
19.1609,25,38,16,20,
19.1622,31,29,26,29,
19.1636,39,36,28,30,
19.165,39,36,28,30,
19.1663,26,36,33,29,
19.1677,28,15,17,39,
19.1691,20,16,12,32,
19.1704,9,16,19,25,
19.1718,3,14,28,31,
19.1732,10,15,22,22,
19.1745,10,15,22,22,
19.1759,11,18,13,23,
19.1772,23,28,13,36,
19.1785,21,35,25,35,
19.1799,31,37,37,35,
19.1812,43,35,44,40,
19.1826,27,36,39,30,
19.1839,30,39,34,25,
19.1853,9,23,19,25,
19.1867,9,23,19,25,
19.1881,18,16,14,30,
19.1895,11,13,12,33,
19.1908,11,13,12,33,
19.1922,6,22,11,21,
19.1935,9,30,16,22,
19.1948,34,38,21,21,
19.1962,20,30,28,30,
19.1976,26,40,39,33,
19.1989,29,35,34,25,
19.2003,27,23,28,22,
19.2016,26,32,28,17,
19.203,26,32,28,17,
19.2043,17,16,21,22,
19.2056,14,8,20,19,
19.207,3,2,23,20,
19.2083,-1,3,22,22,
19.2097,8,15,20,31,
19.2111,26,21,30,35,
19.2124,34,34,44,35,
19.2137,32,47,36,32,
19.2151,37,42,31,33,
19.2165,37,42,31,33,
19.2178,37,25,24,41,
19.2192,25,17,16,36,
19.2206,27,23,21,24,
19.2219,27,28,15,28,
19.2233,22,16,19,31,
19.2247,5,15,17,25,
19.226,-5,24,25,25,
19.2274,-4,33,22,24,
19.2288,19,31,19,25,
19.2302,44,34,23,34,
19.2316,53,30,32,30,
19.233,54,32,36,25,
19.2346,51,32,34,33,
19.236,46,24,25,39,
19.2373,35,23,19,34,
19.2387,7,24,24,31,
19.2401,22,23,29,33,
19.2414,13,15,29,29,
19.2428,13,15,29,29,
19.2442,6,24,15,22,
19.2457,5,27,22,23,
19.247,25,24,26,22,
19.2484,36,22,23,27,
19.2498,38,19,25,29,
19.2512,32,26,28,31,
19.2526,32,26,28,31,
19.254,29,17,23,35,
19.2554,11,23,32,27,
19.2567,11,23,32,27,
19.2581,14,28,26,22,
19.2595,7,21,23,14,
19.2609,16,29,24,11,
19.2623,16,29,24,11,
19.2636,27,15,17,27,
19.265,43,25,35,33,
19.2664,41,27,47,39,
19.2677,31,37,36,31,
19.2691,19,45,38,30,
19.2705,19,45,38,30,
19.2718,23,36,32,26,
19.2732,8,35,30,26,
19.2746,11,29,30,21,
19.2759,16,30,14,29,
19.2773,24,24,14,34,
19.2787,24,24,14,34,
19.28,21,20,20,32,
19.2814,25,35,35,30,
19.2827,37,33,28,31,
19.2841,31,42,31,32,
19.2854,37,49,41,39,
19.2868,35,44,41,37,
19.2882,35,44,41,37,
19.2895,24,22,17,26,
19.2909,21,17,12,31,
19.2923,24,20,20,28,
19.2936,-10,9,21,22,
19.295,-10,9,21,22,
19.2964,5,11,21,14,
19.2977,6,23,30,18,
19.2991,39,35,35,36,
19.3004,49,41,38,37,
19.3018,49,41,38,37,
19.3032,55,39,36,36,
19.3045,39,38,27,35,
19.3059,25,43,26,35,
19.3072,14,17,13,33,
19.3086,18,13,18,20,
19.31,17,12,20,19,
19.3113,-3,9,15,23,
19.3127,-5,14,12,22,
19.314,-7,8,13,21,
19.3153,9,18,23,23,
19.3166,40,51,36,39,
19.318,40,51,36,39,
19.3194,48,40,45,34,
19.3207,52,35,50,31,
19.3221,54,24,44,26,
19.3234,49,17,38,21,
19.3248,19,28,42,27,
19.3261,17,19,26,30,
19.3275,-1,10,19,26,
19.3289,-1,10,19,26,
19.3302,-6,17,16,32,
19.3316,-6,17,16,32,
19.333,9,16,30,25,
19.3343,32,29,35,30,
19.3357,44,29,40,40,
19.3371,49,37,32,37,
19.3385,33,39,37,35,
19.3399,32,26,42,40,
19.3412,22,28,39,34,
19.3426,15,14,21,36,
19.3439,2,18,20,32,
19.3453,2,18,20,32,
19.3467,-9,15,12,31,
19.3481,-4,14,15,21,
19.3494,10,18,20,25,
19.3508,44,35,40,32,
19.3522,41,36,36,34,
19.3536,42,37,36,27,
19.3549,42,37,36,27,
19.3563,43,32,44,24,
19.3576,30,29,30,31,
19.359,26,27,19,38,
19.3604,13,31,25,28,
19.3617,13,31,25,28,
19.3631,13,31,25,28,
19.3644,-2,21,20,24,
19.3658,-3,23,24,23,
19.3672,19,24,26,26,
19.3686,48,35,36,44,
19.37,56,29,40,42,
19.3714,56,29,40,42,
19.3728,39,45,37,44,
19.3741,33,38,43,41,
19.3755,33,38,43,41,
19.3768,23,30,33,41,
19.3781,14,25,30,31,
19.3795,6,20,21,19,
19.3808,6,20,21,19,
19.3821,13,23,18,18,
19.3835,12,29,20,23,
19.3849,19,30,29,34,
19.3862,47,30,50,43,
19.3876,47,30,50,43,
19.389,56,34,46,42,
19.3903,38,32,28,34,
19.3917,40,33,25,29,
19.3931,45,32,28,26,
19.3945,36,29,25,33,
19.3958,20,22,24,27,
19.3972,20,22,24,27,
19.3986,14,10,25,17,
19.3999,2,18,31,17,
19.4013,21,23,29,21,
19.4026,30,29,23,28,
19.404,29,34,33,23,
19.4054,29,34,33,23,
19.4068,44,40,43,31,
19.4081,38,41,42,43,
19.4095,29,36,33,42,
19.4109,24,35,36,38,
19.4122,13,35,33,30,
19.4136,13,35,33,30,
19.415,1,27,23,26,
19.4163,5,17,22,26,
19.4177,13,19,36,20,
19.419,30,34,33,30,
19.4204,30,34,33,30,
19.4218,31,35,30,40,
19.4232,31,35,30,40,
19.4246,39,45,40,51,
19.4259,41,48,33,53,
19.4273,31,43,32,38,
19.4286,25,36,30,38,
19.43,9,28,24,37,
19.4315,9,28,24,37,
19.4328,7,18,21,24,
19.4342,6,16,24,25,
19.4358,9,20,34,24,
19.4373,49,46,38,31,
19.4387,62,44,38,39,
19.4401,62,44,38,39,
19.4415,55,49,32,41,
19.4429,54,41,41,44,
19.4443,33,31,46,40,
19.4457,17,29,35,30,
19.4471,17,29,35,30,
19.4485,17,29,35,30,
19.4498,7,12,39,32,
19.4513,-10,8,33,24,
19.4526,5,7,27,25,
19.454,24,13,24,28,
19.4555,34,30,28,36,
19.4568,51,45,30,41,
19.4582,57,43,33,44,
19.4595,47,44,33,33,
19.4609,35,36,36,39,
19.4622,34,40,32,34,
19.4636,31,38,32,32,
19.4649,12,28,32,30,
19.4664,2,23,29,25,
19.4678,-7,17,15,30,
19.4692,-2,15,14,24,
19.4706,12,11,19,26,
19.472,38,46,36,44,
19.4733,32,46,43,41,
19.4747,42,41,52,39,
19.476,61,32,50,34,
19.4774,61,32,50,34,
19.4787,42,25,49,31,
19.4801,33,30,45,37,
19.4814,29,22,35,38,
19.4828,29,22,35,38,
19.4842,20,22,19,38,
19.4856,1,15,18,38,
19.487,-1,9,25,29,
19.4883,34,35,24,30,
19.4897,34,35,24,30,
19.4911,40,36,25,38,
19.4924,38,43,40,36,
19.4937,45,32,45,48,
19.4951,47,24,33,44,
19.4965,38,19,29,39,
19.4978,38,19,29,39,
19.4992,16,22,24,26,
19.5005,16,18,24,27,
19.5018,-8,2,14,31,
19.5032,6,6,15,22,
19.5046,16,21,15,18,
19.5059,24,27,31,33,
19.5073,33,45,38,40,
19.5086,49,40,39,34,
19.51,60,40,43,41,
19.5113,51,37,41,41,
19.5127,51,37,41,41,
19.514,38,28,39,36,
19.5154,21,23,38,30,
19.5167,21,24,37,35,
19.5181,13,13,38,34,
19.5194,0,18,36,25,
19.5208,4,23,32,32,
19.5221,4,23,32,32,
19.5235,18,16,40,33,
19.5248,31,35,56,34,
19.5261,40,38,56,38,
19.5275,54,40,57,42,
19.5289,44,47,54,48,
19.5302,34,41,51,45,
19.5316,37,29,52,50,
19.533,37,29,52,50,
19.5343,8,14,35,42,
19.5357,7,20,23,40,
19.5371,7,20,23,40,
19.5385,13,26,17,36,
19.5398,26,20,34,30,
19.5412,28,24,43,44,
19.5426,44,41,42,45,
19.5439,44,41,42,45,
19.5453,49,36,47,53,
19.5466,53,38,43,43,
19.548,53,38,43,43,
19.5493,50,44,41,44,
19.5507,27,37,43,50,
19.5521,22,25,29,38,
19.5534,22,25,29,38,
19.5548,9,16,31,29,
19.5562,22,12,27,33,
19.5575,21,30,30,34,
19.5589,45,39,34,33,
19.5602,48,33,29,37,
19.5616,49,44,30,45,
19.563,60,52,36,56,
19.5643,63,48,29,48,
19.5656,43,41,30,47,
19.567,28,28,26,48,
19.5683,20,27,22,40,
19.5697,12,33,30,33,
19.571,-1,28,26,36,
19.5724,6,14,19,39,
19.5737,4,32,28,26,
19.5751,12,38,24,35,
19.5765,12,38,24,35,
19.5778,44,31,47,41,
19.5791,60,43,58,47,
19.5804,57,39,49,43,
19.5818,57,31,46,39,
19.5832,43,36,38,35,
19.5845,43,36,38,35,
19.5859,28,29,26,30,
19.5873,13,18,21,28,
19.5886,-7,2,19,29,
19.59,-8,-4,14,34,
19.5913,22,21,27,31,
19.5927,22,21,27,31,
19.594,24,38,22,32,
19.5954,36,41,22,35,
19.5968,58,43,32,39,
19.5981,30,27,36,31,
19.5995,30,27,36,31,
19.6009,20,22,44,37,
19.6022,30,27,42,35,
19.6036,21,18,33,26,
19.6049,8,15,28,28,
19.6063,7,11,30,31,
19.6076,7,11,30,31,
19.609,11,5,28,27,
19.6103,31,18,22,36,
19.6117,48,33,27,41,
19.613,37,35,33,36,
19.6144,57,43,39,37,
19.6158,57,43,39,37,
19.6172,57,43,39,37,
19.6185,34,20,27,30,
19.6199,18,28,24,36,
19.6212,8,31,31,34,
19.6226,-6,11,34,32,
19.6239,-6,11,34,32,
19.6253,-6,19,34,30,
19.6266,3,23,36,28,
19.628,47,30,36,40,
19.6294,46,29,36,43,
19.6307,43,29,36,49,
19.6321,54,37,36,51,
19.6335,54,37,36,51,
19.6348,46,44,34,48,
19.6362,35,26,29,39,
19.6376,23,29,28,34,
19.6391,27,19,21,33,
19.6404,9,13,28,37,
19.6418,0,8,26,24,
19.6432,-2,10,26,19,
19.6446,31,18,31,34,
19.646,50,30,32,31,
19.6474,50,30,32,31,
19.6488,52,38,45,46,
19.6503,52,38,45,46,
19.6516,49,38,37,39,
19.653,39,26,31,32,
19.6544,30,20,34,33,
19.6558,17,19,35,28,
19.6572,5,8,27,21,
19.6587,5,8,27,21,
19.6601,3,16,22,25,
19.6614,16,20,21,24,
19.6628,18,23,22,32,
19.6642,33,23,42,38,
19.6655,40,22,37,46,
19.6669,42,36,47,51,
19.6683,42,36,47,51,
19.6696,29,26,36,39,
19.671,15,20,34,37,
19.6723,8,21,33,34,
19.6736,-8,20,26,21,
19.675,-8,20,26,21,
19.6763,-8,20,26,21,
19.6777,-6,12,15,11,
19.679,18,5,26,19,
19.6804,42,20,31,37,
19.6817,54,36,33,43,
19.6831,51,46,43,36,
19.6845,51,46,43,36,
19.6858,43,41,43,30,
19.6872,25,30,42,23,
19.6886,20,17,29,27,
19.6899,10,17,23,23,
19.6913,2,9,25,21,
19.6927,4,2,13,14,
19.694,9,4,14,9,
19.6954,7,19,20,19,
19.6967,14,19,30,30,
19.698,25,29,32,31,
19.6994,25,29,32,31,
19.7007,35,38,28,34,
19.702,40,34,32,43,
19.7034,45,36,25,40,
19.7048,40,39,18,36,
19.7061,11,24,24,38,
19.7075,11,12,27,35,
19.7089,-15,17,10,15,
19.7102,-4,6,7,23,
19.7116,7,-1,15,24,
19.713,17,4,30,26,
19.7143,17,4,30,26,
19.7157,34,23,39,40,
19.7171,42,27,39,45,
19.7184,66,43,27,45,
19.7198,53,41,21,43,
19.7211,36,44,27,40,
19.7224,26,40,35,35,
19.7238,20,19,34,33,
19.7251,14,19,23,26,
19.7265,-3,18,13,27,
19.7278,-8,12,15,26,
19.7292,1,11,11,28,
19.7306,9,26,12,32,
19.732,14,38,19,31,
19.7333,37,34,26,36,
19.7347,43,37,31,37,
19.736,56,40,41,41,
19.7374,49,25,45,46,
19.7388,49,25,45,46,
19.7401,27,16,41,36,
19.7415,17,26,30,38,
19.7428,15,23,22,39,
19.7442,11,22,12,37,
19.7455,3,11,10,35,
19.7468,3,11,10,35,
19.7482,-6,-1,24,37,
19.7495,41,18,29,26,
19.7509,39,21,34,35,
19.7523,54,27,41,36,
19.7536,54,27,41,36,
19.755,46,42,46,32,
19.7563,34,44,43,38,
19.7576,22,37,26,34,
19.759,8,25,20,21,
19.7603,-2,20,25,28,
19.7617,-2,20,25,28,
19.763,-3,6,30,25,
19.7643,13,1,19,27,
19.7657,17,21,14,33,
19.7671,23,32,21,35,
19.7684,42,45,36,40,
19.7698,36,46,43,39,
19.7712,41,35,37,33,
19.7725,43,29,26,36,
19.7739,24,23,29,31,
19.7753,10,10,28,34,
19.7766,10,10,25,28,
19.7779,-1,24,18,25,
19.7792,-5,7,7,17,
19.7806,-5,7,7,17,
19.7819,15,6,21,28,
19.7833,30,22,26,30,
19.7847,48,32,37,30,
19.786,50,30,31,38,
19.7873,43,38,28,43,
19.7886,54,49,34,51,
19.7899,48,43,42,39,
19.7913,19,26,30,34,
19.7927,18,15,32,37,
19.794,18,15,32,37,
19.7954,-9,19,19,16,
19.7968,-9,19,19,16,
19.7982,-12,21,19,20,
19.7995,11,13,27,27,
19.8009,29,26,30,40,
19.8022,29,26,30,40,
19.8036,39,35,30,34,
19.8049,55,38,41,36,
19.8062,53,40,41,34,
19.8076,37,36,35,36,
19.809,16,32,29,35,
19.8103,5,24,25,35,
19.8117,-3,15,21,32,
19.813,0,19,21,31,
19.8143,1,15,17,22,
19.8157,6,18,14,21,
19.817,5,9,19,21,
19.8184,7,16,26,31,
19.8196,31,33,36,29,
19.821,33,38,33,37,
19.8223,54,38,42,41,
19.8237,50,31,41,49,
19.825,50,31,41,49,
19.8264,32,18,31,42,
19.8278,9,23,18,23,
19.8291,9,23,18,23,
19.8305,2,13,19,21,
19.832,0,0,15,10,
19.8334,0,0,15,10,
19.8347,6,3,16,18,
19.8361,26,17,31,31,
19.8375,26,25,33,35,
19.8389,39,43,29,40,
19.8402,43,33,34,37,
19.8416,40,29,35,34,
19.843,40,29,35,34,
19.8443,18,25,24,26,
19.8457,12,14,30,20,
19.8471,8,16,34,27,
19.8485,2,15,18,19,
19.8499,-7,19,11,12,
19.8513,-7,19,11,12,
19.8527,26,26,14,25,
19.854,26,26,14,25,
19.8555,43,29,28,28,
19.8568,63,29,31,36,
19.8582,62,26,41,28,
19.8596,37,22,47,34,
19.8609,24,13,44,35,
19.8623,12,23,38,34,
19.8636,-2,20,21,23,
19.865,13,17,20,16,
19.8664,-4,8,17,24,
19.8677,-7,19,22,17,
19.8691,14,23,23,28,
19.8704,14,23,23,28,
19.8718,39,26,30,40,
19.8731,53,37,39,42,
19.8745,47,55,43,36,
19.8758,51,44,43,39,
19.8772,42,31,37,33,
19.8785,23,31,23,32,
19.8799,20,23,17,38,
19.8812,13,18,17,38,
19.8826,2,12,16,37,
19.884,-5,8,15,23,
19.8853,3,9,18,26,
19.8867,3,9,18,26,
19.8881,24,21,18,23,
19.8894,40,24,25,31,
19.8908,46,18,34,36,
19.8921,58,38,41,42,
19.8935,35,30,44,35,
19.8948,35,30,44,35,
19.8961,28,34,36,30,
19.8974,27,17,22,33,
19.8988,16,22,18,26,
19.9001,7,24,12,17,
19.9015,-2,16,5,11,
19.9029,-2,16,5,11,
19.9043,-8,11,14,17,
19.9056,24,16,29,31,
19.907,26,26,34,26,
19.9083,38,29,38,29,
19.9097,44,38,41,44,
19.911,27,44,38,46,
19.9124,34,40,36,46,
19.9137,25,29,31,36,
19.9151,-3,21,34,22,
19.9164,-14,13,33,23,
19.9178,-16,19,23,19,
19.9191,-16,19,23,19,
19.9205,-8,18,18,25,
19.9218,5,22,24,19,
19.9232,16,18,27,26,
19.9245,31,33,22,30,
19.9259,36,30,30,27,
19.9273,36,30,30,27,
19.9286,41,28,40,46,
19.9299,28,29,33,38,
19.9313,26,22,35,35,
19.9326,14,22,33,34,
19.9339,2,10,21,33,
19.9352,-9,-1,21,24,
19.9365,-9,-1,21,24,
19.9378,-4,1,28,19,
19.9392,18,24,28,31,
19.9405,28,31,25,35,
19.9418,38,34,27,34,
19.9432,52,23,30,35,
19.9446,62,22,33,35,
19.9459,59,23,29,31,
19.9472,40,20,31,34,
19.9486,30,22,36,26,
19.9499,13,15,25,25,
19.9512,12,11,19,25,
19.9526,2,17,25,27,
19.9539,-6,14,21,19,
19.9553,-7,11,24,12,
19.9566,34,28,25,16,
19.958,50,26,40,29,
19.9594,47,31,47,38,
19.9608,47,31,47,38,
19.9621,31,49,42,40,
19.9635,37,34,29,35,
19.9649,37,34,29,35,
19.9662,16,11,17,27,
19.9675,16,20,16,21,
19.9689,17,8,12,13,
19.9702,17,8,12,13,
19.9715,-4,15,21,20,
19.9728,2,16,28,24,
19.9742,27,16,23,30,
19.9755,39,33,25,34,
19.9769,34,38,29,36,
19.9782,48,47,35,39,
19.9796,32,34,30,36,
19.981,32,34,30,36,
19.9823,25,26,32,32,
19.9837,19,31,32,25,
19.985,18,23,32,24,
19.9864,15,16,29,25,
19.9878,11,4,18,20,
19.9891,-9,13,12,24,
19.9905,2,23,11,22,
19.9919,20,24,14,18,
19.9932,38,30,25,34,
19.9946,25,26,28,42,
19.9959,41,35,32,47,
19.9972,41,35,32,47,
19.9986,24,35,27,38,
20,24,28,23,30,
20.0013,11,17,22,28,
20.0027,3,18,25,25,
20.0041,-1,9,16,31,
20.0054,-18,-3,13,31,
20.0068,7,9,20,25,
20.0081,21,20,31,26,
20.0095,21,20,31,26,
20.0109,54,32,36,47,
20.0122,48,41,36,53,
20.0136,51,52,36,43,
20.015,39,38,37,40,
20.0164,35,29,31,39,
20.0177,35,29,31,39,
20.019,21,23,24,29,
20.0203,5,8,19,25,
20.0217,-6,5,19,21,
20.023,-13,2,25,21,
20.0244,-3,4,17,17,
20.0257,13,13,21,29,
20.0271,32,19,31,35,
20.0285,44,41,34,37,
20.0298,44,41,34,37,
20.0312,57,44,29,37,
20.0326,39,38,36,33,
20.034,38,30,45,32,
20.0354,28,20,39,28,
20.0367,6,5,25,18,
20.0381,5,5,18,32,
20.0396,-13,13,13,26,
20.0409,4,12,12,15,
20.0423,4,12,12,15,
20.0438,4,12,12,15,
20.0452,26,22,29,32,
20.0466,38,33,35,33,
20.048,35,38,34,31,
20.0493,27,29,42,33,
20.0507,26,27,40,25,
20.0521,26,27,40,25,
20.0535,8,18,26,19,
20.0549,1,22,22,13,
20.0562,-10,12,13,10,
20.0576,-6,10,9,13,
20.0589,-5,1,15,22,
20.0603,8,16,10,30,
20.0617,8,16,10,30,
20.0631,52,31,34,24,
20.0644,57,37,31,31,
20.0658,62,35,29,40,
20.0672,28,29,25,34,
20.0685,28,22,22,25,
20.0699,28,22,22,25,
20.0712,22,11,18,24,
20.0725,4,7,19,20,
20.0739,6,1,18,18,
20.0753,-4,-1,10,13,
20.0767,-2,0,11,17,
20.0781,15,20,20,14,
20.0794,26,29,30,25,
20.0808,40,28,33,26,
20.0822,51,33,33,29,
20.0835,50,33,34,37,
20.0849,48,32,34,36,
20.0862,30,22,26,26,
20.0877,30,22,26,26,
20.089,9,16,29,20,
20.0904,12,16,20,21,
20.0918,-16,-3,14,16,
20.0932,-11,14,8,14,
20.0946,13,20,10,19,
20.0959,13,20,10,19,
20.0973,42,19,21,30,
20.0987,44,27,27,28,
20.1001,44,27,27,28,
20.1014,39,31,46,25,
20.1027,34,21,35,16,
20.104,12,21,18,19,
20.1053,12,21,18,19,
20.1067,7,11,24,29,
20.1081,-1,3,29,24,
20.1095,-10,6,19,24,
20.1108,7,10,20,13,
20.1122,7,10,20,13,
20.1135,13,24,18,13,
20.1149,28,36,32,16,
20.1163,32,36,34,17,
20.1177,53,29,34,29,
20.119,34,35,44,39,
20.1204,34,35,44,39,
20.1217,30,27,42,26,
20.1231,10,13,23,23,
20.1245,4,7,13,17,
20.1258,-6,3,20,16,
20.1272,-10,7,11,21,
20.1285,1,11,8,24,
20.1299,1,11,8,24,
20.1312,22,21,24,31,
20.1326,35,37,44,27,
20.1339,41,41,46,32,
20.1353,58,46,45,39,
20.1366,55,37,31,36,
20.138,27,35,25,30,
20.1393,23,22,29,22,
20.1407,6,17,29,23,
20.1421,-15,8,11,26,
20.1434,-14,6,9,21,
20.1448,-14,6,9,21,
20.1461,-9,8,6,16,
20.1475,5,13,20,23,
20.1489,22,21,28,31,
20.1503,33,17,38,30,
20.1516,53,32,41,35,
20.153,36,23,40,40,
20.1544,31,18,29,33,
20.1557,31,19,24,30,
20.1571,31,19,24,30,
20.1584,29,24,21,33,
20.1598,0,8,24,11,
20.1612,-16,0,17,5,
20.1626,-13,0,21,18,
20.164,-1,6,24,27,
20.1654,27,13,23,26,
20.1667,43,33,33,30,
20.1681,50,40,32,31,
20.1695,59,42,22,35,
20.1708,35,32,20,32,
20.1722,18,24,28,28,
20.1736,18,24,28,28,
20.1749,15,24,27,31,
20.1763,-2,13,22,19,
20.1777,-15,14,16,13,
20.179,-22,11,9,11,
20.1804,18,11,16,27,
20.1818,18,11,16,27,
20.1832,30,14,27,27,
20.1846,40,18,35,35,
20.1859,40,34,42,32,
20.1873,52,45,47,28,
20.1887,46,32,40,24,
20.1901,25,18,31,34,
20.1914,25,18,31,34,
20.1928,20,14,33,38,
20.1942,4,7,17,30,
20.1956,-13,9,13,17,
20.197,-14,6,15,21,
20.1984,-6,-4,17,23,
20.1998,-6,-4,17,23,
20.2011,3,15,32,24,
20.2025,25,35,31,35,
20.2039,33,39,20,35,
20.2052,37,42,25,40,
20.2066,18,33,22,37,
20.2079,18,33,22,37,
20.2093,24,30,25,34,
20.2107,0,25,23,26,
20.212,0,8,21,22,
20.2134,-2,3,13,27,
20.2147,-2,9,17,26,
20.2161,-2,9,17,26,
20.2175,17,23,20,30,
20.2188,25,22,17,27,
20.2202,38,32,21,31,
20.2215,50,32,30,36,
20.2228,37,35,34,39,
20.2242,45,37,29,37,
20.2255,35,30,30,40,
20.2268,6,21,19,29,
20.2281,-1,10,24,31,
20.2295,-11,6,17,18,
20.2309,-11,6,17,18,
20.2323,-16,9,13,19,
20.2336,-9,13,17,27,
20.235,8,12,19,28,
20.2367,26,15,24,38,
20.2381,53,30,27,42,
20.2396,53,30,27,42,
20.241,44,31,21,38,
20.2423,28,26,21,35,
20.2439,9,17,23,25,
20.2453,-16,9,29,18,
20.2467,-20,-1,26,25,
20.2482,-20,-1,26,25,
20.2496,-1,9,15,19,
20.251,-3,18,12,20,
20.2524,29,22,24,39,
20.2537,36,38,27,38,
20.255,41,38,40,42,
20.2564,51,38,46,44,
20.2577,38,39,39,37,
20.2591,38,39,39,37,
20.2604,38,39,39,37,
20.2618,1,25,19,24,
20.2632,3,11,17,18,
20.2645,-1,5,20,9,
20.2658,-15,11,18,7,
20.2672,-8,14,17,10,
20.2686,2,23,30,16,
20.2699,26,26,25,21,
20.2713,42,24,28,27,
20.2726,50,28,35,28,
20.274,32,29,33,37,
20.2754,33,34,28,31,
20.2767,33,34,28,31,
20.2781,25,29,22,28,
20.2794,7,24,24,21,
20.2808,-4,16,14,17,
20.2822,-4,1,10,9,
20.2835,-15,-3,10,13,
20.2849,-4,9,4,16,
20.2862,18,20,12,23,
20.2876,23,25,29,30,
20.289,29,34,29,25,
20.2904,32,44,40,27,
20.2917,32,44,40,27,
20.2931,29,39,33,28,
20.2945,23,27,34,24,
20.2959,8,30,35,26,
20.2972,6,14,24,15,
20.2985,-11,10,9,11,
20.2999,-11,10,9,11,
20.3012,-2,6,0,9,
20.3026,9,16,4,8,
20.3039,10,15,23,14,
20.3052,29,28,27,17,
20.3065,25,34,24,24,
20.3079,35,41,30,36,
20.3093,35,41,30,36,
20.3106,37,35,28,26,
20.312,30,15,27,31,
20.3133,13,17,21,26,
20.3147,-3,16,22,28,
20.316,-5,13,18,22,
20.3174,-12,1,16,9,
20.3188,-10,-4,23,9,
20.3201,24,13,32,19,
20.3215,24,13,32,19,
20.3228,40,25,33,31,
20.3242,54,19,25,24,
20.3256,43,27,28,26,
20.327,33,24,37,26,
20.3283,34,34,36,26,
20.3296,34,34,36,26,
20.331,25,26,33,34,
20.3323,5,22,28,31,
20.3337,4,10,23,14,
20.335,-4,9,13,8,
20.3364,6,12,9,15,
20.3376,20,26,13,23,
20.339,32,37,25,32,
20.3403,45,27,34,35,
20.3416,40,27,41,31,
20.343,35,40,44,37,
20.3443,35,40,44,37,
20.3456,31,35,33,35,
20.3469,13,29,21,37,
20.3483,-1,17,23,31,
20.3496,-1,16,26,24,
20.351,-5,9,30,19,
20.3524,-3,4,24,17,
20.3537,2,16,16,16,
20.3551,-3,14,10,12,
20.3565,30,9,31,35,
20.3578,22,26,30,34,
20.3591,29,33,39,36,
20.3605,44,42,36,36,
20.3618,30,34,30,28,
20.3632,26,19,28,28,
20.3646,26,19,28,28,
20.3659,9,7,26,26,
20.3673,7,1,23,20,
20.3687,-12,4,8,14,
20.37,-7,3,11,16,
20.3714,-9,3,8,15,
20.3728,-1,15,16,18,
20.3741,29,31,33,28,
20.3755,46,30,29,29,
20.3769,46,30,29,29,
20.3782,48,38,35,26,
20.3796,33,26,37,19,
20.381,33,26,37,19,
20.3823,19,19,20,25,
20.3837,-2,18,14,17,
20.3851,-11,16,9,8,
20.3864,-11,16,9,8,
20.3877,-12,3,8,6,
20.3891,-10,-2,15,5,
20.3904,7,-1,20,12,
20.3918,41,29,30,29,
20.3932,41,29,30,29,
20.3946,48,32,35,36,
20.3959,36,42,28,45,
20.3973,27,43,36,34,
20.3987,24,44,40,28,
20.4001,2,23,17,9,
20.4014,0,20,10,10,
20.4028,0,20,10,10,
20.4041,-8,3,15,4,
20.4056,-6,8,26,10,
20.407,1,13,18,14,
20.4083,33,24,16,18,
20.4097,41,27,21,31,
20.411,44,43,24,34,
20.4124,44,43,24,34,
20.4137,40,30,23,31,
20.4151,26,23,15,26,
20.4164,18,28,24,29,
20.4178,6,18,26,12,
20.4191,6,18,26,12,
20.4205,-3,7,19,23,
20.4218,-7,-1,9,22,
20.4232,0,13,8,11,
20.4245,0,13,8,11,
20.4259,22,26,25,10,
20.4273,36,27,29,28,
20.4286,36,27,29,28,
20.43,40,29,30,33,
20.4314,28,25,37,34,
20.4328,30,24,27,25,
20.4342,16,18,18,29,
20.4355,5,14,18,34,
20.4369,2,15,19,17,
20.4383,-10,14,11,3,
20.4397,-15,17,16,1,
20.4411,-17,13,13,14,
20.4425,5,17,19,16,
20.4439,32,18,27,21,
20.4452,47,31,24,27,
20.4466,55,26,31,28,
20.448,43,32,33,38,
20.4494,36,38,34,22,
20.4508,23,29,32,13,
20.4522,4,18,23,5,
20.4537,-6,13,17,7,
20.4551,-6,13,17,7,
20.4565,-14,4,10,11,
20.4579,-5,4,13,11,
20.4594,23,15,31,8,
20.4608,31,24,32,23,
20.4622,31,24,32,23,
20.4636,22,27,35,35,
20.4649,29,24,27,45,
20.4663,35,30,24,35,
20.4677,36,16,19,19,
20.469,24,18,16,18,
20.4704,6,24,21,20,
20.4718,6,24,21,20,
20.4732,-24,4,19,8,
20.4745,-15,17,6,10,
20.4759,2,13,8,16,
20.4772,36,19,27,29,
20.4786,36,19,27,29,
20.48,35,24,34,33,
20.4813,42,39,32,38,
20.4827,38,43,37,40,
20.4841,38,43,37,40,
20.4855,18,19,21,26,
20.4869,-2,21,16,11,
20.4882,-2,21,16,11,
20.4896,-4,5,17,13,
20.4909,-11,4,6,7,
20.4923,-6,6,3,10,
20.4937,6,1,9,16,
20.495,29,12,25,17,
20.4964,37,27,26,26,
20.4977,28,28,24,31,
20.4991,35,34,37,34,
20.5005,30,28,39,34,
20.5018,30,28,39,34,
20.5032,22,26,39,27,
20.5046,18,15,26,24,
20.5059,5,13,22,20,
20.5073,-21,4,10,5,
20.5087,-24,5,11,0,
20.51,-11,11,13,11,
20.5114,-2,26,22,19,
20.5128,33,27,30,27,
20.5141,28,22,29,25,
20.5155,34,37,36,25,
20.5168,40,32,29,22,
20.5181,40,32,29,22,
20.5195,40,32,29,22,
20.5208,11,18,28,23,
20.5222,0,11,14,17,
20.5236,-2,9,8,17,
20.5249,-13,8,6,9,
20.5263,-13,8,6,9,
20.5277,-9,7,5,11,
20.529,11,5,13,16,
20.5304,41,26,21,24,
20.5318,39,21,22,27,
20.5332,42,25,24,32,
20.5345,38,24,18,24,
20.5359,38,24,18,24,
20.5373,28,26,25,29,
20.5386,11,22,27,13,
20.54,6,25,29,5,
20.5413,-3,14,27,-5,
20.5427,-8,-4,16,0,
20.5441,-10,7,20,7,
20.5455,-3,16,27,15,
20.5469,12,25,30,16,
20.5482,36,25,24,29,
20.5496,36,25,24,29,
20.5509,44,29,21,34,
20.5523,37,26,24,36,
20.5537,26,27,32,36,
20.555,22,23,27,34,
20.5564,8,16,19,21,
20.5577,6,16,31,18,
20.5591,-6,-1,19,15,
20.5604,-11,0,14,11,
20.5618,-15,7,6,13,
20.5632,-11,16,15,13,
20.5646,18,29,21,22,
20.5659,36,36,20,29,
20.5673,41,34,26,28,
20.5686,46,43,41,27,
20.57,41,47,39,35,
20.5713,29,36,36,26,
20.5727,23,25,22,26,
20.5741,-7,9,20,8,
20.5755,-17,9,17,17,
20.5768,-17,-4,13,11,
20.5782,-17,-4,13,11,
20.5796,-6,-1,11,5,
20.581,5,1,15,10,
20.5823,40,29,39,35,
20.5837,48,33,37,35,
20.585,47,44,37,37,
20.5864,30,38,38,34,
20.5878,35,24,35,32,
20.5891,29,26,36,26,
20.5905,9,23,28,31,
20.5919,-10,20,15,9,
20.5933,-10,20,15,9,
20.5946,-10,20,15,9,
20.596,-6,3,13,11,
20.5974,-10,6,17,7,
20.5987,4,12,11,15,
20.6001,29,23,27,39,
20.6015,34,29,37,45,
20.6028,34,29,37,45,
20.6042,46,35,38,19,
20.6056,29,18,33,25,
20.6069,19,17,30,33,
20.6083,19,13,23,30,
20.6097,1,10,13,17,
20.611,0,6,20,12,
20.6124,-11,6,28,16,
20.6138,-3,15,18,13,
20.6152,-3,14,17,8,
20.6165,6,15,22,7,
20.6178,48,18,22,28,
20.6192,57,32,34,34,
20.6205,57,32,34,34,
20.6218,28,20,38,24,
20.6232,28,20,38,24,
20.6245,29,13,25,19,
20.6258,19,10,15,13,
20.6272,-2,19,16,6,
20.6286,-2,19,16,6,
20.63,-5,2,17,10,
20.6314,-4,3,17,6,
20.6327,6,26,22,9,
20.6341,26,30,25,16,
20.6355,40,25,29,28,
20.6368,40,25,29,28,
20.6381,40,25,29,28,
20.6395,22,40,28,30,
20.6412,14,34,24,22,
20.6425,12,14,22,19,
20.6439,11,8,20,25,
20.6453,11,8,20,25,
20.6466,-1,18,19,28,
20.648,-9,-2,9,16,
20.6494,4,-7,13,20,
20.6508,27,1,13,28,
20.6521,50,15,25,31,
20.6534,41,26,32,27,
20.6548,41,26,32,27,
20.6561,36,27,41,31,
20.6574,31,31,39,31,
20.6588,19,18,26,29,
20.6601,20,12,16,21,
20.6614,2,17,20,28,
20.6628,-9,22,11,21,
20.6642,-18,1,-1,5,
20.6655,-13,2,19,-3,
20.6669,8,15,18,10,
20.6682,34,26,26,20,
20.6696,34,26,26,20,
20.671,39,20,38,24,
20.6723,42,25,45,35,
20.6737,42,38,41,27,
20.6751,31,33,23,18,
20.6765,12,34,29,26,
20.6778,12,34,29,26,
20.6792,3,14,11,15,
20.6805,-4,7,-1,9,
20.6818,-19,5,10,16,
20.6832,10,13,15,19,
20.6845,10,13,15,19,
20.6859,10,13,15,19,
20.6873,32,30,22,33,
20.6886,32,25,35,48,
20.69,39,35,43,47,
20.6914,31,35,42,46,
20.6927,39,24,44,35,
20.6941,31,22,33,34,
20.6955,18,17,22,24,
20.6968,4,14,15,30,
20.6982,-4,5,8,21,
20.6995,0,-2,16,10,
20.7009,8,13,28,14,
20.7022,16,22,29,29,
20.7036,16,22,29,29,
20.7049,21,31,32,39,
20.7063,32,29,28,34,
20.7077,51,33,24,28,
20.709,42,32,25,41,
20.7104,20,21,18,46,
20.7118,20,28,24,38,
20.7132,11,17,26,28,
20.7146,-3,14,24,16,
20.7159,-7,18,22,13,
20.7173,6,9,13,16,
20.7187,6,9,13,16,
20.72,17,21,16,20,
20.7214,18,30,23,27,
20.7228,53,36,29,26,
20.7241,55,41,31,28,
20.7255,34,38,27,34,
20.7268,34,38,27,34,
20.7282,12,26,28,30,
20.7296,15,27,28,35,
20.731,2,16,20,30,
20.7324,-3,0,6,13,
20.7337,-3,0,6,13,
20.7351,5,3,16,4,
20.7364,11,8,22,10,
20.7378,21,20,23,24,
20.7392,37,34,26,32,
20.7405,46,48,28,39,
20.7418,45,46,35,47,
20.7432,38,32,40,49,
20.7445,38,32,40,49,
20.7459,12,23,25,32,
20.7473,12,23,25,32,
20.7486,7,7,18,35,
20.75,-16,17,23,11,
20.7514,-16,10,10,15,
20.7528,-13,6,23,22,
20.7541,1,11,26,26,
20.7555,36,15,23,26,
20.7569,37,27,32,37,
20.7583,32,42,41,36,
20.7597,45,42,39,33,
20.761,45,42,39,33,
20.7624,40,29,42,27,
20.7637,20,25,32,28,
20.7651,6,19,26,22,
20.7664,-12,19,22,28,
20.7678,-2,10,17,26,
20.7692,8,10,14,28,
20.7705,8,10,14,28,
20.7719,35,18,24,35,
20.7733,47,36,39,40,
20.7747,39,37,46,35,
20.776,44,43,44,43,
20.7774,36,38,42,37,
20.7788,34,25,44,29,
20.7802,31,24,34,35,
20.7815,23,32,30,28,
20.7828,16,35,27,30,
20.7842,7,17,9,31,
20.7856,1,24,18,22,
20.787,-3,24,22,28,
20.7883,17,17,19,40,
20.7897,17,17,19,40,
20.7911,36,18,25,41,
20.7924,53,38,24,42,
20.7938,71,44,31,49,
20.7951,63,51,31,58,
20.7965,60,43,32,60,
20.7979,46,28,24,58,
20.7993,23,30,28,44,
20.8007,15,32,28,47,
20.802,3,18,27,48,
20.8034,-2,18,24,43,
20.8048,-2,18,24,43,
20.8061,4,21,29,43,
20.8074,32,27,33,39,
20.8088,66,33,45,49,
20.8101,71,49,53,64,
20.8115,73,45,51,85,
20.8128,73,45,51,85,
20.8142,66,34,46,80,
20.8155,36,37,56,82,
20.8169,29,32,62,78,
20.8182,21,26,53,77,
20.8196,15,25,50,73,
20.8209,13,19,52,75,
20.8222,13,19,52,75,
20.8236,22,28,45,81,
20.825,75,36,66,105,
20.8263,83,49,70,113,
20.8277,95,62,68,124,
20.8291,99,67,75,127,
20.8305,91,63,87,133,
20.8319,84,60,85,129,
20.8333,62,67,77,134,
20.8349,62,67,77,134,
20.8364,70,61,88,141,
20.8378,81,47,96,153,
20.8392,87,48,102,167,
20.8406,104,65,99,191,
20.842,131,87,113,215,
20.8434,165,107,120,248,
20.8448,190,148,141,314,
20.8462,190,148,141,314,
20.8477,231,147,194,424,
20.8491,241,157,221,488,
20.8505,265,183,259,591,
20.8519,265,183,259,591,
20.8532,397,262,438,1238,
20.8546,556,394,577,1365,
20.856,556,394,577,1365,
20.8574,378,328,387,765,
20.8587,292,267,297,601,
20.8601,254,230,242,485,
20.8615,193,170,176,333,
20.8628,173,147,158,289,
20.8642,173,147,158,289,
20.8656,161,140,143,245,
20.8669,150,123,124,205,
20.8682,114,102,110,184,
20.8696,85,72,95,155,
20.871,61,63,80,135,
20.8723,61,63,80,135,
20.8737,56,42,65,102,
20.875,58,49,64,91,
20.8763,64,59,63,80,
20.8776,78,66,69,92,
20.879,78,60,62,97,
20.8803,89,69,69,94,
20.8816,89,69,69,94,
20.883,85,54,76,90,
20.8844,48,48,64,86,
20.8857,32,45,55,79,
20.8871,28,37,56,73,
20.8884,34,28,41,50,
20.8898,13,18,24,45,
20.8912,10,23,31,41,
20.8925,42,28,31,38,
20.8939,42,28,31,38,
20.8952,54,35,40,54,
20.8966,62,47,57,67,
20.8979,67,56,53,72,
20.8993,67,56,53,72,
20.9006,59,61,44,72,
20.902,42,37,57,68,
20.9033,23,35,48,51,
20.9046,23,32,38,38,
20.906,6,25,40,36,
20.9073,3,18,23,33,
20.9087,3,25,12,41,
20.91,3,25,12,41,
20.9114,48,38,34,40,
20.9127,64,45,53,41,
20.914,54,46,53,48,
20.9154,55,56,57,54,
20.9168,54,51,61,55,
20.9182,62,40,61,51,
20.9196,33,30,48,44,
20.9209,26,34,51,47,
20.9223,9,30,44,41,
20.9236,9,30,44,41,
20.925,2,22,28,28,
20.9264,7,29,15,25,
20.9278,24,26,17,27,
20.9291,55,31,27,53,
20.9305,55,28,28,58,
20.9318,55,28,28,58,
20.9332,50,39,58,64,
20.9346,48,40,59,58,
20.936,30,31,54,57,
20.9373,27,23,37,37,
20.9387,11,23,23,36,
20.94,11,23,23,36,
20.9414,-9,13,25,27,
20.9428,-11,17,30,24,
20.9442,-10,19,27,34,
20.9455,43,33,32,44,
20.9469,70,46,39,42,
20.9482,70,46,39,42,
20.9496,65,42,39,46,
20.9509,55,44,50,53,
20.9522,36,41,49,53,
20.9536,28,38,35,58,
20.955,19,27,31,58,
20.9563,11,26,39,43,
20.9576,11,26,39,43,
20.959,2,19,29,38,
20.9603,4,10,25,27,
20.9617,13,16,20,26,
20.963,27,22,20,26,
20.9644,52,38,27,38,
20.9657,58,38,32,50,
20.9671,62,41,48,60,
20.9685,54,51,42,58,
20.9698,33,39,34,48,
20.9712,33,39,34,48,
20.9726,14,21,38,48,
20.9739,11,12,24,45,
20.9753,4,16,22,44,
20.9766,2,17,30,35,
20.978,9,16,24,29,
20.9794,12,19,28,30,
20.9808,12,19,28,30,
20.9821,46,44,28,31,
20.9835,47,44,32,49,
20.9849,50,44,32,60,
20.9863,36,42,43,49,
20.9877,36,42,43,49,
20.9891,36,42,43,49,
20.9904,26,26,27,34,
20.9918,22,13,27,30,
20.9932,11,12,28,30,
20.9945,-2,10,10,26,
20.9959,13,13,19,26,
20.9973,13,13,19,26,
20.9985,36,22,26,32,
20.9999,48,43,39,43,
21.0012,67,51,43,43,
21.0026,69,55,43,45,
21.004,60,53,40,44,
21.0053,60,53,40,44,
21.0067,46,45,34,41,
21.0081,16,19,33,25,
21.0094,12,10,26,21,
21.0108,-10,15,23,22,
21.0121,-3,7,18,29,
21.0136,10,1,9,29,
21.0149,23,12,26,35,
21.0163,50,29,46,37,
21.0176,60,43,37,49,
21.019,63,49,34,53,
21.0204,55,41,28,47,
21.0217,55,41,28,47,
21.0231,53,32,37,42,
21.0245,30,31,48,39,
21.0258,10,22,35,33,
21.0272,-9,16,21,22,
21.0286,1,9,21,24,
21.0299,15,10,25,19,
21.0313,11,13,27,15,
21.0328,20,33,26,19,
21.0341,46,32,42,40,
21.0355,46,32,42,40,
21.0371,59,28,48,48,
21.0385,54,28,47,54,
21.04,42,29,37,47,
21.0415,21,27,31,42,
21.043,7,35,37,30,
21.0443,-20,4,27,22,
21.0457,-6,3,23,14,
21.0471,-6,3,23,14,
21.0485,-6,3,23,14,
21.0499,25,11,25,25,
21.0513,45,30,38,32,
21.0527,43,38,35,32,
21.0541,47,51,44,37,
21.0555,37,38,39,49,
21.0568,37,38,39,49,
21.0582,22,28,35,32,
21.0596,20,26,23,19,
21.0609,13,28,20,24,
21.0623,1,16,23,24,
21.0637,4,7,23,18,
21.0651,9,9,20,19,
21.0664,12,12,25,23,
21.0678,32,30,39,32,
21.0692,36,33,34,37,
21.0706,64,46,34,52,
21.072,50,34,40,56,
21.0733,50,34,40,56,
21.0747,39,45,49,41,
21.076,15,25,36,43,
21.0774,17,14,22,35,
21.0788,-2,10,13,25,
21.0801,-2,10,13,25,
21.0815,-2,10,13,25,
21.0829,15,17,25,15,
21.0842,28,29,26,17,
21.0856,32,37,25,27,
21.087,33,36,36,36,
21.0883,42,46,42,48,
21.0896,42,38,39,51,
21.091,40,27,37,51,
21.0924,18,21,28,30,
21.0938,8,12,20,23,
21.0953,8,12,20,23,
21.0967,-3,11,22,18,
21.0981,-3,11,22,18,
21.0995,-8,-2,21,10,
21.1008,9,13,27,21,
21.1022,27,32,27,32,
21.1035,42,37,24,37,
21.1049,51,30,25,45,
21.1062,56,31,22,56,
21.1076,55,22,36,51,
21.109,19,25,31,31,
21.1103,6,30,29,28,
21.1117,6,30,29,28,
21.1131,11,21,32,29,
21.1144,2,10,31,15,
21.1158,-14,1,22,18,
21.1172,-3,-2,10,19,
21.1185,24,22,20,29,
21.1199,36,25,24,30,
21.1212,43,23,34,36,
21.1226,45,34,43,44,
21.124,36,37,45,46,
21.1253,32,30,44,45,
21.1267,21,37,47,43,
21.128,9,41,32,36,
21.1294,12,27,22,22,
21.1308,10,19,30,28,
21.1322,-4,7,24,22,
21.1335,6,13,11,18,
21.1349,6,9,17,28,
21.1362,44,32,30,30,
21.1376,50,32,35,36,
21.139,50,32,35,36,
21.1403,59,44,34,42,
21.1417,59,44,34,42,
21.1431,45,34,31,43,
21.1444,28,13,37,35,
21.1458,18,9,43,31,
21.1471,18,9,43,31,
21.1485,-1,13,35,21,
21.1498,3,10,18,22,
21.1512,2,9,9,26,
21.1525,15,10,11,20,
21.1538,36,30,38,30,
21.1552,36,30,38,30,
21.1565,50,37,39,31,
21.1578,61,42,38,42,
21.1592,58,43,40,55,
21.1606,46,37,38,49,
21.1619,33,39,28,35,
21.1633,11,28,23,29,
21.1647,15,15,13,27,
21.1661,13,18,15,22,
21.1674,4,12,20,16,
21.1688,-12,4,15,12,
21.1701,5,16,15,20,
21.1715,31,23,26,23,
21.1729,31,23,26,23,
21.1742,50,20,32,26,
21.1755,63,48,38,48,
21.1768,47,51,44,51,
21.1782,30,38,46,35,
21.1796,24,28,36,34,
21.1809,2,23,21,29,
21.1823,12,23,17,25,
21.1837,-3,18,22,16,
21.1851,-2,8,13,13,
21.1864,12,15,15,18,
21.1877,12,15,15,18,
21.1891,32,24,17,26,
21.1904,39,33,22,34,
21.1918,48,31,24,30,
21.1932,67,30,26,39,
21.1945,48,39,35,40,
21.1958,25,33,40,41,
21.1972,11,30,34,39,
21.1986,14,31,24,38,
21.1999,10,17,28,29,
21.2013,10,17,28,29,
21.2026,-9,2,10,18,
21.2039,-9,11,19,23,
21.2053,7,21,31,22,
21.2066,36,28,30,28,
21.208,40,36,29,28,
21.2094,44,31,30,26,
21.2108,41,26,27,36,
21.2121,28,41,30,26,
21.2135,10,27,26,31,
21.2148,10,27,26,31,
21.2162,-1,26,29,32,
21.2175,9,18,21,22,
21.2189,-1,9,10,18,
21.2203,-16,16,16,18,
21.2216,3,16,21,22,
21.223,3,16,21,22,
21.2243,27,32,23,27,
21.2257,40,39,30,32,
21.227,46,53,45,37,
21.2284,39,42,41,42,
21.2297,27,31,26,36,
21.231,22,26,34,37,
21.2324,22,26,34,37,
21.2337,5,23,31,27,
21.2351,6,11,25,26,
21.2365,-11,8,13,12,
21.2378,-1,6,7,13,
21.2393,7,17,20,28,
21.2407,7,17,20,28,
21.2422,33,35,18,33,
21.2436,55,37,44,32,
21.245,54,36,37,30,
21.2464,54,36,37,30,
21.2477,30,33,35,42,
21.2491,21,38,30,36,
21.2505,21,38,30,36,
21.2519,-2,25,33,29,
21.2532,-6,16,24,27,
21.2546,-9,14,12,19,
21.256,3,15,22,22,
21.2574,3,15,22,22,
21.2588,29,27,33,26,
21.2601,41,32,32,35,
21.2615,55,41,41,44,
21.2629,59,48,53,46,
21.2643,37,36,50,47,
21.2657,23,23,37,38,
21.2671,12,15,21,24,
21.2685,9,24,20,18,
21.2698,-3,30,28,19,
21.2711,0,20,26,15,
21.2725,-1,11,14,15,
21.2738,0,4,19,22,
21.2752,5,23,23,26,
21.2765,37,44,20,32,
21.2779,53,42,26,28,
21.2793,47,37,32,41,
21.2807,34,31,26,33,
21.282,20,22,20,35,
21.2834,14,14,27,27,
21.2847,14,14,27,27,
21.2861,2,17,36,23,
21.2874,-13,15,29,18,
21.2888,-13,15,29,18,
21.2901,3,2,8,9,
21.2915,10,13,22,22,
21.2928,29,34,37,30,
21.2942,45,33,38,40,
21.2956,61,31,38,44,
21.2969,71,30,36,43,
21.2983,58,33,40,35,
21.2996,22,22,23,35,
21.3009,22,22,23,35,
21.3023,1,12,21,28,
21.3036,3,6,25,25,
21.305,2,13,16,17,
21.3063,-9,14,16,14,
21.3077,-1,11,22,18,
21.309,13,12,20,20,
21.3104,25,24,18,27,
21.3117,45,28,34,32,
21.3131,44,34,37,40,
21.3144,37,39,49,39,
21.3158,28,33,36,35,
21.3171,18,40,26,27,
21.3184,18,40,26,27,
21.3198,21,31,23,20,
21.3211,3,22,18,23,
21.3225,-5,7,15,25,
21.3238,-4,1,19,20,
21.3252,-2,8,24,20,
21.3265,10,15,30,28,
21.3279,24,30,33,29,
21.3292,42,36,33,36,
21.3306,43,36,42,40,
21.3319,51,35,40,35,
21.3333,45,32,33,28,
21.3346,45,32,33,28,
21.3359,34,33,22,24,
21.3373,16,25,19,19,
21.3386,-1,14,22,24,
21.3399,-7,16,18,18,
21.3413,-2,6,9,22,
21.3426,-2,6,9,22,
21.344,12,25,10,25,
21.3453,35,29,33,38,
21.3467,42,36,38,41,
21.348,61,46,45,37,
21.3494,66,45,49,37,
21.3507,51,44,53,32,
21.3521,37,30,50,29,
21.3534,37,30,50,29,
21.3547,0,12,29,31,
21.3561,-8,7,26,21,
21.3575,-10,12,19,7,
21.3589,-17,12,11,2,
21.3603,-2,19,14,3,
21.3616,8,18,19,21,
21.3629,31,26,29,29,
21.3643,34,32,34,33,
21.3656,34,32,34,33,
21.3669,44,33,47,42,
21.3682,36,37,50,38,
21.3696,36,37,50,38,
21.3709,32,28,40,30,
21.3723,-3,23,28,34,
21.3736,-3,23,28,34,
21.3749,-16,15,18,30,
21.3763,-18,5,9,18,
21.3776,2,2,27,31,
21.379,19,17,32,37,
21.3804,38,40,29,33,
21.3817,47,34,34,31,
21.383,47,36,42,33,
21.3843,47,36,42,33,
21.3856,38,33,32,34,
21.387,28,26,41,28,
21.3883,14,16,37,25,
21.3896,11,17,30,31,
21.391,11,17,30,31,
21.3923,-6,-5,7,28,
21.3936,-7,4,18,26,
21.395,-4,7,13,23,
21.3963,36,27,31,41,
21.3977,36,27,31,41,
21.399,38,32,31,31,
21.4004,36,44,25,28,
21.4018,50,39,30,43,
21.4031,43,39,26,40,
21.4044,31,33,22,31,
21.4057,9,20,21,21,
21.4071,9,20,21,21,
21.4085,11,19,14,16,
21.4099,-4,12,21,26,
21.4112,-4,10,18,24,
21.4126,10,18,19,26,
21.414,18,26,29,35,
21.4153,27,27,33,38,
21.4167,27,27,33,38,
21.418,35,40,33,40,
21.4194,39,32,26,44,
21.4207,38,35,28,38,
21.422,33,28,34,34,
21.4234,17,18,31,22,
21.4247,1,22,25,20,
21.4261,-3,24,23,14,
21.4275,-15,9,10,17,
21.4289,-2,14,11,16,
21.4302,22,22,20,17,
21.4315,22,22,20,17,
21.4329,49,27,22,26,
21.4344,53,35,30,27,
21.4361,45,41,46,45,
21.4374,42,38,49,39,
21.4388,36,30,46,34,
21.4402,23,19,35,22,
21.4417,15,18,24,14,
21.4431,15,18,24,14,
21.4445,-7,7,18,10,
21.4459,-5,6,17,19,
21.4472,-3,17,22,12,
21.4486,23,32,28,18,
21.4499,43,36,33,32,
21.4513,43,36,33,32,
21.4527,50,43,34,41,
21.454,49,29,36,40,
21.4554,27,30,38,38,
21.4568,29,38,34,30,
21.4581,18,31,20,31,
21.4594,0,18,14,21,
21.4608,0,18,14,21,
21.4621,-22,10,19,6,
21.4634,-20,17,17,13,
21.4648,-4,13,20,16,
21.4662,36,21,24,32,
21.4675,36,21,24,32,
21.4689,45,35,37,30,
21.4702,44,34,41,38,
21.4716,35,47,37,41,
21.473,35,47,37,41,
21.4744,18,24,13,27,
21.4758,18,24,13,27,
21.4771,-1,17,21,22,
21.4784,-7,13,20,18,
21.4797,-10,11,16,23,
21.4811,-14,10,26,23,
21.4824,-7,17,23,16,
21.4838,18,18,28,18,
21.4851,27,24,25,25,
21.4865,27,23,26,37,
21.4878,51,31,25,51,
21.4892,52,39,34,37,
21.4906,52,39,34,37,
21.492,18,23,28,37,
21.4933,9,10,30,29,
21.4947,13,18,26,23,
21.4961,7,16,22,26,
21.4975,-4,-7,16,14,
21.4989,-4,-7,16,14,
21.5003,5,3,24,12,
21.5016,25,31,36,29,
21.503,28,26,32,35,
21.5043,51,30,24,36,
21.5057,29,31,34,34,
21.507,29,31,34,34,
21.5084,29,31,34,34,
21.5096,25,19,24,25,
21.511,17,13,20,28,
21.5124,5,7,14,19,
21.5136,-4,7,13,15,
21.5149,-1,8,7,17,
21.5163,0,12,7,18,
21.5176,12,21,14,21,
21.519,33,33,15,26,
21.5203,34,39,22,39,
21.5217,43,45,31,43,
21.523,43,45,31,43,
21.5244,47,44,38,37,
21.5257,35,41,37,37,
21.5271,15,32,29,28,
21.5284,7,27,18,29,
21.5298,-12,23,6,14,
21.5312,-9,6,18,10,
21.5325,-9,6,18,10,
21.5339,-7,0,28,11,
21.5352,15,21,26,13,
21.5366,35,35,35,30,
21.5379,32,32,39,35,
21.5392,49,31,42,40,
21.5406,43,29,34,34,
21.542,43,29,34,34,
21.5434,28,27,23,27,
21.5447,16,28,30,23,
21.5461,5,24,23,28,
21.5474,7,19,26,23,
21.5488,-14,19,22,11,
21.5501,-6,14,14,11,
21.5515,13,12,16,18,
21.5529,28,31,24,35,
21.5542,44,30,24,40,
21.5556,44,30,24,40,
21.5569,63,31,30,39,
21.5583,63,31,30,39,
21.5597,48,27,32,35,
21.561,30,23,16,32,
21.5624,9,10,18,33,
21.5638,9,10,18,33,
21.5651,5,-5,10,15,
21.5665,-3,3,8,8,
21.5678,-2,20,16,6,
21.5692,33,22,24,25,
21.5705,33,22,24,25,
21.5719,41,26,33,30,
21.5733,52,35,34,41,
21.5746,31,38,28,43,
21.576,31,38,28,43,
21.5774,22,30,38,41,
21.5788,23,24,31,40,
21.5801,6,10,20,25,
21.5816,-4,9,27,23,
21.583,-11,-5,20,17,
21.5843,-8,4,20,18,
21.5857,-8,4,20,18,
21.5871,-2,8,24,24,
21.5885,17,22,38,34,
21.5898,31,36,36,33,
21.5912,56,42,26,44,
21.5926,38,32,31,42,
21.5939,38,32,31,42,
21.5952,30,29,37,38,
21.5966,21,27,43,35,
21.5979,10,24,36,21,
21.5992,12,14,14,14,
21.6005,-10,-2,17,6,
21.6019,-10,-2,17,6,
21.6033,-7,-6,12,15,
21.6046,26,14,22,34,
21.606,37,28,21,34,
21.6074,38,32,31,37,
21.6087,38,32,31,37,
21.61,32,47,38,25,
21.6113,32,47,38,25,
21.6127,37,37,43,30,
21.6141,15,23,30,25,
21.6154,12,16,32,29,
21.6168,5,7,13,25,
21.6181,-9,9,26,15,
21.6195,-9,9,26,15,
21.6209,7,13,25,20,
21.6222,30,35,26,23,
21.6236,41,45,33,27,
21.625,41,45,33,27,
21.6264,55,41,38,32,
21.6277,63,37,36,40,
21.6291,54,45,26,40,
21.6304,28,38,31,35,
21.6318,9,13,40,26,
21.6332,12,11,28,22,
21.6345,-13,9,19,18,
21.636,-19,15,13,16,
21.6375,-14,7,11,23,
21.639,5,3,24,23,
21.6404,16,14,30,26,
21.6418,27,33,39,33,
21.6432,43,44,41,40,
21.6446,44,40,28,40,
21.6459,32,34,22,40,
21.6473,32,34,22,40,
21.6487,-3,32,25,21,
21.6501,-3,32,25,21,
21.6515,-7,16,20,15,
21.6528,-7,9,13,12,
21.6541,-10,-2,9,13,
21.6555,-10,-2,9,13,
21.6569,22,12,20,29,
21.6583,27,29,27,35,
21.6596,35,27,31,32,
21.6609,54,36,45,39,
21.6623,54,36,45,39,
21.6637,46,34,50,48,
21.665,20,20,37,38,
21.6664,20,20,37,38,
21.6677,16,18,29,25,
21.6691,2,17,19,25,
21.6704,-18,7,15,20,
21.6717,-9,16,11,18,
21.673,1,15,11,11,
21.6743,26,14,17,17,
21.6757,34,33,37,42,
21.677,39,49,39,34,
21.6783,39,49,39,34,
21.6797,37,46,38,42,
21.681,21,38,42,34,
21.6824,9,31,42,33,
21.6837,9,15,33,30,
21.6851,13,21,31,29,
21.6865,13,21,31,29,
21.6879,-13,2,20,14,
21.6893,-10,1,16,12,
21.6906,0,14,21,22,
21.692,24,23,29,25,
21.6934,48,22,26,36,
21.6947,58,19,25,37,
21.6961,64,26,34,38,
21.6974,39,35,32,29,
21.6987,32,19,19,26,
21.7001,19,21,23,31,
21.7014,-2,15,25,33,
21.7028,-2,15,25,33,
21.7042,4,16,22,26,
21.7055,-5,18,11,6,
21.7068,5,13,28,5,
21.7082,11,22,24,16,
21.7095,21,22,24,28,
21.7109,34,37,31,22,
21.7122,44,44,39,23,
21.7136,50,41,52,37,
21.7149,44,34,49,45,
21.7162,35,33,36,43,
21.7176,13,27,30,38,
21.719,7,15,19,21,
21.7203,9,18,10,26,
21.7217,-12,24,11,21,
21.7231,-22,20,7,14,
21.7244,-2,9,26,22,
21.7258,-2,9,26,22,
21.7271,27,21,32,24,
21.7284,43,34,27,34,
21.7298,60,43,39,43,
21.7311,53,42,49,41,
21.7324,53,42,49,41,
21.7337,27,28,33,29,
21.7351,27,28,33,29,
21.7364,13,23,25,21,
21.7377,9,20,26,23,
21.7391,-21,6,22,4,
21.7404,-9,9,18,5,
21.7417,4,16,9,12,
21.7431,5,14,21,25,
21.7444,26,32,32,27,
21.7457,32,42,31,32,
21.7471,39,48,41,37,
21.7485,54,31,39,32,
21.7498,54,31,39,32,
21.7511,38,27,37,29,
21.7525,21,22,37,30,
21.7539,-5,15,23,23,
21.7552,6,15,14,29,
21.7566,-10,17,15,20,
21.7579,-11,1,15,12,
21.7593,-11,1,15,12,
21.7606,-3,-1,13,16,
21.762,39,31,22,32,
21.7633,45,31,36,34,
21.7647,44,38,46,48,
21.766,37,40,40,47,
21.7673,37,40,40,47,
21.7686,38,42,37,39,
21.77,31,21,34,39,
21.7713,12,20,16,19,
21.7727,7,22,11,24,
21.774,-12,17,5,20,
21.7754,-10,15,6,9,
21.7767,-10,7,10,7,
21.778,-3,18,10,23,
21.7793,29,25,19,35,
21.7807,47,36,41,47,
21.782,47,36,41,47,
21.7834,49,36,47,43,
21.7847,35,27,45,33,
21.786,35,27,45,33,
21.7874,13,28,43,24,
21.7887,14,24,32,27,
21.79,1,22,23,31,
21.7914,-8,8,12,19,
21.7928,-1,5,13,15,
21.7941,-8,10,16,12,
21.7955,19,11,16,18,
21.7968,34,23,25,28,
21.7981,34,23,25,28,
21.7995,70,29,24,43,
21.8008,68,27,32,40,
21.8022,68,27,32,40,
21.8035,16,27,36,19,
21.8048,7,21,23,21,
21.8062,7,21,23,21,
21.8076,4,19,21,23,
21.8089,-6,10,3,10,
21.8102,-4,12,13,12,
21.8116,11,15,20,19,
21.8129,12,22,24,25,
21.8142,24,21,29,26,
21.8155,34,17,29,28,
21.8169,48,37,39,29,
21.8183,22,39,35,40,
21.8197,22,39,35,40,
21.821,22,31,32,36,
21.8224,18,17,29,20,
21.8237,9,10,15,19,
21.825,9,11,14,22,
21.8263,1,16,18,11,
21.8277,5,24,19,9,
21.829,5,24,19,9,
21.8304,10,17,20,16,
21.8318,33,28,40,34,
21.8331,45,47,33,34,
21.8344,66,45,31,40,
21.8358,58,40,26,39,
21.8372,58,40,26,39,
21.8385,37,32,33,40,
21.8399,14,18,25,32,
21.8413,8,16,27,15,
21.8427,-4,19,20,12,
21.8441,-10,18,10,1,
21.8454,-7,14,8,3,
21.8468,1,4,17,7,
21.8482,13,15,29,17,
21.8496,51,19,25,29,
21.851,54,23,36,29,
21.8524,51,24,35,30,
21.8538,51,24,35,30,
21.8552,42,29,28,40,
21.8566,29,37,30,38,
21.858,0,11,18,22,
21.8595,-7,18,24,18,
21.8608,-6,-1,17,6,
21.8621,-8,3,11,7,
21.8635,-8,3,11,7,
21.8648,-8,3,11,7,
21.8662,37,32,22,31,
21.8675,42,40,19,38,
21.8688,40,34,28,30,
21.8702,53,47,33,33,
21.8715,53,47,33,33,
21.8729,45,48,25,33,
21.8742,5,36,32,21,
21.8756,10,30,26,15,
21.877,6,14,20,15,
21.8783,-2,17,12,4,
21.8797,-6,14,6,6,
21.8811,-6,14,6,6,
21.8824,9,19,17,12,
21.8838,37,23,39,34,
21.8852,46,29,44,33,
21.8865,46,40,41,38,
21.8879,54,24,26,40,
21.8893,54,24,26,40,
21.8906,47,33,33,36,
21.892,18,26,31,33,
21.8934,-10,10,19,25,
21.8948,-12,6,4,17,
21.8962,-12,6,4,17,
21.8976,-10,-4,4,10,
21.899,5,-8,15,6,
21.9003,37,32,34,30,
21.9017,48,33,32,40,
21.903,39,43,28,35,
21.9044,34,42,29,38,
21.9057,30,33,32,45,
21.9071,33,35,33,40,
21.9085,18,30,23,27,
21.9098,5,27,20,32,
21.9112,0,29,25,22,
21.9126,-7,15,26,11,
21.9139,-9,19,28,12,
21.9152,-10,21,17,10,
21.9165,8,21,10,6,
21.9178,18,17,12,20,
21.9191,28,26,25,30,
21.9205,45,33,34,43,
21.9218,45,33,34,43,
21.9232,48,32,45,36,
21.9245,46,31,26,36,
21.9259,14,20,22,32,
21.9273,-2,7,13,23,
21.9286,-15,11,15,12,
21.9299,-15,11,15,12,
21.9312,-15,13,22,5,
21.9326,-3,20,19,21,
21.9339,1,22,16,26,
21.9352,28,42,27,29,
21.9365,40,39,31,32,
21.9379,51,37,36,40,
21.9392,65,41,39,43,
21.9406,61,32,34,42,
21.9419,35,24,33,39,
21.9433,13,23,29,20,
21.9446,13,23,29,20,
21.946,13,23,29,20,
21.9473,-7,7,22,6,
21.9486,-6,11,19,6,
21.95,1,12,12,2,
21.9513,20,18,11,11,
21.9527,34,29,27,35,
21.954,34,29,27,35,
21.9554,42,36,23,28,
21.9568,54,27,36,34,
21.9582,42,34,29,34,
21.9595,42,34,29,34,
21.9608,-1,12,24,26,
21.9622,-1,18,14,26,
21.9635,-1,18,14,26,
21.9649,-13,13,16,23,
21.9662,-16,11,15,27,
21.9676,2,9,13,19,
21.969,21,25,21,20,
21.9703,31,27,25,25,
21.9717,33,30,33,29,
21.973,45,36,45,42,
21.9743,46,40,44,47,
21.9757,46,40,44,47,
21.9771,26,36,31,36,
21.9784,12,16,26,36,
21.9798,12,16,26,36,
21.9812,8,22,18,33,
21.9825,-6,14,13,18,
21.9839,6,3,21,11,
21.9852,21,18,28,27,
21.9865,27,29,34,37,
21.9879,38,27,34,36,
21.9892,38,27,34,36,
21.9906,58,29,29,39,
21.9919,47,24,37,37,
21.9933,27,28,37,29,
21.9946,14,26,26,33,
21.996,8,18,21,28,
21.9974,2,15,25,26,
21.9987,-2,12,19,23,
22,-10,5,6,25,
22.0014,15,8,20,26,
22.0028,15,8,19,24,
22.0042,23,24,19,24,
22.0055,39,29,20,21,
22.0069,38,32,24,37,
22.0083,34,34,30,50,
22.0097,45,37,36,36,
22.0111,31,33,17,34,
22.0124,12,18,27,25,
22.0137,13,21,29,25,
22.0151,7,13,31,24,
22.0164,-15,11,19,17,
22.0178,-15,11,19,17,
22.0191,0,5,7,17,
22.0205,20,25,14,20,
22.0218,39,42,25,31,
22.0232,38,43,24,41,
22.0246,35,51,21,44,
22.0259,49,43,36,48,
22.0273,54,42,40,43,
22.0286,19,28,30,35,
22.03,19,28,30,35,
22.0314,4,24,30,23,
22.0327,8,17,26,22,
22.0341,-9,5,17,27,
22.0356,-9,7,20,18,
22.0369,-5,22,25,17,
22.0383,7,24,34,23,
22.0397,7,24,34,23,
22.0411,36,27,26,39,
22.0424,45,46,30,48,
22.0437,41,33,28,43,
22.045,33,21,27,33,
22.0464,27,24,24,28,
22.0478,16,30,27,28,
22.0492,8,18,21,18,
22.0506,7,9,23,14,
22.0519,-15,-1,27,10,
22.0533,-14,-1,24,3,
22.0547,6,14,14,12,
22.0561,6,14,14,12,
22.0574,30,14,31,18,
22.0588,41,44,32,28,
22.0601,48,52,41,31,
22.0615,32,50,38,34,
22.0629,34,42,41,32,
22.0642,34,42,41,32,
22.0656,21,33,40,31,
22.0669,4,20,29,19,
22.0683,-10,14,14,15,
22.0696,-17,2,4,6,
22.071,-19,9,9,7,
22.0724,28,28,29,18,
22.0737,28,28,29,18,
22.0751,34,30,33,32,
22.0764,48,33,43,45,
22.0777,48,33,43,45,
22.0791,46,32,43,42,
22.0805,17,34,23,22,
22.0817,17,34,23,22,
22.0831,6,25,28,26,
22.0845,10,11,20,19,
22.0858,-7,16,16,0,
22.0872,-15,15,18,3,
22.0886,1,22,15,0,
22.0899,31,23,13,11,
22.0913,50,33,19,29,
22.0926,42,39,29,33,
22.094,39,38,33,37,
22.0954,57,39,35,34,
22.0967,45,36,34,26,
22.0981,45,36,34,26,
22.0994,22,17,21,20,
22.1008,10,17,23,23,
22.1021,12,15,18,18,
22.1035,-6,8,-1,15,
22.1048,-6,8,-1,15,
22.1062,-1,5,6,14,
22.1075,25,18,21,21,
22.1089,35,33,25,31,
22.1103,38,35,22,24,
22.1117,59,40,30,37,
22.113,59,40,30,37,
22.1144,52,34,30,44,
22.1158,46,25,31,42,
22.1172,13,9,30,26,
22.1185,-2,4,22,19,
22.1199,-6,8,13,15,
22.1213,-13,9,14,7,
22.1227,-7,14,23,8,
22.1241,-3,20,19,21,
22.1255,30,24,32,21,
22.1268,41,31,28,24,
22.1282,41,31,28,24,
22.1296,44,37,32,37,
22.131,44,39,37,40,
22.1323,31,41,37,45,
22.1337,15,26,33,18,
22.135,7,20,25,21,
22.1364,7,20,25,21,
22.1378,-1,-1,22,14,
22.1391,2,-5,25,13,
22.1405,6,8,22,10,
22.1419,17,11,17,12,
22.1432,38,23,38,25,
22.1446,38,23,38,25,
22.146,44,29,36,30,
22.1473,45,43,46,34,
22.1487,29,33,39,31,
22.15,29,19,34,29,
22.1514,-2,24,28,24,
22.1528,-2,24,28,24,
22.1541,3,24,26,25,
22.1555,-6,9,11,10,
22.1569,4,6,18,4,
22.1582,14,8,8,7,
22.1596,27,34,24,13,
22.1609,27,34,24,13,
22.1623,27,34,24,13,
22.1637,37,33,32,23,
22.165,44,27,44,45,
22.1664,37,21,47,45,
22.1678,31,26,35,39,
22.1692,15,14,26,31,
22.1705,3,11,13,28,
22.1719,-1,8,18,22,
22.1733,-11,3,11,12,
22.1746,-11,2,15,11,
22.176,6,10,20,8,
22.1774,30,17,19,17,
22.1787,30,17,19,17,
22.1801,38,24,34,36,
22.1815,55,45,33,43,
22.1829,51,31,34,43,
22.1842,38,24,36,41,
22.1856,24,22,23,31,
22.187,9,17,14,27,
22.1884,14,19,17,26,
22.1898,3,12,23,17,
22.1912,3,14,17,-7,
22.1925,3,14,17,-7,
22.1939,-1,2,17,0,
22.1952,14,9,27,8,
22.1966,42,36,38,27,
22.198,49,39,49,36,
22.1994,36,38,45,35,
22.2007,28,42,41,40,
22.2021,19,32,43,39,
22.2034,16,28,36,33,
22.2048,0,24,21,33,
22.2062,0,24,21,33,
22.2075,-18,-2,18,9,
22.2089,-13,-4,12,5,
22.2103,-14,1,12,7,
22.2117,14,3,9,21,
22.2131,32,15,20,23,
22.2145,48,30,20,26,
22.2159,60,36,31,42,
22.2172,49,31,28,44,
22.2186,26,33,20,40,
22.22,18,35,13,33,
22.2213,18,35,13,33,
22.2227,3,35,26,28,
22.2241,13,19,25,19,
22.2254,-6,11,6,4,
22.2268,-5,5,9,5,
22.2282,14,1,25,14,
22.2295,12,17,27,22,
22.2309,37,25,25,32,
22.2323,37,37,20,28,
22.2337,42,35,31,26,
22.2351,36,34,36,32,
22.2365,36,34,36,32,
22.2379,22,23,24,28,
22.2394,0,28,19,20,
22.2409,-1,13,13,20,
22.2422,-7,1,16,3,
22.2435,-3,3,18,7,
22.2449,2,8,23,12,
22.2462,6,19,30,15,
22.2476,30,39,41,25,
22.249,30,39,41,25,
22.2504,40,46,39,35,
22.2518,44,44,33,37,
22.2532,50,36,30,28,
22.2546,28,12,33,25,
22.256,-2,11,32,17,
22.2574,-2,11,32,17,
22.2588,0,17,18,7,
22.2602,-10,4,13,2,
22.2615,-10,4,13,2,
22.2629,-7,10,19,5,
22.2642,16,17,24,17,
22.2656,24,26,25,31,
22.267,35,36,30,32,
22.2683,44,45,36,37,
22.2697,43,42,40,36,
22.271,45,42,40,36,
22.2724,13,25,32,22,
22.2737,2,20,34,22,
22.2751,2,20,34,22,
22.2765,-15,19,34,25,
22.2779,-18,1,30,15,
22.2793,-18,-2,29,8,
22.2806,-7,14,28,23,
22.282,33,19,38,26,
22.2833,33,19,38,26,
22.2847,43,39,27,20,
22.286,31,51,27,28,
22.2874,37,39,37,27,
22.2888,16,33,33,17,
22.2901,16,33,33,17,
22.2915,16,33,33,17,
22.2928,3,18,25,16,
22.2942,-4,-4,19,2,
22.2956,-7,7,22,-5,
22.2969,0,17,19,-4,
22.2983,32,29,21,17,
22.2996,32,29,21,17,
22.301,39,31,24,35,
22.3023,52,40,32,36,
22.3037,40,36,29,27,
22.3051,40,36,29,27,
22.3065,16,20,30,33,
22.3078,-1,21,31,28,
22.3092,-1,21,31,28,
22.3105,3,23,20,29,
22.3119,-11,10,17,9,
22.3132,-5,21,19,10,
22.3145,7,16,23,3,
22.3159,28,7,25,10,
22.3172,42,23,26,23,
22.3186,34,40,29,21,
22.32,33,52,27,32,
22.3213,48,44,35,31,
22.3227,48,44,35,31,
22.324,42,34,36,26,
22.3254,20,18,38,27,
22.3267,3,17,30,19,
22.3281,7,17,20,11,
22.3294,5,19,19,2,
22.3309,0,12,15,2,
22.3323,0,12,15,2,
22.3336,32,30,19,19,
22.335,37,35,29,23,
22.3363,44,31,29,28,
22.3376,51,40,38,37,
22.339,39,44,35,34,
22.3404,34,44,36,24,
22.3417,34,44,36,24,
22.343,10,12,34,28,
22.3444,9,8,27,21,
22.3457,-7,15,28,12,
22.3471,-13,12,21,6,
22.3485,-8,1,26,12,
22.3499,0,13,27,11,
22.3513,39,26,38,23,
22.3527,39,26,38,23,
22.354,43,27,47,29,
22.3554,43,37,50,34,
22.3568,40,42,46,25,
22.3581,40,42,46,25,
22.3595,15,41,42,27,
22.3609,16,13,30,29,
22.3622,5,22,25,22,
22.3636,-5,8,17,10,
22.365,-1,0,19,6,
22.3663,1,9,23,0,
22.3677,14,16,25,8,
22.369,38,26,24,18,
22.3704,51,32,27,20,
22.3718,51,32,27,20,
22.3731,63,44,32,22,
22.3745,49,38,30,21,
22.3759,34,40,32,25,
22.3772,7,20,30,22,
22.3786,6,18,28,16,
22.38,6,18,28,16,
22.3813,-9,13,15,3,
22.3827,-19,3,10,-5,
22.3841,-1,5,8,2,
22.3855,22,20,16,12,
22.3868,45,34,26,14,
22.3882,45,34,26,14,
22.3895,45,34,26,14,
22.3909,36,31,44,26,
22.3922,30,25,43,26,
22.3936,21,16,34,24,
22.395,12,21,31,13,
22.3963,12,27,34,5,
22.3976,4,21,32,6,
22.399,-18,18,29,8,
22.4004,-13,15,18,-9,
22.4017,7,14,26,3,
22.4031,7,14,26,3,
22.4045,30,27,29,23,
22.4058,39,36,26,25,
22.4072,46,38,31,27,
22.4086,21,29,18,25,
22.4099,21,29,18,25,
22.4112,21,29,18,25,
22.4126,13,19,22,26,
22.4139,-4,14,27,14,
22.4152,-11,18,17,9,
22.4166,-24,8,5,1,
22.4179,-24,8,16,-2,
22.4194,5,24,13,-5,
22.4208,26,25,19,1,
22.4221,37,22,32,14,
22.4234,32,32,36,17,
22.4248,35,33,38,21,
22.4262,35,33,38,21,
22.4276,41,26,45,21,
22.4289,18,24,43,25,
22.4303,3,21,31,13,
22.4317,-5,17,22,-1,
22.4331,-10,9,10,-6,
22.4344,-10,9,10,-6,
22.4358,-14,11,20,-1,
22.4372,2,20,28,-4,
22.4386,35,36,36,3,
22.44,43,37,42,16,
22.4414,43,37,42,16,
22.4428,49,34,43,26,
22.4442,46,42,37,29,
22.4456,30,43,32,24,
22.447,26,36,24,23,
22.4484,10,17,20,1,
22.4498,10,17,20,1,
22.4513,-3,6,18,0,
22.4527,-3,6,18,0,
22.454,0,6,18,9,
22.4553,15,29,28,9,
22.4567,26,33,37,14,
22.458,27,36,35,23,
22.4594,30,37,35,33,
22.4608,21,35,38,32,
22.4621,32,28,36,29,
22.4635,22,26,32,22,
22.4648,2,15,21,5,
22.4662,-13,17,21,8,
22.4675,-19,7,16,7,
22.4689,-7,7,16,2,
22.4702,-7,7,16,2,
22.4716,0,7,13,11,
22.4729,19,11,17,16,
22.4743,37,30,31,9,
22.4757,44,33,27,24,
22.477,40,29,30,36,
22.4784,31,36,33,24,
22.4797,29,25,33,9,
22.4811,20,24,27,7,
22.4824,18,22,24,13,
22.4837,3,11,15,11,
22.4851,3,11,15,11,
22.4865,3,11,15,11,
22.4878,-6,13,8,-6,
22.4893,5,27,18,-3,
22.4908,39,29,21,11,
22.4922,35,32,24,28,
22.4935,36,38,27,29,
22.4949,36,38,27,29,
22.4962,25,38,27,17,
22.4976,26,23,18,21,
22.499,7,23,16,15,
22.5003,-6,19,16,8,
22.5017,-11,7,9,7,
22.5031,-10,4,13,1,
22.5044,-6,5,14,-3,
22.5057,-2,5,15,2,
22.5071,18,14,23,15,
22.5085,25,35,25,16,
22.5098,35,45,37,20,
22.5112,35,45,37,20,
22.5125,24,48,43,23,
22.5139,16,20,28,10,
22.5153,15,10,31,6,
22.5166,15,10,31,6,
22.5179,7,10,20,-2,
22.5194,7,10,20,-2,
22.5207,-17,5,9,0,
22.5221,-28,13,21,-10,
22.5235,-9,23,20,-8,
22.5248,15,25,29,5,
22.5262,28,34,45,25,
22.5276,28,34,45,25,
22.5289,33,31,54,20,
22.5303,33,31,54,20,
22.5316,16,30,36,16,
22.533,11,26,37,28,
22.5343,10,12,33,26,
22.5357,13,-2,31,22,
22.5371,-4,1,32,16,
22.5385,-11,-2,24,11,
22.5398,-9,3,30,9,
22.5412,4,20,39,13,
22.5426,23,29,49,23,
22.5439,32,34,54,30,
22.5452,32,34,54,30,
22.5466,35,40,44,27,
22.5479,46,41,37,30,
22.5493,26,23,38,21,
22.5507,17,18,32,19,
22.552,-7,16,19,15,
22.5534,-16,8,20,16,
22.5547,-24,6,16,14,
22.5561,-18,-3,13,16,
22.5575,-8,9,11,13,
22.5589,27,34,33,30,
22.5603,37,27,38,31,
22.5617,37,27,38,31,
22.5631,43,37,53,29,
22.5644,44,43,58,37,
22.5657,35,26,57,43,
22.5671,7,22,39,26,
22.5684,2,22,32,25,
22.5697,-4,15,30,16,
22.5711,-5,4,16,8,
22.5724,-12,3,17,-2,
22.5737,-12,3,17,-2,
22.5751,-2,20,29,10,
22.5765,16,16,39,19,
22.5779,37,21,43,30,
22.5792,41,32,45,29,
22.5806,43,32,54,33,
22.5819,27,23,52,26,
22.5833,25,31,47,28,
22.5846,5,23,17,14,
22.586,6,20,17,8,
22.5873,-5,17,14,12,
22.5887,-15,6,20,3,
22.59,-15,6,20,3,
22.5914,-23,5,33,-2,
22.5927,-20,8,32,-2,
22.5941,21,31,26,19,
22.5954,26,39,36,18,
22.5967,26,39,36,18,
22.5981,56,46,39,36,
22.5995,42,36,43,39,
22.6008,32,39,47,37,
22.6022,24,28,36,28,
22.6035,3,18,32,19,
22.6049,1,7,24,19,
22.6062,-7,-1,21,14,
22.6076,-9,6,12,5,
22.6089,4,5,10,9,
22.6103,8,5,22,12,
22.6116,34,22,33,10,
22.613,43,37,35,17,
22.6143,31,39,27,30,
22.6157,38,42,38,36,
22.617,33,37,47,37,
22.6183,21,31,45,22,
22.6197,21,31,45,22,
22.621,14,7,32,5,
22.6224,-6,5,30,1,
22.6238,-28,16,28,-10,
22.6251,-20,24,16,-13,
22.6265,-7,14,17,-4,
22.6278,-7,14,17,-4,
22.6292,11,8,24,2,
22.6305,46,36,21,-3,
22.6318,38,26,33,12,
22.6331,32,27,35,22,
22.6345,17,36,32,5,
22.6359,17,36,32,5,
22.6375,5,24,23,-7,
22.6388,-7,24,15,-13,
22.6402,-8,17,26,-24,
22.6416,-17,9,26,-22,
22.643,-33,9,20,-11,
22.6444,-33,9,20,-11,
22.6457,-20,21,24,-13,
22.6471,32,36,52,-11,
22.6485,42,33,52,-8,
22.6498,44,39,50,-7,
22.6513,32,33,47,-14,
22.6526,24,29,47,-20,
22.654,21,28,49,-28,
22.6553,21,28,49,-28,
22.6567,-15,23,29,-26,
22.6581,-17,24,21,-31,
22.6594,-26,12,19,-38,
22.6608,-8,12,19,-42,
22.6621,-8,12,19,-42,
22.6635,-6,29,26,-47,
22.6648,18,54,32,-39,
22.6662,26,60,45,-39,
22.6676,26,60,45,-39,
22.6689,25,47,59,-39,
22.6703,16,42,73,-41,
22.6717,16,42,73,-41,
22.6731,-10,40,70,-41,
22.6745,-15,42,72,-45,
22.6758,-18,31,65,-56,
22.6772,-26,32,70,-68,
22.6785,-10,43,90,-54,
22.6799,-10,43,90,-54,
22.6813,-10,43,90,-54,
22.6826,18,73,130,-37,
22.6839,19,74,131,-27,
22.6853,43,78,118,-19,
22.6866,26,70,105,-28,
22.688,26,70,105,-28,
22.6893,23,62,102,-36,
22.6907,-10,56,100,-40,
22.6921,-33,43,92,-56,
22.6935,-30,39,95,-57,
22.6948,-15,45,96,-61,
22.6962,-15,45,96,-61,
22.6975,-5,55,94,-64,
22.6988,9,49,97,-56,
22.7002,14,74,105,-38,
22.7015,21,67,113,-35,
22.7029,21,56,105,-36,
22.7044,21,70,109,-48,
22.7057,16,58,104,-59,
22.7071,1,58,97,-55,
22.7084,-10,46,95,-60,
22.7097,-22,24,95,-71,
22.7111,-24,25,82,-71,
22.7124,-24,25,82,-71,
22.7137,-23,24,77,-67,
22.7151,-18,33,84,-51,
22.7165,5,51,95,-46,
22.7178,28,44,97,-45,
22.7192,38,57,96,-34,
22.7206,36,50,92,-19,
22.7219,36,50,92,-19,
22.7233,2,37,91,-15,
22.7246,-5,32,76,-20,
22.7259,-1,37,67,-19,
22.7272,-18,28,62,-30,
22.7286,-36,21,54,-45,
22.7299,-41,23,58,-39,
22.7312,-41,23,58,-39,
22.7325,-2,27,74,-24,
22.7339,25,50,87,-7,
22.7353,30,54,80,-5,
22.7366,42,60,78,5,
22.7379,34,51,76,1,
22.7393,34,51,76,1,
22.7406,12,38,65,-5,
22.742,-7,29,57,-9,
22.7433,-20,19,54,-10,
22.7446,-24,28,58,-14,
22.746,-43,12,38,-40,
22.7473,-24,18,40,-25,
22.7487,-24,18,40,-25,
22.7501,21,38,59,-14,
22.7515,25,36,64,-17,
22.7528,40,42,71,-6,
22.7542,37,50,77,-1,
22.7555,25,43,68,-7,
22.7568,25,43,68,-7,
22.7581,22,30,63,-9,
22.7595,-5,19,60,-5,
22.7609,-2,25,63,-10,
22.7622,-12,20,53,-29,
22.7636,-24,13,44,-27,
22.7649,-30,7,43,-21,
22.7662,-5,11,40,-12,
22.7675,16,34,50,-11,
22.7688,29,42,54,-16,
22.7701,44,49,81,4,
22.7715,44,49,81,4,
22.7728,44,49,81,4,
22.7741,26,37,77,0,
22.7755,8,41,80,-4,
22.7769,-6,35,75,-6,
22.7782,-7,27,52,-17,
22.7796,-28,25,38,-21,
22.7809,-28,25,38,-21,
22.7822,-16,28,30,-25,
22.7835,18,31,64,-27,
22.7849,34,37,77,-20,
22.7863,28,47,72,-16,
22.7876,40,51,84,-7,
22.789,40,51,84,-7,
22.7904,44,46,95,-12,
22.7917,26,39,99,-9,
22.793,4,44,85,-10,
22.7943,-2,43,83,-12,
22.7956,-6,43,80,-16,
22.797,-22,27,78,-26,
22.7983,-32,24,85,-29,
22.7997,-25,14,90,-24,
22.8011,-2,29,94,-16,
22.8024,5,44,99,-15,
22.8038,32,44,99,-5,
22.8052,29,50,98,3,
22.8066,35,54,102,2,
22.808,40,54,103,6,
22.8094,35,48,93,2,
22.8108,6,26,76,-13,
22.8121,-1,18,69,-22,
22.8135,-21,8,73,-18,
22.8148,-42,-4,67,-15,
22.8162,-42,-4,67,-15,
22.8176,-43,5,67,-18,
22.819,13,26,81,-22,
22.8203,34,33,89,-12,
22.8216,46,44,96,-11,
22.823,40,49,91,-5,
22.8244,34,37,88,5,
22.8257,29,37,87,4,
22.8271,25,35,83,6,
22.8285,-8,15,85,4,
22.8298,-8,15,85,4,
22.8312,-4,20,75,2,
22.8326,-23,9,68,-7,
22.8339,-31,7,57,-14,
22.8354,-26,15,54,-23,
22.8367,6,30,68,-8,
22.838,25,42,70,-2,
22.8394,28,48,65,11,
22.8408,31,38,79,12,
22.8421,31,38,79,12,
22.8435,31,38,79,12,
22.8448,31,40,87,13,
22.8462,-6,16,78,-11,
22.8476,-7,10,69,-17,
22.849,-17,18,54,-13,
22.8503,-20,7,58,-10,
22.8517,-25,6,55,-13,
22.8531,-6,6,58,-9,
22.8544,40,30,74,4,
22.8558,40,35,73,4,
22.8572,40,35,73,4,
22.8585,45,44,68,4,
22.8599,45,44,68,4,
22.8613,29,37,72,14,
22.8626,6,20,60,5,
22.864,-5,24,60,3,
22.8653,-4,18,60,-2,
22.8667,-19,1,46,-5,
22.8681,-18,2,38,-4,
22.8695,-18,0,45,-15,
22.8708,-1,5,50,-9,
22.8722,27,16,57,3,
22.8736,38,26,63,5,
22.8749,49,45,73,13,
22.8763,59,50,72,25,
22.8776,47,39,67,16,
22.879,36,29,65,16,
22.8804,-1,16,44,14,
22.8817,-1,12,39,12,
22.8831,-10,12,29,15,
22.8844,-15,-3,34,6,
22.8858,-13,2,37,3,
22.8872,2,12,43,8,
22.8886,26,20,55,13,
22.8899,33,27,58,18,
22.8912,37,23,56,15,
22.8926,37,23,56,15,
22.894,34,39,75,24,
22.8953,38,33,65,25,
22.8967,19,30,62,20,
22.898,3,6,44,9,
22.8994,3,6,44,9,
22.9008,-4,3,29,6,
22.9021,-22,0,21,1,
22.9034,-13,10,37,3,
22.9048,5,28,45,10,
22.9061,33,38,46,9,
22.9075,33,38,46,9,
22.9088,40,38,59,17,
22.9102,35,44,53,31,
22.9115,50,43,57,25,
22.9129,26,28,50,21,
22.9142,19,17,47,15,
22.9156,19,17,47,15,
22.917,-8,7,24,24,
22.9183,-21,-7,16,16,
22.9197,-35,-7,26,5,
22.9211,-1,4,18,-7,
22.9224,31,30,23,6,
22.9238,31,30,23,6,
22.9252,40,33,30,17,
22.9265,47,28,37,18,
22.9278,54,38,50,15,
22.9292,37,41,46,22,
22.9305,37,41,46,22,
22.9319,22,25,40,23,
22.9333,17,14,40,15,
22.9347,-22,9,35,12,
22.936,-31,-4,35,6,
22.9374,-25,-4,35,3,
22.9388,-4,5,32,10,
22.9402,12,12,40,11,
22.9415,12,12,40,11,
22.9429,36,23,48,24,
22.9442,41,30,56,18,
22.9456,38,39,69,26,
22.947,25,36,57,36,
22.9483,25,38,57,32,
22.9497,15,28,46,30,
22.9511,-2,17,30,16,
22.9524,-21,4,38,-3,
22.9538,-27,1,26,-2,
22.9552,-27,1,26,-2,
22.9565,0,-7,28,0,
22.9579,0,-7,28,0,
22.9593,12,20,34,10,
22.9606,42,34,43,20,
22.962,62,43,46,20,
22.9633,59,30,45,18,
22.9647,52,33,46,17,
22.966,30,30,52,24,
22.9674,-1,21,41,20,
22.9688,-5,16,31,19,
22.9701,-30,17,25,9,
22.9715,-30,17,25,9,
22.9728,-33,16,18,12,
22.9741,-18,7,26,12,
22.9755,8,2,36,7,
22.9769,26,22,41,9,
22.9782,54,36,55,19,
22.9796,54,36,55,19,
22.981,57,51,65,24,
22.9823,47,49,58,25,
22.9837,14,15,37,23,
22.985,-3,12,36,23,
22.9864,-5,11,42,22,
22.9878,-9,6,36,11,
22.9891,-9,6,36,11,
22.9905,-4,5,33,-3,
22.9919,3,15,19,0,
22.9932,16,23,24,7,
22.9945,45,38,41,15,
22.9958,56,43,47,28,
22.9972,70,50,40,38,
22.9985,46,42,38,32,
23,38,31,36,34,
23.0013,-2,14,28,23,
23.0026,-2,14,28,23,
23.004,-8,11,24,15,
23.0054,-19,10,19,18,
23.0067,-17,6,7,16,
23.008,-6,2,13,15,
23.0094,1,9,27,11,
23.0107,48,30,26,30,
23.0121,48,30,26,30,
23.0134,47,29,31,27,
23.0148,53,43,39,33,
23.0161,42,40,37,36,
23.0174,23,32,29,28,
23.0188,3,16,14,34,
23.0201,3,16,14,34,
23.0215,3,16,14,34,
23.0229,-11,17,7,27,
23.0243,-21,4,15,16,
23.0256,-3,8,13,23,
23.027,24,14,20,23,
23.0283,38,18,28,24,
23.0298,57,26,26,21,
23.0312,76,38,25,32,
23.0326,47,36,32,43,
23.0339,33,34,33,42,
23.0353,19,30,23,33,
23.0366,13,27,14,31,
23.0381,13,27,14,31,
23.0397,-4,11,11,22,
23.041,-9,6,11,19,
23.0424,-7,4,9,12,
23.0437,6,-1,12,13,
23.0451,19,11,20,27,
23.0465,40,36,23,26,
23.048,60,45,34,32,
23.0494,60,45,34,32,
23.0508,46,45,30,31,
23.0523,41,35,34,25,
23.0536,12,29,35,19,
23.055,9,27,23,21,
23.0563,-6,24,19,24,
23.0577,-24,-4,16,20,
23.059,-26,-3,12,13,
23.0603,-19,16,18,12,
23.0616,10,19,18,16,
23.063,44,33,28,20,
23.0643,54,38,33,32,
23.0657,60,35,41,33,
23.0671,75,39,49,29,
23.0684,63,49,45,29,
23.0697,42,48,37,35,
23.0711,16,23,22,22,
23.0724,12,13,26,25,
23.0738,12,13,26,25,
23.0752,-29,9,12,15,
23.0765,-29,9,12,15,
23.0779,-13,15,4,9,
23.0792,4,27,15,17,
23.0807,39,31,38,27,
23.082,48,29,35,29,
23.0834,70,47,44,36,
23.0847,59,44,47,29,
23.086,42,32,42,30,
23.0874,22,13,38,33,
23.0888,12,9,32,28,
23.0901,5,19,26,29,
23.0915,0,19,12,24,
23.0929,-9,-1,10,12,
23.0942,-9,4,9,14,
23.0957,-7,8,3,21,
23.097,35,32,26,33,
23.0984,56,39,30,30,
23.0997,66,47,30,31,
23.1011,58,44,36,27,
23.1025,58,44,36,27,
23.1038,43,36,34,35,
23.1052,29,28,33,34,
23.1065,7,15,26,28,
23.1079,1,13,24,25,
23.1093,-7,-3,17,27,
23.1107,-9,-15,12,19,
23.112,-12,-12,7,9,
23.1134,1,7,4,3,
23.1147,55,28,21,21,
23.1161,55,28,21,21,
23.1175,52,33,23,27,
23.1189,60,39,33,32,
23.1203,60,39,33,32,
23.1216,42,38,28,38,
23.123,8,12,16,31,
23.1244,-5,9,10,21,
23.1257,-9,5,18,18,
23.127,-16,-4,7,20,
23.1284,-11,-7,10,18,
23.1296,-11,-7,10,18,
23.131,-5,6,21,20,
23.1324,24,31,39,33,
23.1336,33,27,45,26,
23.135,45,41,42,24,
23.1363,50,50,43,29,
23.1376,51,35,38,30,
23.139,51,30,24,29,
23.1403,28,19,20,22,
23.1416,5,19,12,25,
23.1431,-11,5,18,20,
23.1446,-11,5,18,20,
23.1459,-22,-4,7,12,
23.1473,-14,-10,6,10,
23.1487,5,12,18,6,
23.15,43,27,26,20,
23.1514,49,42,35,28,
23.1527,60,50,39,32,
23.154,46,39,33,28,
23.1554,35,36,25,29,
23.1568,28,23,26,25,
23.1581,28,23,26,25,
23.1595,19,22,16,16,
23.1608,3,22,16,11,
23.1621,-13,6,5,6,
23.1635,-15,-1,1,17,
23.165,-2,6,4,14,
23.1663,20,11,18,13,
23.1676,47,24,26,25,
23.169,53,44,39,30,
23.1703,56,39,36,33,
23.1717,56,39,36,33,
23.1731,57,41,35,31,
23.1744,48,34,28,30,
23.1758,24,29,22,22,
23.1771,-12,13,11,19,
23.1785,-17,10,15,13,
23.1799,-17,10,15,13,
23.1813,-10,11,20,2,
23.1826,11,17,22,15,
23.184,27,34,32,23,
23.1853,48,32,44,23,
23.1866,61,45,56,46,
23.188,61,45,56,46,
23.1893,61,45,56,46,
23.1906,38,34,45,36,
23.192,19,27,34,36,
23.1934,-1,26,26,26,
23.1947,2,21,24,26,
23.196,-18,13,17,13,
23.1974,-18,13,17,13,
23.1987,-18,7,9,6,
23.2001,2,17,21,23,
23.2015,38,39,32,27,
23.2028,38,39,32,27,
23.2042,58,51,34,28,
23.2055,57,54,36,35,
23.2069,57,54,36,35,
23.2082,56,49,41,34,
23.2096,11,23,14,23,
23.2109,3,16,17,29,
23.2123,8,14,13,28,
23.2136,-30,4,8,18,
23.215,-30,4,8,18,
23.2164,-17,-3,18,13,
23.2177,11,11,22,10,
23.2191,29,36,24,12,
23.2204,31,30,22,33,
23.2217,36,34,22,34,
23.223,46,35,31,41,
23.2244,53,33,39,40,
23.2257,33,21,31,37,
23.2271,12,27,26,31,
23.2284,12,23,13,22,
23.2297,-10,13,11,21,
23.2311,-13,5,15,15,
23.2324,-13,5,15,15,
23.2338,-5,2,8,10,
23.2353,9,15,10,18,
23.2367,24,30,17,26,
23.238,44,44,30,25,
23.2394,44,44,30,25,
23.2408,52,48,38,33,
23.2422,63,57,52,35,
23.2437,50,40,46,38,
23.2451,46,40,42,40,
23.2466,34,35,41,25,
23.2481,6,26,30,25,
23.2495,-13,11,9,19,
23.2514,-13,-15,-1,11,
23.2529,-7,-1,9,13,
23.2543,12,12,10,28,
23.2558,35,24,15,37,
23.2572,43,36,28,40,
23.2585,62,46,38,44,
23.2599,44,41,40,42,
23.2614,24,31,38,33,
23.2629,8,22,24,32,
23.2645,-4,25,12,36,
23.266,-14,5,17,18,
23.2675,-23,-4,12,16,
23.2688,-19,13,3,14,
23.2702,-1,22,10,15,
23.2717,29,19,23,29,
23.273,38,40,30,40,
23.2744,41,47,28,42,
23.2758,36,36,33,36,
23.2772,34,36,32,35,
23.2786,24,34,33,26,
23.2801,9,23,33,20,
23.2814,-1,10,23,21,
23.2829,-10,13,25,11,
23.2842,-19,11,13,4,
23.2856,-19,11,13,4,
23.2873,-5,8,11,15,
23.2886,41,30,31,34,
23.29,50,32,37,31,
23.2914,61,36,45,36,
23.2927,69,49,42,42,
23.2941,34,35,39,34,
23.2955,34,35,39,34,
23.2969,-9,4,9,21,
23.2983,-9,4,9,21,
23.2999,-16,11,15,15,
23.3014,-17,9,7,6,
23.3028,-6,10,11,11,
23.3044,4,13,20,11,
23.3057,19,26,26,20,
23.3072,39,38,38,28,
23.3086,68,54,39,35,
23.31,50,53,47,38,
23.3114,50,53,47,38,
23.3127,30,30,28,23,
23.3141,30,30,28,23,
23.3155,14,16,20,19,
23.3169,-1,7,7,15,
23.3182,-24,4,10,15,
23.3196,-17,6,8,10,
23.321,13,24,19,6,
23.3223,13,24,19,6,
23.3238,34,30,23,17,
23.3251,35,22,26,30,
23.3265,56,28,32,43,
23.3278,60,27,33,41,
23.3292,54,30,33,31,
23.3306,10,23,41,32,
23.3321,10,23,41,32,
23.3335,8,8,11,21,
23.3348,-10,9,5,19,
23.3362,-14,2,4,11,
23.3375,-7,5,7,16,
23.3389,6,11,15,21,
23.3402,26,26,33,29,
23.3416,26,26,33,29,
23.343,54,38,37,27,
23.3443,63,35,36,34,
23.3457,62,42,31,38,
23.3471,28,17,22,39,
23.3485,9,10,16,34,
23.3499,9,10,16,34,
23.3512,-11,12,3,20,
23.3526,-11,12,3,20,
23.3539,-12,8,3,15,
23.3553,0,15,19,22,
23.3566,6,20,25,25,
23.358,41,31,28,24,
23.3593,46,39,29,33,
23.3607,67,40,39,37,
23.3621,76,40,42,35,
23.3634,24,29,37,22,
23.3648,8,11,31,16,
23.3662,8,11,31,16,
23.3676,8,11,31,16,
23.3689,0,17,26,9,
23.3703,-11,15,18,13,
23.3717,-5,16,11,10,
23.373,-1,12,28,21,
23.3743,35,32,30,25,
23.3757,35,32,30,25,
23.3771,41,42,39,38,
23.3784,58,54,32,35,
23.3798,52,49,25,36,
23.3811,35,40,26,32,
23.3825,26,40,16,32,
23.3838,26,40,16,32,
23.3852,7,27,21,29,
23.3866,-12,16,7,18,
23.388,-18,2,8,16,
23.3893,-9,2,10,15,
23.3907,34,18,20,18,
23.3921,34,18,20,18,
23.3934,49,34,38,21,
23.3948,56,40,39,38,
23.3961,55,35,43,46,
23.3975,55,35,43,46,
23.3988,35,41,40,42,
23.4002,17,35,29,34,
23.4016,11,28,16,32,
23.403,14,21,22,29,
23.4043,-17,6,12,19,
23.4057,-15,-3,11,9,
23.4071,-13,4,4,10,
23.4084,12,20,17,22,
23.4098,36,32,17,27,
23.4111,55,40,19,33,
23.4124,64,50,27,41,
23.4137,64,50,27,41,
23.4151,61,48,17,38,
23.4165,45,33,26,32,
23.4178,23,32,29,26,
23.4191,15,19,25,35,
23.4205,17,11,19,32,
23.4218,6,12,8,25,
23.4232,-12,11,4,21,
23.4246,-1,12,4,15,
23.4259,-1,12,4,15,
23.4273,36,48,23,39,
23.4287,36,48,23,39,
23.43,47,44,21,38,
23.4314,48,46,27,43,
23.4328,45,42,17,40,
23.4342,45,42,17,40,
23.4357,2,26,26,34,
23.4371,-2,19,20,38,
23.4385,-6,9,-2,17,
23.4399,0,5,4,24,
23.4415,0,5,4,24,
23.443,-8,11,9,29,
23.4445,9,20,4,32,
23.446,37,36,21,31,
23.4474,50,42,16,34,
23.4489,65,48,22,38,
23.4502,45,45,13,35,
23.4516,45,45,13,35,
23.4531,5,20,9,24,
23.4545,5,20,9,24,
23.4559,-10,21,7,26,
23.4573,-17,8,-4,32,
23.4587,-15,13,-5,33,
23.4601,11,22,-11,24,
23.4614,33,30,7,22,
23.4628,58,47,21,29,
23.4642,71,53,16,35,
23.4655,67,47,27,54,
23.4669,46,37,14,48,
23.4682,31,34,-1,39,
23.4696,31,34,-1,39,
23.4709,19,24,-9,27,
23.4723,15,27,-9,19,
23.4737,2,20,-4,21,
23.4751,-11,17,-1,26,
23.4764,-11,17,-1,26,
23.4777,-2,21,2,31,
23.4791,44,39,18,30,
23.4804,54,37,18,28,
23.4817,74,50,28,35,
23.4831,65,57,21,39,
23.4844,60,55,15,39,
23.4858,38,50,6,37,
23.4871,28,45,0,40,
23.4884,29,26,-4,37,
23.4898,19,13,-4,27,
23.4912,0,11,-9,31,
23.4926,-2,13,-10,21,
23.4939,4,15,-7,20,
23.4952,19,22,-9,30,
23.4966,39,36,-10,37,
23.498,57,48,6,36,
23.4994,64,58,7,48,
23.5007,64,58,7,48,
23.5021,43,49,10,47,
23.5034,43,49,10,47,
23.5047,30,38,11,36,
23.5061,18,35,1,28,
23.5074,-13,29,0,35,
23.5087,-27,12,-15,27,
23.51,-27,12,-15,27,
23.5114,-1,30,-18,35,
23.5127,33,37,-15,32,
23.514,53,36,-3,37,
23.5154,69,43,0,41,
23.5167,76,48,14,48,
23.5181,69,50,11,56,
23.5195,69,50,11,56,
23.5208,29,59,2,51,
23.5221,13,45,-3,51,
23.5235,9,31,-4,52,
23.5249,6,30,-11,43,
23.5262,-11,30,-14,34,
23.5276,-7,18,-17,24,
23.5289,7,21,-15,21,
23.5303,38,50,2,30,
23.5317,56,45,13,38,
23.533,70,57,11,37,
23.5343,66,66,8,43,
23.5357,64,54,10,47,
23.5371,64,54,10,47,
23.5384,48,47,2,48,
23.5398,12,36,-6,44,
23.5411,9,24,-17,37,
23.5424,9,24,-17,37,
23.5438,-6,24,-28,29,
23.5452,-6,19,-23,31,
23.5465,11,23,-19,30,
23.5479,53,37,-15,42,
23.5492,53,37,-15,42,
23.5506,56,43,-12,55,
23.5519,64,52,2,49,
23.5533,66,54,9,54,
23.5546,48,53,8,52,
23.556,38,50,2,44,
23.5574,27,46,0,41,
23.5587,25,30,-4,39,
23.5601,6,27,-10,44,
23.5614,-5,17,-20,25,
23.5628,13,14,-20,20,
23.5642,31,27,-19,31,
23.5655,55,34,-2,35,
23.5668,64,44,1,48,
23.5682,62,57,1,45,
23.5696,62,57,1,45,
23.5709,60,53,2,45,
23.5723,47,55,-2,45,
23.5736,25,35,-7,53,
23.5749,25,35,-7,53,
23.5763,11,20,-11,35,
23.5776,1,12,-11,32,
23.579,-3,1,-24,23,
23.5804,4,8,-24,17,
23.5817,18,23,-10,29,
23.583,42,38,4,35,
23.5843,61,54,-1,40,
23.5856,73,47,6,45,
23.587,64,45,14,45,
23.5883,64,45,14,45,
23.5897,64,47,12,45,
23.591,47,42,9,39,
23.5924,14,37,-6,37,
23.5937,15,30,-14,33,
23.595,9,18,-9,27,
23.5964,9,18,-9,27,
23.5978,8,20,-17,25,
23.5992,22,17,-12,27,
23.6005,38,33,-1,40,
23.6019,54,48,11,49,
23.6032,74,57,10,54,
23.6046,74,57,10,54,
23.6059,74,57,10,54,
23.6073,46,43,3,40,
23.6087,20,48,3,29,
23.61,16,32,4,30,
23.6114,-9,19,-5,18,
23.6127,-7,15,-12,18,
23.6141,-7,15,-12,18,
23.6155,-1,20,-7,18,
23.6168,25,42,-10,21,
23.6182,54,54,6,25,
23.6195,52,55,4,33,
23.6208,58,55,0,39,
23.6222,58,55,0,39,
23.6236,52,58,10,48,
23.6249,44,37,10,37,
23.6263,35,42,3,37,
23.6277,12,39,0,37,
23.629,-3,29,-7,32,
23.6303,-11,14,-15,23,
23.6317,2,6,-22,26,
23.6331,11,8,-22,21,
23.6345,27,22,-17,29,
23.636,47,40,3,46,
23.6375,42,43,6,35,
23.6389,42,43,6,35,
23.6403,50,51,9,32,
23.6417,45,36,2,34,
23.6431,24,23,2,34,
23.6445,4,27,-3,33,
23.6459,8,26,-6,26,
23.6474,8,26,-6,26,
23.6487,-1,9,-10,19,
23.6501,-16,5,-13,22,
23.6515,8,24,-8,23,
23.6529,35,26,0,25,
23.6543,61,45,3,49,
23.6556,66,39,13,41,
23.657,64,33,7,44,
23.6583,48,43,4,50,
23.6596,48,43,4,50,
23.661,36,40,-2,43,
23.6624,14,25,-6,41,
23.6638,7,15,-1,29,
23.6651,-12,12,-13,18,
23.6664,-4,6,-12,14,
23.6678,6,3,-7,17,
23.6691,14,23,0,19,
23.6705,43,41,11,32,
23.6718,50,42,5,33,
23.6732,57,48,5,31,
23.6745,56,47,3,38,
23.6759,51,40,3,39,
23.6772,40,27,0,38,
23.6786,19,20,6,28,
23.68,11,12,5,35,
23.6814,-1,0,-9,31,
23.6828,-7,1,-9,22,
23.6841,-4,10,-5,20,
23.6854,12,22,-2,24,
23.6867,36,25,6,27,
23.6881,36,25,6,27,
23.6894,50,38,18,28,
23.6908,66,53,23,34,
23.6921,65,43,25,36,
23.6935,65,43,25,36,
23.6948,28,12,6,42,
23.6961,13,14,0,36,
23.6975,15,24,-7,25,
23.6989,6,14,-1,22,
23.7002,6,14,-1,22,
23.7016,-4,6,-8,21,
23.703,28,22,-3,30,
23.7044,28,22,-3,30,
23.7057,41,35,6,32,
23.707,44,32,7,32,
23.7083,67,49,11,40,
23.7097,67,49,11,40,
23.7111,55,37,5,47,
23.7124,14,17,-3,34,
23.7137,7,14,-14,19,
23.7151,-4,7,-11,12,
23.7164,-6,-7,-17,19,
23.7177,-4,-4,-10,29,
23.7191,-2,-8,-18,22,
23.7204,15,2,-23,23,
23.7217,34,19,-9,30,
23.7231,45,26,-2,39,
23.7244,50,27,7,41,
23.7257,50,27,7,41,
23.7271,54,28,3,37,
23.7284,40,25,-2,34,
23.7297,38,26,3,32,
23.7311,19,0,-3,21,
23.7324,19,0,-3,21,
23.7338,-2,-2,-10,14,
23.7351,-1,-7,-13,14,
23.7364,7,1,-16,31,
23.7377,18,13,-15,41,
23.7391,18,13,-15,41,
23.7404,55,18,9,46,
23.7417,55,18,9,46,
23.7431,64,22,7,56,
23.7444,72,20,4,60,
23.7457,58,22,-6,58,
23.7471,58,22,-6,58,
23.7484,46,10,-9,58,
23.7498,32,1,-9,46,
23.7512,24,-16,-30,52,
23.7525,22,-14,-34,51,
23.7538,37,-11,-33,49,
23.7551,59,-7,-20,58,
23.7564,69,11,-5,75,
23.7577,78,18,0,85,
23.759,77,17,-3,91,
23.7604,98,33,-6,91,
23.7617,98,33,-6,91,
23.763,105,44,1,87,
23.7644,87,42,5,82,
23.7657,66,42,-5,78,
23.767,67,36,-17,69,
23.7683,63,35,-25,52,
23.7696,39,25,-30,42,
23.771,49,13,-31,37,
23.7723,67,15,-21,36,
23.7737,86,25,-19,45,
23.775,103,32,-6,64,
23.7763,103,32,-6,64,
23.7777,105,30,-4,63,
23.779,86,46,-6,63,
23.7803,86,46,-6,63,
23.7816,74,37,-6,67,
23.783,74,15,-8,59,
23.7843,66,12,-3,43,
23.7856,55,11,-8,37,
23.787,32,10,-23,39,
23.7884,52,0,-27,38,
23.7897,50,3,-20,44,
23.791,84,7,-13,45,
23.7924,84,7,-13,45,
23.7937,112,17,-11,60,
23.7951,116,23,-9,63,
23.7964,105,14,-15,61,
23.7977,103,15,-14,53,
23.7991,88,2,-15,59,
23.8004,88,2,-15,59,
23.8018,68,-16,-27,59,
23.8032,57,-14,-27,47,
23.8045,45,-18,-26,35,
23.8059,42,-16,-29,30,
23.8072,54,-19,-26,30,
23.8086,85,-6,-16,38,
23.8099,105,12,-14,55,
23.8113,111,10,-7,73,
23.8127,111,10,-7,73,
23.814,105,6,-6,72,
23.8154,103,-6,-12,51,
23.8168,103,-6,-12,51,
23.8181,94,-12,-14,49,
23.8195,71,-20,-22,47,
23.8208,40,-31,-30,28,
23.8221,32,-30,-33,33,
23.8235,42,-36,-36,32,
23.8249,63,-31,-30,27,
23.8262,73,-17,-18,39,
23.8276,89,-6,-20,50,
23.8288,89,-6,-20,50,
23.8302,106,4,-4,57,
23.8315,90,11,-8,51,
23.8329,81,4,-5,34,
23.8342,74,-6,-7,29,
23.8356,48,-29,-17,30,
23.837,44,-36,-27,19,
23.8383,27,-35,-40,14,
23.8398,28,-39,-33,10,
23.8412,35,-37,-28,4,
23.8426,60,-13,-8,13,
23.844,60,-13,-8,13,
23.8454,73,0,-10,26,
23.8468,95,16,-5,27,
23.8481,80,17,-10,19,
23.8495,73,10,-6,13,
23.8508,73,10,-6,13,
23.8522,43,0,-24,-1,
23.8536,31,6,-22,-2,
23.8549,25,-4,-15,-11,
23.8563,21,-15,-15,-21,
23.8577,15,-12,-22,-19,
23.859,23,0,-20,-20,
23.8604,43,10,-13,-20,
23.8617,70,25,0,-22,
23.8631,60,29,5,-19,
23.8644,73,25,8,-10,
23.8658,73,42,-7,-4,
23.8672,67,30,-1,-8,
23.8685,53,20,6,-6,
23.8699,53,20,6,-6,
23.8712,37,15,4,-14,
23.8726,34,-1,-10,-17,
23.8739,15,8,-12,-20,
23.8754,22,-5,-17,-15,
23.8768,22,0,-14,-13,
23.8781,49,24,-3,-10,
23.8795,62,29,10,-9,
23.8809,61,25,4,-1,
23.8822,64,34,4,9,
23.8836,64,34,4,9,
23.8849,57,23,11,0,
23.8862,25,13,11,4,
23.8876,25,13,11,4,
23.8889,17,17,15,2,
23.8902,17,6,9,0,
23.8916,11,1,-1,-13,
23.893,15,-9,-6,-8,
23.8943,30,4,4,6,
23.8956,54,22,11,25,
23.897,63,16,8,30,
23.8983,73,24,8,29,
23.8996,73,24,8,29,
23.9009,63,32,10,32,
23.9023,42,30,9,29,
23.9036,30,22,11,27,
23.9049,30,22,11,27,
23.9063,22,4,9,22,
23.9075,19,2,-6,17,
23.9089,7,1,-5,6,
23.9102,30,19,11,3,
23.9116,30,19,11,3,
23.913,39,29,17,19,
23.9143,51,30,15,36,
23.9157,49,29,22,44,
23.9171,68,35,30,36,
23.9185,63,25,32,27,
23.9199,49,22,35,22,
23.9212,34,22,16,22,
23.9226,28,19,11,22,
23.924,24,10,6,19,
23.9254,2,1,1,13,
23.9267,2,2,-3,3,
23.9281,6,5,0,9,
23.9295,37,11,13,18,
23.9308,37,11,13,18,
23.9322,68,25,19,31,
23.9335,82,23,23,31,
23.935,69,29,20,33,
23.9363,59,11,28,31,
23.9377,59,11,28,31,
23.939,43,4,24,30,
23.9404,15,15,13,19,
23.9417,14,-1,16,19,
23.9431,14,-1,16,19,
23.9444,17,-8,23,25,
23.9457,18,15,20,24,
23.9471,18,15,20,24,
23.9484,48,18,27,32,
23.9498,70,18,24,38,
23.9511,72,23,22,46,
23.9525,61,25,23,48,
23.9538,47,26,32,41,
23.9553,30,19,28,37,
23.9567,29,14,12,36,
23.9581,31,2,20,33,
23.9594,17,-12,17,37,
23.9607,13,-9,11,30,
23.962,14,1,18,33,
23.9633,21,5,30,30,
23.9646,28,4,33,27,
23.966,51,12,30,48,
23.9673,63,20,30,63,
23.9687,78,16,31,77,
23.97,78,16,31,77,
23.9714,55,10,24,73,
23.9728,30,0,30,76,
23.9741,17,-5,19,73,
23.9755,23,-13,11,61,
23.9768,11,-11,4,43,
23.9781,11,-11,4,43,
23.9795,16,-21,15,39,
23.9808,19,-20,18,43,
23.9822,46,-1,33,52,
23.9835,59,4,36,57,
23.9849,70,5,34,58,
23.9862,70,5,34,58,
23.9876,66,1,26,76,
23.9889,48,13,19,66,
23.9902,30,11,22,50,
23.9915,11,-10,15,45,
23.9929,11,-10,15,45,
23.9942,1,-11,13,39,
23.9955,-1,-29,9,29,
23.9968,24,-9,13,42,
23.9982,24,-9,13,42,
23.9996,35,5,25,55,
24.0009,47,10,26,49,
24.0023,60,12,21,45,
24.0037,72,15,25,45,
24.005,65,20,26,45,
24.0064,46,17,24,43,
24.0078,24,-1,20,48,
24.0091,30,-13,16,50,
24.0105,22,-1,14,40,
24.0118,0,4,13,21,
24.0132,0,4,13,21,
24.0146,13,-1,7,27,
24.0161,17,8,19,30,
24.0175,50,26,27,27,
24.0189,54,18,25,34,
24.0202,55,22,27,36,
24.0215,61,20,25,44,
24.0228,48,9,21,39,
24.0242,30,4,14,37,
24.0255,28,9,14,39,
24.0269,28,9,14,39,
24.0282,20,-4,14,25,
24.0295,-1,-16,17,21,
24.0309,5,-11,21,18,
24.0322,21,-2,25,21,
24.0336,44,16,28,34,
24.035,57,21,30,37,
24.0363,64,18,25,41,
24.0376,71,29,29,47,
24.039,71,29,29,47,
24.0404,61,21,19,29,
24.0418,48,23,14,28,
24.0431,14,8,15,26,
24.0445,21,6,13,18,
24.0459,21,6,13,18,
24.0472,11,0,19,18,
24.0486,19,4,15,21,
24.05,26,3,11,22,
24.0515,26,3,11,22,
24.0529,50,22,16,25,
24.0543,50,22,16,25,
24.0557,67,25,16,25,
24.0571,60,18,27,29,
24.0585,57,24,21,34,
24.06,39,14,20,31,
24.0615,28,-9,13,20,
24.0628,12,-15,4,20,
24.0642,12,-15,4,20,
24.0656,3,-14,3,22,
24.0671,8,-21,3,24,
24.0685,47,10,28,25,
24.0698,68,25,35,27,
24.0711,64,19,30,27,
24.0725,71,14,33,33,
24.0738,57,18,26,34,
24.0751,53,9,19,38,
24.0765,50,10,16,39,
24.0778,50,10,16,39,
24.0792,26,5,20,35,
24.0806,12,-11,13,28,
24.082,7,-20,15,19,
24.0834,14,-20,21,19,
24.0847,27,-22,26,21,
24.086,49,-7,16,33,
24.0875,68,8,8,40,
24.0888,88,13,26,38,
24.0902,88,13,26,38,
24.0915,75,19,28,45,
24.0929,75,19,28,45,
24.0943,54,12,25,41,
24.0956,30,-10,20,41,
24.097,25,-15,16,31,
24.0984,25,-15,16,31,
24.0997,15,-26,9,31,
24.1011,31,-16,8,25,
24.1024,31,-17,14,22,
24.1038,35,-7,26,31,
24.1052,73,18,29,35,
24.1065,73,18,29,35,
24.1079,73,18,29,35,
24.1093,68,18,23,41,
24.1107,58,11,19,45,
24.112,47,10,18,31,
24.1134,24,-7,19,19,
24.1148,24,-9,15,16,
24.1161,24,-9,15,16,
24.1175,17,-10,7,10,
24.1189,20,-1,7,16,
24.1202,46,14,12,12,
24.1216,62,15,21,9,
24.123,54,13,30,20,
24.1243,63,23,32,22,
24.1256,63,23,32,22,
24.127,62,16,29,22,
24.1283,47,12,28,28,
24.1297,35,8,22,21,
24.131,30,4,4,17,
24.1323,30,4,4,17,
24.1336,24,-8,10,1,
24.135,25,-18,12,-10,
24.1364,23,4,19,5,
24.1377,37,5,19,6,
24.1391,37,5,19,6,
24.1404,56,12,21,7,
24.1418,69,30,26,10,
24.1431,76,30,24,15,
24.1445,77,18,26,11,
24.1458,38,2,14,5,
24.1472,29,-2,6,10,
24.1485,23,-2,2,10,
24.1499,22,-9,4,5,
24.1513,3,-15,0,1,
24.1527,3,-15,0,1,
24.154,18,5,15,1,
24.1554,45,22,15,13,
24.1568,67,24,20,13,
24.1581,71,17,17,6,
24.1595,77,31,20,13,
24.1609,62,20,17,14,
24.1622,45,20,10,16,
24.1636,32,10,10,23,
24.1649,20,4,11,20,
24.1663,11,3,17,9,
24.1676,11,3,17,9,
24.169,9,4,22,6,
24.1704,21,6,16,10,
24.1718,46,20,22,3,
24.1731,63,25,23,8,
24.1745,66,17,31,13,
24.1758,71,19,29,22,
24.1772,74,31,23,29,
24.1786,62,37,19,21,
24.1799,53,25,22,23,
24.1812,37,19,16,16,
24.1826,28,16,14,19,
24.184,23,16,16,20,
24.1854,4,8,12,9,
24.1867,11,1,1,-2,
24.1881,26,6,7,-2,
24.1895,32,19,26,14,
24.1908,46,15,27,25,
24.1922,46,15,27,25,
24.1935,67,35,24,32,
24.1949,66,27,27,28,
24.1962,65,26,25,30,
24.1975,65,26,25,30,
24.1989,40,16,27,21,
24.2003,40,16,27,21,
24.2016,27,14,23,16,
24.203,22,9,18,15,
24.2044,10,12,10,15,
24.2058,6,15,9,7,
24.2072,45,23,35,16,
24.2086,46,22,33,22,
24.21,46,22,33,22,
24.2113,60,33,34,32,
24.2127,66,33,30,23,
24.214,64,34,27,30,
24.2153,52,31,19,21,
24.2166,23,25,17,19,
24.218,23,25,17,19,
24.2194,10,6,20,21,
24.2207,-11,17,11,18,
24.2221,-3,16,4,10,
24.2234,26,10,12,8,
24.2248,39,13,20,19,
24.2261,58,12,29,32,
24.2275,65,24,30,30,
24.2288,65,24,30,30,
24.2301,41,27,28,22,
24.2316,37,33,27,18,
24.233,27,29,31,17,
24.2343,9,13,34,18,
24.2357,-1,17,18,24,
24.2371,-10,20,15,15,
24.2384,-8,8,10,0,
24.2398,-3,7,16,-2,
24.2411,-3,7,16,-2,
24.2425,37,20,26,10,
24.2438,50,26,27,27,
24.2452,63,36,33,37,
24.2465,57,40,28,41,
24.2479,56,38,34,37,
24.2493,56,38,34,37,
24.2506,40,29,41,23,
24.252,7,13,31,17,
24.2533,2,20,22,27,
24.2546,-1,18,18,20,
24.2559,-6,12,19,14,
24.2573,-7,10,16,10,
24.2586,21,8,15,18,
24.26,26,20,22,26,
24.2614,50,29,23,26,
24.2628,69,28,20,30,
24.2641,69,28,20,30,
24.2655,56,25,24,40,
24.2668,34,35,31,42,
24.2682,29,22,31,30,
24.2695,-2,22,21,17,
24.2709,-2,22,21,17,
24.2722,-2,20,15,9,
24.2735,3,7,9,6,
24.2748,4,13,13,20,
24.2762,14,18,24,20,
24.2776,33,25,27,31,
24.2789,37,29,21,39,
24.2803,39,28,23,42,
24.2816,39,28,23,42,
24.2829,32,38,32,45,
24.2843,29,22,42,27,
24.2856,15,18,26,24,
24.287,-1,25,23,31,
24.2883,0,16,20,28,
24.2896,-7,14,19,18,
24.291,-9,12,18,17,
24.2923,-9,16,26,16,
24.2936,26,25,27,40,
24.295,33,35,26,35,
24.2963,33,35,26,35,
24.2976,33,45,38,26,
24.299,50,43,47,38,
24.3003,53,34,54,35,
24.3016,32,34,43,40,
24.303,0,22,21,26,
24.3043,1,21,19,23,
24.3057,1,21,19,23,
24.307,-7,17,17,27,
24.3083,-2,26,28,31,
24.3096,8,25,23,33,
24.311,8,25,23,33,
24.3123,39,36,39,34,
24.3137,39,36,39,34,
24.3151,42,46,39,29,
24.3164,43,38,47,38,
24.3178,40,37,43,44,
24.3191,17,36,42,40,
24.3205,12,22,31,34,
24.3218,14,22,25,24,
24.3231,-7,11,24,22,
24.3245,-30,9,19,22,
24.3259,-14,10,22,11,
24.3273,-14,10,22,11,
24.3286,-2,15,26,28,
24.33,28,31,29,35,
24.3313,34,36,30,29,
24.3327,30,45,28,35,
24.3341,43,31,35,42,
24.3354,28,33,33,38,
24.3368,20,19,25,28,
24.3381,-1,14,28,29,
24.3395,0,20,27,24,
24.3408,-18,9,22,20,
24.3422,-18,9,22,20,
24.3435,-15,4,18,15,
24.3448,14,11,21,17,
24.3462,31,34,28,34,
24.3475,31,34,28,34,
24.3489,30,34,20,29,
24.3502,40,44,20,37,
24.3516,39,42,27,41,
24.353,22,25,24,37,
24.3543,19,13,25,22,
24.3557,19,13,25,22,
24.357,1,7,24,18,
24.3584,-2,15,30,11,
24.3598,-10,21,19,12,
24.3611,-4,9,7,17,
24.3624,14,26,17,22,
24.3638,14,26,17,22,
24.3651,25,38,37,24,
24.3665,29,46,42,38,
24.3678,34,49,38,37,
24.3692,27,44,24,39,
24.3705,15,35,25,40,
24.3719,12,33,25,27,
24.3733,11,26,30,16,
24.3747,5,23,30,14,
24.376,-15,22,20,12,
24.3773,-18,22,15,10,
24.3787,-7,17,12,10,
24.38,10,31,24,12,
24.3813,19,27,29,26,
24.3827,19,40,36,28,
24.384,33,39,36,33,
24.3853,29,31,38,25,
24.3867,29,31,38,25,
24.3881,35,28,38,29,
24.3895,-3,34,24,17,
24.3909,-8,19,16,13,
24.3923,-8,19,16,13,
24.3936,-10,15,9,22,
24.3951,-10,15,9,22,
24.3965,-19,6,8,12,
24.3978,17,34,12,10,
24.3992,26,29,30,21,
24.4005,25,37,31,31,
24.4019,30,44,42,24,
24.4033,30,44,42,24,
24.4046,37,43,36,25,
24.406,28,44,36,23,
24.4074,10,36,26,16,
24.4087,4,38,9,10,
24.4101,-2,23,8,7,
24.4114,-19,21,17,4,
24.4127,-6,16,25,6,
24.4141,-7,21,29,-5,
24.4155,13,37,23,2,
24.4169,39,47,19,2,
24.4182,42,48,28,10,
24.4196,43,49,38,26,
24.4209,29,50,38,34,
24.4222,29,50,38,34,
24.4236,25,49,29,23,
24.425,4,38,29,23,
24.4264,3,37,27,15,
24.4278,1,31,24,12,
24.4292,-5,20,18,0,
24.4306,-11,25,12,-6,
24.432,20,42,16,-4,
24.4333,37,52,19,5,
24.4347,30,55,24,10,
24.4361,33,68,32,8,
24.4375,33,68,32,8,
24.4389,34,68,27,10,
24.4404,26,53,21,5,
24.4418,-4,38,33,7,
24.4432,6,53,35,-2,
24.4446,-24,39,19,-10,
24.446,-30,31,11,-10,
24.4474,-30,31,11,-10,
24.4488,-3,47,27,-27,
24.4502,-3,47,27,-27,
24.4517,25,54,35,-23,
24.4531,28,59,36,-20,
24.4544,41,68,45,-24,
24.4558,25,65,34,-24,
24.4571,22,62,19,-24,
24.4585,16,53,19,-26,
24.4599,8,52,25,-24,
24.4612,-11,41,17,-28,
24.4626,-18,44,15,-32,
24.4639,-18,44,15,-32,
24.4653,-16,43,14,-37,
24.4667,-11,34,11,-29,
24.4681,-3,44,20,-17,
24.4694,11,46,38,3,
24.4708,28,54,35,10,
24.4722,24,67,28,10,
24.4735,24,67,28,10,
24.4749,13,44,21,4,
24.4763,-4,27,26,9,
24.4776,-17,30,25,2,
24.479,-23,34,29,0,
24.4803,-43,32,28,-15,
24.4816,-37,43,25,-14,
24.483,-23,42,20,-4,
24.4843,-11,36,20,2,
24.4857,10,36,24,21,
24.4871,23,42,26,29,
24.4884,30,49,27,28,
24.4897,30,49,27,28,
24.4911,21,44,36,20,
24.4925,8,45,42,7,
24.4938,-2,35,39,14,
24.4952,-19,23,28,19,
24.4965,-26,22,19,14,
24.4978,-42,23,23,10,
24.4992,-42,23,23,10,
24.5006,-48,28,28,11,
24.502,-12,33,35,14,
24.5033,4,39,36,31,
24.5047,17,41,27,25,
24.506,31,50,39,27,
24.5074,20,52,45,27,
24.5087,20,52,45,27,
24.5101,1,35,42,24,
24.5115,-12,29,40,28,
24.5128,-12,39,31,20,
24.5142,-24,39,22,14,
24.5156,-44,22,20,2,
24.5169,-44,22,20,2,
24.5183,-25,21,16,2,
24.5196,-1,49,31,14,
24.521,-1,49,31,14,
24.5223,0,47,41,27,
24.5237,28,52,42,18,
24.5251,28,52,42,18,
24.5264,18,47,46,19,
24.5278,-18,45,36,22,
24.5292,-14,43,33,21,
24.5305,-23,28,33,18,
24.5319,-35,27,32,24,
24.5333,-36,25,25,17,
24.5346,-20,25,26,8,
24.536,-10,42,37,11,
24.5374,11,52,35,21,
24.5387,16,43,34,27,
24.5401,14,50,34,33,
24.5415,17,47,41,38,
24.5428,14,40,50,28,
24.5442,13,47,37,22,
24.5456,-12,27,24,23,
24.547,-16,31,27,22,
24.5484,-26,23,32,30,
24.5497,-42,25,19,20,
24.5511,-42,25,19,20,
24.5524,-40,24,12,11,
24.5538,-5,44,22,9,
24.5552,13,43,33,23,
24.5565,18,55,38,33,
24.5579,30,65,45,38,
24.5593,13,51,49,45,
24.5607,0,54,41,43,
24.5621,4,54,39,29,
24.5635,-17,34,33,9,
24.5649,-23,23,31,10,
24.5662,-31,14,22,20,
24.5676,-31,14,22,20,
24.569,-46,25,12,16,
24.5703,-41,25,16,23,
24.5716,-17,39,32,32,
24.573,-3,37,43,21,
24.5744,2,46,52,26,
24.5757,17,61,48,36,
24.577,15,63,39,39,
24.5783,-5,47,39,35,
24.5797,-2,39,33,29,
24.5811,-39,31,23,20,
24.5825,-39,31,23,20,
24.5839,-39,31,23,20,
24.5852,-50,6,20,15,
24.5866,-55,21,13,16,
24.588,-33,39,26,16,
24.5894,-9,43,33,31,
24.5908,-11,44,45,31,
24.5921,-11,44,45,31,
24.5935,15,36,28,29,
24.5948,-2,50,28,22,
24.5962,-14,40,31,26,
24.5975,-23,35,24,22,
24.5989,-21,35,31,16,
24.6003,-21,35,31,16,
24.6016,-27,22,30,14,
24.603,-38,27,19,-6,
24.6043,-38,33,23,-5,
24.6056,-20,42,25,9,
24.607,3,47,25,25,
24.6084,4,50,37,23,
24.6097,11,45,36,18,
24.6111,5,55,27,26,
24.6125,-2,39,24,27,
24.6138,-17,50,34,24,
24.6152,-17,50,34,24,
24.6166,-28,44,32,23,
24.6179,-32,39,28,28,
24.6193,-43,43,21,22,
24.6206,-22,31,34,18,
24.6219,-21,36,39,19,
24.6233,2,57,35,21,
24.6247,19,70,37,30,
24.626,11,71,45,27,
24.6274,22,68,55,28,
24.6287,11,69,51,26,
24.6301,23,61,44,28,
24.6315,22,52,43,35,
24.6328,0,46,43,36,
24.6342,-6,42,41,35,
24.6355,-16,40,28,23,
24.6369,-27,36,17,11,
24.6383,-11,34,18,11,
24.6397,4,35,25,7,
24.6411,18,51,21,18,
24.6425,18,51,21,18,
24.6438,13,55,27,30,
24.6452,21,61,44,34,
24.6465,22,55,36,34,
24.6479,20,41,37,31,
24.6493,8,40,41,19,
24.6509,-7,47,30,23,
24.6523,-15,57,22,23,
24.6537,-31,38,25,24,
24.6551,-18,36,24,20,
24.6565,-18,36,24,20,
24.6579,9,50,28,21,
24.6594,27,56,34,22,
24.6607,27,56,34,22,
24.6621,29,57,30,19,
24.6635,13,66,39,28,
24.6649,14,62,29,36,
24.6663,-2,54,32,21,
24.6677,-2,54,32,21,
24.6691,-4,52,34,18,
24.6704,-11,55,32,26,
24.6718,-28,63,23,2,
24.6731,-28,63,23,2,
24.6745,-17,70,34,-3,
24.6759,8,85,41,11,
24.6772,8,85,41,11,
24.6786,15,92,43,15,
24.68,18,102,45,27,
24.6814,8,102,50,22,
24.6828,3,92,55,15,
24.6841,-31,84,52,4,
24.6855,-31,84,52,4,
24.6868,-31,84,52,4,
24.6881,-51,82,40,-1,
24.6895,-45,79,36,-14,
24.6909,-49,89,31,-7,
24.6922,-46,103,38,-12,
24.6936,-31,111,54,-9,
24.695,-8,132,52,-2,
24.6963,-9,152,45,-4,
24.6977,-1,146,54,-7,
24.6991,-15,155,58,-7,
24.7005,-45,151,56,-14,
24.7018,-60,151,51,-23,
24.7032,-60,151,51,-23,
24.7045,-61,153,41,-30,
24.7059,-87,147,32,-37,
24.7073,-82,149,26,-50,
24.7086,-75,155,26,-53,
24.71,-66,154,22,-46,
24.7114,-48,165,30,-34,
24.7128,-44,167,42,-34,
24.7141,-48,176,35,-28,
24.7155,-52,167,38,-37,
24.7168,-61,164,41,-35,
24.7182,-61,164,41,-35,
24.7196,-71,157,36,-46,
24.721,-90,153,25,-46,
24.7224,-86,152,10,-50,
24.7238,-114,146,11,-57,
24.725,-100,152,16,-55,
24.7264,-70,151,25,-51,
24.7277,-59,150,36,-48,
24.7291,-41,160,37,-36,
24.7305,-36,153,31,-24,
24.7318,-24,156,35,-16,
24.7332,-38,155,34,-19,
24.7346,-56,147,33,-25,
24.736,-56,147,33,-25,
24.7373,-69,135,29,-19,
24.7387,-75,133,24,-21,
24.7401,-71,137,18,-21,
24.7414,-77,139,12,-33,
24.7428,-83,125,21,-29,
24.7442,-83,125,21,-29,
24.7455,-39,152,33,-15,
24.7469,-38,157,29,-18,
24.7483,-38,157,29,-18,
24.7496,-15,154,46,-18,
24.751,-36,156,46,-16,
24.7523,-47,160,34,-22,
24.7537,-47,160,34,-22,
24.755,-62,158,27,-32,
24.7563,-71,145,24,-24,
24.7577,-83,146,20,-25,
24.7591,-75,151,20,-38,
24.7604,-75,151,20,-38,
24.7618,-59,160,26,-35,
24.7632,-36,168,27,-26,
24.7645,-40,175,27,-30,
24.7659,-26,176,23,-21,
24.7672,-21,186,28,-22,
24.7686,-33,183,19,-24,
24.7699,-39,162,21,-29,
24.7713,-56,155,28,-31,
24.7727,-73,134,11,-36,
24.7741,-73,137,17,-44,
24.7754,-79,125,9,-46,
24.7768,-78,131,3,-51,
24.7781,-78,131,3,-51,
24.7795,-76,135,9,-58,
24.7809,-37,144,29,-34,
24.7822,-31,144,20,-24,
24.7836,-33,144,20,-27,
24.7849,-23,140,27,-21,
24.7863,-43,128,22,-35,
24.7876,-43,128,22,-35,
24.789,-47,131,17,-40,
24.7904,-68,120,15,-39,
24.7917,-66,89,12,-29,
24.7931,-79,75,14,-33,
24.7945,-80,80,20,-42,
24.7958,-80,80,20,-42,
24.7972,-58,90,21,-43,
24.7985,-28,121,21,-27,
24.7999,-28,124,25,-23,
24.8013,-9,136,27,-11,
24.8026,-13,124,30,-11,
24.804,-31,107,28,-6,
24.8054,-52,104,31,-12,
24.8068,-53,98,21,-19,
24.8082,-60,105,10,-17,
24.8095,-61,98,18,-20,
24.8109,-71,89,19,-19,
24.8123,-69,95,10,-12,
24.8136,-47,99,23,-13,
24.815,-23,100,32,-19,
24.8163,-4,130,34,-3,
24.8177,-2,145,32,3,
24.8191,-4,144,36,-7,
24.8204,-20,124,33,-9,
24.8217,-20,124,33,-9,
24.8231,-25,103,31,-5,
24.8245,-38,93,28,-6,
24.8258,-60,87,23,-13,
24.8272,-64,80,24,-9,
24.8285,-63,72,28,-13,
24.8299,-54,81,28,-15,
24.8313,-26,95,26,-4,
24.8326,-17,121,26,7,
24.834,-13,136,28,3,
24.8354,-5,151,35,6,
24.8368,-5,151,35,6,
24.8381,-9,141,38,6,
24.8395,-3,132,45,9,
24.8409,-16,112,29,9,
24.8423,-34,101,18,5,
24.8436,-33,85,13,-16,
24.845,-47,75,16,-18,
24.8464,-47,75,16,-18,
24.8478,-22,71,13,-16,
24.8492,-10,78,12,-11,
24.8505,13,83,29,-9,
24.8519,17,96,33,5,
24.8533,33,109,34,8,
24.8546,15,96,29,4,
24.8561,0,87,19,3,
24.8575,-15,79,23,4,
24.8589,-18,72,21,1,
24.8602,-36,50,10,-2,
24.8616,-36,50,10,-2,
24.863,-36,49,6,-3,
24.8643,-44,59,22,-7,
24.8657,-20,67,23,-9,
24.867,0,69,25,-5,
24.8684,9,81,34,4,
24.8697,9,81,34,4,
24.8711,9,81,34,4,
24.8725,17,80,35,5,
24.8738,-8,79,21,3,
24.8751,-8,73,14,-11,
24.8765,-32,52,14,-18,
24.8778,-35,55,6,-18,
24.8792,-52,53,3,-19,
24.8805,-59,44,7,-17,
24.8819,-35,47,7,-9,
24.8832,-20,65,9,-2,
24.8846,-5,81,19,1,
24.8859,-5,81,19,1,
24.8872,15,92,20,2,
24.8886,16,94,19,6,
24.89,0,91,23,4,
24.8913,-16,74,13,-18,
24.8926,-38,66,11,-24,
24.894,-41,64,8,-17,
24.8953,-41,64,8,-17,
24.8966,-56,54,-6,-22,
24.898,-52,60,-14,-21,
24.8993,-48,72,-8,-14,
24.9007,-34,87,1,-14,
24.902,-9,98,10,-7,
24.9034,-9,98,10,-7,
24.9048,-7,123,10,-11,
24.9062,2,116,1,-21,
24.9075,-7,114,3,-30,
24.9089,-22,115,3,-28,
24.9102,-46,94,-14,-16,
24.9116,-46,94,-14,-16,
24.913,-40,102,-11,-28,
24.9144,-67,98,-15,-34,
24.9157,-67,98,-25,-35,
24.9171,-61,98,-25,-35,
24.9184,-28,140,-6,-22,
24.9198,-28,140,-6,-22,
24.9212,0,156,-5,-17,
24.9225,2,147,-2,-22,
24.9239,2,157,-5,-28,
24.9252,-12,155,-9,-29,
24.9266,-30,147,-3,-25,
24.928,-45,121,-2,-25,
24.9293,-52,122,-2,-32,
24.9307,-59,91,-16,-39,
24.9321,-59,91,-16,-39,
24.9334,-64,91,-15,-34,
24.9348,-52,115,-15,-38,
24.9362,-40,129,-6,-32,
24.9375,0,143,-2,-24,
24.9389,11,136,8,-13,
24.9403,12,148,10,-9,
24.9417,14,125,13,-16,
24.9431,14,125,13,-16,
24.9444,-17,93,0,-19,
24.9458,-25,80,4,-11,
24.9471,-30,78,14,-5,
24.9485,-41,66,2,-13,
24.9498,-34,56,6,-20,
24.9512,-33,67,4,-10,
24.9526,-33,67,4,-10,
24.9539,6,77,12,-5,
24.9553,10,78,12,-10,
24.9567,34,79,24,3,
24.9581,32,85,21,5,
24.9595,18,82,19,3,
24.9609,18,82,19,3,
24.9622,-5,76,14,1,
24.9636,-18,64,16,1,
24.965,-17,59,23,-3,
24.9663,-33,46,5,-5,
24.9677,-33,40,-3,0,
24.969,-11,42,9,11,
24.9704,10,48,9,15,
24.9717,26,68,24,21,
24.9731,34,64,35,14,
24.9744,45,63,43,17,
24.9758,26,66,36,15,
24.9772,18,63,30,17,
24.9785,6,53,27,27,
24.9799,10,41,16,26,
24.9812,6,38,10,28,
24.9826,-7,32,9,24,
24.984,-10,28,10,19,
24.9854,2,18,14,11,
24.9867,2,18,14,11,
24.9881,35,49,13,28,
24.9894,34,55,23,22,
24.9907,37,50,21,19,
24.9921,55,60,27,26,
24.9935,52,56,22,25,
24.9948,52,56,22,25,
24.9962,48,52,14,30,
24.9976,17,36,24,31,
24.999,15,30,15,32,
25.0003,-5,20,8,23,
25.0017,-12,19,14,5,
25.0031,-12,19,14,5,
25.0044,5,20,23,13,
25.0058,46,40,34,23,
25.0072,50,48,40,28,
25.0085,50,48,40,28,
25.01,43,51,35,35,
25.0113,43,51,35,35,
25.0127,36,44,28,35,
25.014,22,42,26,25,
25.0154,6,22,21,33,
25.0167,-5,22,21,30,
25.0181,-14,7,18,20,
25.0194,-5,3,17,19,
25.0208,1,12,12,20,
25.0222,19,32,16,31,
25.0235,51,40,29,27,
25.025,51,40,29,27,
25.0263,57,44,33,26,
25.0277,61,50,37,35,
25.029,41,44,40,39,
25.0304,35,37,39,30,
25.0318,27,25,34,26,
25.0331,-4,9,24,24,
25.0345,-17,4,22,16,
25.0359,-17,4,22,16,
25.0373,-9,12,16,18,
25.0387,10,19,12,21,
25.0402,10,19,12,21,
25.0416,56,38,34,26,
25.043,59,44,34,34,
25.0443,65,46,32,39,
25.0457,60,47,35,33,
25.0471,56,49,26,30,
25.0484,24,29,23,23,
25.0498,14,25,17,21,
25.0512,1,19,22,31,
25.0526,-22,16,26,21,
25.054,-23,14,13,17,
25.0553,-23,14,13,17,
25.0567,-6,15,21,19,
25.0581,44,39,24,30,
25.0595,58,48,29,36,
25.0608,61,52,39,43,
25.0622,56,50,37,31,
25.0636,38,40,30,27,
25.065,26,39,34,33,
25.0663,6,30,28,25,
25.0677,3,30,32,29,
25.0691,3,30,32,29,
25.0704,-8,9,19,25,
25.0718,-10,12,7,18,
25.0732,1,14,10,19,
25.0746,45,44,21,28,
25.0759,61,42,22,27,
25.0773,63,39,20,28,
25.0786,72,59,28,37,
25.08,54,59,30,29,
25.0814,38,51,36,22,
25.0828,15,39,32,20,
25.0841,0,26,15,18,
25.0855,0,26,15,18,
25.0869,0,26,15,18,
25.0883,-16,8,7,7,
25.0897,-19,4,18,16,
25.0911,1,24,18,18,
25.0924,41,45,21,28,
25.0938,55,47,27,34,
25.0952,55,47,27,34,
25.0966,45,58,34,39,
25.098,28,55,35,30,
25.0994,22,49,27,22,
25.1007,-4,16,30,20,
25.1021,-4,16,30,20,
25.1035,-4,16,30,20,
25.1049,-9,17,19,8,
25.1062,-11,22,16,13,
25.1076,-16,23,17,5,
25.109,9,35,11,4,
25.1103,21,49,18,6,
25.1117,26,60,28,11,
25.1131,54,52,28,18,
25.1145,39,53,23,23,
25.1158,29,48,19,21,
25.1172,11,49,16,25,
25.1186,11,49,16,25,
25.1199,-8,47,16,24,
25.1213,0,39,15,27,
25.1226,-30,1,7,13,
25.124,-13,6,10,10,
25.1254,-6,15,16,21,
25.1268,11,33,22,27,
25.1281,42,53,27,28,
25.1296,47,49,27,24,
25.131,53,61,28,16,
25.1324,46,62,26,16,
25.1338,46,62,26,16,
25.1352,32,51,16,20,
25.1365,18,35,20,29,
25.1379,-1,36,23,31,
25.1392,-16,17,17,27,
25.1406,-13,25,17,23,
25.1419,-4,14,15,24,
25.1433,17,20,17,19,
25.1447,29,41,31,26,
25.146,29,51,31,23,
25.1474,47,57,26,19,
25.1488,45,44,26,29,
25.1501,45,44,26,29,
25.1515,30,33,22,23,
25.1529,13,41,12,23,
25.1542,8,36,13,14,
25.1556,0,24,17,8,
25.157,-15,19,16,1,
25.1584,-15,19,16,1,
25.1598,-10,24,3,0,
25.1611,11,31,9,16,
25.1625,29,46,17,30,
25.1638,45,41,18,24,
25.1652,45,47,36,30,
25.1665,45,47,36,30,
25.1679,37,50,30,29,
25.1693,33,50,28,28,
25.1706,26,40,23,23,
25.172,11,30,23,25,
25.1734,4,16,17,31,
25.1747,-18,4,6,24,
25.1761,-29,11,6,22,
25.1775,-14,12,17,15,
25.1789,30,41,24,30,
25.1802,38,43,24,33,
25.1816,42,39,35,36,
25.183,47,48,38,34,
25.1843,47,48,38,34,
25.1857,45,44,23,23,
25.187,22,38,20,27,
25.1883,-3,22,10,18,
25.1896,-5,12,20,25,
25.1911,-7,3,25,21,
25.1924,-22,6,18,11,
25.1938,-12,4,12,9,
25.1951,18,16,18,10,
25.1965,52,45,30,34,
25.1978,54,43,24,34,
25.1992,54,43,24,34,
25.2005,54,43,24,34,
25.2019,43,48,27,38,
25.2033,28,45,25,32,
25.2047,19,35,31,33,
25.206,13,25,25,23,
25.2074,13,25,25,23,
25.2088,-17,9,6,15,
25.2102,-18,6,7,13,
25.2115,-1,12,8,15,
25.2129,17,23,22,26,
25.2142,42,46,32,31,
25.2156,42,46,32,31,
25.217,42,46,32,31,
25.2183,49,53,24,38,
25.2198,52,46,31,37,
25.2211,49,32,34,35,
25.2225,4,7,18,30,
25.2238,4,7,18,30,
25.2252,6,9,22,26,
25.2266,-8,12,14,16,
25.228,-20,7,20,19,
25.2293,2,16,15,18,
25.2307,2,16,15,18,
25.232,32,33,24,29,
25.2334,32,33,24,29,
25.2348,34,33,27,31,
25.2362,55,40,30,27,
25.2376,49,29,27,31,
25.239,28,23,22,23,
25.2404,7,17,17,25,
25.2417,2,18,18,30,
25.2431,-4,11,13,24,
25.2445,-10,-4,20,13,
25.2458,1,16,26,13,
25.2473,1,16,26,13,
25.2487,37,38,29,29,
25.2501,37,38,29,29,
25.2515,51,39,31,31,
25.2529,59,36,21,28,
25.2543,52,30,14,30,
25.2557,13,22,17,24,
25.2571,13,22,17,24,
25.2585,4,5,9,27,
25.2599,5,9,24,27,
25.2613,-6,-2,22,15,
25.2626,-17,1,14,18,
25.264,-13,4,12,19,
25.2654,41,18,30,30,
25.2668,41,18,30,30,
25.2681,62,47,33,34,
25.2695,64,51,48,37,
25.2709,43,51,50,36,
25.2722,28,49,36,35,
25.2736,2,23,19,24,
25.275,2,23,19,24,
25.2764,2,23,19,24,
25.2777,-14,14,28,25,
25.2791,-29,1,19,25,
25.2806,-12,13,8,23,
25.2819,20,22,29,31,
25.2833,30,34,33,28,
25.2847,30,34,33,28,
25.2861,47,52,37,28,
25.2874,46,41,27,27,
25.2888,46,41,27,27,
25.2901,19,30,33,30,
25.2915,5,19,23,22,
25.2929,2,15,12,18,
25.2942,-1,15,9,24,
25.2956,-10,5,10,18,
25.297,-1,-3,13,17,
25.2983,-3,-1,20,17,
25.2997,32,22,25,29,
25.3011,32,22,25,29,
25.3025,44,29,28,28,
25.3038,49,40,32,27,
25.3052,51,53,29,32,
25.3065,42,43,19,35,
25.3079,31,35,20,35,
25.3093,31,35,20,35,
25.3107,20,25,26,28,
25.312,-3,7,31,16,
25.3134,-19,-5,27,14,
25.3148,-19,-9,22,6,
25.3161,27,7,16,21,
25.3175,27,7,16,21,
25.3188,27,7,16,21,
25.3202,53,31,21,31,
25.3216,55,51,32,27,
25.323,60,39,36,30,
25.3244,42,27,28,34,
25.3257,8,23,13,35,
25.3271,8,23,13,35,
25.3284,-10,21,10,32,
25.3298,-10,3,14,11,
25.3312,-18,-13,17,17,
25.3325,-7,-7,19,18,
25.3339,5,8,30,28,
25.3352,5,8,30,28,
25.3366,22,24,27,30,
25.338,61,28,27,29,
25.3394,68,42,36,36,
25.3407,45,38,44,41,
25.3421,25,22,38,36,
25.3435,12,21,23,32,
25.345,-6,9,25,37,
25.3463,0,2,18,16,
25.3477,-18,-6,7,8,
25.3491,-18,-6,7,8,
25.3504,3,8,20,22,
25.3519,25,12,32,33,
25.3532,25,12,32,33,
25.3546,40,25,36,33,
25.3559,51,41,33,40,
25.3573,41,31,31,36,
25.3587,36,26,35,38,
25.3601,28,11,35,27,
25.3615,10,-5,34,23,
25.3629,10,-5,34,23,
25.3643,-4,-20,22,20,
25.3657,-12,-28,17,5,
25.367,-13,-30,25,10,
25.3684,5,-19,27,18,
25.3698,5,-19,27,18,
25.3711,37,-1,30,31,
25.3725,51,16,36,34,
25.374,47,20,32,36,
25.3754,28,10,28,27,
25.3767,25,-9,29,29,
25.3781,24,-20,29,31,
25.3794,24,-20,29,31,
25.3808,-3,-25,34,21,
25.3821,-12,-36,24,22,
25.3835,-16,-39,24,16,
25.3849,-7,-52,30,23,
25.3862,3,-55,26,26,
25.3876,30,-38,38,26,
25.389,58,-20,47,37,
25.3903,61,-32,63,42,
25.3917,47,-33,68,50,
25.3931,43,-49,67,51,
25.3944,43,-49,67,51,
25.3958,43,-73,53,45,
25.3971,33,-84,45,45,
25.3985,20,-134,53,37,
25.3999,9,-159,59,41,
25.4012,19,-171,65,49,
25.4026,23,-194,65,53,
25.404,37,-225,70,55,
25.4054,78,-259,83,70,
25.4067,102,-357,92,88,
25.4081,91,-414,84,86,
25.4095,91,-414,84,86,
25.4109,-40,-742,-54,-47,
25.4123,-40,-742,-54,-47,
25.4136,-179,-1106,-200,-214,
25.415,-334,-1518,-365,-411,
25.4164,-592,-2106,-632,-757,
25.4177,-592,-2106,-632,-757,
25.4191,-658,-2191,-693,-853,
25.4205,-662,-2100,-701,-910,
25.4218,-617,-1963,-667,-870,
25.4232,-575,-1816,-620,-818,
25.4246,-479,-1534,-531,-710,
25.4259,-479,-1534,-531,-710,
25.4273,-435,-1412,-495,-649,
25.4287,-417,-1309,-451,-596,
25.4301,-403,-1224,-431,-548,
25.4315,-394,-1148,-411,-514,
25.4328,-350,-1007,-340,-446,
25.4342,-350,-1007,-340,-446,
25.4356,-348,-941,-315,-422,
25.437,-299,-840,-294,-391,
25.4384,-268,-789,-267,-357,
25.4398,-240,-735,-241,-337,
25.4412,-193,-667,-223,-294,
25.4425,-193,-667,-223,-294,
25.4439,-193,-667,-223,-294,
25.4453,-167,-618,-206,-286,
25.4467,-189,-584,-194,-264,
25.448,-193,-569,-190,-260,
25.4494,-188,-540,-172,-232,
25.4507,-198,-516,-175,-226,
25.4521,-198,-516,-175,-226,
25.4534,-193,-491,-166,-220,
25.4548,-145,-433,-153,-206,
25.4562,-132,-401,-138,-195,
25.4576,-132,-401,-138,-195,
25.459,-113,-366,-123,-173,
25.4604,-113,-366,-123,-173,
25.4617,-99,-348,-118,-168,
25.4631,-99,-322,-112,-154,
25.4644,-114,-325,-100,-155,
25.4657,-127,-329,-110,-152,
25.4671,-127,-329,-110,-152,
25.4685,-122,-304,-107,-145,
25.4698,-120,-291,-110,-133,
25.4712,-124,-288,-104,-131,
25.4725,-95,-252,-84,-117,
25.4738,-95,-252,-84,-117,
25.4752,-81,-222,-72,-104,
25.4766,-68,-208,-70,-106,
25.4779,-64,-197,-67,-111,
25.4793,-62,-196,-67,-107,
25.4806,-69,-188,-74,-105,
25.482,-78,-187,-66,-103,
25.4833,-83,-191,-58,-97,
25.4846,-81,-181,-65,-99,
25.486,-96,-164,-81,-102,
25.4874,-92,-159,-68,-93,
25.4887,-95,-162,-65,-85,
25.49,-86,-149,-58,-74,
25.4914,-56,-128,-51,-63,
25.4927,-35,-113,-47,-63,
25.4941,-24,-95,-36,-56,
25.4955,-36,-99,-38,-52,
25.4968,-36,-99,-38,-52,
25.4982,-36,-99,-38,-52,
25.4995,-31,-90,-28,-51,
25.5009,-41,-84,-25,-60,
25.5023,-50,-81,-35,-59,
25.5037,-56,-86,-38,-47,
25.505,-56,-86,-38,-47,
25.5064,-52,-76,-34,-49,
25.5077,-34,-60,-34,-44,
25.5091,-16,-59,-27,-31,
25.5105,-19,-63,-22,-18,
25.5118,-19,-63,-22,-18,
25.5132,-4,-47,-12,-21,
25.5146,-4,-47,-12,-21,
25.5159,-16,-46,-9,-18,
25.5173,-27,-46,-20,-29,
25.5187,-38,-38,-33,-36,
25.5201,-45,-39,-36,-33,
25.5214,-49,-49,-29,-23,
25.5228,-31,-53,-27,-29,
25.5242,-24,-47,-14,-30,
25.5256,-16,-30,4,-11,
25.527,-16,-30,4,-11,
25.5283,-6,-24,-3,-13,
25.5297,9,-12,-8,-9,
25.531,9,-12,-8,-9,
25.5324,0,-18,-2,-5,
25.5337,-14,-25,-1,-17,
25.535,-31,-16,-2,-12,
25.5363,-28,-19,-8,-16,
25.5377,-23,-36,-2,-25,
25.5391,-22,-41,4,-26,
25.5404,-21,-32,-1,-23,
25.5418,-21,-32,-1,-23,
25.5431,5,0,5,-7,
25.5445,13,7,10,3,
25.5459,16,3,4,10,
25.5472,19,3,10,14,
25.5486,14,-3,10,13,
25.55,16,-5,6,11,
25.5513,-6,-6,10,15,
25.5527,-12,-25,4,0,
25.554,-13,-12,4,-6,
25.5554,-13,-12,4,-6,
25.5567,-18,-21,-1,1,
25.5581,-18,-21,-1,1,
25.5594,-22,-7,10,0,
25.5608,2,0,17,1,
25.5621,23,15,10,5,
25.5635,23,15,10,5,
25.5649,23,25,10,11,
25.5662,-1,8,8,20,
25.5675,-13,3,4,11,
25.5689,-15,8,8,10,
25.5702,-16,0,7,7,
25.5716,-16,0,7,7,
25.573,-16,0,7,7,
25.5743,-21,-7,9,0,
25.5757,-16,0,-6,16,
25.577,-16,-1,3,27,
25.5784,-6,10,14,26,
25.5797,2,22,17,27,
25.5811,8,30,18,18,
25.5824,24,21,16,18,
25.5838,26,7,16,16,
25.5851,18,10,16,21,
25.5865,-2,16,16,18,
25.5879,-8,8,6,13,
25.5892,-8,8,6,13,
25.5906,-4,2,2,10,
25.592,-21,1,3,0,
25.5933,12,6,13,8,
25.5946,18,10,17,16,
25.596,29,18,24,26,
25.5973,28,25,31,23,
25.5987,36,26,34,24,
25.6,32,24,26,26,
25.6014,14,29,12,17,
25.6028,18,26,22,11,
25.6041,9,28,21,15,
25.6055,-3,15,14,18,
25.6069,6,6,16,24,
25.6083,-4,-10,12,25,
25.6096,-10,-14,6,14,
25.611,1,11,11,11,
25.6124,17,16,16,14,
25.6137,18,28,24,23,
25.6151,18,29,36,30,
25.6165,29,37,30,25,
25.6179,29,37,30,25,
25.6193,25,20,15,31,
25.6207,20,10,17,22,
25.622,12,21,20,18,
25.6233,8,14,13,15,
25.6247,-5,8,9,20,
25.6261,-16,13,4,26,
25.6275,-1,19,18,21,
25.6288,15,19,28,23,
25.6301,23,26,30,35,
25.6315,23,26,30,35,
25.6329,21,36,32,25,
25.6342,43,39,28,18,
25.6356,31,32,33,21,
25.637,17,26,31,13,
25.6384,16,29,24,9,
25.6397,11,18,26,12,
25.641,11,18,26,12,
25.6424,10,28,5,6,
25.6439,3,18,8,16,
25.6453,0,16,15,20,
25.6467,10,24,19,17,
25.6481,24,25,11,20,
25.6495,37,23,37,32,
25.6509,42,37,31,27,
25.6524,42,37,31,27,
25.6537,16,31,24,30,
25.6551,16,31,24,30,
25.6565,19,37,16,38,
25.6578,8,31,30,18,
25.6592,15,15,23,20,
25.6606,13,17,28,20,
25.662,-2,11,26,16,
25.6633,10,16,21,10,
25.6647,21,15,20,20,
25.6661,38,31,41,26,
25.6675,43,41,33,39,
25.6688,33,31,31,34,
25.6702,33,31,31,34,
25.6716,30,28,32,37,
25.6729,23,26,30,32,
25.6743,10,29,30,28,
25.6757,3,20,19,22,
25.6771,3,20,19,22,
25.6784,-3,17,20,28,
25.6798,14,12,16,18,
25.6811,17,26,22,24,
25.6824,23,33,33,41,
25.6838,17,40,27,41,
25.6852,30,33,29,32,
25.6865,38,29,31,36,
25.6879,30,25,24,38,
25.6892,23,19,19,25,
25.6905,23,19,19,25,
25.692,24,15,12,30,
25.6933,19,16,16,31,
25.6947,10,24,9,23,
25.6961,8,14,8,16,
25.6974,16,27,29,23,
25.6988,16,27,29,23,
25.7002,15,21,34,22,
25.7016,35,28,27,38,
25.703,36,42,36,47,
25.7043,28,36,30,42,
25.7056,24,29,25,35,
25.707,27,24,23,25,
25.7084,27,25,25,25,
25.7097,27,25,25,25,
25.711,5,32,21,19,
25.7124,-2,28,22,18,
25.7137,2,21,16,22,
25.7151,-4,22,21,29,
25.7164,12,27,25,30,
25.7177,38,26,25,35,
25.7191,36,22,23,32,
25.7205,33,19,29,40,
25.7218,26,23,34,36,
25.7232,26,23,34,36,
25.7246,24,22,21,28,
25.7259,24,22,21,28,
25.7273,17,22,17,23,
25.7287,7,10,26,23,
25.7301,12,8,31,34,
25.7314,12,8,31,34,
25.7327,21,33,29,23,
25.7341,35,26,40,19,
25.7354,31,25,45,34,
25.7367,24,28,42,40,
25.738,30,37,38,39,
25.7394,29,32,32,26,
25.7407,28,37,24,22,
25.742,10,18,23,29,
25.7434,10,18,23,29,
25.7448,5,21,25,21,
25.7461,14,21,19,19,
25.7475,13,9,25,21,
25.7488,4,3,23,20,
25.7502,0,16,25,21,
25.7515,34,42,28,31,
25.7529,45,32,25,29,
25.7543,45,32,25,29,
25.7556,53,39,33,26,
25.7569,27,34,27,32,
25.7583,22,21,22,27,
25.7596,18,16,18,22,
25.7609,12,21,11,14,
25.7622,12,21,11,14,
25.7636,5,15,11,14,
25.7649,-3,18,20,7,
25.7663,3,13,29,15,
25.7676,19,23,36,14,
25.769,23,31,30,25,
25.7703,26,37,35,32,
25.7717,26,35,32,30,
25.7731,38,44,26,29,
25.7744,19,25,28,33,
25.7757,26,26,23,32,
25.777,12,22,15,26,
25.7784,12,22,15,26,
25.7797,14,26,10,17,
25.781,6,25,20,26,
25.7824,6,15,14,19,
25.7837,16,19,16,15,
25.7851,21,18,19,30,
25.7864,21,18,19,30,
25.7878,24,24,25,32,
25.7892,35,25,22,35,
25.7905,32,32,20,28,
25.7918,23,30,23,29,
25.7931,21,34,25,25,
25.7944,21,34,25,25,
25.7957,12,21,22,30,
25.7971,2,20,23,29,
25.7984,3,12,17,18,
25.7998,9,19,13,22,
25.8012,2,15,14,17,
25.8025,8,20,21,16,
25.8039,30,23,29,25,
25.8053,30,25,34,32,
25.8067,43,29,49,34,
25.808,44,28,45,31,
25.8094,44,28,45,31,
25.8108,24,21,36,34,
25.8121,18,21,32,27,
25.8135,15,26,25,31,
25.8149,17,23,28,24,
25.8163,6,18,20,10,
25.8176,12,17,11,18,
25.819,12,17,11,18,
25.8204,19,31,26,20,
25.8217,20,27,33,23,
25.8231,25,26,36,18,
25.8244,31,31,40,23,
25.8258,30,30,35,28,
25.8272,33,28,25,26,
25.8286,28,31,22,19,
25.8299,13,15,21,16,
25.8313,9,16,24,18,
25.8326,-1,20,23,14,
25.834,-8,7,26,20,
25.8354,-8,7,26,20,
25.8368,-5,10,21,26,
25.8382,28,19,24,29,
25.8397,22,24,28,25,
25.8411,23,29,33,24,
25.8425,35,31,31,27,
25.8439,32,31,29,29,
25.8453,32,31,29,29,
25.8469,27,19,19,31,
25.8484,21,21,11,29,
25.8498,8,14,16,28,
25.8513,6,1,16,27,
25.8528,-1,7,20,27,
25.8541,-3,20,22,20,
25.8555,1,25,24,22,
25.8569,25,27,21,31,
25.8582,31,34,19,37,
25.8596,33,43,35,38,
25.8609,32,34,45,26,
25.8623,30,34,35,22,
25.8636,19,26,21,22,
25.865,20,26,26,15,
25.8663,14,20,27,28,
25.8676,9,11,23,29,
25.869,11,23,17,15,
25.8703,11,23,17,15,
25.8717,10,19,14,17,
25.8731,11,22,21,31,
25.8744,27,25,33,29,
25.8758,33,27,28,32,
25.8771,38,34,24,34,
25.8785,26,29,25,27,
25.8798,21,34,19,26,
25.8812,12,23,22,20,
25.8825,8,13,20,15,
25.8839,-6,12,15,14,
25.8853,-6,12,15,14,
25.8866,-5,8,6,7,
25.888,-7,11,12,6,
25.8894,16,20,19,20,
25.8907,33,22,27,30,
25.8921,32,31,46,28,
25.8935,42,31,47,32,
25.8948,42,31,47,32,
25.8962,26,27,38,29,
25.8975,28,25,37,31,
25.8989,13,17,24,24,
25.9003,4,19,17,33,
25.9016,4,19,17,33,
25.903,4,19,17,33,
25.9043,-8,9,9,31,
25.9057,4,21,18,25,
25.907,18,32,20,26,
25.9084,25,41,26,32,
25.9097,31,33,31,33,
25.9111,30,37,26,29,
25.9125,33,32,21,22,
25.9138,22,36,28,18,
25.9152,21,15,33,31,
25.9166,10,21,24,25,
25.918,10,21,24,25,
25.9193,-9,20,30,19,
25.9207,-9,20,30,19,
25.922,-1,12,13,17,
25.9235,18,28,30,28,
25.9249,18,29,32,36,
25.9262,18,29,32,36,
25.9276,36,36,31,28,
25.929,40,33,30,38,
25.9303,26,33,27,30,
25.9317,19,24,24,32,
25.9331,19,24,24,32,
25.9344,19,22,18,22,
25.9358,1,22,30,14,
25.9372,1,22,30,14,
25.9385,-6,17,23,12,
25.9399,-4,16,27,18,
25.9413,24,16,26,31,
25.9426,24,16,26,31,
25.944,31,26,38,34,
25.9454,42,30,30,34,
25.9467,42,30,26,33,
25.9481,30,31,32,36,
25.9495,30,21,27,39,
25.9508,9,21,30,37,
25.9522,12,28,23,23,
25.9536,13,24,22,18,
25.9549,2,20,20,11,
25.9563,9,21,23,8,
25.9577,7,10,24,20,
25.959,23,17,26,25,
25.9604,28,32,24,29,
25.9617,37,30,31,31,
25.963,50,34,33,24,
25.9644,40,31,35,30,
25.9657,24,26,26,35,
25.967,14,19,21,38,
25.9683,14,19,21,38,
25.9697,15,22,14,25,
25.9711,11,20,10,21,
25.9724,2,2,9,10,
25.9737,12,16,15,23,
25.9751,12,16,15,23,
25.9764,27,23,28,28,
25.9777,45,29,40,26,
25.979,38,34,37,21,
25.9803,29,41,27,28,
25.9816,31,40,31,40,
25.983,35,34,26,42,
25.9843,20,21,30,35,
25.9856,23,24,32,33,
25.987,20,14,23,35,
25.9883,10,12,15,37,
25.9897,4,21,8,25,
25.991,3,26,20,14,
25.9924,-2,26,33,25,
25.9937,12,29,31,23,
25.9951,32,37,30,21,
25.9965,44,36,39,30,
25.9978,44,36,39,30,
25.9992,40,30,38,27,
26.0006,44,29,37,33,
26.0019,40,33,41,38,
26.0033,23,28,42,37,
26.0046,15,14,33,28,
26.006,2,10,32,24,
26.0074,2,10,32,24,
26.0087,8,13,24,32,
26.0101,11,25,20,29,
26.0114,24,41,29,29,
26.0127,35,34,24,26,
26.014,48,28,18,27,
26.0154,59,26,35,30,
26.0168,45,30,46,40,
26.0181,45,30,46,40,
26.0194,31,23,20,36,
26.0207,27,22,11,35,
26.0221,21,23,16,37,
26.0235,24,19,30,31,
26.0248,19,12,25,21,
26.0262,3,14,23,20,
26.0276,18,13,33,36,
26.0289,23,26,27,29,
26.0303,33,25,25,34,
26.0316,41,35,33,28,
26.033,41,35,33,28,
26.0343,38,31,45,33,
26.0357,32,29,34,37,
26.0371,26,27,23,38,
26.0385,20,33,19,30,
26.0399,21,20,16,34,
26.0412,1,10,8,23,
26.0427,3,13,13,18,
26.0441,-1,16,27,29,
26.0455,8,19,30,35,
26.0471,31,26,35,39,
26.0485,37,41,36,28,
26.0499,34,41,31,38,
26.0512,34,41,31,38,
26.0526,33,30,33,41,
26.054,30,24,34,35,
26.0553,25,19,32,26,
26.0567,6,19,28,25,
26.0581,6,19,28,25,
26.0595,6,19,28,25,
26.0609,-4,23,28,25,
26.0622,6,22,31,26,
26.0636,29,28,32,31,
26.0649,45,40,34,40,
26.0662,40,48,42,40,
26.0676,40,48,42,40,
26.0689,44,52,48,43,
26.0703,27,38,37,42,
26.0716,25,29,36,35,
26.073,12,23,30,26,
26.0743,13,18,27,28,
26.0757,13,18,27,28,
26.077,3,16,26,25,
26.0784,-7,11,27,25,
26.0797,8,9,31,37,
26.0811,25,23,33,32,
26.0824,35,44,39,35,
26.0838,40,45,32,40,
26.0851,47,44,39,50,
26.0865,48,41,35,46,
26.0879,20,41,29,34,
26.0892,20,41,29,34,
26.0906,19,25,21,35,
26.092,15,16,21,39,
26.0934,20,14,23,33,
26.0947,19,10,22,21,
26.0961,12,17,18,24,
26.0975,31,28,26,33,
26.0989,43,28,24,41,
26.1003,43,40,30,47,
26.1017,43,40,30,47,
26.103,52,48,36,42,
26.1043,52,48,36,42,
26.1056,45,33,39,33,
26.107,32,25,28,40,
26.1083,21,14,20,30,
26.1097,9,20,27,22,
26.111,5,16,22,17,
26.1124,4,13,18,26,
26.1137,12,15,8,34,
26.1151,32,30,31,32,
26.1165,43,31,38,40,
26.1178,39,35,40,47,
26.1192,39,35,40,47,
26.1205,48,42,36,41,
26.1219,49,37,33,26,
26.1233,20,27,25,27,
26.1246,20,18,27,23,
26.1259,18,27,27,29,
26.1273,18,27,27,29,
26.1286,8,16,10,21,
26.13,15,25,20,26,
26.1313,16,28,25,24,
26.1327,26,25,26,28,
26.134,43,30,24,43,
26.1353,43,43,24,50,
26.1367,43,43,24,50,
26.1381,49,37,42,41,
26.1394,46,29,35,44,
26.1408,42,30,40,36,
26.1421,22,37,42,34,
26.1435,22,37,42,34,
26.1448,6,26,27,31,
26.1461,-2,8,29,28,
26.1475,3,9,32,28,
26.1489,25,21,30,38,
26.1501,25,21,30,38,
26.1515,47,48,49,35,
26.1528,47,48,49,35,
26.1542,37,35,55,45,
26.1556,37,31,52,41,
26.1569,22,39,48,39,
26.1583,28,32,43,38,
26.1596,19,21,33,33,
26.1609,14,23,26,31,
26.1622,7,16,23,32,
26.1636,-2,9,14,26,
26.1649,1,23,15,32,
26.1663,21,26,17,34,
26.1676,35,30,22,29,
26.169,42,32,27,34,
26.1703,44,25,36,36,
26.1717,57,26,42,43,
26.1731,47,35,39,45,
26.1744,33,31,32,34,
26.1758,26,32,18,26,
26.1771,26,32,18,26,
26.1784,11,23,12,19,
26.1798,11,23,12,19,
26.1811,-2,19,9,16,
26.1825,5,10,13,25,
26.1838,22,23,27,30,
26.1851,22,23,27,30,
26.1865,36,33,32,31,
26.1879,26,20,33,35,
26.1892,39,27,26,34,
26.1906,36,38,25,31,
26.1919,26,30,37,24,
26.1933,26,30,37,24,
26.1947,26,30,37,24,
26.196,29,22,26,29,
26.1974,8,17,12,26,
26.1987,0,23,11,25,
26.2001,-2,19,12,24,
26.2015,31,28,18,28,
26.2028,31,28,18,28,
26.2042,32,42,27,30,
26.2056,40,40,45,35,
26.207,50,34,46,33,
26.2083,41,36,44,36,
26.2096,18,33,37,34,
26.2109,4,27,31,30,
26.2123,4,27,31,30,
26.2137,4,24,26,29,
26.215,-4,7,19,15,
26.2164,5,17,20,19,
26.2179,8,14,14,20,
26.2193,12,16,22,26,
26.2206,37,19,24,30,
26.222,40,23,21,36,
26.2234,51,41,43,37,
26.2247,51,41,43,37,
26.226,46,41,35,39,
26.2274,38,37,39,42,
26.2287,20,35,36,41,
26.2301,8,20,29,39,
26.2314,18,20,28,31,
26.2327,12,7,16,32,
26.2341,9,10,23,31,
26.2355,20,25,26,29,
26.2369,31,25,29,25,
26.2382,40,24,24,28,
26.2396,41,34,29,31,
26.2409,51,50,40,32,
26.2423,38,48,39,42,
26.2437,38,48,39,42,
26.245,30,37,37,42,
26.2464,18,43,33,38,
26.2477,21,24,37,32,
26.2491,2,13,30,29,
26.2505,-9,29,26,28,
26.2519,9,21,34,22,
26.2534,9,21,34,22,
26.2547,18,27,37,29,
26.2562,36,31,33,38,
26.2575,42,32,31,39,
26.2588,34,44,30,40,
26.2602,29,39,33,37,
26.2615,29,39,33,37,
26.2629,25,36,35,33,
26.2642,14,33,30,35,
26.2656,3,36,20,35,
26.2669,1,14,29,33,
26.2683,4,27,23,31,
26.2696,4,27,23,31,
26.2711,4,27,23,31,
26.2724,38,29,36,31,
26.2737,33,21,43,35,
26.2751,31,28,36,41,
26.2765,42,38,41,44,
26.2778,44,40,37,43,
26.2792,22,35,36,34,
26.2805,17,16,39,37,
26.2818,17,16,39,37,
26.2832,2,7,34,44,
26.2845,9,20,30,42,
26.2858,4,14,23,20,
26.2871,17,27,31,24,
26.2884,17,27,31,24,
26.2898,39,41,19,35,
26.2911,53,35,19,36,
26.2925,52,42,35,38,
26.2938,51,43,40,43,
26.2952,37,28,30,34,
26.2966,39,26,29,38,
26.2979,34,25,29,31,
26.2993,22,18,19,29,
26.3007,9,17,19,34,
26.302,-4,18,29,23,
26.3034,0,6,28,18,
26.3047,0,6,28,18,
26.306,8,11,28,23,
26.3074,27,31,27,28,
26.3088,55,36,37,44,
26.3101,64,32,33,41,
26.3115,51,26,19,46,
26.3128,32,23,26,46,
26.3141,32,23,26,46,
26.3155,21,17,31,33,
26.3169,4,12,21,21,
26.3182,-2,14,14,34,
26.3195,-11,11,7,24,
26.3209,4,16,22,28,
26.3223,13,19,27,29,
26.3236,24,28,29,25,
26.325,23,29,30,30,
26.3264,61,33,37,41,
26.3277,61,40,30,40,
26.3291,61,40,30,40,
26.3304,42,42,29,47,
26.3318,32,30,35,47,
26.3331,14,25,33,40,
26.3345,2,32,25,29,
26.3358,-9,16,18,27,
26.3372,-9,11,9,25,
26.3385,-9,11,9,25,
26.3399,14,23,22,35,
26.3412,36,17,23,38,
26.3426,53,27,31,38,
26.3439,52,32,40,38,
26.3453,44,27,40,37,
26.3466,44,27,40,37,
26.348,29,25,35,40,
26.3494,20,22,31,33,
26.3508,16,16,35,35,
26.3522,14,14,23,25,
26.3535,-3,18,9,26,
26.3548,-3,18,9,26,
26.3562,-1,26,14,29,
26.3575,22,18,22,32,
26.3589,34,29,37,37,
26.3603,34,29,37,37,
26.3616,40,34,42,31,
26.363,52,35,46,32,
26.3644,53,29,31,32,
26.3657,37,21,32,28,
26.3671,25,19,29,39,
26.3684,13,17,31,35,
26.3698,6,20,25,29,
26.3712,-5,7,18,19,
26.3725,-8,15,13,16,
26.3739,11,20,7,27,
26.3752,12,14,14,36,
26.3766,28,17,33,35,
26.3779,38,29,36,40,
26.3793,35,33,30,42,
26.3807,30,40,31,48,
26.382,25,31,28,45,
26.3834,35,24,22,44,
26.3847,11,27,14,32,
26.3861,9,20,14,35,
26.3875,4,12,8,27,
26.3888,-10,10,8,29,
26.3901,-10,10,8,29,
26.3915,-9,10,13,36,
26.3928,17,23,19,27,
26.3942,41,29,38,29,
26.3955,41,42,30,29,
26.3969,41,42,30,29,
26.3982,50,38,28,40,
26.3996,40,40,36,32,
26.401,28,31,30,31,
26.4023,9,25,24,31,
26.4037,9,25,24,31,
26.4051,4,21,25,29,
26.4064,4,21,25,29,
26.4077,-3,16,13,26,
26.409,13,28,13,25,
26.4103,14,33,20,24,
26.4117,39,41,27,47,
26.4131,39,41,27,47,
26.4144,51,38,25,45,
26.4158,54,44,24,47,
26.4171,30,31,30,39,
26.4185,10,30,26,43,
26.4199,-4,12,28,30,
26.4212,-4,12,28,30,
26.4226,0,10,23,32,
26.4239,-7,17,8,30,
26.4252,5,15,17,21,
26.4266,13,20,23,24,
26.428,25,19,25,32,
26.4294,37,18,30,33,
26.4307,45,31,36,35,
26.4321,52,25,40,38,
26.4334,35,20,41,42,
26.4348,23,21,39,39,
26.4362,27,26,21,35,
26.4376,27,21,18,33,
26.439,20,24,27,38,
26.4404,2,11,20,36,
26.4417,-14,-2,21,22,
26.4431,6,13,9,25,
26.4445,20,19,21,28,
26.4459,34,28,24,37,
26.4472,33,19,32,32,
26.4486,33,19,32,32,
26.45,33,27,41,26,
26.4513,48,34,31,39,
26.4527,34,27,25,37,
26.4541,27,11,32,36,
26.4554,19,18,17,22,
26.4568,19,18,17,22,
26.4581,17,12,12,26,
26.4595,3,2,6,25,
26.4608,15,9,19,24,
26.4622,15,9,19,24,
26.4636,29,14,21,22,
26.465,47,34,23,26,
26.4663,47,34,23,26,
26.4677,45,46,21,39,
26.469,34,35,28,38,
26.4704,15,29,16,32,
26.4717,2,23,15,29,
26.4731,5,25,19,20,
26.4744,-3,25,15,25,
26.4757,-16,14,14,22,
26.4771,-16,14,14,22,
26.4784,0,17,13,20,
26.4797,24,23,25,29,
26.4811,39,28,26,30,
26.4824,39,22,25,25,
26.4837,47,33,32,29,
26.4851,43,42,31,34,
26.4864,41,45,31,41,
26.4878,25,18,30,32,
26.4892,18,20,21,26,
26.4905,18,20,21,26,
26.4919,18,20,11,18,
26.4933,3,14,10,17,
26.4946,1,0,17,18,
26.4959,12,11,18,26,
26.4973,35,25,24,25,
26.4986,35,25,24,25,
26.5,44,28,33,24,
26.5013,48,27,32,26,
26.5027,34,35,38,37,
26.504,37,41,31,39,
26.5053,23,19,17,28,
26.5067,7,6,13,22,
26.5081,-2,8,18,20,
26.5094,-2,8,18,20,
26.5108,-13,7,12,27,
26.5122,-8,8,17,30,
26.5135,20,20,25,32,
26.5149,29,26,28,26,
26.5163,34,23,33,28,
26.5176,27,28,34,37,
26.5189,41,35,34,31,
26.5203,29,27,35,33,
26.5216,24,21,29,32,
26.523,24,21,29,32,
26.5243,19,15,21,27,
26.5256,11,10,28,24,
26.527,11,10,28,24,
26.5283,-16,11,21,22,
26.5296,6,10,16,22,
26.5309,6,10,16,22,
26.5323,24,23,17,28,
26.5336,40,39,19,29,
26.535,38,35,25,32,
26.5363,50,37,35,32,
26.5377,36,32,31,29,
26.5391,28,27,24,27,
26.5405,15,25,24,35,
26.5418,11,9,27,35,
26.5431,-2,8,16,23,
26.5445,-2,8,16,23,
26.5458,5,6,16,21,
26.5471,0,10,20,26,
26.5485,10,10,21,32,
26.5498,28,23,29,26,
26.5511,45,23,30,35,
26.5524,60,34,43,31,
26.5537,40,33,41,28,
26.5551,40,33,41,28,
26.5565,29,30,28,22,
26.5578,12,20,13,27,
26.5592,12,20,13,27,
26.5605,2,6,21,22,
26.5618,-5,9,24,13,
26.5632,-5,9,24,13,
26.5646,1,-1,13,11,
26.5659,30,23,18,39,
26.5674,49,41,22,39,
26.5687,48,34,29,34,
26.5701,49,35,30,27,
26.5715,46,36,38,36,
26.5728,45,39,36,29,
26.5742,24,24,14,27,
26.5755,24,24,14,27,
26.5769,11,11,22,35,
26.5783,4,7,19,28,
26.5796,4,7,19,28,
26.581,-10,10,22,19,
26.5824,-11,19,26,19,
26.5837,31,25,22,39,
26.5851,40,35,26,38,
26.5864,40,34,34,33,
26.5878,49,30,41,27,
26.5891,41,30,31,22,
26.5904,41,30,31,22,
26.5918,30,17,23,31,
26.5931,6,15,14,30,
26.5944,4,27,8,24,
26.5958,13,22,12,18,
26.5972,10,16,18,5,
26.5986,-2,19,15,18,
26.6,0,12,14,20,
26.6014,36,29,22,28,
26.6029,42,23,21,29,
26.6042,56,37,28,36,
26.6056,56,37,28,36,
26.607,48,51,37,30,
26.6083,37,34,36,31,
26.6096,26,20,24,28,
26.611,5,13,21,23,
26.6123,5,13,21,23,
26.6136,-4,11,14,21,
26.615,-7,1,19,8,
26.6163,-7,2,20,14,
26.6176,1,20,22,29,
26.619,34,31,36,30,
26.6203,34,31,36,30,
26.6217,34,31,36,30,
26.6231,45,28,43,35,
26.6245,53,29,37,34,
26.6258,44,33,26,31,
26.6271,32,37,28,24,
26.6285,2,28,21,25,
26.6298,-5,13,15,22,
26.6312,-5,13,15,22,
26.6325,-9,8,23,16,
26.6338,-9,8,23,16,
26.6352,9,7,24,22,
26.6366,11,26,25,26,
26.638,39,29,33,20,
26.6393,39,29,33,20,
26.6407,40,30,39,26,
26.6421,32,32,42,39,
26.6437,34,25,38,30,
26.6452,32,25,27,28,
26.6466,15,26,20,28,
26.6481,13,24,18,35,
26.6495,1,13,22,36,
26.651,-1,14,30,30,
26.6524,14,32,22,20,
26.6537,22,34,32,34,
26.6552,22,34,32,34,
26.6567,47,31,26,29,
26.6581,51,42,24,34,
26.6595,46,44,26,35,
26.661,36,34,19,35,
26.6624,36,34,19,35,
26.6639,15,18,12,31,
26.6652,10,26,23,29,
26.6666,10,21,29,27,
26.668,1,9,15,17,
26.6694,8,15,25,15,
26.6708,26,27,25,32,
26.6723,34,31,33,35,
26.6738,42,37,37,27,
26.6751,32,31,41,34,
26.6765,42,30,33,30,
26.6778,27,25,31,31,
26.6792,16,13,26,26,
26.6806,6,11,15,31,
26.6819,6,11,15,31,
26.6833,3,16,12,30,
26.6846,-1,9,17,25,
26.6859,5,10,25,23,
26.6873,25,24,35,28,
26.6887,38,38,40,36,
26.69,42,48,47,40,
26.6914,55,43,49,46,
26.6927,60,50,52,41,
26.6941,31,36,21,37,
26.6954,24,32,24,33,
26.6968,24,32,24,33,
26.6981,10,20,26,33,
26.6995,10,17,16,28,
26.7008,-2,11,18,26,
26.7022,-14,14,12,25,
26.7035,10,15,29,30,
26.7048,10,15,29,30,
26.7062,23,32,27,33,
26.7075,28,42,38,35,
26.7089,54,39,39,43,
26.7102,49,28,29,47,
26.7115,52,28,35,42,
26.7128,36,28,28,35,
26.7142,36,28,28,35,
26.7155,19,18,24,29,
26.7168,13,4,33,19,
26.7182,1,11,18,22,
26.7195,11,11,12,19,
26.7209,11,11,12,19,
26.7222,26,20,20,17,
26.7235,31,23,29,32,
26.7248,50,31,27,29,
26.7261,45,38,44,30,
26.7275,40,31,41,35,
26.7288,40,31,41,35,
26.7302,32,34,31,28,
26.7315,20,37,27,20,
26.7329,20,26,25,29,
26.7342,18,20,31,25,
26.7356,0,9,18,21,
26.737,-12,8,16,25,
26.7383,-5,10,22,29,
26.7396,21,18,27,31,
26.7409,37,32,35,27,
26.7423,43,44,32,22,
26.7436,62,38,31,30,
26.7449,46,37,38,35,
26.7463,46,37,38,35,
26.7476,41,35,45,36,
26.7489,35,17,48,29,
26.7503,1,11,28,31,
26.7516,3,12,26,22,
26.753,3,12,26,22,
26.7544,6,15,14,23,
26.7557,12,27,23,21,
26.7571,13,14,29,19,
26.7584,28,20,39,31,
26.7597,50,34,40,41,
26.7611,50,34,40,41,
26.7625,50,34,40,41,
26.7638,47,28,37,41,
26.7651,34,29,38,36,
26.7664,29,21,34,35,
26.7677,12,21,31,37,
26.769,16,17,26,42,
26.7704,3,6,21,33,
26.7717,7,-1,11,35,
26.7731,13,21,25,22,
26.7745,26,26,23,24,
26.7758,34,26,25,32,
26.7772,33,35,30,40,
26.7785,43,43,35,43,
26.7799,43,43,35,43,
26.7812,42,52,39,44,
26.7826,27,25,22,33,
26.784,22,18,19,36,
26.7854,25,19,26,38,
26.7867,10,26,28,30,
26.7881,5,9,28,21,
26.7894,-2,9,24,19,
26.7907,10,19,16,29,
26.7921,39,29,27,39,
26.7935,39,29,27,39,
26.7948,41,35,25,40,
26.7962,57,39,26,38,
26.7976,58,40,37,34,
26.799,35,30,45,31,
26.8003,20,17,27,34,
26.8017,20,17,27,34,
26.803,25,13,26,34,
26.8044,2,14,17,29,
26.8057,-5,15,11,29,
26.8071,-9,23,14,30,
26.8084,27,26,26,32,
26.8098,27,26,26,32,
26.8112,27,26,26,32,
26.8126,45,36,41,38,
26.8139,63,48,44,31,
26.8153,53,45,47,32,
26.8167,53,44,45,28,
26.818,33,32,32,25,
26.8194,13,31,23,21,
26.8208,5,23,24,19,
26.8221,-11,12,13,30,
26.8235,2,23,14,33,
26.8249,13,23,19,28,
26.8262,25,19,28,34,
26.8276,25,19,28,34,
26.8289,39,36,21,35,
26.8303,52,38,19,42,
26.8316,33,42,24,36,
26.833,35,33,31,31,
26.8343,38,39,22,38,
26.8357,22,29,19,34,
26.8371,13,31,19,28,
26.8384,13,14,23,23,
26.8398,6,3,19,27,
26.8411,0,17,17,25,
26.8425,0,17,17,25,
26.8439,19,26,29,29,
26.8453,28,34,28,28,
26.8467,38,39,35,30,
26.8482,64,38,43,39,
26.8495,52,32,36,41,
26.8509,33,29,39,41,
26.8523,29,34,43,43,
26.8537,29,34,43,43,
26.855,13,35,38,45,
26.8564,-5,23,21,30,
26.8577,-8,20,19,29,
26.859,-6,12,26,23,
26.8603,9,12,37,26,
26.8617,24,29,33,33,
26.8632,33,37,27,39,
26.8646,42,36,37,46,
26.866,63,51,43,49,
26.8674,64,41,44,47,
26.8689,56,35,51,46,
26.8702,30,21,44,43,
26.8716,30,21,44,43,
26.8729,19,15,41,38,
26.8743,-1,18,18,34,
26.8757,0,22,11,30,
26.877,13,22,18,29,
26.8784,32,40,38,51,
26.8797,32,40,38,51,
26.8811,39,37,34,58,
26.8824,45,44,27,55,
26.8837,56,41,43,57,
26.885,48,38,48,52,
26.8864,40,32,35,47,
26.8878,38,29,29,47,
26.8891,35,21,20,54,
26.8905,26,24,18,51,
26.8918,17,25,23,42,
26.8933,16,26,27,40,
26.8947,23,31,32,49,
26.896,30,40,40,59,
26.8974,47,36,44,65,
26.8988,47,36,44,65,
26.9002,75,42,42,73,
26.9015,71,35,58,78,
26.9028,55,47,62,74,
26.9041,45,54,57,65,
26.9055,38,41,49,63,
26.9068,46,42,34,71,
26.9082,38,40,27,64,
26.9095,25,14,36,53,
26.9108,32,26,42,54,
26.9122,49,42,44,66,
26.9136,49,42,44,66,
26.915,78,52,45,76,
26.9163,85,61,55,80,
26.9177,84,69,55,90,
26.9191,87,59,63,90,
26.9205,87,59,63,90,
26.9218,88,61,69,89,
26.9232,72,44,64,88,
26.9245,66,38,62,84,
26.9258,50,46,62,91,
26.9272,41,47,65,94,
26.9285,46,53,56,96,
26.9298,46,53,56,96,
26.9312,71,51,56,94,
26.9325,102,76,76,122,
26.9339,107,66,76,123,
26.9352,116,80,72,125,
26.9366,113,81,74,125,
26.9379,102,72,79,123,
26.9393,99,70,87,130,
26.9407,97,72,77,130,
26.942,99,64,85,126,
26.9434,95,57,88,131,
26.9448,104,69,85,139,
26.9462,104,69,85,139,
26.9475,110,72,84,139,
26.9489,118,82,91,165,
26.9504,143,107,115,200,
26.9517,170,112,111,214,
26.9531,177,125,121,229,
26.9545,182,121,114,244,
26.9558,187,118,120,256,
26.9572,185,117,121,274,
26.9586,205,151,123,304,
26.9599,212,150,131,330,
26.9613,212,150,131,330,
26.9626,231,158,150,365,
26.9641,254,160,175,401,
26.9654,308,194,203,450,
26.9667,361,229,240,510,
26.9681,474,294,311,705,
26.9695,474,294,311,705,
26.9709,559,341,362,865,
26.9722,810,460,592,1562,
26.9736,967,605,985,2545,
26.9751,1100,784,1053,2172,
26.9764,645,574,638,1161,
26.9777,645,574,638,1161,
26.9791,645,574,638,1161,
26.9804,475,357,384,667,
26.9818,422,295,307,552,
26.9832,407,256,258,470,
26.9845,337,210,180,292,
26.9859,337,210,180,292,
26.9872,284,191,155,232,
26.9886,219,170,133,196,
26.9899,141,137,100,143,
26.9913,111,137,99,106,
26.9925,94,114,90,89,
26.9939,83,92,86,76,
26.9952,83,92,86,76,
26.9966,73,74,83,66,
26.9979,57,69,77,72,
26.9992,63,54,75,85,
27.0005,84,60,82,93,
27.0019,84,60,82,93,
27.0032,117,72,85,100,
27.0046,110,73,86,97,
27.0059,112,71,69,99,
27.0073,99,55,65,99,
27.0086,82,45,64,90,
27.01,69,52,57,80,
27.0113,68,52,61,76,
27.0127,35,39,49,66,
27.014,35,39,49,66,
27.0153,30,36,50,57,
27.0166,44,48,49,55,
27.0179,63,52,45,58,
27.0193,70,54,48,62,
27.0207,73,58,49,68,
27.022,76,65,69,74,
27.0234,82,51,62,67,
27.0248,82,51,62,67,
27.0261,57,47,48,74,
27.0275,42,40,37,64,
27.0289,29,34,28,55,
27.0303,28,28,24,54,
27.0316,29,18,35,58,
27.033,29,18,35,58,
27.0343,17,19,34,56,
27.0357,54,50,49,58,
27.0371,54,58,53,69,
27.0385,76,59,61,84,
27.0399,98,58,70,83,
27.0412,79,51,68,85,
27.0426,73,47,70,80,
27.0439,60,41,50,74,
27.0453,43,33,36,65,
27.0466,26,20,29,59,
27.048,19,17,27,53,
27.0494,19,17,27,53,
27.0507,13,21,29,56,
27.0521,31,28,33,61,
27.0535,50,31,35,82,
27.0549,63,39,48,80,
27.0563,73,55,59,79,
27.0577,80,51,60,77,
27.059,69,41,55,76,
27.0604,58,40,45,76,
27.0617,20,33,47,73,
27.0631,11,34,41,63,
27.0644,11,34,41,63,
27.0657,13,16,28,51,
27.0671,18,19,21,48,
27.0684,20,19,30,47,
27.0698,45,29,38,59,
27.0713,56,41,38,62,
27.0726,64,50,49,67,
27.0739,74,46,63,78,
27.0753,68,50,55,86,
27.0766,65,41,49,74,
27.0779,62,31,51,67,
27.0793,47,27,58,65,
27.0807,37,26,54,68,
27.0821,27,22,37,58,
27.0834,20,14,26,54,
27.0848,18,23,33,50,
27.0861,23,27,41,43,
27.0875,30,28,34,53,
27.0889,51,34,36,58,
27.0903,63,40,45,61,
27.0916,72,51,59,71,
27.0929,54,43,48,67,
27.0942,48,45,49,61,
27.0956,33,35,46,55,
27.0969,33,35,46,55,
27.0982,15,32,33,46,
27.0996,18,25,37,44,
27.1009,12,17,30,31,
27.1023,5,22,38,39,
27.1037,25,37,46,29,
27.1051,25,37,46,29,
27.1065,56,45,50,39,
27.1079,72,46,43,50,
27.1092,76,44,35,60,
27.1106,63,39,38,60,
27.112,49,35,40,61,
27.1133,42,29,41,61,
27.1147,32,26,37,42,
27.116,22,23,33,28,
27.1174,5,23,29,25,
27.1188,16,17,28,28,
27.1201,31,24,32,25,
27.1215,31,24,32,25,
27.1228,33,42,33,30,
27.1242,45,45,34,38,
27.1256,51,40,48,53,
27.127,54,43,46,60,
27.1283,41,50,36,52,
27.1297,41,50,36,52,
27.131,27,37,36,41,
27.1323,7,33,26,34,
27.1336,5,25,30,32,
27.135,-2,15,30,23,
27.1363,13,12,24,24,
27.1376,18,19,27,24,
27.139,17,32,25,23,
27.1404,34,35,25,30,
27.1417,67,54,48,48,
27.1431,72,53,51,49,
27.1444,64,50,45,53,
27.1457,64,50,45,53,
27.1471,52,40,34,54,
27.1485,29,26,38,42,
27.1498,19,19,39,39,
27.1512,1,22,30,38,
27.1525,5,10,26,36,
27.1539,5,10,26,36,
27.1552,31,25,23,25,
27.1565,37,30,32,20,
27.1579,45,38,38,33,
27.1592,58,39,47,44,
27.1606,62,46,58,48,
27.1619,43,40,57,41,
27.1633,43,40,57,41,
27.1647,31,24,40,41,
27.166,22,17,34,40,
27.1674,14,24,25,39,
27.1687,9,23,19,40,
27.17,5,19,19,23,
27.1714,9,17,28,17,
27.1729,22,24,30,25,
27.1743,49,45,45,43,
27.1756,62,38,38,54,
27.177,62,38,38,54,
27.1784,74,49,29,48,
27.1798,75,45,25,43,
27.1811,63,40,30,41,
27.1825,28,28,34,38,
27.1839,29,22,27,39,
27.1853,20,25,31,26,
27.1866,11,15,21,24,
27.188,9,17,22,25,
27.1894,0,21,24,24,
27.1907,41,30,24,31,
27.1921,41,30,24,31,
27.1935,59,39,21,37,
27.1949,74,36,44,41,
27.1963,74,36,44,41,
27.1976,65,45,42,42,
27.199,57,39,28,41,
27.2003,34,27,39,38,
27.2016,29,28,26,29,
27.203,16,9,21,22,
27.2044,13,8,12,14,
27.2057,9,3,24,8,
27.2071,9,3,24,8,
27.2084,37,16,24,18,
27.2097,51,26,30,34,
27.211,44,32,39,43,
27.2124,44,32,39,43,
27.2137,55,45,35,41,
27.215,56,32,39,41,
27.2163,45,27,36,33,
27.2177,30,26,36,29,
27.219,10,26,30,23,
27.2204,10,26,30,23,
27.2217,-9,13,28,13,
27.223,-15,14,24,12,
27.2244,4,14,24,12,
27.2258,32,32,32,19,
27.2271,52,23,31,38,
27.2284,52,23,31,38,
27.2298,65,30,22,40,
27.2312,70,47,34,44,
27.2325,48,34,27,35,
27.2339,32,27,21,37,
27.2353,22,24,25,35,
27.2367,9,29,19,35,
27.2381,-1,32,28,21,
27.2395,-1,32,28,21,
27.241,-2,22,17,18,
27.2424,7,12,15,22,
27.2439,26,25,27,34,
27.2453,47,47,29,27,
27.2466,46,46,28,36,
27.2481,53,48,29,41,
27.2494,52,51,33,38,
27.2508,31,35,36,35,
27.2522,19,18,21,34,
27.2536,19,18,21,34,
27.255,19,15,26,32,
27.2564,-3,7,26,20,
27.2578,-6,7,19,18,
27.2592,3,19,21,17,
27.2606,50,35,34,33,
27.2619,50,35,34,33,
27.2633,55,37,35,39,
27.2647,57,53,44,36,
27.2661,47,39,46,38,
27.2675,34,31,38,30,
27.2689,32,27,26,24,
27.2702,15,25,33,27,
27.2716,15,25,33,27,
27.273,0,13,18,18,
27.2743,-2,1,16,12,
27.2757,-6,7,13,16,
27.2771,19,17,9,19,
27.2785,37,18,19,31,
27.2798,55,35,24,41,
27.2812,59,33,26,40,
27.2825,55,45,29,45,
27.2839,55,45,29,45,
27.2853,42,41,25,46,
27.2867,24,37,27,45,
27.2881,25,26,34,37,
27.2894,20,22,39,39,
27.2907,-9,3,22,30,
27.2921,-9,1,27,19,
27.2934,10,6,30,17,
27.2948,37,29,33,39,
27.2961,37,29,33,39,
27.2975,37,29,33,39,
27.2988,38,43,39,32,
27.3002,69,41,40,48,
27.3016,64,39,41,47,
27.3029,41,37,37,44,
27.3043,28,26,27,39,
27.3057,27,14,31,32,
27.307,11,13,36,35,
27.3083,-13,9,25,28,
27.3097,-3,17,23,25,
27.311,16,26,17,24,
27.3123,16,26,17,24,
27.3137,35,33,25,27,
27.315,53,36,28,30,
27.3163,56,30,36,38,
27.3177,55,39,49,41,
27.319,44,39,41,42,
27.3204,44,39,41,42,
27.3217,28,43,35,33,
27.323,9,15,22,38,
27.3244,-8,10,20,34,
27.3257,-20,11,12,24,
27.3271,-9,14,13,20,
27.3284,-3,7,19,17,
27.3298,19,13,24,30,
27.3312,41,41,27,34,
27.3326,40,36,38,44,
27.3339,55,43,33,42,
27.3353,50,46,34,43,
27.3367,36,20,31,40,
27.338,36,20,31,40,
27.3393,24,12,29,33,
27.3406,6,20,26,19,
27.342,-6,16,23,27,
27.3433,-8,9,20,23,
27.3447,-8,9,20,23,
27.346,-5,7,17,22,
27.3474,4,14,22,26,
27.3488,25,26,33,30,
27.3501,55,30,46,31,
27.3515,56,43,48,44,
27.3528,42,50,51,44,
27.3541,28,45,46,34,
27.3555,13,39,29,26,
27.3568,-2,32,28,32,
27.3581,-4,29,26,25,
27.3596,-20,11,21,20,
27.3609,-20,11,21,20,
27.3623,-2,19,24,23,
27.3636,8,18,23,21,
27.365,24,18,25,25,
27.3663,47,26,36,38,
27.3677,58,31,38,41,
27.3691,51,42,40,31,
27.3704,32,40,45,35,
27.3718,32,40,45,35,
27.3731,17,27,25,46,
27.3745,9,22,27,30,
27.3758,9,22,27,30,
27.3772,-8,20,22,20,
27.3785,-10,9,21,15,
27.3799,-10,9,21,15,
27.3812,10,17,13,27,
27.3826,38,32,25,37,
27.3839,37,33,39,36,
27.3852,53,32,39,41,
27.3865,50,42,56,45,
27.3879,50,42,56,45,
27.3893,37,32,54,43,
27.3905,23,29,46,40,
27.3919,2,20,29,34,
27.3932,4,28,29,32,
27.3945,-9,20,23,18,
27.396,-11,4,18,14,
27.3973,0,6,29,12,
27.3986,11,13,31,15,
27.3999,36,22,34,20,
27.4013,38,40,50,31,
27.4026,56,53,46,42,
27.404,56,53,46,42,
27.4053,50,45,33,56,
27.4067,50,45,33,56,
27.408,37,31,25,48,
27.4094,15,19,22,31,
27.4107,14,13,34,28,
27.4121,7,12,17,19,
27.4135,7,12,17,19,
27.4148,-3,13,23,26,
27.4162,10,18,18,33,
27.4175,43,27,17,35,
27.4188,55,43,43,38,
27.4202,55,43,43,38,
27.4215,51,38,43,33,
27.4229,37,30,34,38,
27.4242,29,34,34,34,
27.4256,32,34,27,35,
27.4269,11,16,18,38,
27.4282,8,13,20,31,
27.4296,-12,8,25,20,
27.431,-5,9,19,14,
27.4323,14,17,17,26,
27.4336,33,26,36,35,
27.435,53,25,37,33,
27.4364,53,34,40,31,
27.4378,53,34,40,31,
27.4392,49,44,38,31,
27.4405,51,47,29,32,
27.4419,23,36,40,29,
27.4433,8,34,40,29,
27.4448,9,17,40,29,
27.4462,-7,9,39,27,
27.4477,-20,12,34,26,
27.4491,-7,19,21,24,
27.4504,8,19,16,30,
27.4518,23,27,16,30,
27.4532,55,37,25,48,
27.4546,46,41,26,54,
27.4559,46,48,33,51,
27.4573,35,43,40,34,
27.4586,39,35,44,34,
27.46,17,23,39,34,
27.4614,-1,13,35,24,
27.4627,3,7,29,20,
27.4641,3,7,29,20,
27.4655,3,7,29,20,
27.4669,-16,17,23,27,
27.4682,-2,12,25,31,
27.4696,21,29,19,41,
27.471,49,38,34,35,
27.4723,49,38,34,35,
27.4736,45,42,41,40,
27.4749,38,30,42,32,
27.4763,20,20,31,40,
27.4776,8,13,30,32,
27.479,10,16,35,27,
27.4803,3,20,33,21,
27.4816,-16,12,29,16,
27.483,-16,12,29,16,
27.4843,-5,7,18,23,
27.4856,24,23,16,35,
27.4869,33,29,32,29,
27.4883,33,29,32,29,
27.4896,63,40,54,44,
27.491,61,51,45,42,
27.4923,41,39,47,48,
27.4937,16,31,31,37,
27.495,16,31,31,37,
27.4964,20,30,39,32,
27.4977,3,27,29,26,
27.499,-19,10,28,31,
27.5004,-19,10,28,31,
27.5017,-3,10,23,30,
27.5031,7,17,30,23,
27.5044,34,26,39,25,
27.5057,37,29,42,35,
27.5071,51,29,43,47,
27.5084,54,34,34,41,
27.5098,36,27,38,39,
27.5111,36,27,38,39,
27.5125,19,30,41,40,
27.5138,3,16,39,35,
27.5152,3,16,33,21,
27.5166,-3,9,33,21,
27.5179,-14,16,19,16,
27.5193,5,15,11,28,
27.5206,5,15,11,28,
27.522,35,34,41,34,
27.5234,36,46,44,39,
27.5248,56,37,37,44,
27.5261,56,29,25,36,
27.5275,45,21,35,39,
27.5289,25,14,44,36,
27.5303,25,14,44,36,
27.5316,6,19,33,29,
27.533,8,15,25,23,
27.5343,-7,8,17,26,
27.5357,3,7,22,22,
27.537,7,17,24,18,
27.5384,7,17,24,18,
27.5398,53,28,30,42,
27.5412,61,36,44,44,
27.5425,66,40,53,47,
27.5439,49,36,44,50,
27.5453,49,36,44,50,
27.5466,49,36,44,50,
27.548,5,26,27,34,
27.5495,15,14,26,40,
27.5509,4,10,18,34,
27.5522,4,16,22,25,
27.5536,17,17,19,34,
27.555,17,17,19,34,
27.5563,32,32,34,32,
27.5577,47,37,32,37,
27.559,58,41,33,39,
27.5603,57,47,44,41,
27.5616,39,38,44,38,
27.563,39,38,44,38,
27.5643,34,23,31,35,
27.5656,9,14,30,26,
27.567,4,19,27,30,
27.5683,-3,24,17,21,
27.5697,-5,20,21,28,
27.5711,0,20,20,29,
27.5724,15,25,27,24,
27.5738,25,35,26,28,
27.5751,54,31,31,29,
27.5765,56,31,31,42,
27.5779,56,31,31,42,
27.5792,41,42,32,46,
27.5806,46,46,34,36,
27.582,35,34,37,35,
27.5834,2,15,28,23,
27.5847,-10,8,15,21,
27.5861,-10,8,15,21,
27.5875,-11,8,23,14,
27.5888,-1,16,21,20,
27.5902,28,28,33,23,
27.5915,49,36,35,37,
27.5929,49,36,35,37,
27.5942,46,40,51,44,
27.5956,46,40,51,44,
27.597,28,33,42,41,
27.5983,28,26,40,38,
27.5997,10,23,30,27,
27.6011,-6,15,35,14,
27.6025,-12,7,14,11,
27.6038,-12,7,14,11,
27.6052,-4,22,14,13,
27.6066,14,21,22,21,
27.6079,14,21,22,21,
27.6093,48,33,25,38,
27.6106,45,36,27,39,
27.612,45,36,27,39,
27.6134,44,33,34,39,
27.6148,39,31,28,40,
27.6161,26,21,33,29,
27.6175,13,8,27,31,
27.6189,19,11,23,25,
27.6203,2,3,24,25,
27.6217,-16,12,13,17,
27.6231,13,2,25,21,
27.6244,31,16,29,23,
27.6258,31,16,29,23,
27.6271,35,34,33,31,
27.6285,36,44,42,40,
27.6299,47,49,51,43,
27.6312,30,37,37,44,
27.6326,26,27,33,47,
27.634,26,27,33,47,
27.6354,1,9,28,32,
27.6368,0,13,16,32,
27.6381,-11,9,19,22,
27.6395,-7,15,19,14,
27.6409,9,21,23,26,
27.6422,9,21,23,26,
27.6437,41,33,30,40,
27.645,45,44,34,43,
27.6464,45,41,33,37,
27.6478,43,41,27,32,
27.6492,24,27,30,31,
27.6505,16,24,27,38,
27.6519,16,24,27,38,
27.6533,1,13,24,32,
27.6546,-11,1,20,16,
27.656,-5,-7,20,14,
27.6573,0,2,16,19,
27.6587,14,20,21,25,
27.6601,28,19,24,35,
27.6615,45,27,31,45,
27.6628,51,28,36,41,
27.6641,50,28,34,45,
27.6654,46,27,36,41,
27.6668,35,30,29,42,
27.6682,35,30,29,42,
27.6696,13,18,28,37,
27.671,-2,12,20,23,
27.6723,-12,7,22,25,
27.6736,-12,7,22,25,
27.675,15,10,21,21,
27.6763,22,20,25,24,
27.6776,22,20,25,24,
27.679,38,24,35,39,
27.6804,53,35,36,44,
27.6817,65,36,35,43,
27.6831,63,25,32,44,
27.6845,43,23,32,41,
27.6858,19,17,31,33,
27.6872,19,17,31,33,
27.6886,-6,27,18,21,
27.6899,-12,14,16,20,
27.6912,-13,11,20,22,
27.6926,11,13,22,22,
27.694,11,13,22,22,
27.6953,33,28,35,32,
27.6967,56,28,39,34,
27.6981,71,46,30,37,
27.6995,64,47,28,32,
27.7008,41,35,29,35,
27.7022,17,32,32,40,
27.7036,-6,26,25,39,
27.7049,-6,26,25,39,
27.7063,-6,17,25,22,
27.7077,-9,15,14,11,
27.709,-9,15,14,11,
27.7104,17,7,7,31,
27.7118,17,20,20,34,
27.7132,34,34,29,37,
27.7145,49,42,35,35,
27.7159,50,40,31,34,
27.7173,41,40,34,38,
27.7186,41,40,34,38,
27.72,38,35,37,38,
27.7214,21,18,34,31,
27.7227,3,16,25,34,
27.7241,-4,15,21,26,
27.7255,-7,7,11,21,
27.7268,-1,18,6,23,
27.7282,22,27,14,23,
27.7296,32,32,24,26,
27.731,36,27,32,32,
27.7323,48,35,31,28,
27.7337,55,45,34,38,
27.7351,52,45,30,45,
27.7365,49,38,26,49,
27.7378,27,30,29,38,
27.7392,19,23,27,31,
27.7406,-3,14,20,25,
27.7419,-5,4,18,26,
27.7433,2,9,12,15,
27.7446,19,9,12,9,
27.746,19,9,12,9,
27.7473,31,14,16,17,
27.7486,33,20,19,26,
27.75,63,38,45,32,
27.7513,55,28,42,39,
27.7527,53,30,31,36,
27.7541,52,23,28,26,
27.7555,24,23,33,24,
27.7568,19,23,38,36,
27.7581,-10,12,15,17,
27.7595,-4,12,20,20,
27.7609,-4,12,20,20,
27.7622,7,17,23,22,
27.7636,11,14,21,26,
27.765,36,26,32,32,
27.7663,38,34,37,38,
27.7677,56,51,34,30,
27.7691,60,52,25,39,
27.7704,60,52,25,39,
27.7718,24,25,26,31,
27.7732,4,21,28,26,
27.7745,0,17,24,31,
27.7759,-7,-1,25,22,
27.7772,-7,-1,25,22,
27.7786,-7,-1,25,22,
27.78,-10,4,27,15,
27.7813,25,18,25,21,
27.7827,43,24,22,21,
27.7841,61,40,34,31,
27.7855,55,42,43,37,
27.7869,45,37,46,48,
27.7882,33,31,40,50,
27.7896,5,23,35,22,
27.791,5,10,30,29,
27.7923,0,4,31,31,
27.7937,0,4,31,31,
27.795,-7,7,8,21,
27.7964,-7,7,8,21,
27.7978,14,25,30,33,
27.7991,43,30,44,38,
27.8005,51,36,44,47,
27.8018,41,44,36,47,
27.8032,52,42,43,49,
27.8045,44,37,46,41,
27.8059,41,35,46,32,
27.8072,31,29,35,32,
27.8086,5,16,31,26,
27.81,5,17,19,19,
27.8114,-10,10,14,9,
27.8127,-10,10,14,9,
27.8141,-15,18,7,6,
27.8154,6,21,21,10,
27.8168,48,28,20,32,
27.8182,60,31,35,27,
27.8195,59,35,51,41,
27.8209,49,40,51,42,
27.8223,49,40,51,42,
27.8236,38,37,33,41,
27.825,27,20,23,39,
27.8263,12,24,15,25,
27.8277,-5,13,21,20,
27.8291,-16,-2,18,18,
27.8304,-18,1,14,16,
27.8318,2,15,18,23,
27.8331,13,23,30,21,
27.8345,31,38,41,34,
27.8359,31,38,41,34,
27.8373,39,47,43,43,
27.8387,43,46,50,36,
27.8401,47,36,50,29,
27.8414,31,27,43,39,
27.8428,16,15,32,23,
27.8442,12,17,22,25,
27.8456,5,6,12,29,
27.847,-9,8,16,23,
27.8483,-6,4,17,14,
27.8497,17,15,17,16,
27.851,36,35,28,23,
27.8524,39,32,23,33,
27.8537,56,29,32,37,
27.8551,72,40,44,43,
27.8564,47,43,43,42,
27.8577,47,33,33,38,
27.8591,31,17,24,27,
27.8604,11,13,24,22,
27.8617,-3,18,21,20,
27.8631,-12,17,13,21,
27.8644,-12,17,13,21,
27.8657,-6,11,7,23,
27.8671,0,11,16,26,
27.8684,24,24,19,25,
27.8698,45,36,27,36,
27.8713,41,42,36,42,
27.8727,41,42,36,42,
27.874,40,35,43,33,
27.8754,37,37,33,25,
27.8767,18,24,24,31,
27.8781,4,18,25,29,
27.8795,-9,17,12,23,
27.8808,-9,17,12,23,
27.8822,-17,10,21,29,
27.8836,-8,4,25,22,
27.885,3,16,24,21,
27.8863,40,23,22,32,
27.8877,54,36,26,35,
27.889,57,44,31,43,
27.8903,57,44,31,43,
27.8917,49,44,20,28,
27.893,39,26,28,21,
27.8944,18,19,25,29,
27.8957,7,17,21,23,
27.8971,8,13,20,24,
27.8984,8,13,20,24,
27.8998,-11,14,29,19,
27.9012,-4,12,30,24,
27.9025,16,13,32,20,
27.904,40,18,24,34,
27.9054,47,48,25,33,
27.9067,47,48,25,33,
27.9081,31,44,36,31,
27.9095,22,29,26,33,
27.9108,22,29,26,33,
27.9121,14,29,30,22,
27.9135,13,21,23,30,
27.9148,13,21,23,30,
27.9162,-4,3,19,24,
27.9176,-3,6,26,13,
27.9189,2,3,31,19,
27.9203,18,20,27,31,
27.9217,32,35,27,39,
27.923,41,39,40,37,
27.9244,41,39,40,37,
27.9257,48,43,38,36,
27.9271,31,36,25,50,
27.9284,19,35,30,41,
27.9297,8,29,21,36,
27.9311,-8,13,15,19,
27.9325,-8,13,15,19,
27.9338,-11,13,9,10,
27.9352,3,11,15,15,
27.9366,22,29,26,32,
27.9379,43,40,35,35,
27.9393,43,40,35,35,
27.9406,60,38,40,44,
27.942,60,38,40,44,
27.9434,53,45,41,38,
27.9447,31,39,36,30,
27.946,27,23,26,24,
27.9474,12,23,23,27,
27.9488,11,17,29,18,
27.9501,-8,13,15,15,
27.9514,2,21,14,13,
27.9527,10,20,23,12,
27.9541,18,29,23,22,
27.9554,32,33,18,35,
27.9567,31,29,33,44,
27.958,31,29,33,44,
27.9594,42,48,45,40,
27.9608,44,34,43,26,
27.9621,47,38,28,24,
27.9634,13,20,15,22,
27.9648,13,20,15,22,
27.9661,12,21,30,25,
27.9675,-18,15,21,4,
27.9689,-13,25,24,8,
27.9702,11,16,23,18,
27.9716,11,16,23,18,
27.973,25,27,28,26,
27.9743,41,42,35,38,
27.9757,51,37,41,34,
27.977,49,44,47,38,
27.9783,38,32,39,28,
27.9797,28,22,29,23,
27.981,28,22,29,23,
27.9823,11,17,25,35,
27.9837,-8,14,27,28,
27.9851,-18,-1,23,23,
27.9865,-2,12,18,14,
27.9879,25,31,27,20,
27.9893,25,31,27,20,
27.9906,34,29,36,27,
27.9919,29,41,45,31,
27.9933,43,42,50,34,
27.9946,48,30,41,35,
27.9959,52,23,35,39,
27.9973,35,36,34,36,
27.9986,20,35,31,25,
28,2,24,12,27,
28.0014,-10,4,14,29,
28.0027,-14,0,22,20,
28.004,-4,5,21,7,
28.0053,-4,5,21,7,
28.0067,10,2,14,18,
28.008,29,12,13,29,
28.0093,52,29,36,31,
28.0107,58,37,36,37,
28.0121,38,42,28,35,
28.0134,25,42,19,38,
28.0147,21,31,27,30,
28.0161,6,29,21,25,
28.0175,12,26,16,23,
28.0188,-13,3,7,23,
28.0202,-13,3,7,23,
28.0216,-10,13,7,18,
28.023,5,11,6,21,
28.0243,13,16,14,26,
28.0257,40,35,21,30,
28.0271,59,40,35,31,
28.0284,59,40,35,31,
28.0298,58,37,27,29,
28.0312,33,20,33,31,
28.0325,29,11,29,32,
28.0338,12,8,33,23,
28.0352,1,6,26,16,
28.0366,-18,11,25,15,
28.0379,-13,17,21,12,
28.0393,-1,19,19,7,
28.0407,41,21,33,22,
28.0422,41,21,33,22,
28.0437,38,32,38,32,
28.0451,32,29,32,39,
28.0465,42,32,44,41,
28.0479,41,49,25,35,
28.0494,28,40,24,36,
28.0507,14,25,23,35,
28.0521,0,23,19,23,
28.0535,-14,13,24,13,
28.0549,-19,17,20,2,
28.0563,-17,18,14,3,
28.0577,-3,21,13,19,
28.0591,25,18,21,23,
28.0605,46,17,31,26,
28.0618,48,25,29,34,
28.0632,63,41,29,38,
28.0646,34,20,34,46,
28.0659,25,24,42,47,
28.0672,25,24,42,47,
28.0686,23,19,33,37,
28.0699,11,16,24,20,
28.0712,7,14,12,17,
28.0726,8,1,18,7,
28.0739,10,-7,19,3,
28.0752,18,6,22,15,
28.0766,34,24,19,23,
28.0779,50,39,19,26,
28.0793,52,46,24,24,
28.0807,55,38,37,36,
28.082,55,38,37,36,
28.0834,43,30,31,25,
28.0848,16,29,35,34,
28.0861,5,17,28,28,
28.0875,-2,14,19,23,
28.0889,-2,14,19,23,
28.0902,-19,10,22,16,
28.0916,-2,16,29,14,
28.0929,13,30,29,17,
28.0942,37,34,28,19,
28.0956,48,32,34,26,
28.0969,58,28,36,31,
28.0982,58,28,36,31,
28.0996,59,23,41,41,
28.101,20,32,30,34,
28.1023,2,22,25,33,
28.1037,10,17,23,29,
28.105,13,19,14,17,
28.1064,-12,13,13,12,
28.1077,-14,11,14,6,
28.1091,5,28,29,14,
28.1105,31,34,39,29,
28.1119,41,36,39,29,
28.1133,41,36,39,29,
28.1146,48,38,35,33,
28.116,52,47,39,35,
28.1174,47,42,36,36,
28.1187,12,24,16,26,
28.1201,4,12,16,22,
28.1215,4,12,16,22,
28.1228,4,22,21,20,
28.1241,0,8,14,20,
28.1255,-12,-1,14,14,
28.1269,-5,7,23,20,
28.1282,12,19,18,28,
28.1295,32,33,28,28,
28.1308,32,33,28,28,
28.1322,57,50,38,40,
28.1335,39,38,41,42,
28.1348,34,31,43,34,
28.1361,27,34,42,38,
28.1375,8,21,27,34,
28.1389,13,21,29,34,
28.1402,3,25,22,30,
28.1415,-3,19,12,17,
28.1429,0,14,15,12,
28.1443,16,19,27,13,
28.1456,32,26,39,23,
28.147,32,26,39,23,
28.1484,35,37,43,32,
28.1498,47,37,38,39,
28.1512,51,41,43,36,
28.1525,40,35,47,30,
28.1539,19,19,32,22,
28.1553,6,24,22,20,
28.1566,1,28,21,26,
28.1578,-11,20,18,28,
28.1592,-12,17,23,8,
28.1606,-12,17,23,8,
28.1619,0,12,23,19,
28.1633,14,10,24,32,
28.1647,34,19,26,29,
28.166,47,25,25,26,
28.1674,55,40,28,29,
28.1688,27,29,37,36,
28.1701,23,26,28,35,
28.1715,23,26,28,35,
28.1728,9,19,25,27,
28.1741,2,3,26,25,
28.1755,2,3,26,25,
28.1768,-6,-1,17,12,
28.1782,-2,-3,28,11,
28.1795,11,9,29,13,
28.1809,11,9,29,13,
28.1822,34,28,27,36,
28.1836,52,31,39,35,
28.185,64,35,48,42,
28.1863,29,28,36,31,
28.1876,29,28,36,31,
28.1889,17,19,30,31,
28.1902,17,19,30,31,
28.1916,-6,17,22,30,
28.193,-20,17,15,16,
28.1943,-20,17,10,8,
28.1957,16,18,23,15,
28.197,16,18,23,15,
28.1983,39,29,31,30,
28.1997,48,26,40,31,
28.2011,47,30,43,33,
28.2024,40,38,39,31,
28.2038,27,48,33,39,
28.2052,26,38,26,28,
28.2065,17,25,32,29,
28.2079,5,17,36,21,
28.2093,-5,11,25,20,
28.2107,-19,-2,21,12,
28.212,-19,-2,21,12,
28.2134,-5,10,16,10,
28.2147,4,22,27,17,
28.216,36,36,33,30,
28.2174,39,46,33,39,
28.2188,47,42,37,39,
28.2202,51,39,46,28,
28.2215,52,43,44,31,
28.2229,24,32,21,15,
28.2243,7,20,26,14,
28.2256,-5,19,22,12,
28.227,-5,19,22,12,
28.2284,-6,13,20,11,
28.2297,2,8,27,15,
28.2311,10,17,32,13,
28.2324,23,31,34,12,
28.2338,23,47,26,19,
28.2351,23,47,26,19,
28.2364,63,53,29,39,
28.2378,44,43,38,40,
28.2391,29,28,38,29,
28.2405,7,20,31,30,
28.2418,7,20,31,30,
28.2432,9,22,28,25,
28.2446,-3,11,14,26,
28.246,-13,6,2,16,
28.2474,-16,6,14,9,
28.2487,30,11,23,23,
28.2501,40,27,31,27,
28.2516,40,27,31,27,
28.253,49,33,39,36,
28.2543,43,36,34,31,
28.2558,43,36,34,31,
28.2572,23,25,29,25,
28.2585,20,14,33,29,
28.2599,18,10,23,21,
28.2613,0,17,25,11,
28.2627,-15,20,29,14,
28.2641,-4,12,28,12,
28.2654,14,17,17,3,
28.2668,35,33,17,13,
28.2681,38,38,23,23,
28.2695,38,38,23,23,
28.2709,42,41,21,25,
28.2723,43,50,32,38,
28.2736,26,38,38,35,
28.275,22,13,21,24,
28.2763,11,12,26,23,
28.2776,0,19,20,22,
28.2789,-10,16,9,21,
28.2803,-11,9,10,26,
28.2817,-10,17,9,23,
28.2831,2,19,15,18,
28.2845,28,37,26,38,
28.2858,28,37,26,38,
28.2871,35,40,30,41,
28.2885,56,42,38,47,
28.2898,50,36,42,52,
28.2912,30,41,43,34,
28.2926,19,35,39,28,
28.2939,19,35,39,28,
28.2953,8,21,25,28,
28.2966,-9,24,11,31,
28.2979,-18,18,20,18,
28.2993,-3,25,30,19,
28.3007,14,19,40,28,
28.302,36,19,44,35,
28.3033,36,19,44,35,
28.3047,42,19,38,33,
28.306,58,41,32,37,
28.3074,50,46,32,33,
28.3087,26,42,34,29,
28.3101,16,35,32,33,
28.3115,5,23,25,33,
28.3128,-6,20,24,32,
28.3142,-9,21,25,29,
28.3155,-3,14,27,20,
28.3169,2,0,14,18,
28.3182,4,-6,10,15,
28.3196,13,15,21,23,
28.3209,40,31,27,34,
28.3223,47,33,31,36,
28.3236,52,36,29,42,
28.325,46,38,47,36,
28.3263,34,38,35,30,
28.3277,34,38,35,30,
28.3291,16,19,20,28,
28.3304,3,10,15,23,
28.3318,-8,5,10,15,
28.3331,-10,5,7,15,
28.3345,-1,1,11,21,
28.3358,9,3,20,19,
28.3372,9,3,20,19,
28.3386,29,22,24,30,
28.34,52,42,29,40,
28.3415,53,46,28,35,
28.3429,45,32,25,29,
28.3443,45,32,25,29,
28.3456,3,14,30,16,
28.347,9,14,18,25,
28.3484,-1,4,20,22,
28.3497,-17,-6,27,16,
28.3511,-8,9,15,12,
28.3524,-8,9,15,12,
28.3537,8,20,19,16,
28.3551,58,27,30,29,
28.3564,61,25,34,35,
28.3577,61,38,37,35,
28.3591,50,36,38,32,
28.3604,32,37,40,34,
28.3618,24,27,37,32,
28.3631,4,13,25,28,
28.3644,0,8,20,28,
28.3658,-5,9,24,23,
28.3672,-8,8,13,9,
28.3686,-8,6,11,14,
28.3699,8,18,8,8,
28.3713,30,29,25,19,
28.3726,47,41,37,36,
28.374,45,31,39,31,
28.3754,54,39,36,35,
28.3768,57,46,28,48,
28.3781,57,46,28,48,
28.3795,41,30,32,35,
28.3808,19,21,22,31,
28.3822,6,16,28,22,
28.3836,-6,13,22,14,
28.3849,-17,19,23,17,
28.3863,-8,18,16,13,
28.3877,4,18,20,17,
28.389,28,23,25,22,
28.3904,44,31,36,33,
28.3918,41,43,33,34,
28.3932,41,43,33,34,
28.3945,48,41,34,40,
28.3958,37,36,37,38,
28.3972,12,28,27,30,
28.3985,4,18,21,27,
28.3999,-1,2,22,16,
28.4013,-3,3,15,2,
28.4026,-3,3,15,2,
28.404,-5,20,8,7,
28.4054,15,26,19,21,
28.4067,30,40,35,33,
28.4081,55,33,44,35,
28.4095,55,33,44,35,
28.4108,46,40,39,41,
28.4122,43,42,28,38,
28.4136,36,29,24,29,
28.415,15,25,23,20,
28.4163,1,20,21,15,
28.4176,5,10,30,23,
28.419,-15,-3,19,16,
28.4204,-7,4,17,10,
28.4218,20,17,15,25,
28.4232,27,35,27,34,
28.4245,39,29,36,40,
28.4259,59,31,37,41,
28.4272,57,39,38,47,
28.4286,57,39,38,47,
28.4299,33,39,39,34,
28.4313,19,30,30,28,
28.4327,0,12,22,22,
28.434,-4,14,21,20,
28.4354,-12,24,21,23,
28.4367,-9,20,18,26,
28.438,-7,15,9,15,
28.4395,20,25,28,16,
28.4409,28,21,31,29,
28.4423,28,21,31,29,
28.4438,51,35,40,37,
28.4451,51,35,40,37,
28.4465,55,44,43,29,
28.4478,39,28,31,41,
28.4492,25,17,32,23,
28.4505,25,17,32,23,
28.4519,0,19,14,23,
28.4532,-10,9,15,22,
28.4546,-6,7,11,17,
28.456,1,20,14,19,
28.4573,25,27,25,23,
28.4587,25,27,25,23,
28.4601,37,22,34,25,
28.4614,44,29,34,30,
28.4628,38,35,43,36,
28.4641,47,32,46,30,
28.4655,24,33,32,31,
28.4668,24,33,32,31,
28.4682,6,31,24,23,
28.4696,-11,-2,7,22,
28.4709,-1,-14,-2,16,
28.4723,1,-1,14,6,
28.4736,9,14,23,7,
28.4749,29,23,25,20,
28.4762,29,23,25,20,
28.4775,33,18,34,27,
28.479,59,26,32,33,
28.4803,46,31,33,36,
28.4816,37,31,39,31,
28.483,23,26,42,22,
28.4843,14,25,31,21,
28.4857,17,18,22,30,
28.487,11,13,23,22,
28.4884,3,6,11,3,
28.4897,15,5,10,6,
28.4911,15,5,10,6,
28.4924,22,11,19,21,
28.4938,42,19,24,31,
28.4952,48,32,25,39,
28.4965,62,37,24,32,
28.4979,48,38,34,37,
28.4993,34,39,37,28,
28.5006,34,39,37,28,
28.5019,11,19,19,34,
28.5033,11,23,17,25,
28.5046,-2,17,11,17,
28.5059,-8,12,14,15,
28.5073,-14,12,11,14,
28.5087,11,6,14,14,
28.51,11,6,14,14,
28.5113,20,33,19,34,
28.5127,37,32,28,38,
28.5141,58,37,26,31,
28.5154,25,22,40,26,
28.5168,14,25,36,29,
28.5181,14,25,36,29,
28.5194,-2,20,32,33,
28.5208,-4,21,31,28,
28.5222,-4,23,25,18,
28.5235,-11,11,19,14,
28.5249,0,17,25,8,
28.5262,0,17,25,8,
28.5276,17,24,18,8,
28.5289,44,17,35,31,
28.5303,50,28,33,37,
28.5317,50,44,27,36,
28.533,41,30,24,36,
28.5343,41,30,24,36,
28.5357,41,30,24,36,
28.5371,20,12,20,33,
28.5384,4,26,18,16,
28.5398,0,12,16,11,
28.5412,-17,15,17,18,
28.5425,-21,8,17,15,
28.5439,-1,19,27,15,
28.5453,29,26,30,21,
28.5466,59,37,37,25,
28.548,71,40,33,29,
28.5493,50,36,35,40,
28.5506,29,33,35,36,
28.5519,29,33,35,36,
28.5533,14,23,29,37,
28.5546,10,15,16,34,
28.5559,15,16,17,20,
28.5573,-10,9,19,4,
28.5586,-7,18,20,2,
28.5599,-7,18,20,2,
28.5613,13,19,33,20,
28.5627,32,37,40,21,
28.564,31,36,41,32,
28.5654,44,27,39,40,
28.5668,39,24,34,43,
28.5682,28,22,36,39,
28.5695,15,20,46,26,
28.5709,-1,26,42,24,
28.5723,5,25,24,19,
28.5736,-10,2,20,20,
28.575,-18,9,20,23,
28.5763,-7,4,19,21,
28.5776,-7,4,19,21,
28.579,7,20,14,22,
28.5803,32,24,20,29,
28.5817,43,25,25,31,
28.5831,46,40,39,25,
28.5844,42,38,41,27,
28.5858,24,39,40,32,
28.5871,19,35,33,27,
28.5885,11,14,19,15,
28.5898,-2,20,23,16,
28.5911,-2,20,23,16,
28.5925,-9,13,32,18,
28.5939,-10,22,24,20,
28.5952,-2,23,12,23,
28.5966,18,23,17,23,
28.5979,40,39,20,32,
28.5992,49,36,20,40,
28.6006,60,28,34,33,
28.6019,40,39,36,29,
28.6033,28,27,39,25,
28.6046,28,27,39,25,
28.606,8,21,21,12,
28.6074,8,21,21,12,
28.6087,5,13,26,11,
28.61,2,4,11,17,
28.6114,-4,19,14,11,
28.6127,-4,19,14,11,
28.614,10,17,12,19,
28.6154,26,30,27,35,
28.6167,29,38,33,39,
28.6181,51,32,35,38,
28.6194,39,29,34,28,
28.6208,39,29,34,28,
28.6221,39,29,34,28,
28.6235,30,20,34,26,
28.6248,4,27,19,26,
28.6262,-5,13,19,18,
28.6275,1,11,8,7,
28.6288,-12,13,13,4,
28.6302,-5,14,18,6,
28.6315,11,29,15,21,
28.6329,30,35,15,36,
28.6342,39,45,25,34,
28.6356,31,40,27,31,
28.6369,31,40,27,31,
28.6383,31,44,30,34,
28.6397,24,45,33,33,
28.6411,9,41,24,17,
28.6425,3,14,9,20,
28.644,-16,-1,15,17,
28.6454,-4,1,15,18,
28.6468,-6,11,9,12,
28.6482,10,20,15,9,
28.6496,25,29,24,15,
28.651,27,27,33,32,
28.6525,35,32,38,42,
28.6539,49,24,36,37,
28.6554,39,32,39,31,
28.6568,26,29,32,23,
28.6582,5,24,21,12,
28.6596,1,31,21,10,
28.6609,-10,11,21,11,
28.6624,-19,13,25,12,
28.6638,-7,19,26,4,
28.6652,14,15,16,-2,
28.6666,25,19,25,13,
28.668,27,34,26,17,
28.6693,33,39,21,11,
28.6707,59,42,36,18,
28.6721,40,48,24,29,
28.6735,14,42,21,20,
28.6749,14,42,21,20,
28.6762,6,29,24,14,
28.6776,7,31,23,5,
28.679,-16,6,19,1,
28.6803,-16,19,15,8,
28.6816,-7,29,21,-2,
28.683,18,40,31,-1,
28.6844,38,40,36,6,
28.6857,34,35,30,7,
28.6871,50,39,28,14,
28.6884,46,48,30,28,
28.6898,33,42,27,27,
28.6912,33,42,27,27,
28.6926,11,29,24,17,
28.6939,3,20,25,6,
28.6953,7,24,21,2,
28.6966,-11,7,22,-17,
28.698,0,14,14,-24,
28.6994,12,22,6,-16,
28.7007,22,35,20,-9,
28.7021,38,44,31,2,
28.7035,41,44,23,4,
28.7048,40,38,22,5,
28.7062,27,33,26,14,
28.7075,27,33,26,14,
28.7089,27,33,26,14,
28.7102,17,25,15,3,
28.7116,15,23,20,-3,
28.713,-4,16,24,-13,
28.7143,-10,22,0,-12,
28.7157,-10,22,0,-12,
28.7171,-2,13,1,-6,
28.7185,35,19,21,6,
28.7199,38,36,27,-3,
28.7213,39,35,21,9,
28.7227,41,39,23,10,
28.7241,28,44,20,0,
28.7254,28,44,20,0,
28.7268,12,20,17,-5,
28.7281,-7,16,14,-12,
28.7294,-3,15,16,-6,
28.7308,2,20,15,-8,
28.7321,-11,17,16,-5,
28.7335,-13,19,17,-7,
28.7349,-3,28,27,-5,
28.7363,38,41,34,1,
28.7376,39,36,39,7,
28.739,39,36,39,7,
28.7404,36,33,27,13,
28.7417,36,33,27,13,
28.7432,37,30,29,2,
28.7445,13,22,11,-3,
28.7459,5,19,7,-4,
28.7473,11,29,14,-6,
28.7486,-3,22,21,-16,
28.7499,-13,17,14,-19,
28.7513,-12,16,13,-15,
28.7527,16,23,18,-8,
28.754,37,43,26,4,
28.7554,36,56,26,9,
28.7568,36,56,26,9,
28.7581,45,44,23,6,
28.7595,37,47,20,11,
28.7609,28,34,23,10,
28.7622,2,34,28,7,
28.7636,-1,32,20,9,
28.7649,-15,16,7,4,
28.7663,-10,24,14,-12,
28.7676,2,21,17,-18,
28.769,21,25,25,-14,
28.7704,21,25,25,-14,
28.7717,33,23,25,1,
28.7731,29,43,27,13,
28.7745,29,43,27,13,
28.7759,40,51,20,24,
28.7772,28,45,30,20,
28.7786,18,32,22,8,
28.78,10,24,20,9,
28.7813,-2,16,13,-1,
28.7827,-2,16,13,-1,
28.7841,8,13,7,3,
28.7855,8,13,7,3,
28.7869,9,14,23,3,
28.7882,42,39,39,4,
28.7895,37,40,37,9,
28.7909,37,40,37,9,
28.7922,57,45,40,16,
28.7936,28,34,24,22,
28.795,15,33,24,14,
28.7963,15,35,24,6,
28.7977,11,38,21,13,
28.7991,11,38,21,13,
28.8004,11,38,21,13,
28.8018,-7,16,15,-3,
28.8032,2,12,24,-6,
28.8046,6,25,23,-3,
28.8059,37,41,31,13,
28.8073,37,41,31,13,
28.8086,45,44,32,15,
28.81,43,42,39,20,
28.8114,32,41,29,23,
28.8127,21,24,22,13,
28.8141,8,23,16,12,
28.8155,16,22,16,13,
28.8168,-12,15,9,8,
28.8182,-12,15,9,8,
28.8195,-14,16,18,-10,
28.8209,-4,12,23,-8,
28.8222,19,23,28,-1,
28.8235,19,23,28,-1,
28.8249,54,33,33,19,
28.8263,64,49,34,27,
28.8276,58,46,28,21,
28.829,38,32,26,25,
28.8303,38,32,26,25,
28.8317,19,23,21,19,
28.8331,-6,11,15,8,
28.8345,-6,11,15,8,
28.8359,-17,-2,21,0,
28.8373,-13,10,18,-1,
28.8387,2,22,23,2,
28.8401,2,22,23,2,
28.8415,39,47,34,18,
28.8428,54,47,31,16,
28.8443,50,49,37,19,
28.8457,27,26,37,17,
28.8471,27,26,37,17,
28.8484,10,20,28,20,
28.8498,11,18,20,14,
28.8512,6,18,20,1,
28.8526,-1,19,22,1,
28.8539,-5,13,18,3,
28.8553,4,13,16,10,
28.8567,4,13,16,10,
28.8581,41,31,26,18,
28.8595,44,39,28,26,
28.8608,59,46,33,29,
28.8622,38,34,32,25,
28.8636,21,40,25,29,
28.865,27,40,23,20,
28.8663,11,31,17,15,
28.8677,7,16,20,12,
28.869,4,10,27,9,
28.8704,-18,21,7,3,
28.8718,-2,16,14,5,
28.8731,-2,16,14,5,
28.8745,10,30,16,12,
28.8759,40,42,29,18,
28.8773,44,41,34,25,
28.8787,37,35,31,25,
28.88,41,35,26,33,
28.8813,41,35,26,33,
28.8827,24,26,26,24,
28.8841,7,14,20,11,
28.8854,3,16,14,12,
28.8868,-21,3,5,8,
28.8881,-16,6,20,-2,
28.8895,-12,17,12,5,
28.8908,1,30,19,14,
28.8922,32,42,26,23,
28.8935,48,47,26,24,
28.8949,58,52,39,37,
28.8963,49,46,43,27,
28.8976,49,46,43,27,
28.899,26,34,39,20,
28.9003,12,22,38,22,
28.9016,3,18,35,21,
28.903,-17,7,23,6,
28.9044,-16,-1,23,-1,
28.9057,-6,16,13,0,
28.9071,5,28,11,7,
28.9085,14,30,22,13,
28.9098,34,32,38,18,
28.9113,54,44,28,24,
28.9127,54,44,28,24,
28.914,57,38,33,23,
28.9154,47,46,37,24,
28.9168,38,47,38,29,
28.9181,25,36,27,23,
28.9195,10,35,28,7,
28.9208,-5,17,15,3,
28.9222,-9,5,16,-8,
28.9236,-2,20,11,-2,
28.9249,11,33,15,1,
28.9262,11,33,15,1,
28.9276,44,50,29,9,
28.929,53,40,25,19,
28.9303,50,51,21,34,
28.9316,50,51,21,34,
28.9329,31,41,38,26,
28.9342,22,36,26,21,
28.9356,14,22,28,16,
28.9369,3,21,30,15,
28.9383,-11,22,20,5,
28.9397,-10,17,14,-6,
28.9411,-4,17,11,-2,
28.9424,-6,30,20,8,
28.9438,22,39,27,12,
28.9452,41,51,32,8,
28.9465,42,55,37,20,
28.9479,42,55,37,20,
28.9492,44,43,40,19,
28.9505,49,48,34,19,
28.9519,18,32,36,22,
28.9533,-1,29,33,19,
28.9546,-4,20,27,14,
28.956,-11,13,24,6,
28.9574,-13,10,14,-2,
28.9587,-13,10,14,-2,
28.9601,6,23,24,10,
28.9614,23,26,26,11,
28.9627,40,34,26,11,
28.9641,40,34,26,11,
28.9655,63,44,39,29,
28.9668,52,33,32,33,
28.9681,38,40,33,23,
28.9694,-4,29,26,3,
28.9708,-4,29,26,3,
28.9722,3,30,23,7,
28.9735,-11,10,11,1,
28.975,5,19,19,-5,
28.9763,5,19,19,-5,
28.9777,8,38,25,11,
28.9791,35,34,27,14,
28.9804,35,34,27,14,
28.9818,41,43,31,16,
28.9831,48,44,57,26,
28.9845,41,44,53,29,
28.9858,23,43,46,18,
28.9872,-17,29,28,15,
28.9886,-17,29,28,15,
28.99,-17,29,28,15,
28.9914,-12,23,25,15,
28.9927,-5,21,25,11,
28.9941,-14,27,24,6,
28.9955,12,47,26,20,
28.9968,12,47,26,20,
28.9981,20,55,33,26,
28.9994,31,55,30,31,
29.0008,39,58,46,23,
29.0021,15,42,43,15,
29.0034,5,41,40,16,
29.0048,5,41,40,16,
29.0061,-10,33,24,14,
29.0075,-22,26,27,-1,
29.0088,-22,26,27,-1,
29.0102,-10,16,22,4,
29.0116,-5,27,18,5,
29.013,-5,27,18,5,
29.0143,26,44,42,10,
29.0157,36,50,44,20,
29.017,42,56,53,28,
29.0184,31,52,55,32,
29.0198,11,56,50,18,
29.0211,11,56,50,18,
29.0225,-15,38,50,7,
29.0238,-29,30,39,7,
29.0252,-35,40,37,5,
29.0266,-35,29,38,1,
29.0279,-11,42,36,2,
29.0293,-4,44,43,1,
29.0308,-4,44,43,1,
29.0322,30,63,50,17,
29.0335,37,65,51,27,
29.0349,34,62,51,31,
29.0363,29,68,54,25,
29.0376,10,58,62,21,
29.039,-4,53,53,14,
29.0404,-10,55,52,5,
29.0417,-10,39,52,9,
29.0431,-29,29,40,1,
29.0446,-32,22,38,-4,
29.0459,-27,31,38,2,
29.0473,8,43,37,3,
29.0487,8,43,37,3,
29.05,24,50,47,14,
29.0516,27,49,46,15,
29.053,18,46,55,15,
29.0543,17,38,58,17,
29.0558,14,28,57,22,
29.0572,-8,26,53,23,
29.0586,-11,27,38,20,
29.0599,-38,16,20,-5,
29.0614,-35,23,27,-2,
29.0627,-18,33,33,-8,
29.0641,-18,33,33,-8,
29.0655,-3,37,37,1,
29.0669,6,44,52,14,
29.0682,12,48,50,14,
29.0695,36,47,62,24,
29.0709,27,56,64,23,
29.0722,18,51,56,14,
29.0736,-2,43,42,5,
29.075,-22,44,39,9,
29.0764,-13,48,36,11,
29.0777,-17,13,32,16,
29.0791,-13,23,43,15,
29.0805,-13,23,43,15,
29.0818,-13,23,43,15,
29.0832,15,47,47,5,
29.0845,14,58,49,16,
29.0858,21,56,42,28,
29.0872,23,63,42,21,
29.0886,11,49,39,19,
29.0899,11,49,39,19,
29.0913,-3,36,42,14,
29.0927,-16,42,33,4,
29.0941,-31,37,32,6,
29.0954,-27,19,32,-2,
29.0967,-10,11,33,1,
29.0981,0,20,37,4,
29.0995,0,20,37,4,
29.1008,27,45,34,24,
29.1021,22,46,36,33,
29.1035,37,53,36,28,
29.1048,18,47,39,30,
29.1062,13,42,33,31,
29.1075,13,42,33,31,
29.1089,13,42,33,31,
29.1103,-1,25,25,20,
29.1116,-2,20,27,17,
29.113,-9,25,21,22,
29.1143,-15,25,27,27,
29.1157,-15,25,27,27,
29.117,0,32,35,29,
29.1184,19,37,44,22,
29.1197,22,53,44,27,
29.1211,38,52,51,34,
29.1224,32,50,52,36,
29.1238,28,45,48,39,
29.1251,29,41,32,39,
29.1265,3,35,36,27,
29.1278,-5,36,40,26,
29.1292,-16,26,30,20,
29.1306,-23,18,17,12,
29.1319,-24,21,12,13,
29.1334,-18,25,30,22,
29.1347,-1,35,32,23,
29.1361,22,55,57,26,
29.1374,22,55,57,26,
29.1388,39,62,57,29,
29.1401,31,42,47,25,
29.1415,14,32,44,19,
29.1429,3,35,36,9,
29.1441,-5,28,32,9,
29.1455,-5,28,32,9,
29.1468,-6,21,25,8,
29.1482,-19,10,20,6,
29.1495,-20,12,28,19,
29.1509,-1,28,28,20,
29.1522,14,39,34,17,
29.1536,14,39,34,17,
29.155,34,46,40,33,
29.1564,38,39,54,33,
29.1577,31,32,59,33,
29.1591,25,40,39,32,
29.1604,0,23,31,29,
29.1617,0,23,31,29,
29.1631,-10,17,36,23,
29.1644,-21,6,36,19,
29.1658,-31,13,37,13,
29.1672,-16,11,29,8,
29.1685,11,28,34,7,
29.1698,11,28,34,7,
29.1712,31,48,26,20,
29.1726,31,46,54,28,
29.174,30,49,48,26,
29.1754,32,47,36,25,
29.1767,9,33,30,23,
29.178,-12,33,30,23,
29.1794,-12,33,30,23,
29.1807,-4,24,24,18,
29.182,-31,17,32,15,
29.1834,-29,19,31,10,
29.1848,-28,30,22,1,
29.1861,27,48,45,13,
29.1875,27,48,45,13,
29.1889,43,51,44,21,
29.1902,50,47,62,38,
29.1916,27,53,56,30,
29.1929,27,53,56,30,
29.1943,8,39,32,29,
29.1957,8,39,32,29,
29.197,-5,28,23,22,
29.1984,-2,25,29,13,
29.1998,-26,28,23,11,
29.2011,-12,23,19,12,
29.2025,-12,23,19,12,
29.2038,27,45,26,21,
29.2053,42,42,36,22,
29.2066,40,48,42,25,
29.208,39,60,45,31,
29.2094,40,48,43,25,
29.2107,41,48,48,33,
29.2121,20,40,46,26,
29.2135,-2,26,40,15,
29.2148,-22,26,32,10,
29.2162,-19,6,23,-5,
29.2176,-11,6,24,-3,
29.219,-11,6,24,-3,
29.2204,3,24,36,7,
29.2217,28,27,39,14,
29.223,34,30,42,21,
29.2243,48,42,49,29,
29.2256,55,51,43,25,
29.227,49,39,34,19,
29.2283,49,39,34,19,
29.2297,25,21,37,24,
29.2311,-13,13,24,19,
29.2324,-12,25,26,23,
29.2338,-17,11,27,11,
29.2352,-22,11,21,-3,
29.2365,-22,11,21,-3,
29.2379,-1,20,27,-1,
29.2393,16,19,30,10,
29.2407,25,27,40,22,
29.2421,37,42,51,24,
29.2435,31,45,41,32,
29.2449,23,30,34,29,
29.2463,23,30,34,29,
29.2476,-5,16,30,20,
29.249,-3,11,22,13,
29.2504,-12,6,19,8,
29.2517,-24,16,14,7,
29.2531,-24,16,14,7,
29.2546,-24,16,14,7,
29.256,8,16,27,8,
29.2573,29,23,36,14,
29.2587,33,34,37,9,
29.2601,47,42,43,19,
29.2614,30,41,42,16,
29.2628,30,41,42,16,
29.2641,4,15,24,12,
29.2655,7,25,26,20,
29.2668,1,16,19,25,
29.2681,-24,11,22,17,
29.2694,-30,1,20,14,
29.2708,-30,1,20,14,
29.2722,-9,-3,23,11,
29.2735,11,9,30,20,
29.2749,39,23,30,23,
29.2762,32,29,30,24,
29.2776,42,44,29,28,
29.279,26,35,35,35,
29.2803,24,28,45,29,
29.2817,4,28,37,31,
29.2831,-3,20,27,28,
29.2844,8,15,28,18,
29.2857,-14,5,17,9,
29.2871,-21,11,23,7,
29.2885,-21,11,23,7,
29.2898,-3,7,31,13,
29.2911,21,15,36,29,
29.2925,43,36,45,32,
29.2938,62,47,47,29,
29.2952,59,43,51,32,
29.2966,45,42,47,38,
29.2979,45,42,47,38,
29.2992,16,42,47,31,
29.3006,-3,28,32,16,
29.3019,-3,23,28,9,
29.3033,-29,10,24,6,
29.3046,-23,0,25,5,
29.306,-22,-5,26,10,
29.3074,-1,9,27,25,
29.3088,31,19,34,25,
29.3101,49,43,49,33,
29.3114,51,53,41,39,
29.3128,51,53,41,39,
29.3142,32,37,36,34,
29.3155,17,37,37,32,
29.3168,11,38,26,37,
29.3182,1,29,20,34,
29.3195,-11,12,24,14,
29.3209,-23,8,11,8,
29.3222,-23,8,11,8,
29.3235,-8,28,16,18,
29.3249,24,34,13,20,
29.3262,30,35,26,20,
29.3276,53,53,48,29,
29.3289,53,53,48,29,
29.3302,53,53,48,29,
29.3317,62,46,47,27,
29.333,20,33,34,31,
29.3344,18,26,38,35,
29.3357,2,29,30,35,
29.337,-1,26,20,27,
29.3383,-17,18,17,19,
29.3397,-23,11,14,18,
29.341,-17,17,28,14,
29.3424,42,42,25,10,
29.3438,31,43,29,20,
29.3451,31,43,29,20,
29.3464,38,51,29,25,
29.3478,50,45,30,32,
29.3492,41,32,35,39,
29.3506,14,37,45,33,
29.3519,7,30,43,24,
29.3532,-5,22,37,28,
29.3545,-5,22,37,28,
29.3559,-15,9,25,23,
29.3572,-4,14,27,21,
29.3585,-1,29,33,19,
29.3599,40,53,29,31,
29.3612,40,53,29,31,
29.3626,40,53,29,31,
29.364,59,48,33,27,
29.3653,40,47,38,31,
29.3666,34,46,37,39,
29.368,16,35,42,33,
29.3694,2,20,49,29,
29.3708,2,20,49,29,
29.3722,-15,13,41,22,
29.3735,-8,-2,20,14,
29.3749,-8,-1,26,14,
29.3763,-8,-1,26,14,
29.3776,26,37,21,23,
29.379,26,37,21,23,
29.3804,41,42,20,16,
29.3817,55,48,52,29,
29.383,41,50,53,23,
29.3844,32,46,47,23,
29.3857,27,31,37,34,
29.3871,17,23,21,24,
29.3885,10,28,26,18,
29.3898,-16,9,20,10,
29.3912,-18,17,22,8,
29.3925,-18,17,22,8,
29.3939,-2,29,29,15,
29.3953,10,27,37,19,
29.3966,39,30,41,19,
29.398,50,38,46,20,
29.3993,61,51,54,36,
29.4007,34,41,49,27,
29.4021,15,46,44,23,
29.4036,11,25,27,19,
29.4049,14,29,22,16,
29.4063,-2,16,25,8,
29.4076,-17,1,20,1,
29.4089,-16,13,18,11,
29.4103,2,16,12,9,
29.4116,19,19,16,19,
29.4129,31,34,30,23,
29.4142,30,41,37,25,
29.4156,53,46,49,33,
29.417,52,44,60,29,
29.4183,23,32,33,24,
29.4196,23,32,33,24,
29.421,18,34,36,18,
29.4223,-7,25,31,15,
29.4237,-7,25,31,15,
29.425,-7,15,12,12,
29.4264,-1,21,18,11,
29.4278,10,30,18,23,
29.4291,10,30,18,23,
29.4305,35,42,23,20,
29.4318,34,53,27,15,
29.4332,50,67,29,22,
29.4345,42,68,27,25,
29.4359,36,66,29,34,
29.4373,36,66,29,34,
29.4386,36,66,29,34,
29.4401,11,61,25,18,
29.4415,1,55,19,9,
29.4428,-21,53,13,4,
29.4444,1,55,13,0,
29.4457,29,63,25,11,
29.4471,29,63,25,11,
29.4485,30,68,29,18,
29.4499,30,68,29,18,
29.4513,38,79,37,23,
29.4526,42,64,26,17,
29.454,26,59,25,9,
29.4555,-4,45,16,5,
29.4569,-17,31,13,8,
29.4583,-13,31,18,1,
29.4597,-20,36,12,5,
29.4611,-14,36,8,5,
29.4624,-14,36,8,5,
29.4638,-3,40,14,1,
29.4652,39,52,33,22,
29.4665,39,52,33,22,
29.4679,41,58,22,26,
29.4693,28,52,31,29,
29.4706,22,51,29,25,
29.472,18,44,25,20,
29.4734,-5,39,22,25,
29.4747,-8,36,25,20,
29.4761,-15,26,30,16,
29.4775,-22,25,22,12,
29.4788,-13,17,19,13,
29.4802,-9,25,20,11,
29.4815,4,44,29,3,
29.4829,36,44,41,5,
29.4844,35,54,32,21,
29.4858,61,46,42,36,
29.4872,51,47,47,28,
29.4885,25,48,45,17,
29.4898,18,35,32,16,
29.4912,-5,25,27,28,
29.4926,-5,25,27,28,
29.4939,-10,20,15,26,
29.4953,-13,17,10,11,
29.4966,-7,22,15,6,
29.498,3,19,26,13,
29.4993,26,34,30,23,
29.5007,45,48,31,25,
29.502,60,55,28,27,
29.5034,47,36,33,31,
29.5048,36,23,33,26,
29.5061,36,23,33,26,
29.5075,28,12,25,29,
29.5089,-3,0,22,24,
29.5102,-16,2,8,24,
29.5115,-16,2,8,24,
29.5128,-15,6,17,11,
29.5142,-15,6,17,11,
29.5155,4,0,15,11,
29.5168,33,5,12,15,
29.5182,53,34,29,37,
29.5195,51,43,37,42,
29.5209,43,42,37,36,
29.5222,30,42,28,34,
29.5236,20,27,24,37,
29.525,2,9,14,33,
29.5263,-8,1,20,32,
29.5277,-31,-8,17,22,
29.529,-31,-8,17,22,
29.5304,-23,-8,17,10,
29.5317,0,-7,15,2,
29.5331,30,3,20,11,
29.5344,39,21,27,21,
29.5358,40,24,29,27,
29.5371,40,24,29,27,
29.5385,62,26,35,37,
29.5398,33,16,34,40,
29.5412,10,6,24,31,
29.5425,6,-12,20,21,
29.5439,-3,-17,15,14,
29.5452,-15,-19,9,22,
29.5466,-15,-19,9,22,
29.548,-22,-16,21,13,
29.5493,-3,-23,23,12,
29.5507,24,2,33,22,
29.5521,36,21,38,31,
29.5534,42,14,37,36,
29.5548,68,21,44,40,
29.5562,53,21,42,38,
29.5575,22,5,42,30,
29.5589,2,-7,35,26,
29.5603,-1,-20,27,22,
29.5616,-1,-20,27,22,
29.563,-12,-25,15,19,
29.5644,-37,-32,4,22,
29.5657,-32,-23,14,16,
29.5671,23,-14,9,21,
29.5685,34,1,23,31,
29.5698,34,1,23,31,
29.5712,55,13,35,37,
29.5725,53,27,36,35,
29.5739,41,16,25,27,
29.5752,16,-2,29,18,
29.5766,16,-2,29,18,
29.578,5,-14,20,16,
29.5794,1,-15,12,10,
29.5807,-15,-26,9,8,
29.5821,-23,-19,5,1,
29.5835,-22,-10,7,5,
29.5849,-11,-1,7,12,
29.5862,26,-3,7,27,
29.5876,46,7,19,32,
29.589,57,32,36,35,
29.5903,47,22,39,29,
29.5917,34,24,34,22,
29.593,17,4,30,30,
29.5944,3,-6,29,27,
29.5959,3,-6,29,27,
29.5972,-5,-13,27,14,
29.5986,-29,-14,20,14,
29.5999,-19,-6,17,19,
29.6013,1,-11,11,20,
29.6026,12,-7,18,28,
29.604,28,19,21,23,
29.6053,56,26,23,33,
29.6067,62,32,31,32,
29.6081,62,32,31,32,
29.6095,54,17,39,32,
29.6109,8,4,32,21,
29.6122,-1,2,33,28,
29.6137,-8,-3,35,16,
29.6152,-25,-24,16,3,
29.6165,-25,-22,6,-1,
29.6179,-9,-22,23,2,
29.6193,17,-19,26,11,
29.6206,38,8,33,19,
29.622,35,23,46,24,
29.6233,59,21,60,27,
29.6247,59,21,60,27,
29.6261,38,17,56,29,
29.6274,20,16,43,32,
29.6288,7,9,42,31,
29.6301,7,9,42,31,
29.6315,-11,-17,27,20,
29.6329,-20,-19,13,22,
29.6342,-20,-19,13,22,
29.6356,-8,-3,20,10,
29.6369,11,2,26,14,
29.6383,42,8,34,24,
29.6397,55,12,40,31,
29.6411,61,15,39,27,
29.6425,51,23,36,30,
29.6438,41,11,33,32,
29.6452,12,5,31,37,
29.6467,12,5,31,37,
29.6481,-3,-1,27,28,
29.6495,-5,3,19,28,
29.6509,-21,-1,11,27,
29.6522,-14,8,20,15,
29.6536,12,8,19,8,
29.6551,31,22,29,15,
29.6565,42,21,34,29,
29.6579,53,37,29,35,
29.6593,67,36,43,46,
29.6607,52,32,48,38,
29.6621,39,29,32,29,
29.6634,29,15,32,27,
29.6648,3,12,29,24,
29.6662,3,12,29,24,
29.6675,-14,6,28,12,
29.6689,-12,-5,15,6,
29.6702,5,-5,25,22,
29.6716,28,3,28,26,
29.673,44,18,39,29,
29.6744,44,19,36,37,
29.6757,59,31,37,45,
29.6771,59,31,37,45,
29.6785,49,31,49,40,
29.6798,29,22,48,28,
29.6812,19,11,48,29,
29.6826,4,5,36,34,
29.6839,-10,-10,29,29,
29.6853,-31,-21,21,26,
29.6867,6,-13,23,20,
29.6881,14,-7,35,24,
29.6894,48,17,43,32,
29.6908,48,17,43,32,
29.6921,51,27,38,37,
29.6935,64,34,39,41,
29.6949,66,45,43,35,
29.6962,47,25,45,34,
29.6975,17,16,35,38,
29.6989,-4,8,20,31,
29.7002,-9,12,29,23,
29.7016,-14,3,17,21,
29.703,-7,-16,4,23,
29.7044,-1,-21,2,22,
29.7058,10,-6,13,23,
29.7071,30,5,19,24,
29.7085,52,21,34,31,
29.7098,52,21,34,31,
29.7112,62,39,48,33,
29.7126,51,30,49,44,
29.714,26,10,42,34,
29.7153,8,4,38,25,
29.7166,0,-6,36,28,
29.718,-10,-10,26,34,
29.7193,-10,-10,26,34,
29.7206,-26,-14,19,31,
29.722,-10,-9,29,25,
29.7233,8,8,27,34,
29.7246,45,26,37,39,
29.7259,57,25,51,37,
29.7273,68,36,54,38,
29.7287,71,37,54,34,
29.73,46,36,53,35,
29.7314,19,18,45,41,
29.7327,10,3,44,37,
29.7341,10,3,44,37,
29.7354,10,3,44,37,
29.7368,-21,-17,15,30,
29.7381,-22,-24,17,21,
29.7394,-16,-25,22,28,
29.7408,27,6,26,31,
29.7421,49,18,36,38,
29.7435,49,18,36,38,
29.7449,56,25,44,37,
29.7462,63,23,52,47,
29.7476,37,20,51,45,
29.7489,28,8,49,37,
29.7503,18,1,38,35,
29.7517,18,1,38,35,
29.7531,2,-11,23,34,
29.7544,-27,-31,20,21,
29.7558,-13,-25,12,25,
29.7571,-2,-15,21,19,
29.7585,15,-4,26,15,
29.7599,46,9,30,26,
29.7612,54,12,29,37,
29.7625,51,30,53,39,
29.7639,46,23,53,31,
29.7652,46,23,53,31,
29.7665,32,9,41,27,
29.7678,14,0,29,31,
29.7692,14,-4,26,31,
29.7705,4,-13,23,31,
29.7719,-7,-22,18,27,
29.7733,-15,-16,17,25,
29.7746,2,-14,32,20,
29.7759,2,-14,32,20,
29.7772,43,9,31,25,
29.7786,45,21,47,34,
29.7799,58,23,58,48,
29.7813,25,14,53,50,
29.7827,25,14,53,50,
29.784,25,14,53,50,
29.7854,1,-2,36,36,
29.7868,-5,-11,31,30,
29.7881,-23,-23,29,21,
29.7895,-24,-35,20,8,
29.7908,-6,-23,30,3,
29.7922,5,-13,38,13,
29.7936,22,1,48,23,
29.795,35,11,51,35,
29.7963,53,12,64,41,
29.7976,46,18,62,40,
29.799,40,26,54,30,
29.8003,40,26,54,30,
29.8016,29,12,57,41,
29.8031,19,2,54,42,
29.8044,-5,-17,35,33,
29.8059,-27,-20,32,23,
29.8072,-19,-19,33,24,
29.8085,-2,-14,25,21,
29.8099,14,-1,23,17,
29.8112,33,5,30,36,
29.8126,46,3,34,44,
29.8139,61,5,41,49,
29.8153,75,7,53,60,
29.8166,55,10,66,50,
29.8179,44,11,68,45,
29.8193,23,5,54,38,
29.8206,-2,-8,45,30,
29.822,-22,-21,14,17,
29.8234,-19,-31,15,10,
29.8248,-4,-22,27,24,
29.8262,-4,-22,27,24,
29.8275,7,-15,30,37,
29.8289,24,-12,33,29,
29.8302,37,23,36,45,
29.8316,47,26,47,52,
29.833,48,19,48,53,
29.8343,40,16,45,55,
29.8357,28,21,49,47,
29.837,5,13,40,39,
29.8384,-2,13,39,32,
29.8398,-9,-9,24,38,
29.8412,-3,-15,31,25,
29.8425,-3,-15,31,25,
29.8439,2,-10,27,24,
29.8453,13,4,21,26,
29.8467,36,18,23,41,
29.8482,66,25,36,45,
29.8497,66,25,36,45,
29.8511,49,17,46,54,
29.8525,42,21,49,51,
29.8538,27,10,41,46,
29.8552,6,0,26,42,
29.8566,6,0,26,42,
29.858,-15,-11,21,38,
29.8595,-20,-13,18,35,
29.8609,-12,-20,18,42,
29.8622,-2,-11,24,50,
29.8635,48,18,37,54,
29.8649,44,19,33,54,
29.8663,63,28,41,51,
29.8677,53,19,51,53,
29.8691,47,24,51,55,
29.8704,30,27,41,49,
29.8718,21,14,27,37,
29.8731,14,4,14,34,
29.8745,-7,-1,11,34,
29.8759,-13,-10,11,35,
29.8773,-6,-17,20,38,
29.8787,6,-10,22,40,
29.8801,32,-6,16,32,
29.8814,43,7,25,50,
29.8828,53,20,25,55,
29.8842,60,27,36,57,
29.8856,41,28,38,69,
29.8869,41,28,38,69,
29.8883,32,16,34,65,
29.8896,11,10,21,68,
29.891,7,-9,13,53,
29.8924,-6,-16,1,42,
29.8937,-10,-26,0,36,
29.8951,-15,-25,5,35,
29.8965,-5,-3,5,37,
29.8978,52,17,20,59,
29.8992,56,10,20,69,
29.9005,66,8,24,87,
29.9018,66,8,24,87,
29.9032,63,16,22,81,
29.9045,57,11,21,84,
29.9059,33,0,15,84,
29.9072,22,-7,9,52,
29.9086,16,-5,11,55,
29.9099,16,-5,11,55,
29.9112,4,-14,3,46,
29.9125,4,-14,-9,47,
29.9138,19,-4,6,49,
29.9152,49,14,13,59,
29.9165,48,9,16,63,
29.9178,48,9,16,63,
29.9192,48,9,16,63,
29.9205,45,13,13,67,
29.9218,31,12,11,65,
29.9232,16,7,18,62,
29.9246,1,9,2,60,
29.9259,-4,-5,-8,60,
29.9273,-9,-22,-6,57,
29.9286,-10,-17,4,45,
29.93,-3,-18,1,41,
29.9313,35,-2,4,45,
29.9327,45,16,8,50,
29.9341,45,16,8,50,
29.9354,45,13,14,67,
29.9368,62,29,15,80,
29.9382,70,18,6,78,
29.9396,31,2,3,74,
29.9409,0,-12,6,65,
29.9423,-6,-4,1,67,
29.9436,-7,-14,-9,63,
29.945,-1,-23,-12,56,
29.9464,2,-29,-7,56,
29.9477,-2,-22,-3,51,
29.9492,47,16,8,46,
29.9505,47,16,8,46,
29.9518,47,16,8,46,
29.9532,57,12,15,74,
29.9546,57,12,9,86,
29.9559,46,5,6,89,
29.9573,23,-13,-3,69,
29.9586,23,-13,-3,69,
29.96,1,-19,-12,64,
29.9614,-8,-20,-2,44,
29.9627,-10,-23,-12,42,
29.9641,-10,-12,-10,43,
29.9655,13,3,-5,49,
29.9668,13,3,-5,49,
29.9682,36,14,6,51,
29.9696,50,22,11,60,
29.971,47,33,4,70,
29.9723,49,25,11,73,
29.9736,52,19,6,62,
29.975,45,11,7,68,
29.9763,31,10,-2,69,
29.9777,18,11,-5,65,
29.979,-12,4,-12,43,
29.9804,-3,3,-14,44,
29.9817,11,-4,-21,42,
29.983,11,-4,-21,42,
29.9844,30,5,-14,54,
29.9857,50,18,-9,65,
29.9871,48,20,3,67,
29.9884,72,19,-3,64,
29.9898,64,22,-5,70,
29.9912,45,20,2,73,
29.9925,15,7,5,64,
29.9939,15,-8,-5,57,
29.9952,16,-15,-20,50,
29.9966,0,-18,-29,44,
29.9979,-2,-7,-19,39,
29.9993,-7,-9,-12,28,
30.0007,8,-10,-9,43,
30.002,40,2,-14,57,
30.0034,50,8,-13,63,
30.0047,47,12,-5,64,
30.0061,61,26,-5,72,
30.0075,39,25,-10,74,
30.0088,25,7,-13,77,
30.0102,25,7,-13,77,
30.0115,4,-8,-13,63,
30.0128,11,-8,-19,52,
30.0142,-2,-18,-26,51,
30.0155,6,-17,-21,49,
30.0169,17,-14,-20,49,
30.0182,17,-14,-20,49,
30.0196,45,23,-5,62,
30.021,48,32,1,71,
30.0223,63,30,3,76,
30.0237,56,26,0,84,
30.025,56,23,1,81,
30.0264,41,16,-5,71,
30.0277,41,16,-5,71,
30.029,20,12,-29,65,
30.0304,1,10,-30,65,
30.0318,-16,3,-22,62,
30.0331,12,-10,-36,46,
30.0345,15,2,-19,44,
30.0358,15,2,-19,44,
30.0372,47,11,-8,59,
30.0385,67,16,11,77,
30.0399,63,21,1,80,
30.0414,63,21,1,80,
30.043,58,27,-1,75,
30.0444,51,22,1,82,
30.0458,17,-7,-11,78,
30.0474,26,-4,-27,76,
30.0489,4,-23,-30,69,
30.0502,5,-15,-19,72,
30.0517,22,-4,-22,75,
30.053,22,-4,-22,75,
30.0544,40,-3,-25,79,
30.0558,62,5,-25,83,
30.0571,64,22,-24,96,
30.0585,58,18,-19,107,
30.0599,48,22,-14,116,
30.0613,23,4,-15,112,
30.0627,23,4,-15,112,
30.0641,23,4,-15,112,
30.0654,20,-6,-24,92,
30.0668,-2,-16,-24,86,
30.0682,-9,-10,-27,83,
30.0695,12,-5,-22,77,
30.0709,49,-4,-8,87,
30.0723,49,-4,-8,87,
30.0736,70,22,-3,92,
30.075,67,31,8,101,
30.0764,58,18,3,110,
30.0778,42,6,5,112,
30.0791,30,-7,-7,101,
30.0805,28,-18,-16,88,
30.0819,28,-18,-16,88,
30.0832,0,-19,-28,73,
30.0846,-6,-20,-27,61,
30.086,0,-20,-32,54,
30.0873,29,7,-14,74,
30.0887,40,26,-9,84,
30.0901,40,26,-9,84,
30.0914,57,28,-1,85,
30.0928,57,28,-1,85,
30.0941,53,18,1,88,
30.0955,50,21,2,89,
30.0969,27,7,-12,75,
30.0982,27,7,-12,75,
30.0996,20,5,-16,67,
30.101,1,-17,-12,55,
30.1024,4,-10,-17,52,
30.1038,13,-7,-17,54,
30.1052,36,11,3,59,
30.1065,36,11,3,59,
30.1079,36,16,0,71,
30.1093,42,14,11,86,
30.1106,41,11,13,92,
30.112,45,18,8,89,
30.1134,14,1,-14,64,
30.1147,14,1,-14,64,
30.1161,2,-3,-8,58,
30.1174,-10,-14,-8,47,
30.1188,-6,-8,-13,41,
30.1203,7,-16,-21,44,
30.1216,14,-16,-21,46,
30.123,28,-2,-3,57,
30.1244,43,25,10,74,
30.1257,59,29,12,86,
30.1271,77,29,24,81,
30.1285,67,21,22,80,
30.1298,48,18,11,68,
30.1312,31,11,8,51,
30.1326,31,11,8,51,
30.134,14,10,11,54,
30.1354,-5,-7,2,34,
30.1367,-16,-15,-1,28,
30.1381,-4,-11,-7,31,
30.1395,21,5,12,34,
30.1408,21,5,12,34,
30.1422,36,19,18,44,
30.1435,56,38,32,69,
30.1449,59,29,30,78,
30.1463,50,32,32,75,
30.1476,35,32,23,63,
30.149,26,22,22,47,
30.1504,30,22,11,45,
30.1518,-2,-6,4,18,
30.1531,-2,3,-3,27,
30.1545,-2,3,-3,27,
30.1559,21,11,12,31,
30.1572,21,11,12,31,
30.1586,29,14,21,36,
30.16,28,32,24,41,
30.1613,60,43,26,53,
30.1627,58,39,16,51,
30.164,37,32,18,55,
30.1654,19,36,28,61,
30.1667,17,27,15,50,
30.1681,7,22,13,35,
30.1695,7,19,16,22,
30.1708,6,2,13,24,
30.1722,3,4,19,22,
30.1735,10,16,20,25,
30.1749,22,26,21,40,
30.1762,50,34,17,51,
30.1776,50,42,26,50,
30.179,53,43,39,46,
30.1804,43,40,31,41,
30.1818,43,40,31,41,
30.1832,26,24,22,43,
30.1845,23,19,21,36,
30.1859,5,20,19,28,
30.1873,-11,8,5,23,
30.1886,3,7,11,17,
30.19,3,4,12,19,
30.1913,22,3,17,21,
30.1927,29,11,32,34,
30.194,35,20,36,39,
30.1954,55,32,29,33,
30.1968,56,30,30,50,
30.1981,56,30,30,50,
30.1995,49,28,19,44,
30.2008,38,26,25,32,
30.2022,25,21,24,26,
30.2036,22,26,25,27,
30.2049,-18,9,13,16,
30.2063,-18,9,13,16,
30.2076,-9,15,11,22,
30.209,32,15,12,35,
30.2103,50,27,20,41,
30.2117,59,28,29,45,
30.2131,73,41,28,57,
30.2145,68,32,34,44,
30.2158,43,33,35,45,
30.2172,43,33,35,45,
30.2185,19,17,20,27,
30.2199,3,17,21,31,
30.2213,8,3,26,30,
30.2227,-3,1,16,19,
30.224,-11,7,21,17,
30.2254,-13,1,17,26,
30.2268,45,19,32,33,
30.2282,56,35,39,31,
30.2296,49,36,44,32,
30.231,59,30,43,40,
30.2324,59,30,43,40,
30.2337,61,23,35,47,
30.2351,21,21,29,42,
30.2364,0,11,23,36,
30.2378,-3,11,16,28,
30.2392,0,-4,2,32,
30.2405,-6,-7,7,29,
30.2419,-7,9,16,22,
30.2433,3,19,20,20,
30.2447,45,31,22,36,
30.2462,45,31,22,36,
30.2478,47,34,24,43,
30.2492,51,33,33,43,
30.2506,40,23,31,42,
30.252,29,12,20,44,
30.2533,20,4,16,41,
30.2547,12,17,16,24,
30.2562,-6,13,9,19,
30.2576,-6,13,9,19,
30.259,-11,3,5,16,
30.2604,-4,1,3,27,
30.2617,9,15,18,27,
30.2631,52,38,27,42,
30.2645,55,49,30,37,
30.2658,51,60,35,34,
30.2672,51,33,24,41,
30.2685,52,20,14,39,
30.2699,31,15,14,37,
30.2713,19,19,8,30,
30.2726,-6,2,14,27,
30.2739,-10,-3,12,24,
30.2753,-10,-3,12,24,
30.2767,-15,-4,11,24,
30.278,-2,0,20,23,
30.2794,32,19,24,20,
30.2807,41,30,25,34,
30.2821,46,35,24,39,
30.2835,46,35,24,39,
30.2849,51,38,29,33,
30.2863,37,30,28,32,
30.2876,15,18,13,32,
30.289,9,16,18,28,
30.2903,-11,7,18,19,
30.2917,-20,1,7,12,
30.293,-20,1,7,12,
30.2944,-2,5,4,15,
30.2958,29,19,14,25,
30.2972,47,41,27,34,
30.2986,48,45,27,42,
30.3,48,45,27,42,
30.3013,55,46,30,41,
30.3027,43,33,24,31,
30.3041,34,26,19,35,
30.3054,22,19,19,33,
30.3068,11,22,26,25,
30.3081,11,22,26,25,
30.3095,-6,10,24,17,
30.3109,-21,2,19,18,
30.3123,8,22,17,13,
30.3136,34,29,21,20,
30.3151,41,34,17,33,
30.3164,45,33,26,40,
30.3177,50,41,36,39,
30.3191,39,47,34,36,
30.3205,30,27,27,21,
30.3218,8,21,32,25,
30.3231,8,21,32,25,
30.3244,7,24,19,22,
30.3258,8,20,12,13,
30.3272,5,5,12,19,
30.3285,-4,0,17,23,
30.3299,11,17,23,21,
30.3312,11,17,23,21,
30.3326,31,31,26,33,
30.3339,64,44,31,45,
30.3353,67,34,30,47,
30.3367,50,36,24,46,
30.338,21,33,21,31,
30.3394,21,33,21,31,
30.3407,21,33,21,31,
30.342,3,26,15,20,
30.3435,-13,3,3,11,
30.3448,-10,8,9,5,
30.3462,9,11,13,10,
30.3476,18,17,15,12,
30.349,40,28,27,23,
30.3503,49,38,26,35,
30.3517,69,50,37,33,
30.3531,52,44,36,31,
30.3544,37,35,32,33,
30.3558,21,20,24,30,
30.3572,21,20,24,30,
30.3585,20,15,24,33,
30.3599,-11,6,15,22,
30.3612,-28,13,4,14,
30.3626,-11,12,5,5,
30.364,-11,12,5,5,
30.3653,19,33,15,16,
30.3666,35,34,29,25,
30.3679,34,35,35,24,
30.3693,39,47,38,34,
30.3706,44,38,25,37,
30.372,47,31,25,37,
30.3733,41,26,25,26,
30.3747,17,15,13,22,
30.3761,10,23,13,26,
30.3774,-5,22,12,15,
30.3787,-7,-1,18,1,
30.3801,-4,-2,16,9,
30.3814,10,21,9,19,
30.3828,10,21,9,19,
30.3841,35,25,20,31,
30.3855,35,19,23,38,
30.3869,57,28,21,29,
30.3882,49,25,26,28,
30.3896,34,25,30,32,
30.391,22,23,26,29,
30.3923,16,19,13,23,
30.3937,7,17,11,18,
30.3951,-7,7,13,8,
30.3964,-9,-5,12,3,
30.3978,-7,-15,10,1,
30.3991,2,-4,11,6,
30.4005,20,14,8,15,
30.4018,32,23,21,25,
30.4033,36,26,23,32,
30.4046,53,45,26,35,
30.406,44,42,20,38,
30.4073,38,28,11,25,
30.4086,38,28,11,25,
30.4099,26,21,11,16,
30.4113,11,20,8,11,
30.4126,11,20,8,11,
30.414,-1,8,5,-10,
30.4154,4,11,-5,2,
30.4167,26,16,-1,8,
30.4181,26,16,-1,8,
30.4194,54,33,31,21,
30.4208,69,25,32,24,
30.4222,67,20,38,21,
30.4235,27,27,24,40,
30.4249,27,27,24,40,
30.4262,30,33,25,27,
30.4276,22,19,23,24,
30.4289,7,13,20,24,
30.4303,-3,3,14,24,
30.4316,-13,-1,6,11,
30.433,18,23,2,2,
30.4343,18,23,2,2,
30.4357,38,33,15,11,
30.437,61,34,7,33,
30.4384,72,42,10,36,
30.4398,58,38,12,37,
30.4412,45,31,10,27,
30.4425,38,22,15,22,
30.4439,24,21,7,17,
30.4452,24,21,7,17,
30.4466,12,20,11,14,
30.448,-5,15,-2,3,
30.4493,-7,16,-3,-5,
30.4506,-3,22,-1,-9,
30.452,24,15,11,5,
30.4534,49,24,12,25,
30.4549,61,46,17,40,
30.4562,57,47,23,35,
30.4576,57,47,23,35,
30.459,46,40,29,20,
30.4604,35,26,24,23,
30.4617,31,12,12,31,
30.4632,21,13,7,12,
30.4646,0,4,1,12,
30.466,-1,20,13,-5,
30.4674,9,22,2,5,
30.4688,9,22,2,5,
30.4701,9,22,2,5,
30.4715,54,21,14,17,
30.4728,62,28,15,24,
30.4741,68,45,25,33,
30.4755,67,25,22,19,
30.4769,41,32,16,19,
30.4782,41,32,16,19,
30.4796,19,18,10,23,
30.4809,13,19,6,23,
30.4822,4,7,4,19,
30.4836,13,3,0,9,
30.485,13,3,0,9,
30.4863,24,8,4,4,
30.4876,28,16,19,11,
30.4889,59,33,14,26,
30.4903,75,36,21,34,
30.4917,72,37,21,43,
30.493,60,38,27,40,
30.4943,41,25,19,31,
30.4957,27,16,11,26,
30.497,27,13,20,22,
30.4984,7,-5,10,18,
30.4997,0,1,16,11,
30.5011,0,1,16,11,
30.5025,1,13,13,12,
30.5038,26,27,5,11,
30.5051,40,39,23,16,
30.5065,40,39,26,27,
30.5079,69,45,22,32,
30.5093,69,45,22,32,
30.5106,71,35,21,27,
30.5119,39,20,23,26,
30.5133,29,13,10,30,
30.5146,29,19,8,24,
30.5159,16,16,15,11,
30.5172,5,1,13,4,
30.5186,11,8,1,5,
30.5199,19,10,4,12,
30.5213,31,25,13,25,
30.5226,54,39,26,20,
30.524,53,37,30,25,
30.5254,65,46,36,27,
30.5267,75,40,35,23,
30.5281,52,28,28,28,
30.5294,39,23,22,29,
30.5308,19,11,14,18,
30.5321,8,5,6,21,
30.5334,8,5,6,21,
30.5347,8,0,7,16,
30.5361,8,0,7,16,
30.5374,2,2,8,20,
30.5388,11,12,10,26,
30.5401,60,42,22,22,
30.5415,67,51,24,27,
30.5428,67,51,24,27,
30.5442,60,28,21,36,
30.5455,57,33,24,37,
30.5468,33,29,13,38,
30.5481,25,11,14,27,
30.5495,25,11,14,27,
30.5508,25,11,14,27,
30.5522,2,10,8,17,
30.5536,11,6,8,14,
30.555,22,10,9,13,
30.5564,35,24,13,19,
30.5577,53,36,25,23,
30.559,55,35,24,27,
30.5604,64,37,36,25,
30.5617,54,37,44,35,
30.563,40,38,22,34,
30.5644,27,28,27,25,
30.5657,19,17,16,29,
30.5671,19,17,16,29,
30.5684,23,8,11,27,
30.5698,-4,7,15,23,
30.5711,0,13,8,15,
30.5725,9,32,13,26,
30.5738,31,32,15,29,
30.5752,40,26,21,31,
30.5765,54,29,30,24,
30.5779,71,40,38,27,
30.5793,69,44,25,30,
30.5806,50,33,17,36,
30.5819,29,16,15,34,
30.5832,21,17,16,28,
30.5846,21,17,16,28,
30.5859,14,18,5,5,
30.5872,-1,1,10,3,
30.5886,-1,-5,6,4,
30.5899,41,17,29,13,
30.5912,41,17,29,13,
30.5927,52,26,29,25,
30.594,54,27,29,34,
30.5954,66,37,28,36,
30.5968,51,34,32,25,
30.5981,51,34,32,25,
30.5995,40,32,26,21,
30.6008,23,26,29,18,
30.6021,25,19,32,19,
30.6035,-6,13,15,17,
30.6048,-14,5,13,8,
30.6062,2,15,13,13,
30.6075,21,22,16,16,
30.6089,51,34,32,25,
30.6102,69,30,29,33,
30.6116,68,38,31,37,
30.6129,66,37,32,37,
30.6143,66,42,27,35,
30.6157,48,38,18,27,
30.6171,36,32,10,15,
30.6184,15,24,6,8,
30.6197,13,20,16,10,
30.6211,8,13,15,4,
30.6224,-1,12,12,-1,
30.6237,7,22,20,2,
30.6251,7,22,20,2,
30.6264,53,36,26,30,
30.6278,53,36,26,30,
30.6292,59,35,32,33,
30.6305,67,38,21,35,
30.6319,47,35,29,37,
30.6333,47,35,29,37,
30.6346,19,15,21,28,
30.636,21,19,18,27,
30.6373,24,19,12,24,
30.6387,14,17,11,22,
30.6401,4,13,9,20,
30.6415,2,10,7,9,
30.6429,14,27,12,7,
30.6443,48,27,19,20,
30.6457,63,29,15,26,
30.6471,70,38,38,27,
30.6485,58,45,31,27,
30.6498,48,49,22,32,
30.6512,48,49,22,32,
30.6525,10,31,20,28,
30.6539,25,26,9,26,
30.6552,15,14,10,19,
30.6566,15,20,7,12,
30.658,10,15,16,7,
30.6594,20,23,19,15,
30.6608,46,26,22,26,
30.6622,61,29,30,35,
30.6636,63,31,30,40,
30.665,70,50,27,31,
30.6663,57,34,26,25,
30.6676,57,34,26,25,
30.669,23,21,25,30,
30.6703,20,26,24,33,
30.6716,8,25,26,25,
30.673,8,25,26,25,
30.6743,10,22,22,8,
30.6757,10,22,22,8,
30.6771,17,17,19,9,
30.6784,36,34,19,14,
30.6798,52,33,30,28,
30.6811,69,44,32,40,
30.6825,46,40,20,33,
30.6839,46,40,20,33,
30.6852,32,38,22,29,
30.6866,14,35,25,21,
30.688,19,26,14,13,
30.6893,17,21,6,13,
30.6907,0,19,9,15,
30.6921,4,28,9,20,
30.6934,4,28,9,20,
30.6948,31,22,7,26,
30.6962,58,29,35,33,
30.6975,55,37,40,34,
30.6989,70,36,38,40,
30.7002,60,26,30,26,
30.7016,57,33,25,30,
30.703,57,33,25,30,
30.7044,32,35,22,21,
30.7057,27,23,26,13,
30.7071,24,22,21,7,
30.7084,0,10,17,8,
30.7098,0,10,17,8,
30.7111,12,15,19,12,
30.7124,28,23,17,18,
30.7137,53,43,27,33,
30.715,64,43,38,27,
30.7164,64,43,38,27,
30.7177,59,37,32,35,
30.7192,60,25,23,40,
30.7205,50,25,20,31,
30.7219,32,25,16,25,
30.7232,9,17,15,16,
30.7245,-2,9,11,16,
30.7259,-2,8,16,10,
30.7273,6,0,20,6,
30.7286,26,12,17,12,
30.73,26,12,17,12,
30.7313,51,25,31,30,
30.7327,55,35,27,34,
30.734,58,35,31,42,
30.7354,53,30,38,36,
30.7368,38,33,42,34,
30.7381,36,25,43,31,
30.7395,23,17,33,24,
30.7408,-1,8,22,17,
30.7421,-8,6,17,9,
30.7435,-10,19,10,11,
30.7448,-10,19,10,11,
30.7462,16,18,17,12,
30.7475,38,29,27,14,
30.7489,62,45,33,16,
30.7503,71,45,21,29,
30.7516,65,35,19,32,
30.753,55,44,33,22,
30.7543,35,37,27,28,
30.7557,26,33,26,18,
30.757,22,23,17,4,
30.7584,14,25,13,3,
30.7597,3,20,19,4,
30.7611,-9,16,25,-3,
30.7624,4,18,25,-4,
30.7638,28,18,17,7,
30.7652,51,27,20,13,
30.7665,54,36,27,21,
30.7679,73,50,17,31,
30.7692,56,35,21,32,
30.7706,55,37,21,22,
30.7719,55,37,21,22,
30.7733,34,25,26,22,
30.7746,27,17,20,16,
30.7759,23,26,21,5,
30.7773,3,8,8,4,
30.7786,6,3,5,6,
30.78,6,3,5,6,
30.7814,29,32,11,11,
30.7827,50,41,24,23,
30.7841,67,38,29,24,
30.7854,60,33,25,31,
30.7867,60,33,25,31,
30.7881,53,26,27,32,
30.7895,53,26,27,32,
30.7908,14,10,18,16,
30.7922,11,10,19,14,
30.7936,9,7,8,7,
30.795,10,15,6,-5,
30.7964,4,19,7,-6,
30.7977,7,17,15,-9,
30.799,53,35,29,13,
30.8004,54,32,38,26,
30.8017,54,32,38,26,
30.8031,58,35,37,28,
30.8044,60,39,26,23,
30.8058,44,36,17,26,
30.8072,36,26,20,27,
30.8085,25,17,14,15,
30.8099,25,22,16,14,
30.8113,25,22,16,14,
30.8127,-1,17,15,-5,
30.814,-2,16,17,-10,
30.8154,8,26,21,-5,
30.8167,40,41,32,3,
30.818,51,35,42,12,
30.8194,51,33,44,14,
30.8208,60,38,43,30,
30.8222,60,38,38,18,
30.8235,46,27,32,12,
30.8249,46,27,32,12,
30.8262,28,15,19,15,
30.8276,16,25,24,11,
30.8289,8,24,13,11,
30.8303,10,-5,6,-8,
30.8316,11,-1,7,-10,
30.833,11,-1,7,-10,
30.8344,44,31,19,6,
30.8357,67,23,22,1,
30.8371,70,35,29,6,
30.8385,71,31,23,15,
30.8398,55,30,30,12,
30.8412,55,30,30,12,
30.8426,45,25,27,8,
30.8441,30,30,21,-4,
30.8456,28,25,25,-9,
30.8471,-5,8,14,-6,
30.8484,15,20,18,-12,
30.8498,24,28,13,-11,
30.8512,32,36,21,-3,
30.8525,42,40,22,6,
30.8539,42,40,22,6,
30.8553,64,47,23,21,
30.8566,67,46,26,26,
30.858,68,42,24,13,
30.8594,56,38,13,9,
30.8607,35,20,15,5,
30.862,19,14,25,-6,
30.8634,-1,18,12,-3,
30.8648,-6,9,5,-3,
30.8661,6,21,10,-11,
30.8675,6,21,10,-11,
30.8689,52,41,16,11,
30.8703,52,41,16,11,
30.8716,58,40,13,20,
30.873,68,39,25,16,
30.8743,57,39,29,11,
30.8757,43,33,26,10,
30.8771,23,19,18,17,
30.8784,16,10,22,17,
30.8798,6,14,24,18,
30.8812,0,14,10,-14,
30.8825,-8,13,14,-13,
30.8839,-8,13,14,-13,
30.8853,15,21,19,-3,
30.8866,37,30,21,9,
30.888,47,26,14,8,
30.8893,51,38,28,9,
30.8907,67,38,27,13,
30.8921,45,44,26,9,
30.8934,20,39,15,1,
30.8948,22,26,23,-4,
30.8961,22,26,23,-4,
30.8975,27,28,18,-6,
30.8988,14,13,15,-4,
30.9002,3,6,10,-14,
30.9015,17,16,18,-11,
30.9029,33,22,23,-2,
30.9043,46,32,24,3,
30.9056,49,41,17,2,
30.907,71,47,20,5,
30.9084,65,39,25,4,
30.9097,35,25,13,-5,
30.9111,35,25,13,-5,
30.9125,15,13,23,3,
30.9138,10,19,21,-1,
30.9152,9,21,23,-13,
30.9166,4,9,4,-10,
30.9179,-2,9,7,-12,
30.9193,26,12,9,-5,
30.9206,44,32,14,7,
30.922,55,46,25,3,
30.9233,53,48,27,3,
30.9246,57,48,31,12,
30.926,54,46,31,6,
30.9273,50,36,26,4,
30.9287,38,33,18,-1,
30.93,24,31,7,-6,
30.9314,17,32,6,-8,
30.9328,6,24,6,-17,
30.9341,-3,21,1,-21,
30.9355,28,22,16,-25,
30.9369,39,35,15,-15,
30.9382,55,37,20,-6,
30.9396,55,37,20,-6,
30.941,65,46,20,4,
30.9423,74,55,27,2,
30.9437,54,55,18,-11,
30.9451,37,44,18,-3,
30.9464,17,36,18,-2,
30.9477,19,28,20,-19,
30.9491,20,26,10,-19,
30.9504,6,18,5,-18,
30.9518,5,27,8,-20,
30.9532,28,29,24,-22,
30.9546,28,29,24,-22,
30.956,53,34,21,-19,
30.9573,69,43,29,-18,
30.9587,73,42,37,-2,
30.9601,76,39,41,0,
30.9614,48,40,26,0,
30.9628,48,40,26,0,
30.9642,40,34,22,-3,
30.9655,15,43,7,-13,
30.9669,13,25,2,-14,
30.9682,4,26,4,-17,
30.9696,15,38,-2,-24,
30.971,15,38,-2,-24,
30.9723,15,38,-2,-24,
30.9736,35,49,12,-18,
30.975,61,45,23,-15,
30.9763,77,60,24,-4,
30.9776,63,58,18,3,
30.979,56,52,23,0,
30.9803,39,37,21,-7,
30.9817,22,32,9,-8,
30.9831,7,24,7,-12,
30.9844,0,8,-1,-31,
30.9858,0,13,1,-40,
30.9872,0,13,1,-40,
30.9885,15,33,5,-35,
30.9898,28,39,3,-30,
30.9912,43,46,15,-28,
30.9925,38,50,18,-19,
30.9938,51,54,21,-10,
30.9952,51,45,18,-7,
30.9965,51,45,18,-7,
30.9978,32,41,21,-18,
30.9992,22,31,18,-22,
31.0006,21,27,18,-30,
31.0019,11,23,18,-40,
31.0033,1,22,12,-38,
31.0047,1,22,12,-38,
31.006,12,37,18,-33,
31.0073,35,57,18,-25,
31.0087,55,61,24,-27,
31.01,60,59,34,-27,
31.0114,54,58,18,-22,
31.0128,54,58,18,-22,
31.0141,36,61,17,-33,
31.0155,-1,39,11,-35,
31.0168,2,36,12,-42,
31.0182,2,36,12,-42,
31.0196,-20,18,0,-59,
31.0209,-11,25,-4,-60,
31.0222,-11,25,-4,-60,
31.0236,-11,42,-1,-49,
31.0249,42,55,21,-40,
31.0262,45,53,29,-36,
31.0276,51,54,33,-26,
31.029,41,54,22,-23,
31.0303,35,56,12,-17,
31.0317,39,58,12,-24,
31.0331,21,41,17,-30,
31.0345,7,36,8,-32,
31.0359,3,31,20,-32,
31.0373,-8,23,13,-35,
31.0386,-10,26,7,-29,
31.04,-4,29,7,-32,
31.0414,22,48,8,-33,
31.0427,50,57,17,-19,
31.0441,61,55,23,-12,
31.0455,61,55,23,-12,
31.0469,52,58,27,-9,
31.0484,51,41,35,-14,
31.0498,40,37,25,-11,
31.0512,15,32,24,-15,
31.0526,3,40,15,-16,
31.054,5,25,15,-16,
31.0554,0,24,8,-27,
31.0568,-4,27,11,-26,
31.0582,27,41,17,-21,
31.0598,34,44,29,-13,
31.0612,34,44,29,-13,
31.0626,38,35,27,-5,
31.064,50,49,22,-6,
31.0653,54,52,30,-3,
31.0666,51,44,18,5,
31.068,33,37,10,-3,
31.0693,16,38,21,-7,
31.0706,15,31,17,-5,
31.072,-6,26,10,-10,
31.0734,-5,24,13,-17,
31.0747,6,29,18,-12,
31.0761,37,44,17,3,
31.0775,42,57,19,8,
31.0788,51,50,21,0,
31.0802,51,50,21,0,
31.0816,69,42,31,-1,
31.083,59,37,33,8,
31.0843,18,45,33,8,
31.0856,7,37,29,7,
31.087,12,30,25,7,
31.0883,0,31,17,5,
31.0897,-8,35,13,-6,
31.091,-11,35,20,-4,
31.0924,30,34,23,-6,
31.0937,30,34,23,-6,
31.0951,46,36,27,-1,
31.0965,55,37,30,10,
31.0978,71,55,39,25,
31.0992,54,53,32,22,
31.1005,37,52,24,14,
31.1019,19,49,18,6,
31.1033,3,43,22,3,
31.1046,3,43,22,3,
31.106,12,22,25,-14,
31.1073,2,18,25,-4,
31.1087,6,18,19,1,
31.11,30,31,11,0,
31.1114,50,45,29,9,
31.1128,51,45,36,17,
31.1141,51,45,36,17,
31.1155,69,46,24,25,
31.1169,62,37,18,22,
31.1182,43,31,19,17,
31.1196,12,41,12,7,
31.121,12,41,12,7,
31.1223,15,38,11,10,
31.1237,-12,17,-1,10,
31.1251,-13,21,7,9,
31.1264,-13,21,7,9,
31.1278,-1,23,17,5,
31.1292,45,40,26,18,
31.1305,45,40,26,18,
31.1319,46,48,30,21,
31.1332,49,43,28,23,
31.1345,43,38,29,26,
31.1359,40,39,24,29,
31.1373,37,44,23,27,
31.1386,27,42,23,21,
31.14,9,31,29,8,
31.1413,-3,14,21,7,
31.1427,-2,11,17,8,
31.1441,-2,25,19,0,
31.1454,15,29,29,9,
31.1468,36,40,34,14,
31.1481,42,47,37,10,
31.1495,54,63,33,18,
31.1508,33,50,26,21,
31.1522,28,41,23,14,
31.1535,28,41,23,14,
31.1549,24,34,30,21,
31.1562,-3,32,27,12,
31.1576,-20,20,29,16,
31.159,-20,18,20,9,
31.1603,-7,12,14,3,
31.1617,-7,12,14,3,
31.163,4,26,25,10,
31.1644,27,49,39,20,
31.1657,35,45,30,18,
31.167,57,50,36,23,
31.1684,39,57,45,23,
31.1697,26,50,44,32,
31.1711,8,48,26,34,
31.1724,4,42,22,17,
31.1738,-6,29,24,8,
31.1751,-15,15,14,-3,
31.1765,-15,15,14,-3,
31.1778,-28,4,11,7,
31.1792,-19,7,22,16,
31.1805,3,14,28,26,
31.1819,26,49,33,25,
31.1832,31,58,45,27,
31.1846,31,58,45,27,
31.1859,24,54,40,37,
31.1873,17,52,42,41,
31.1887,10,32,41,26,
31.19,-7,27,35,28,
31.1914,-3,29,37,31,
31.1928,-18,27,23,25,
31.1942,-22,28,18,26,
31.1955,-15,35,20,29,
31.1969,-1,39,23,23,
31.1983,15,51,26,26,
31.1996,22,54,36,37,
31.201,38,43,47,42,
31.2023,49,42,45,50,
31.2036,44,48,38,51,
31.2049,27,33,44,27,
31.2063,5,32,39,28,
31.2076,5,32,39,28,
31.209,-21,42,20,27,
31.2103,-36,34,10,18,
31.2117,-35,32,9,13,
31.213,-16,32,18,20,
31.2144,5,32,28,22,
31.2157,5,32,28,22,
31.217,39,39,38,27,
31.2184,38,52,29,37,
31.2197,40,60,38,44,
31.2211,36,58,35,41,
31.2224,12,46,27,37,
31.2238,-2,36,32,36,
31.2252,-1,25,31,28,
31.2266,6,17,22,17,
31.228,-19,8,13,6,
31.2293,-14,9,11,12,
31.2307,-14,9,11,12,
31.232,5,18,20,13,
31.2334,9,40,30,14,
31.2348,14,54,29,26,
31.2361,45,57,36,33,
31.2374,43,53,33,30,
31.2388,43,53,33,30,
31.2401,34,40,40,38,
31.2414,-2,29,24,31,
31.2428,-2,29,28,24,
31.2443,-19,25,28,20,
31.2456,-21,22,25,8,
31.247,-21,22,25,8,
31.2484,-21,22,25,8,
31.2497,1,20,18,11,
31.2511,12,41,33,26,
31.2525,27,51,32,35,
31.2539,39,47,33,37,
31.2552,39,47,33,37,
31.2566,23,31,25,30,
31.258,-6,32,28,28,
31.2594,-14,33,32,24,
31.2607,-14,33,32,24,
31.2621,-3,37,30,18,
31.2635,-21,6,24,21,
31.2649,-15,7,21,13,
31.2663,-5,27,31,8,
31.2676,14,32,27,22,
31.269,20,38,22,19,
31.2703,33,38,28,23,
31.2717,32,45,40,32,
31.2731,32,45,40,32,
31.2744,12,31,41,22,
31.2758,3,27,24,24,
31.2771,-10,23,13,17,
31.2785,-10,29,12,10,
31.2799,-38,24,19,6,
31.2812,-38,24,19,6,
31.2826,-28,30,19,10,
31.2839,1,41,23,8,
31.2853,22,51,33,17,
31.2867,21,55,34,27,
31.2881,34,50,33,24,
31.2894,29,43,34,19,
31.2908,21,46,29,25,
31.2921,-4,47,21,29,
31.2935,-4,39,18,21,
31.2948,-21,34,25,12,
31.2962,-36,29,20,12,
31.2975,-40,19,15,6,
31.2988,-37,29,21,5,
31.3002,-24,28,23,6,
31.3015,-1,41,21,5,
31.3028,25,55,30,14,
31.3042,20,48,33,21,
31.3055,20,48,33,21,
31.3068,24,59,30,25,
31.3081,15,47,29,22,
31.3095,-4,44,29,8,
31.3108,-4,44,29,8,
31.3122,-28,30,18,3,
31.3135,-28,30,18,3,
31.3148,-45,26,25,5,
31.3162,-24,26,15,9,
31.3175,-18,38,20,6,
31.3188,3,51,24,11,
31.3202,3,51,24,11,
31.3215,11,67,31,5,
31.3229,23,70,37,7,
31.3242,23,60,29,10,
31.3255,1,56,32,0,
31.3269,-5,51,23,7,
31.3282,-5,51,23,7,
31.3296,-5,51,23,7,
31.331,-40,52,23,3,
31.3323,-40,38,19,0,
31.3337,-36,44,20,-6,
31.335,-13,69,15,-2,
31.3364,-13,69,15,-2,
31.3377,-2,77,23,7,
31.3391,33,82,36,16,
31.3404,23,82,43,20,
31.3418,3,71,41,18,
31.3431,3,71,41,18,
31.3445,-15,78,23,13,
31.3458,-15,78,23,13,
31.3472,-21,78,25,-2,
31.3485,-41,61,24,-2,
31.3499,-53,65,22,-1,
31.3513,-38,65,23,-4,
31.3526,-16,70,32,0,
31.3539,-4,85,29,1,
31.3553,7,97,30,1,
31.3567,2,108,33,1,
31.358,6,131,30,6,
31.3594,-12,126,38,6,
31.3608,-12,126,38,6,
31.3621,-24,115,38,-8,
31.3635,-23,103,31,-1,
31.3649,-22,101,24,4,
31.3662,-46,95,27,-6,
31.3676,-43,97,28,-2,
31.3689,-43,97,28,-2,
31.3703,-24,105,30,-10,
31.3716,1,111,31,3,
31.373,-1,112,31,16,
31.3743,16,137,32,18,
31.3757,23,142,33,19,
31.3771,7,134,46,16,
31.3784,7,134,46,16,
31.3797,-33,116,23,-3,
31.3811,-34,111,25,-9,
31.3824,-45,96,31,-8,
31.3838,-61,94,14,-10,
31.3851,-52,91,20,-14,
31.3865,-52,91,20,-14,
31.3878,-28,92,24,-11,
31.3892,6,106,31,-2,
31.3905,6,106,31,-2,
31.3919,11,114,44,-5,
31.3932,10,103,40,5,
31.3946,10,103,40,5,
31.3959,-6,94,35,10,
31.3972,-26,85,26,0,
31.3986,-29,79,27,2,
31.3999,-33,84,11,0,
31.4013,-52,71,10,-8,
31.4027,-63,73,21,-5,
31.404,-63,73,21,-5,
31.4054,-39,78,17,-5,
31.4067,-3,107,31,-10,
31.4081,-9,104,33,1,
31.4094,5,104,35,6,
31.4108,0,119,30,2,
31.4121,4,130,27,4,
31.4135,-6,122,19,5,
31.4149,-21,109,18,-3,
31.4162,-38,90,28,-10,
31.4176,-49,74,29,-13,
31.419,-53,70,21,-11,
31.4204,-53,70,21,-11,
31.4217,-54,75,23,-12,
31.423,-38,87,16,-13,
31.4244,-7,109,23,-12,
31.4257,-15,108,24,-7,
31.4271,2,132,29,-2,
31.4284,2,132,29,-2,
31.4297,-13,133,33,-6,
31.4311,-24,134,24,-12,
31.4324,-56,115,17,-6,
31.4338,-49,92,24,-9,
31.4353,-83,85,30,-27,
31.4367,-83,85,30,-27,
31.438,-70,83,22,-23,
31.4394,-64,93,18,-27,
31.4407,-39,101,32,-22,
31.4421,-16,115,31,-12,
31.4435,-10,113,33,0,
31.4449,-12,129,40,-5,
31.4462,-9,127,39,-9,
31.4476,-16,109,31,-7,
31.4489,-37,103,27,-6,
31.4503,-38,101,14,-6,
31.4517,-45,83,18,-12,
31.4531,-52,75,13,-11,
31.4545,-52,75,13,-11,
31.4559,-58,76,20,-21,
31.4575,-44,90,24,-13,
31.4589,-16,120,33,-5,
31.4603,-16,120,33,-5,
31.4617,-3,137,29,-6,
31.4632,-11,137,39,-14,
31.4646,-11,137,39,-14,
31.4659,-23,135,36,-2,
31.4673,-53,114,31,-2,
31.4687,-63,96,24,-3,
31.4701,-63,80,24,-11,
31.4714,-67,83,17,-14,
31.4728,-69,94,22,-21,
31.4741,-59,96,31,-23,
31.4755,-21,127,39,0,
31.4769,-13,127,40,0,
31.4782,-13,127,40,0,
31.4795,7,137,32,0,
31.4809,-4,141,28,-4,
31.4822,-17,117,37,1,
31.4836,-42,102,32,-7,
31.4849,-41,86,25,-7,
31.4862,-45,88,26,-9,
31.4876,-70,85,19,-11,
31.4889,-60,69,18,-5,
31.4903,-50,69,24,-14,
31.4916,-41,70,22,-22,
31.493,-21,86,31,-6,
31.4944,-7,106,31,-5,
31.4957,7,126,32,-5,
31.497,15,126,36,0,
31.4983,-2,111,34,6,
31.4997,-10,98,36,0,
31.5011,-15,86,24,-1,
31.5024,-39,69,26,-13,
31.5039,-52,63,19,-16,
31.5052,-52,63,19,-16,
31.5065,-62,63,12,-13,
31.5079,-29,67,16,-6,
31.5093,-29,67,16,-6,
31.5107,-1,69,22,-1,
31.512,7,81,32,2,
31.5133,4,86,32,9,
31.5147,9,93,37,7,
31.516,0,96,36,4,
31.5174,-11,83,27,2,
31.5187,-35,64,28,6,
31.5201,-46,66,19,0,
31.5214,-46,66,19,0,
31.5228,-49,52,11,-8,
31.5242,-50,59,15,-13,
31.5256,-38,55,14,-6,
31.5269,-33,61,18,-12,
31.5283,-14,75,17,4,
31.5296,-7,83,33,9,
31.531,-1,85,45,2,
31.5323,-9,85,37,0,
31.5337,-14,71,28,-3,
31.535,-34,64,28,2,
31.5364,-43,65,16,-6,
31.5377,-43,65,16,-6,
31.5391,-63,49,19,-12,
31.5404,-55,48,9,-19,
31.5417,-42,55,17,-18,
31.5431,-34,61,16,-20,
31.5445,-22,71,18,-15,
31.5458,-22,71,18,-15,
31.5471,-13,78,22,-3,
31.5485,9,92,26,8,
31.5498,-3,89,35,7,
31.5512,-2,79,35,4,
31.5526,-24,71,22,2,
31.5539,-42,59,24,1,
31.5553,-55,68,16,-10,
31.5566,-71,65,11,-21,
31.558,-69,59,7,-20,
31.5593,-69,59,7,-20,
31.5607,-32,64,22,-5,
31.5621,0,77,20,-7,
31.5635,0,77,20,-7,
31.5648,-5,85,30,-3,
31.5662,-6,88,30,12,
31.5675,-5,85,33,16,
31.5689,-5,85,33,16,
31.5702,-27,70,20,-1,
31.5716,-43,69,18,2,
31.5729,-41,70,22,1,
31.5743,-60,53,3,-10,
31.5757,-60,53,3,-10,
31.577,-52,53,14,-8,
31.5783,-38,66,18,-6,
31.5797,-15,90,31,1,
31.5811,-1,90,35,-8,
31.5824,4,96,34,1,
31.5838,9,110,34,8,
31.5852,-2,99,25,5,
31.5866,-17,91,25,3,
31.5879,-31,70,19,-3,
31.5893,-30,78,11,-7,
31.5906,-44,77,5,-11,
31.592,-50,59,14,-11,
31.5934,-61,68,24,-23,
31.5947,-61,68,24,-23,
31.5961,-41,91,20,-18,
31.5975,-14,113,31,-4,
31.5988,-4,133,24,-10,
31.6002,-2,141,28,3,
31.6016,-2,141,28,3,
31.603,-18,131,24,7,
31.6043,-16,123,31,1,
31.6057,-36,118,35,-2,
31.607,-46,110,31,-7,
31.6084,-56,99,23,-19,
31.6097,-73,92,23,-14,
31.6111,-73,92,23,-14,
31.6124,-68,92,21,-7,
31.6138,-15,96,21,-4,
31.6152,0,105,33,-4,
31.6165,2,127,31,-2,
31.6179,-7,128,22,-8,
31.6192,-7,128,22,-8,
31.6206,-7,128,22,-8,
31.622,-23,119,21,-11,
31.6234,-43,72,31,-4,
31.6248,-51,74,22,-14,
31.6261,-54,63,14,-17,
31.6275,-53,58,21,-27,
31.6289,-56,56,24,-32,
31.6303,-42,61,26,-30,
31.6316,8,95,22,-9,
31.633,10,117,28,-2,
31.6343,13,134,36,-4,
31.6357,4,141,37,0,
31.637,4,141,37,0,
31.6384,-3,129,23,-4,
31.6398,-37,90,5,4,
31.6412,-51,78,4,-1,
31.6425,-52,80,1,-4,
31.6439,-52,80,1,-4,
31.6454,-47,64,6,-15,
31.6468,-52,69,3,-18,
31.6482,1,97,13,-1,
31.6496,4,98,11,-6,
31.651,4,98,11,-6,
31.6524,18,92,34,-4,
31.6538,18,92,34,-4,
31.6552,-1,95,31,-5,
31.6566,-17,73,13,-3,
31.658,-31,73,11,-1,
31.6596,-44,78,10,2,
31.6609,-50,65,10,-15,
31.6623,-47,57,-1,-22,
31.6637,-42,58,0,-9,
31.6651,-3,69,18,-13,
31.6664,5,84,14,-12,
31.6678,3,97,17,1,
31.6691,3,97,17,1,
31.6705,13,102,29,2,
31.6719,14,103,25,3,
31.6733,3,90,20,-6,
31.6746,-21,77,3,-2,
31.6761,-32,81,1,-8,
31.6774,-28,75,-5,-8,
31.6789,-50,63,1,-15,
31.6803,-43,71,0,-14,
31.6816,-25,67,3,-5,
31.683,-2,76,6,-1,
31.6843,-2,76,6,-1,
31.6856,3,90,7,-7,
31.687,8,102,24,-2,
31.6884,9,122,36,-4,
31.6898,-1,110,16,-4,
31.6911,-12,96,6,-6,
31.6925,-12,96,6,-6,
31.6938,-16,78,3,-9,
31.6951,-42,58,6,-15,
31.6965,-55,59,6,-18,
31.6978,-57,63,2,-25,
31.6992,-29,77,-4,-26,
31.7005,-5,90,8,-9,
31.7018,7,100,17,1,
31.7032,21,103,20,2,
31.7046,24,105,26,1,
31.7059,16,118,15,-3,
31.7073,0,121,9,-1,
31.7087,-12,95,18,1,
31.7101,-32,74,5,-8,
31.7115,-30,68,3,-11,
31.7128,-46,60,7,-24,
31.714,-44,71,4,-20,
31.7154,-36,70,-2,-21,
31.7167,-36,70,-2,-21,
31.718,6,85,13,-16,
31.7194,-2,90,22,-13,
31.7207,-2,90,22,-13,
31.7221,17,96,22,3,
31.7234,11,94,17,-5,
31.7248,11,94,17,-5,
31.7261,-5,90,15,-12,
31.7276,-23,71,13,-17,
31.7289,-34,58,10,-18,
31.7302,-45,52,11,-22,
31.7316,-42,49,-3,-10,
31.7329,-32,52,6,-13,
31.7342,-11,60,5,-14,
31.7355,8,72,10,-3,
31.7369,23,79,17,-2,
31.7382,23,80,18,3,
31.7396,31,88,24,9,
31.7409,22,88,26,7,
31.7423,24,81,16,3,
31.7437,10,66,4,0,
31.745,-29,57,12,10,
31.7464,-32,52,11,-5,
31.7478,-36,50,6,-3,
31.7491,-31,52,7,-5,
31.7505,-6,48,15,-2,
31.7519,9,56,8,4,
31.7532,33,67,21,9,
31.7546,34,67,28,17,
31.756,42,76,29,16,
31.7573,42,76,29,16,
31.7586,38,75,23,19,
31.76,22,65,19,17,
31.7614,-2,54,14,12,
31.7627,-15,53,10,1,
31.7641,-15,53,10,1,
31.7655,-29,38,6,-10,
31.7668,-18,37,7,12,
31.7682,-18,37,7,12,
31.7695,-6,48,10,13,
31.7709,34,65,20,12,
31.7723,34,65,20,12,
31.7736,29,59,21,11,
31.775,34,74,26,18,
31.7764,29,60,26,19,
31.7777,11,51,16,12,
31.7791,-4,39,16,3,
31.7804,-6,38,6,12,
31.7817,-16,38,0,11,
31.7831,-25,30,7,4,
31.7845,-28,31,11,-4,
31.7858,-6,43,15,-8,
31.7872,8,53,11,4,
31.7886,33,54,21,17,
31.7899,36,56,26,24,
31.7913,53,60,25,32,
31.7927,42,56,32,20,
31.7941,29,59,30,27,
31.7955,10,45,28,21,
31.7969,2,38,25,12,
31.7982,-1,30,20,3,
31.7996,-1,30,20,3,
31.801,-11,20,15,-3,
31.8023,-9,30,18,1,
31.8036,2,34,15,18,
31.805,24,53,24,18,
31.8063,27,56,26,18,
31.8077,39,50,29,21,
31.809,55,58,25,21,
31.8104,36,59,22,25,
31.8118,14,55,22,22,
31.8131,7,45,23,16,
31.8145,-7,34,14,14,
31.8158,3,39,19,19,
31.8172,-17,24,19,12,
31.8185,-32,12,15,5,
31.8199,-2,37,13,19,
31.8213,18,39,24,33,
31.8226,34,46,29,34,
31.824,37,48,31,33,
31.8253,37,48,31,33,
31.8267,45,55,38,27,
31.8281,34,55,40,32,
31.8294,20,33,24,37,
31.8308,6,35,21,26,
31.8322,5,23,17,29,
31.8335,-4,13,6,24,
31.8349,-18,-1,0,23,
31.8363,-19,2,0,17,
31.8376,11,34,10,14,
31.839,31,36,17,28,
31.8404,31,36,17,28,
31.8418,34,36,19,29,
31.8431,38,48,32,30,
31.8446,50,48,40,29,
31.8461,40,38,35,37,
31.8477,19,39,29,36,
31.8491,4,34,31,28,
31.8505,9,24,20,22,
31.8519,-7,3,18,23,
31.8533,-7,13,12,6,
31.8547,8,21,23,6,
31.8562,8,21,23,6,
31.8576,40,36,41,32,
31.859,49,44,37,33,
31.8604,73,55,37,32,
31.8617,55,51,31,31,
31.8631,48,38,34,24,
31.8644,34,38,34,20,
31.8657,16,28,29,21,
31.8671,5,10,28,28,
31.8685,-5,8,29,18,
31.8698,-11,4,16,21,
31.8712,-3,5,16,24,
31.8726,-2,8,18,21,
31.8739,37,32,26,30,
31.8753,40,38,21,39,
31.8767,48,44,22,39,
31.878,48,44,22,39,
31.8794,43,44,39,38,
31.8808,43,44,39,38,
31.8821,28,30,33,35,
31.8835,1,12,24,19,
31.8849,8,9,12,14,
31.8862,1,10,12,17,
31.8876,-11,6,22,15,
31.889,-11,6,22,15,
31.8904,3,9,21,24,
31.8917,27,24,23,34,
31.8931,35,26,29,30,
31.8944,44,25,33,39,
31.8958,42,42,23,27,
31.8972,32,40,26,26,
31.8985,32,40,26,26,
31.8999,27,32,21,32,
31.9012,12,20,19,23,
31.9026,-3,18,15,25,
31.904,-9,9,10,23,
31.9053,1,7,21,19,
31.9067,1,7,21,19,
31.908,12,18,22,22,
31.9094,29,40,37,24,
31.9107,35,36,34,27,
31.9121,54,36,40,30,
31.9135,35,37,33,38,
31.9148,35,37,33,38,
31.9161,29,35,25,31,
31.9174,14,27,23,24,
31.9187,9,8,11,25,
31.9201,9,8,11,25,
31.9215,-7,3,5,22,
31.9229,-18,3,4,19,
31.9243,-18,12,7,9,
31.9257,16,26,20,17,
31.927,46,47,22,29,
31.9284,64,53,28,31,
31.9297,68,49,28,25,
31.9311,62,42,31,26,
31.9324,44,31,31,34,
31.9337,30,37,23,28,
31.9351,12,35,24,19,
31.9364,-1,19,23,11,
31.9377,-8,11,16,10,
31.9391,-10,3,13,16,
31.9404,-3,4,13,16,
31.9417,17,12,16,16,
31.9431,23,29,31,12,
31.9444,49,35,40,28,
31.9458,55,45,41,23,
31.9472,43,38,43,21,
31.9485,43,38,43,21,
31.9498,42,41,43,24,
31.9511,31,40,34,27,
31.9525,8,32,22,29,
31.9539,9,24,16,32,
31.9552,-8,-9,10,25,
31.9566,-17,-7,7,23,
31.9579,-17,-7,7,23,
31.9593,9,11,25,28,
31.9607,40,18,27,21,
31.962,40,32,34,21,
31.9634,53,48,39,32,
31.9648,53,48,39,32,
31.9661,42,45,39,30,
31.9674,42,45,39,30,
31.9688,24,25,30,31,
31.9701,8,23,20,19,
31.9715,1,18,19,13,
31.9728,-20,7,13,7,
31.9742,-20,7,13,7,
31.9755,-10,2,12,11,
31.9769,2,16,15,9,
31.9782,41,22,26,35,
31.9795,48,25,26,35,
31.9808,48,25,26,35,
31.9822,56,45,36,37,
31.9835,58,45,34,37,
31.9849,54,38,38,27,
31.9862,47,23,37,31,
31.9876,7,0,31,28,
31.9889,0,-2,20,29,
31.9903,0,-2,20,29,
31.9916,-15,-11,6,18,
31.993,-2,-9,15,23,
31.9943,17,5,29,28,
31.9957,37,25,31,30,
31.997,37,25,31,30,
31.9984,42,33,36,28,
31.9998,42,33,36,28,
32.0011,59,28,33,48,
32.0024,46,24,26,46,
32.0038,29,18,23,32,
32.0052,3,10,29,30,
32.0066,-6,13,19,27,
32.0079,-6,13,19,27,
32.0093,-11,3,22,16,
32.0107,-11,3,22,16,
32.0121,0,8,21,11,
32.0134,43,35,30,29,
32.0148,45,42,41,28,
32.0161,45,42,41,28,
32.0175,57,30,43,47,
32.0189,48,27,44,37,
32.0203,31,13,44,28,
32.0216,13,1,35,30,
32.0231,6,-1,23,30,
32.0245,7,7,22,19,
32.0258,-8,-12,22,15,
32.0272,1,-14,19,15,
32.0285,1,-14,19,15,
32.0298,26,0,12,17,
32.0312,40,17,21,19,
32.0326,45,19,19,26,
32.0339,48,22,35,34,
32.0352,54,25,25,27,
32.0366,32,18,28,30,
32.0379,10,22,24,36,
32.0393,10,22,24,36,
32.0407,-7,14,20,19,
32.042,-18,13,21,8,
32.0435,-23,9,16,9,
32.0448,-11,14,14,14,
32.0462,-7,24,17,23,
32.0475,26,21,19,31,
32.0489,43,32,26,24,
32.0502,43,40,25,21,
32.0516,67,45,22,28,
32.053,36,26,38,35,
32.0545,36,26,38,35,
32.0559,13,27,42,27,
32.0574,-5,7,26,29,
32.0587,-6,1,12,26,
32.0602,-8,-9,7,18,
32.0616,-17,1,18,16,
32.0629,-9,8,15,18,
32.0643,6,21,17,19,
32.0657,30,37,22,22,
32.0671,37,39,33,24,
32.0684,47,56,45,25,
32.0698,58,46,30,31,
32.0712,37,43,31,29,
32.0726,37,43,31,29,
32.074,3,21,20,24,
32.0754,-4,20,9,27,
32.0767,-4,20,9,27,
32.0781,-5,-4,11,23,
32.0794,-4,6,5,21,
32.0807,-4,6,5,21,
32.0821,30,17,28,31,
32.0834,51,28,31,36,
32.0848,61,38,32,35,
32.0861,62,46,34,34,
32.0875,47,46,38,37,
32.0888,34,34,34,30,
32.0902,21,13,20,28,
32.0915,-5,12,26,21,
32.0929,-5,12,26,21,
32.0942,-10,8,22,17,
32.0956,-14,13,21,15,
32.097,-11,8,21,15,
32.0983,-6,0,18,20,
32.0997,21,16,17,30,
32.101,34,44,33,24,
32.1023,57,45,33,23,
32.1037,55,46,32,29,
32.105,47,40,34,20,
32.1063,28,31,31,22,
32.1077,15,29,23,32,
32.109,13,22,27,36,
32.1103,5,15,30,33,
32.1117,5,15,30,33,
32.1131,-5,3,26,16,
32.1144,-13,-1,13,19,
32.1158,12,11,19,12,
32.1172,40,29,33,16,
32.1185,52,35,47,31,
32.1199,59,44,44,34,
32.1213,59,52,33,35,
32.1226,30,27,35,31,
32.124,24,17,32,23,
32.1254,0,8,21,28,
32.1267,0,8,21,28,
32.1281,2,7,22,36,
32.1294,-14,2,14,25,
32.1308,-18,-6,0,21,
32.1321,3,12,17,19,
32.1335,19,19,23,18,
32.1348,50,30,29,23,
32.1361,50,30,29,23,
32.1374,74,43,28,43,
32.1388,60,37,27,45,
32.1402,51,31,38,44,
32.1415,21,19,18,20,
32.1428,16,17,15,23,
32.1442,16,17,15,23,
32.1455,14,22,14,27,
32.1468,-6,13,7,16,
32.1482,-9,4,5,14,
32.1495,-4,-7,8,24,
32.1508,23,-1,18,30,
32.1522,48,16,28,32,
32.1535,44,40,32,24,
32.1548,45,37,29,31,
32.1562,45,32,30,36,
32.1576,40,38,31,38,
32.1589,40,38,31,38,
32.1603,7,19,26,33,
32.1617,7,19,26,33,
32.163,13,18,29,32,
32.1644,-19,-2,16,16,
32.1658,-10,9,10,15,
32.1671,1,15,8,20,
32.1684,32,28,11,23,
32.1698,47,38,23,21,
32.1711,48,44,29,31,
32.1725,68,49,41,44,
32.1738,38,37,38,34,
32.1752,38,37,38,34,
32.1765,27,19,36,34,
32.1779,9,19,18,25,
32.1792,9,19,18,25,
32.1806,-1,22,8,25,
32.1819,-4,7,13,17,
32.1833,-2,3,13,14,
32.1846,5,-5,21,22,
32.186,17,7,17,22,
32.1874,49,33,27,29,
32.1888,65,30,26,33,
32.1901,67,40,32,42,
32.1915,60,32,33,40,
32.1928,60,32,33,40,
32.1942,44,27,23,38,
32.1956,7,17,22,23,
32.1969,0,20,10,27,
32.1983,-8,6,16,18,
32.1996,-7,10,19,20,
32.201,0,9,23,24,
32.2023,12,18,22,23,
32.2038,19,31,24,24,
32.2051,46,50,22,25,
32.2065,65,49,24,26,
32.2079,65,49,24,26,
32.2093,56,41,16,30,
32.2106,46,34,26,30,
32.212,19,32,26,34,
32.2134,0,17,25,30,
32.2147,1,11,19,31,
32.2161,-13,3,16,27,
32.2174,-4,2,14,18,
32.2188,-10,3,17,18,
32.2202,7,17,14,26,
32.2216,29,32,35,25,
32.223,29,32,35,25,
32.2243,51,53,42,31,
32.2257,67,41,34,32,
32.2271,55,40,36,30,
32.2284,37,46,27,31,
32.2298,28,35,20,34,
32.2312,-5,17,15,30,
32.2325,-6,7,13,19,
32.2338,-2,-7,17,14,
32.2352,-8,-5,11,19,
32.2366,5,12,17,18,
32.2379,25,20,20,21,
32.2393,54,46,22,30,
32.2407,54,46,22,30,
32.242,54,46,22,30,
32.2434,49,31,29,26,
32.2448,32,27,31,33,
32.2461,22,26,23,33,
32.2475,3,28,26,19,
32.2489,3,28,26,19,
32.2503,-7,10,17,11,
32.2516,-20,-7,20,12,
32.253,-5,1,13,9,
32.2544,17,21,11,16,
32.2557,52,29,26,32,
32.2571,57,39,34,39,
32.2584,57,39,34,39,
32.2598,53,41,31,33,
32.2611,34,49,40,29,
32.2624,28,32,36,22,
32.2638,11,16,28,26,
32.2652,-1,22,23,28,
32.2666,-9,18,19,31,
32.2679,-12,9,19,16,
32.2693,-16,6,9,20,
32.2707,-2,4,15,22,
32.2721,9,15,23,22,
32.2735,37,35,22,21,
32.2748,56,41,24,30,
32.2762,56,41,24,30,
32.2775,69,44,31,35,
32.2789,50,34,33,28,
32.2803,36,19,23,23,
32.2816,14,15,20,24,
32.283,7,12,23,23,
32.2843,2,2,22,20,
32.2856,2,2,22,20,
32.287,-19,10,19,5,
32.2884,-7,7,17,11,
32.2897,10,20,14,20,
32.2912,44,36,24,27,
32.2925,60,47,20,29,
32.2939,68,49,22,33,
32.2952,65,35,30,27,
32.2966,29,28,30,34,
32.2979,9,16,29,28,
32.2993,9,16,29,28,
32.3006,-10,2,23,32,
32.302,-10,2,23,32,
32.3033,-24,-1,17,22,
32.3047,-13,5,11,26,
32.306,9,12,13,27,
32.3074,38,32,26,28,
32.3088,38,32,26,28,
32.3101,56,29,31,28,
32.3115,71,38,30,34,
32.3129,53,33,25,25,
32.3142,14,31,35,29,
32.3156,14,22,24,28,
32.3169,14,22,24,28,
32.3183,-8,14,22,22,
32.3197,-21,4,24,14,
32.321,-27,-1,17,19,
32.3224,-7,-1,21,21,
32.3238,18,9,27,18,
32.3251,18,9,27,18,
32.3265,41,29,29,25,
32.3278,57,49,42,33,
32.3292,51,51,38,40,
32.3306,55,36,37,33,
32.3319,40,28,34,35,
32.3333,17,17,19,22,
32.3346,17,17,19,22,
32.3359,-15,8,20,26,
32.3372,-26,-2,19,26,
32.3385,-14,-2,23,20,
32.3399,0,7,20,13,
32.3413,23,17,25,11,
32.3426,44,29,23,21,
32.344,47,38,17,37,
32.3453,48,45,33,28,
32.3467,38,45,38,28,
32.3481,38,45,38,28,
32.3494,40,40,33,23,
32.3508,30,28,32,24,
32.3522,6,16,19,26,
32.3535,0,11,16,29,
32.3549,-21,-3,21,8,
32.3562,-17,-9,8,9,
32.3576,-4,9,18,11,
32.359,29,23,20,11,
32.3604,51,45,33,17,
32.3617,60,37,37,24,
32.3631,61,47,47,28,
32.3644,59,42,47,32,
32.3658,50,32,32,31,
32.3672,50,32,32,31,
32.3685,8,19,30,29,
32.3699,-1,7,33,19,
32.3712,0,-5,19,14,
32.3726,-17,-7,7,9,
32.3739,5,8,13,18,
32.3753,5,8,13,18,
32.3768,53,26,23,26,
32.3782,44,30,29,34,
32.3795,56,49,32,30,
32.3808,59,43,34,32,
32.3822,45,45,38,26,
32.3836,45,45,38,26,
32.3849,26,30,33,31,
32.3863,5,25,19,33,
32.3876,-10,20,21,25,
32.389,-25,9,17,19,
32.3904,-30,-5,14,23,
32.3918,-5,7,18,29,
32.3931,8,21,16,29,
32.3945,43,32,24,26,
32.3959,48,35,27,23,
32.3973,48,35,27,23,
32.3987,56,51,41,23,
32.4,62,37,46,21,
32.4014,49,31,37,26,
32.4028,4,15,22,23,
32.4041,9,17,18,28,
32.4055,-3,6,19,29,
32.4068,-16,0,9,21,
32.4082,-10,-9,13,22,
32.4096,0,-6,22,15,
32.411,7,6,24,10,
32.4123,39,15,29,25,
32.4137,40,29,24,32,
32.415,40,41,29,30,
32.4164,54,49,36,26,
32.4178,47,36,32,27,
32.4192,38,29,30,36,
32.4206,10,12,34,22,
32.422,8,19,29,17,
32.4234,-10,4,14,27,
32.4247,-9,1,8,26,
32.426,-9,1,8,26,
32.4274,-10,9,7,22,
32.4287,29,24,25,29,
32.43,39,25,25,36,
32.4314,42,33,22,32,
32.4327,63,39,24,26,
32.4341,58,42,22,35,
32.4354,48,35,27,32,
32.4367,20,29,34,24,
32.4381,-7,15,12,32,
32.4396,-7,15,12,32,
32.441,-10,8,14,23,
32.4423,-22,-2,18,17,
32.4437,0,0,23,21,
32.4451,12,1,19,11,
32.4465,38,35,34,36,
32.4478,40,28,31,35,
32.4491,45,36,26,33,
32.4505,40,45,30,36,
32.4518,34,42,39,32,
32.4532,27,38,26,30,
32.4545,15,25,15,37,
32.4559,-7,18,18,34,
32.4573,-2,18,13,29,
32.4587,-5,10,17,25,
32.46,-20,-2,16,18,
32.4614,-14,-2,7,19,
32.4627,3,16,14,29,
32.464,44,22,27,19,
32.4654,52,26,31,31,
32.4667,52,26,31,31,
32.4681,63,45,41,31,
32.4695,38,44,47,35,
32.4708,26,39,43,32,
32.4721,24,28,34,26,
32.4735,0,18,24,24,
32.4748,-8,15,12,24,
32.4762,-11,5,16,19,
32.4775,-7,2,15,10,
32.4788,-2,3,22,11,
32.4801,10,9,28,27,
32.4815,47,16,37,33,
32.4828,57,35,39,35,
32.4842,72,40,37,37,
32.4856,64,41,25,27,
32.4869,46,23,25,28,
32.4883,26,28,29,37,
32.4897,5,19,37,29,
32.4911,-2,8,20,19,
32.4924,-6,-14,16,20,
32.4938,-6,-14,16,20,
32.4951,-8,-19,15,22,
32.4965,-3,-12,19,23,
32.4978,20,3,25,16,
32.4992,35,15,36,16,
32.5006,56,23,35,31,
32.5019,58,37,37,38,
32.5033,58,37,37,38,
32.5046,30,38,36,29,
32.506,26,23,35,26,
32.5073,-1,12,27,18,
32.5087,-1,0,14,25,
32.51,-1,0,14,25,
32.5114,-18,-9,8,15,
32.5128,-18,-9,8,15,
32.5141,8,16,21,25,
32.5155,28,14,30,30,
32.5169,36,15,31,29,
32.5182,74,27,30,42,
32.5196,74,27,30,42,
32.5209,63,32,37,37,
32.5222,34,28,39,38,
32.5236,26,14,29,38,
32.525,15,10,29,22,
32.5263,8,9,23,21,
32.5277,8,9,23,21,
32.5291,-5,5,17,27,
32.5305,-10,2,25,26,
32.5318,17,12,14,18,
32.5331,28,33,27,20,
32.5345,45,34,26,32,
32.5358,58,35,24,27,
32.5372,55,37,37,28,
32.5385,51,30,42,31,
32.5399,30,21,37,25,
32.5412,11,17,24,21,
32.5426,3,21,16,19,
32.544,3,21,16,19,
32.5453,1,18,8,16,
32.5467,-9,3,11,10,
32.5481,-8,2,14,11,
32.5495,38,16,30,17,
32.5508,38,16,30,17,
32.5522,65,28,26,33,
32.5535,66,42,23,25,
32.5549,59,45,35,21,
32.5562,47,40,37,30,
32.5576,22,24,29,29,
32.559,20,18,31,27,
32.5603,7,11,35,23,
32.5617,4,17,30,24,
32.5631,-15,6,26,16,
32.5644,-12,-3,20,16,
32.5657,-9,-8,14,21,
32.5671,33,24,26,33,
32.5684,42,27,20,29,
32.5697,42,27,20,29,
32.5711,56,25,29,23,
32.5724,60,30,26,29,
32.5738,53,34,19,37,
32.5752,36,34,15,33,
32.5766,13,12,26,25,
32.5779,10,7,28,29,
32.5793,10,7,28,29,
32.5806,-17,-14,14,29,
32.582,-22,-9,7,28,
32.5834,-5,0,18,30,
32.5847,39,31,28,29,
32.5861,39,31,28,29,
32.5875,39,31,28,29,
32.5888,55,33,30,35,
32.5902,49,30,21,30,
32.5915,32,16,20,26,
32.5929,23,25,30,36,
32.5942,3,18,15,25,
32.5956,3,18,15,25,
32.597,-16,1,23,29,
32.5983,-11,-4,28,20,
32.5996,-4,4,24,22,
32.601,8,2,22,30,
32.6024,32,10,32,26,
32.6038,32,10,32,26,
32.6051,36,19,33,20,
32.6064,50,38,37,23,
32.6078,52,34,38,34,
32.6091,41,31,30,37,
32.6105,11,21,31,37,
32.6118,-7,20,30,30,
32.6132,-2,6,21,23,
32.6145,-4,-15,10,18,
32.6159,-1,-12,24,15,
32.6173,-1,-12,24,15,
32.6186,14,1,20,18,
32.62,31,9,27,24,
32.6213,47,17,24,31,
32.6227,60,23,22,36,
32.624,61,37,33,43,
32.6254,42,10,45,40,
32.6267,42,10,45,40,
32.628,18,3,36,35,
32.6294,2,-2,28,26,
32.6307,-10,-15,30,31,
32.632,-6,-22,16,31,
32.6334,-17,-27,20,24,
32.6348,-14,-28,30,24,
32.6361,-14,-28,30,24,
32.6375,23,-10,27,21,
32.6388,47,-5,37,27,
32.6402,65,4,44,33,
32.6415,54,11,41,45,
32.6428,45,6,40,36,
32.6441,27,-13,44,39,
32.6455,7,-24,43,45,
32.6469,-4,-26,34,36,
32.6483,-15,-62,22,21,
32.6497,-15,-62,22,21,
32.6512,-25,-64,15,26,
32.6525,-8,-62,20,21,
32.6539,13,-58,34,25,
32.6553,19,-49,38,22,
32.6566,46,-52,53,40,
32.6579,60,-48,46,39,
32.6594,31,-63,41,28,
32.6607,20,-84,46,36,
32.6621,8,-98,54,34,
32.6635,-10,-115,41,37,
32.6649,-18,-121,32,21,
32.6662,-16,-135,25,19,
32.6676,-35,-149,22,13,
32.6689,-31,-149,16,9,
32.6703,-11,-140,25,8,
32.6716,-7,-125,24,12,
32.673,29,-108,29,14,
32.6743,32,-86,19,7,
32.6757,25,-89,14,3,
32.6771,25,-93,8,-7,
32.6784,-3,-82,-12,-23,
32.6798,-3,-82,-12,-23,
32.6811,-38,-29,-73,-65,
32.6825,-219,-603,-322,-318,
32.6838,-373,-1188,-462,-497,
32.6851,-504,-1639,-572,-659,
32.6865,-588,-1923,-648,-774,
32.6879,-633,-2036,-685,-846,
32.6892,-626,-2023,-698,-872,
32.6906,-622,-1968,-683,-879,
32.692,-561,-1725,-614,-790,
32.6934,-561,-1725,-614,-790,
32.6947,-516,-1594,-573,-739,
32.696,-494,-1487,-523,-699,
32.6974,-467,-1393,-480,-648,
32.6988,-449,-1291,-453,-601,
32.7002,-411,-1111,-389,-523,
32.7015,-379,-1060,-352,-485,
32.7029,-379,-1060,-352,-485,
32.7043,-300,-945,-308,-421,
32.7056,-270,-897,-280,-405,
32.707,-248,-830,-261,-375,
32.7083,-234,-784,-244,-346,
32.7096,-213,-726,-223,-318,
32.711,-213,-726,-223,-318,
32.7124,-209,-687,-215,-294,
32.7137,-193,-651,-201,-280,
32.7151,-215,-629,-193,-274,
32.7164,-215,-607,-194,-268,
32.7178,-201,-584,-194,-253,
32.7192,-210,-570,-189,-248,
32.7205,-206,-544,-178,-237,
32.7218,-195,-524,-172,-227,
32.7232,-147,-486,-142,-198,
32.7245,-130,-459,-136,-189,
32.7259,-109,-430,-126,-177,
32.7272,-112,-394,-116,-159,
32.7286,-118,-389,-116,-160,
32.73,-118,-389,-116,-160,
32.7313,-114,-389,-120,-156,
32.7327,-130,-371,-121,-150,
32.734,-134,-361,-110,-154,
32.7354,-134,-361,-110,-154,
32.7368,-143,-351,-103,-148,
32.7381,-136,-325,-105,-140,
32.7395,-112,-311,-106,-129,
32.7409,-86,-264,-88,-121,
32.7422,-69,-265,-75,-121,
32.7435,-69,-265,-75,-121,
32.7449,-56,-262,-74,-120,
32.7463,-64,-242,-80,-111,
32.7476,-70,-232,-76,-102,
32.7491,-72,-222,-67,-93,
32.7504,-92,-217,-68,-93,
32.7518,-92,-217,-68,-93,
32.7532,-97,-198,-61,-98,
32.7546,-86,-186,-64,-92,
32.7559,-77,-192,-68,-90,
32.7572,-61,-174,-68,-90,
32.7585,-51,-147,-51,-86,
32.7599,-52,-142,-47,-80,
32.7613,-38,-144,-35,-69,
32.7626,-21,-127,-36,-58,
32.764,-31,-124,-42,-61,
32.7653,-48,-132,-40,-72,
32.7666,-56,-131,-31,-64,
32.768,-59,-118,-34,-70,
32.7693,-70,-120,-33,-66,
32.7707,-70,-120,-33,-66,
32.772,-82,-115,-38,-60,
32.7734,-71,-110,-41,-59,
32.7747,-54,-92,-33,-49,
32.776,-47,-83,-37,-34,
32.7774,-31,-71,-26,-28,
32.7788,-29,-77,-17,-27,
32.7887,-43,-78,-30,-40,
32.79,-34,-69,-22,-28,
32.7914,-30,-61,-19,-33,
32.7927,-15,-41,-19,-31,
32.7941,-14,-33,-9,-18,
32.7955,-18,-40,-1,-18,
32.7969,-5,-32,-5,-8,
32.7982,-1,-28,3,-7,
32.7996,-14,-32,8,-10,
32.8009,-17,-30,3,-15,
32.8023,-17,-34,-6,-8,
32.8037,-18,-42,-6,-12,
32.805,-17,-35,-11,-15,
32.8064,-16,-29,-5,-15,
32.8077,-17,-38,-5,-12,
32.8091,-17,-38,-5,-12,
32.8105,3,-8,-4,-7,
32.8118,7,-10,-2,4,
32.8132,2,-3,-1,2,
32.8146,2,-3,1,6,
32.8159,4,9,13,3,
32.8173,5,0,1,6,
32.8187,5,0,1,6,
32.8201,-13,-12,10,-11,
32.8214,-12,-29,13,-16,
32.8228,-19,-37,8,-15,
32.8242,-22,-32,0,-7,
32.8255,-22,-32,0,-7,
32.8268,-19,-19,4,-3,
32.8282,21,-14,10,8,
32.8295,21,-3,13,-2,
32.8309,24,7,18,2,
32.8322,24,7,18,2,
32.8336,7,3,1,1,
32.835,11,-10,0,3,
32.8364,7,-9,10,6,
32.8377,-19,-9,8,3,
32.839,-18,-25,1,5,
32.8404,-18,-25,1,5,
32.8417,-22,-17,9,6,
32.8431,-22,-13,18,5,
32.8445,-7,-5,18,9,
32.8459,29,4,22,11,
32.8472,23,2,19,15,
32.8486,23,2,19,15,
32.8501,9,21,14,11,
32.8516,5,17,16,7,
32.853,-4,8,25,5,
32.8544,5,12,13,6,
32.8558,5,12,13,6,
32.8572,7,6,13,-7,
32.8585,-3,-7,9,4,
32.8599,-12,-12,8,14,
32.8613,0,2,1,9,
32.8627,34,13,16,13,
32.8641,32,17,13,19,
32.8655,32,17,13,19,
32.8669,22,24,15,20,
32.8683,21,21,21,27,
32.8696,6,16,21,27,
32.8711,3,6,22,9,
32.8724,3,6,22,9,
32.8738,4,-2,19,19,
32.8751,-6,-2,12,20,
32.8765,-9,0,14,18,
32.8778,-12,-6,10,15,
32.8792,14,12,16,5,
32.8805,33,28,14,19,
32.8819,33,28,14,19,
32.8832,34,28,9,22,
32.8845,20,24,15,27,
32.8859,13,17,20,23,
32.8872,13,17,20,23,
32.8885,-6,7,16,14,
32.8898,-3,10,15,18,
32.8912,-3,10,15,18,
32.8925,-17,13,10,9,
32.8938,-10,7,6,3,
32.8952,1,7,8,11,
32.8966,19,21,12,19,
32.8979,16,17,14,19,
32.8993,24,19,21,23,
32.9007,25,30,24,22,
32.902,23,28,24,29,
32.9034,17,27,29,27,
32.9047,17,27,29,27,
32.9061,18,27,24,29,
32.9074,10,16,23,16,
32.9088,4,11,14,14,
32.9102,-2,8,18,6,
32.9115,-13,7,8,17,
32.9129,-6,11,10,22,
32.9142,-6,11,10,22,
32.9156,28,27,23,34,
32.9169,29,29,34,29,
32.9183,31,18,41,34,
32.9196,22,20,43,29,
32.9209,23,18,22,30,
32.9222,23,18,22,30,
32.9236,16,18,16,23,
32.9249,8,26,10,25,
32.9262,-2,14,11,18,
32.9276,1,15,13,14,
32.9289,3,13,16,18,
32.9302,15,9,19,20,
32.9316,28,29,19,15,
32.933,33,34,21,21,
32.9343,41,27,34,35,
32.9357,26,18,41,33,
32.9371,26,18,41,33,
32.9384,21,23,41,32,
32.9398,13,17,28,17,
32.9411,5,15,26,15,
32.9425,2,20,23,20,
32.9438,2,26,18,11,
32.9452,2,26,18,11,
32.9466,6,22,18,11,
32.9479,11,13,26,25,
32.9493,25,20,34,29,
32.9507,34,25,30,25,
32.952,34,30,28,24,
32.9534,34,30,28,24,
32.9547,34,23,32,25,
32.9561,34,23,32,25,
32.9575,26,10,14,22,
32.9588,21,15,17,17,
32.9602,16,21,20,15,
32.9615,-1,23,18,20,
32.9629,2,19,22,13,
32.9643,1,19,18,12,
32.9656,27,38,23,21,
32.967,37,36,20,22,
32.9684,47,27,30,24,
32.9697,54,34,39,33,
32.9711,36,33,27,37,
32.9724,36,33,27,37,
32.9738,38,30,24,30,
32.9751,16,19,14,23,
32.9764,4,22,28,18,
32.9778,4,22,28,18,
32.9792,-5,17,19,20,
32.9805,-7,14,19,22,
32.9818,5,26,30,29,
32.9832,29,26,38,29,
32.9846,32,34,35,24,
32.9859,32,34,35,24,
32.9873,32,34,35,24,
32.9886,36,30,38,38,
32.9899,36,25,43,37,
32.9913,16,33,37,28,
32.9926,8,14,18,30,
32.994,8,14,18,30,
32.9953,15,12,24,28,
32.9967,9,13,16,18,
32.9981,6,15,21,20,
32.9994,22,27,27,22,
33.0008,24,27,26,20,
33.0021,34,30,25,29,
33.0035,34,30,25,29,
33.0049,26,29,20,28,
33.0062,46,37,32,30,
33.0076,38,28,36,31,
33.0089,22,19,30,23,
33.0104,14,13,16,23,
33.0117,18,11,16,31,
33.0131,2,12,25,30,
33.0145,15,17,11,23,
33.0159,15,17,11,23,
33.0172,14,24,15,18,
33.0186,34,22,19,17,
33.02,38,29,32,25,
33.0213,38,29,32,25,
33.0227,42,23,40,35,
33.0241,22,26,26,31,
33.0254,18,29,19,21,
33.0268,12,23,17,23,
33.0281,11,10,28,19,
33.0294,2,19,19,19,
33.0308,2,16,7,23,
33.0322,2,16,7,23,
33.0336,11,27,14,10,
33.035,10,28,16,16,
33.0363,29,33,36,29,
33.0378,29,33,36,29,
33.0392,24,28,32,27,
33.0406,23,39,22,25,
33.042,13,33,20,20,
33.0434,17,21,14,28,
33.0447,16,13,14,32,
33.0461,16,25,24,29,
33.0474,16,25,24,29,
33.0488,2,12,26,19,
33.0502,7,20,17,20,
33.0515,15,29,14,24,
33.0528,22,38,28,32,
33.0541,29,30,35,25,
33.0555,33,28,22,30,
33.0569,30,27,25,33,
33.0582,32,13,23,29,
33.0596,15,13,13,35,
33.0609,9,20,15,34,
33.0622,9,20,15,34,
33.0635,13,26,19,25,
33.0649,4,25,26,13,
33.0662,8,16,27,12,
33.0676,0,10,21,19,
33.0689,0,10,21,19,
33.0702,14,22,25,14,
33.0715,24,28,17,16,
33.0729,29,37,20,26,
33.0742,37,24,22,33,
33.0756,30,17,26,27,
33.0769,33,20,21,18,
33.0782,31,26,24,17,
33.0796,8,28,20,27,
33.081,11,19,18,26,
33.0823,1,14,12,19,
33.0837,-7,8,7,11,
33.0851,-7,8,7,11,
33.0864,8,14,10,15,
33.0878,32,20,23,18,
33.0892,33,27,38,31,
33.0905,43,43,44,37,
33.0919,43,43,44,37,
33.0932,34,40,38,37,
33.0945,27,21,26,30,
33.0959,8,14,22,22,
33.0973,1,17,18,11,
33.0986,1,9,21,10,
33.1,2,5,22,8,
33.1013,2,5,22,8,
33.1026,-9,11,21,14,
33.104,24,19,25,18,
33.1054,28,27,25,28,
33.1067,18,26,34,28,
33.108,23,20,43,27,
33.1094,37,26,29,30,
33.1108,23,17,23,29,
33.1121,17,23,23,33,
33.1135,0,16,19,31,
33.1148,0,16,19,31,
33.1161,-1,10,17,25,
33.1175,7,4,17,22,
33.1189,11,7,24,27,
33.1202,6,11,29,28,
33.1216,18,6,21,22,
33.123,40,22,29,24,
33.1243,40,22,29,24,
33.1257,45,35,32,28,
33.127,22,24,23,34,
33.1284,27,17,15,30,
33.1297,26,21,19,18,
33.131,24,25,12,15,
33.1323,18,14,14,19,
33.1337,18,14,14,19,
33.1351,16,6,12,20,
33.1364,0,12,10,22,
33.1378,9,16,16,32,
33.1392,13,19,12,28,
33.1405,20,28,14,23,
33.1419,20,27,22,26,
33.1432,31,26,19,34,
33.1445,30,33,28,32,
33.1459,23,36,26,32,
33.1472,23,36,26,32,
33.1486,14,19,28,25,
33.1499,-5,12,22,20,
33.1513,2,8,25,17,
33.1526,4,4,18,22,
33.154,0,10,23,19,
33.1553,11,17,19,17,
33.1566,17,28,21,14,
33.158,25,23,19,18,
33.1594,33,26,23,23,
33.1607,35,29,29,24,
33.1621,35,29,29,24,
33.1634,24,21,34,15,
33.1648,26,27,30,17,
33.1661,12,25,17,20,
33.1675,-1,26,7,22,
33.1689,6,20,11,27,
33.1702,6,15,9,18,
33.1716,1,7,9,19,
33.1731,13,25,18,15,
33.1745,32,36,27,29,
33.176,32,36,27,29,
33.1774,38,36,35,30,
33.1788,45,29,36,35,
33.1802,32,26,31,20,
33.1816,21,21,32,17,
33.1829,13,11,17,18,
33.1843,8,10,7,23,
33.1857,12,10,9,24,
33.1871,9,15,19,18,
33.1884,-1,18,24,18,
33.1897,6,17,29,23,
33.1911,29,9,20,26,
33.1925,29,9,20,26,
33.1938,24,16,11,32,
33.1952,25,25,18,35,
33.1966,30,17,22,28,
33.198,20,16,17,16,
33.1994,10,19,13,14,
33.2007,3,15,4,13,
33.2021,11,6,3,12,
33.2035,0,9,12,11,
33.2048,-1,18,5,9,
33.2062,-4,20,15,13,
33.2076,4,20,21,15,
33.2089,11,25,32,16,
33.2103,32,23,36,29,
33.2117,35,23,36,24,
33.213,44,23,36,21,
33.2144,14,31,24,29,
33.2158,4,26,21,23,
33.2171,3,21,15,20,
33.2185,-3,21,22,10,
33.2198,-3,21,22,10,
33.2212,6,11,27,6,
33.2225,-3,6,15,10,
33.2239,0,0,21,16,
33.2252,17,6,23,14,
33.2266,17,6,23,14,
33.2279,23,16,29,17,
33.2293,28,25,30,17,
33.2307,30,20,29,19,
33.232,29,19,15,14,
33.2333,22,20,13,9,
33.2346,22,20,13,9,
33.236,9,13,18,-3,
33.2374,10,18,20,-3,
33.2387,-8,13,10,4,
33.2401,-6,9,9,-2,
33.2414,3,19,7,7,
33.2428,10,23,23,14,
33.2442,10,23,23,14,
33.2455,34,16,30,14,
33.2469,31,22,32,28,
33.2484,31,22,32,28,
33.2497,20,28,25,16,
33.2511,10,16,26,16,
33.2524,-6,17,21,20,
33.2537,-6,7,14,18,
33.2551,-2,8,14,19,
33.2565,5,9,11,14,
33.2578,4,3,13,17,
33.2593,6,5,6,16,
33.2607,6,5,6,16,
33.2621,25,15,20,15,
33.2634,24,21,22,12,
33.2648,32,19,20,10,
33.2661,31,27,20,12,
33.2675,8,18,19,16,
33.2688,2,3,22,17,
33.2701,6,11,22,12,
33.2715,-9,9,14,9,
33.2728,-14,-3,16,10,
33.2741,-7,-1,15,10,
33.2755,-6,11,10,13,
33.2769,-1,1,16,17,
33.2782,8,0,19,16,
33.2796,8,0,19,16,
33.281,24,26,26,17,
33.2823,22,30,25,20,
33.2837,20,24,24,10,
33.2851,7,9,8,5,
33.2864,10,7,8,9,
33.2878,10,7,8,9,
33.2891,-4,6,24,10,
33.2904,-4,6,24,10,
33.2918,-1,0,20,8,
33.2932,-3,6,18,2,
33.2946,11,4,7,9,
33.296,18,16,13,26,
33.2973,18,16,13,26,
33.2987,24,7,21,11,
33.3001,14,9,24,14,
33.3015,6,13,12,13,
33.3028,1,7,21,22,
33.3042,1,7,21,22,
33.3055,2,2,21,16,
33.3069,2,2,21,16,
33.3082,-2,-6,14,14,
33.3096,-3,-4,16,4,
33.311,-9,-3,20,6,
33.3123,-3,4,13,11,
33.3136,5,12,13,13,
33.315,17,13,9,11,
33.3164,12,20,12,26,
33.3177,7,16,8,25,
33.3191,6,5,15,15,
33.3204,12,-1,16,10,
33.3217,-1,-3,13,11,
33.3231,-1,-3,13,11,
33.3244,-5,9,11,12,
33.3257,-1,2,-2,9,
33.327,6,4,-2,8,
33.3284,1,12,3,5,
33.3297,1,12,3,5,
33.3311,11,22,15,22,
33.3324,16,13,24,28,
33.3338,28,16,18,31,
33.3353,7,13,16,28,
33.3366,2,10,14,22,
33.3379,2,10,14,22,
33.3393,3,6,12,17,
33.3406,5,4,20,11,
33.3419,10,6,28,12,
33.3432,1,-6,20,12,
33.3445,-1,7,11,19,
33.3458,5,9,8,21,
33.3471,0,8,10,25,
33.3484,9,14,16,17,
33.3498,19,19,16,17,
33.3512,28,19,20,21,
33.3526,12,21,30,17,
33.3539,19,12,23,14,
33.3552,19,12,23,14,
33.3565,15,15,25,10,
33.3579,-5,15,11,11,
33.3592,3,13,16,7,
33.3606,-7,7,12,6,
33.3619,-7,7,12,6,
33.3633,3,8,22,19,
33.3647,17,-2,21,22,
33.366,34,9,27,20,
33.3674,24,13,34,23,
33.3687,21,16,36,19,
33.3701,21,28,33,21,
33.3714,6,22,13,15,
33.3728,0,12,14,8,
33.3741,0,12,14,8,
33.3755,0,16,11,5,
33.3769,12,15,14,4,
33.3782,-4,16,6,7,
33.3795,-4,9,8,14,
33.3809,13,9,27,13,
33.3822,12,13,28,15,
33.3836,12,13,28,15,
33.3849,31,26,11,28,
33.3862,24,31,20,33,
33.3876,17,28,16,33,
33.3889,21,26,18,30,
33.3902,19,23,23,20,
33.3916,11,23,20,17,
33.3929,11,23,20,17,
33.3943,2,19,20,8,
33.3956,10,11,14,11,
33.3969,1,9,13,15,
33.3982,4,3,8,15,
33.3995,20,10,18,15,
33.4009,18,27,24,22,
33.4022,8,27,21,21,
33.4036,19,20,23,30,
33.405,23,14,22,32,
33.4063,27,25,29,29,
33.4077,27,25,29,29,
33.4091,19,24,25,28,
33.4104,-1,16,13,27,
33.4119,-1,6,12,17,
33.4132,7,9,13,13,
33.4145,3,13,10,19,
33.4159,3,13,10,19,
33.4173,16,29,18,19,
33.4186,21,25,18,19,
33.42,16,32,27,29,
33.4213,23,27,24,23,
33.4227,23,27,24,23,
33.4241,15,19,25,17,
33.4254,10,13,21,22,
33.4267,-2,8,18,12,
33.428,-2,8,18,12,
33.4294,-4,22,17,15,
33.4307,-8,20,16,10,
33.4321,1,10,12,12,
33.4335,1,6,17,19,
33.4348,14,15,32,24,
33.4362,29,22,22,15,
33.4375,29,22,22,15,
33.4389,35,25,26,16,
33.4403,37,22,20,11,
33.4417,22,21,11,14,
33.4431,17,19,21,14,
33.4445,6,20,22,7,
33.4459,-7,17,16,10,
33.4472,-7,17,16,10,
33.4486,-3,14,23,21,
33.4501,-3,6,22,22,
33.4516,18,25,32,21,
33.4533,20,30,27,23,
33.4547,20,30,27,23,
33.4561,19,23,29,21,
33.4575,27,18,27,16,
33.4589,13,25,32,17,
33.4603,19,19,33,24,
33.4617,14,12,26,18,
33.4631,6,16,22,15,
33.4644,-2,19,18,10,
33.4658,-6,13,16,7,
33.4671,6,9,13,3,
33.4685,7,22,29,21,
33.4698,16,22,33,34,
33.4711,16,22,33,34,
33.4725,31,27,33,31,
33.4738,22,36,25,26,
33.4752,29,36,27,16,
33.4765,29,26,29,17,
33.4778,24,16,18,15,
33.4791,17,24,9,22,
33.4804,17,24,9,22,
33.4817,-5,17,7,16,
33.4831,7,19,11,15,
33.4845,12,16,19,17,
33.4858,28,23,20,30,
33.4872,31,33,22,33,
33.4885,31,33,22,33,
33.4898,31,33,22,33,
33.4912,31,21,18,17,
33.4925,29,19,25,17,
33.4939,15,22,26,14,
33.4953,14,22,28,21,
33.4966,15,16,16,27,
33.4979,15,16,16,27,
33.4993,10,15,17,9,
33.5007,11,19,26,14,
33.5021,15,24,21,12,
33.5034,15,24,21,12,
33.5047,32,22,22,18,
33.506,40,29,32,24,
33.5074,40,29,32,24,
33.5087,41,32,26,30,
33.51,22,32,31,35,
33.5114,12,23,33,26,
33.5128,0,19,26,15,
33.5142,4,14,21,10,
33.5156,13,18,18,13,
33.517,5,21,15,16,
33.5183,-2,9,9,20,
33.5196,10,20,21,23,
33.521,26,23,18,30,
33.5224,22,21,16,29,
33.5237,24,17,25,26,
33.5252,28,20,36,29,
33.5266,33,33,28,22,
33.5279,23,22,28,19,
33.5293,28,14,23,18,
33.5307,14,10,21,24,
33.532,3,21,24,23,
33.5334,8,23,16,21,
33.5347,8,23,16,21,
33.536,8,20,9,12,
33.5374,13,23,21,15,
33.5387,25,17,23,19,
33.5401,21,17,30,24,
33.5415,22,30,25,30,
33.5429,34,27,24,29,
33.5442,26,22,31,31,
33.5456,21,20,31,30,
33.5469,1,16,25,21,
33.5482,1,16,25,21,
33.5496,11,10,18,16,
33.5509,21,16,13,15,
33.5523,5,20,22,13,
33.5536,18,25,17,27,
33.5549,18,23,23,31,
33.5563,18,23,23,31,
33.5576,33,29,31,31,
33.559,34,28,23,29,
33.5603,40,33,19,23,
33.5616,30,26,20,27,
33.563,23,17,16,30,
33.5643,23,17,16,30,
33.5656,7,11,13,26,
33.567,2,6,10,19,
33.5683,-2,12,23,20,
33.5697,5,20,24,20,
33.5713,11,13,22,19,
33.5727,27,25,33,29,
33.574,27,25,33,29,
33.5754,24,30,26,35,
33.5768,24,30,26,35,
33.5781,27,19,29,36,
33.5795,37,12,21,37,
33.5808,25,19,12,22,
33.5822,22,30,15,29,
33.5835,9,20,15,30,
33.5848,1,21,16,29,
33.5862,0,12,9,17,
33.5876,-1,9,11,19,
33.5889,16,14,20,25,
33.5902,23,15,28,20,
33.5916,26,25,33,15,
33.593,21,30,29,18,
33.5944,33,35,20,32,
33.5957,35,27,21,23,
33.5971,19,20,28,20,
33.5985,31,28,28,29,
33.5998,8,17,32,20,
33.6012,5,9,23,23,
33.6025,2,5,16,24,
33.6039,2,5,16,24,
33.6053,-4,15,12,29,
33.6066,21,13,23,29,
33.608,19,22,28,27,
33.6094,31,19,18,30,
33.6107,29,20,19,31,
33.6121,23,23,24,22,
33.6134,20,27,18,24,
33.6147,22,26,28,25,
33.6161,13,13,17,30,
33.6174,13,13,17,30,
33.6188,1,21,27,29,
33.6201,-6,21,29,30,
33.6215,-3,27,21,28,
33.6229,-2,24,12,21,
33.6242,13,31,25,16,
33.6255,16,32,32,31,
33.6269,16,32,32,31,
33.6283,31,27,37,29,
33.6296,35,22,31,33,
33.631,30,27,34,31,
33.6323,20,27,21,20,
33.6336,13,24,29,26,
33.635,2,21,29,19,
33.6363,2,21,29,19,
33.6376,-3,25,23,11,
33.639,9,23,23,3,
33.6404,5,25,15,11,
33.6417,7,26,15,27,
33.6431,34,35,25,23,
33.6445,36,36,19,22,
33.6458,40,26,29,27,
33.6472,18,25,31,25,
33.6486,18,25,31,25,
33.6499,10,25,30,27,
33.6513,9,12,21,35,
33.6527,9,12,21,35,
33.654,18,26,26,28,
33.6554,15,20,25,17,
33.6567,8,26,12,21,
33.6581,19,23,16,24,
33.6595,23,24,29,34,
33.6608,29,22,29,29,
33.6622,38,25,24,33,
33.6635,46,22,30,33,
33.6649,26,24,32,22,
33.6662,28,33,40,23,
33.6675,18,29,25,21,
33.6689,18,29,25,21,
33.6703,10,27,23,12,
33.6716,0,18,13,14,
33.673,-1,8,6,9,
33.6743,1,11,13,25,
33.6757,1,11,13,25,
33.6771,5,17,10,25,
33.6784,29,33,28,27,
33.6798,26,27,33,26,
33.6812,26,27,33,26,
33.6825,24,30,19,13,
33.6839,19,23,24,22,
33.6853,19,23,24,22,
33.6866,22,14,22,26,
33.688,10,16,20,21,
33.6893,-3,12,24,13,
33.6907,0,12,12,12,
33.692,-1,20,9,14,
33.6934,8,23,14,21,
33.6947,23,27,18,31,
33.6961,24,18,17,37,
33.6974,15,14,12,31,
33.6988,28,23,32,26,
33.7002,32,28,29,29,
33.7016,32,28,29,29,
33.7029,17,23,35,21,
33.7043,13,12,25,10,
33.7056,1,15,19,23,
33.707,-1,6,17,28,
33.7083,5,11,12,19,
33.7096,13,20,7,15,
33.7109,13,20,7,15,
33.7123,18,18,12,20,
33.7136,37,22,21,21,
33.715,33,33,40,28,
33.7163,26,30,44,28,
33.7177,24,21,35,24,
33.719,21,23,31,16,
33.7204,24,19,22,11,
33.7217,14,15,17,9,
33.7231,14,10,14,21,
33.7244,10,11,8,25,
33.7257,4,19,15,19,
33.7271,4,12,12,13,
33.7284,14,2,19,21,
33.7297,31,11,22,27,
33.7311,24,19,32,31,
33.7324,24,18,34,22,
33.7337,26,42,36,31,
33.735,19,43,34,18,
33.7364,19,43,34,18,
33.7377,8,16,25,29,
33.7391,8,16,25,29,
33.7404,-1,8,25,26,
33.7418,10,20,21,23,
33.7432,15,10,21,27,
33.7445,22,13,9,19,
33.7458,22,13,9,19,
33.7472,25,27,24,19,
33.7485,35,29,28,16,
33.7498,42,39,26,33,
33.7511,27,18,29,28,
33.7525,27,18,29,28,
33.7538,17,11,17,19,
33.7552,19,18,18,14,
33.7566,21,21,26,24,
33.7579,8,20,22,21,
33.7594,-3,22,7,16,
33.7607,-5,17,5,13,
33.7621,-2,16,11,11,
33.7634,6,19,21,25,
33.7647,29,35,25,25,
33.7661,35,30,30,24,
33.7674,32,36,37,25,
33.7688,32,36,37,25,
33.7701,34,22,24,29,
33.7715,30,18,29,39,
33.7729,11,7,23,24,
33.7742,9,15,15,23,
33.7755,17,9,14,18,
33.7768,17,9,14,18,
33.7782,0,10,19,18,
33.7795,-3,10,30,28,
33.7809,3,20,28,32,
33.7822,30,24,29,25,
33.7835,32,33,33,23,
33.7849,25,32,24,28,
33.7862,24,37,28,27,
33.7876,29,22,36,22,
33.789,20,29,19,28,
33.7903,20,29,19,28,
33.7917,9,21,14,26,
33.7931,18,26,12,24,
33.7944,9,14,21,19,
33.7957,2,8,21,24,
33.7971,18,17,19,24,
33.7984,35,32,24,33,
33.7998,35,32,24,33,
33.8011,26,36,20,26,
33.8025,29,29,23,21,
33.8038,25,29,26,31,
33.8052,28,30,26,25,
33.8065,30,26,21,18,
33.8079,27,26,18,22,
33.8093,27,26,18,22,
33.8106,-1,13,16,21,
33.812,7,16,23,18,
33.8133,16,18,27,29,
33.8147,30,10,21,33,
33.816,28,29,17,24,
33.8173,28,29,17,24,
33.8186,26,35,18,26,
33.82,31,35,31,28,
33.8213,35,26,27,23,
33.8226,23,20,20,24,
33.824,16,19,24,32,
33.8253,4,13,26,21,
33.8266,4,3,21,15,
33.828,2,20,19,12,
33.8293,-8,13,13,17,
33.8307,-10,18,15,19,
33.832,9,13,20,21,
33.8333,31,8,21,25,
33.8346,31,8,21,25,
33.8359,35,19,29,28,
33.8373,28,29,32,25,
33.8386,26,26,15,22,
33.8401,9,27,16,19,
33.8414,8,25,14,14,
33.8428,6,27,14,7,
33.8442,-3,29,16,16,
33.8455,-6,11,23,16,
33.8469,1,14,16,11,
33.8483,30,25,21,15,
33.8496,30,25,21,15,
33.851,28,36,16,21,
33.8524,34,33,19,21,
33.8537,33,25,17,15,
33.855,27,26,19,18,
33.8564,29,26,26,35,
33.8577,19,22,21,27,
33.8591,19,22,21,27,
33.8605,12,13,15,18,
33.8618,11,13,21,16,
33.8631,10,2,10,16,
33.8645,12,-4,16,15,
33.8658,9,10,23,21,
33.8672,14,24,30,24,
33.8685,14,24,30,24,
33.8698,16,21,36,29,
33.8712,35,26,32,26,
33.8726,38,22,23,19,
33.8739,27,28,27,22,
33.8752,21,35,28,22,
33.8766,12,25,23,25,
33.878,9,13,12,20,
33.8793,-4,17,23,16,
33.8807,-5,14,16,11,
33.882,-5,14,16,11,
33.8834,-8,8,16,11,
33.8848,5,16,25,13,
33.8861,23,26,35,19,
33.8875,29,29,29,26,
33.8888,33,31,36,37,
33.8902,26,34,27,31,
33.8916,23,26,23,36,
33.893,20,23,18,26,
33.8943,23,17,20,16,
33.8957,17,25,22,25,
33.8971,4,18,10,24,
33.8984,8,12,15,16,
33.8998,14,18,29,9,
33.9012,15,17,33,26,
33.9025,15,17,33,26,
33.9039,17,30,34,25,
33.9053,20,34,29,26,
33.9066,40,35,32,22,
33.908,25,36,28,21,
33.9093,19,39,21,19,
33.9107,19,39,21,19,
33.912,21,31,14,23,
33.9134,23,22,21,18,
33.9147,14,17,11,20,
33.916,8,14,17,23,
33.9174,2,4,15,16,
33.9187,2,4,15,16,
33.92,24,18,18,34,
33.9214,23,19,20,39,
33.9227,31,31,23,34,
33.924,29,30,23,26,
33.9254,29,30,23,26,
33.9267,29,30,23,26,
33.928,11,32,27,27,
33.9294,8,21,28,13,
33.9307,19,16,23,21,
33.9321,5,4,17,23,
33.9334,0,23,12,20,
33.9348,0,23,12,20,
33.9362,10,18,17,21,
33.9376,17,33,15,31,
33.9389,25,37,14,31,
33.9403,38,31,23,33,
33.9416,39,35,22,34,
33.943,39,35,22,34,
33.9443,30,24,28,22,
33.9456,22,22,28,19,
33.947,-2,12,21,24,
33.9483,-7,13,13,29,
33.9497,-13,13,6,21,
33.951,-4,4,12,16,
33.9524,7,6,19,22,
33.9537,15,5,20,18,
33.9551,17,24,31,20,
33.9565,28,40,38,32,
33.9578,28,40,38,32,
33.9592,18,28,38,29,
33.9606,30,21,38,24,
33.962,28,17,28,24,
33.9634,26,20,26,19,
33.9648,12,20,28,18,
33.9662,12,20,28,18,
33.9675,0,16,20,20,
33.9689,-13,11,11,21,
33.9702,8,19,18,21,
33.9716,17,23,28,24,
33.973,21,26,38,26,
33.9743,21,26,38,26,
33.9756,39,30,40,31,
33.977,39,30,40,31,
33.9783,33,38,35,32,
33.9797,23,22,19,24,
33.9811,10,15,10,23,
33.9824,16,23,9,21,
33.9838,13,22,9,12,
33.9851,1,12,12,13,
33.9864,10,21,9,14,
33.9878,21,25,14,14,
33.9891,27,25,20,13,
33.9905,17,25,21,19,
33.9919,17,25,21,19,
33.9933,24,18,22,31,
33.9946,27,26,26,24,
33.9959,22,25,22,28,
33.9973,19,29,31,18,
33.9986,22,23,29,13,
34,17,22,20,23,
34.0014,-3,13,12,30,
34.0027,9,3,14,24,
34.0041,16,11,26,19,
34.0054,22,24,23,18,
34.0068,22,24,23,18,
34.0081,30,23,26,18,
34.0094,32,22,31,24,
34.0107,36,30,27,26,
34.0121,27,35,19,34,
34.0134,25,22,27,36,
34.0148,7,25,24,24,
34.0161,7,25,24,24,
34.0175,17,23,17,26,
34.0189,1,18,9,19,
34.0203,11,18,19,11,
34.0216,4,13,21,7,
34.023,8,15,28,7,
34.0243,8,15,28,7,
34.0256,16,22,28,17,
34.027,24,26,19,18,
34.0283,27,34,17,26,
34.0296,24,27,13,27,
34.031,16,22,19,17,
34.0324,15,28,25,24,
34.0337,7,24,16,32,
34.0351,6,22,19,31,
34.0364,-7,7,24,18,
34.0377,-7,7,17,11,
34.0391,-7,7,17,11,
34.0405,3,11,18,13,
34.0418,27,26,27,28,
34.0431,25,39,29,34,
34.0445,29,43,29,29,
34.0459,35,39,34,26,
34.0473,17,24,32,21,
34.0488,17,24,32,21,
34.0503,8,16,22,10,
34.0518,4,12,14,13,
34.0531,-1,14,15,19,
34.0545,5,16,10,12,
34.0559,3,17,20,19,
34.0573,21,13,22,23,
34.0586,21,13,22,23,
34.0601,31,29,22,19,
34.0615,43,40,35,29,
34.0629,34,30,32,23,
34.0643,27,35,28,23,
34.0656,26,23,20,20,
34.067,21,12,23,18,
34.0684,21,12,23,18,
34.0698,13,5,22,21,
34.0711,10,9,26,20,
34.0725,8,14,21,14,
34.0738,18,18,29,31,
34.0752,18,18,29,31,
34.0765,16,15,25,38,
34.0779,17,31,28,31,
34.0793,26,39,43,30,
34.0806,25,40,44,33,
34.082,25,40,44,33,
34.0833,24,12,24,20,
34.0847,24,12,24,20,
34.086,13,16,28,24,
34.0873,1,12,10,25,
34.0887,-6,3,6,16,
34.09,0,9,10,15,
34.0913,4,20,11,24,
34.0927,10,24,27,19,
34.094,18,30,31,17,
34.0954,35,26,26,18,
34.0967,27,43,25,32,
34.0981,27,43,25,32,
34.0994,13,36,32,29,
34.1007,13,36,32,29,
34.1021,5,31,19,21,
34.1035,10,25,19,24,
34.1048,7,16,21,22,
34.1062,15,12,17,14,
34.1076,15,26,21,15,
34.109,15,26,21,15,
34.1103,29,17,20,16,
34.1117,29,17,20,16,
34.1131,20,32,19,24,
34.1144,33,24,25,35,
34.1158,22,31,18,31,
34.1171,28,35,16,28,
34.1185,14,18,29,30,
34.1199,-5,10,21,22,
34.1212,7,12,20,18,
34.1226,15,17,28,12,
34.124,16,11,23,8,
34.1254,18,22,19,18,
34.1267,18,22,19,18,
34.1281,14,26,16,21,
34.1294,19,35,18,32,
34.1308,15,33,22,27,
34.1322,41,35,39,23,
34.1335,20,35,36,33,
34.1349,20,35,36,33,
34.1363,6,31,36,28,
34.1376,5,32,32,21,
34.139,11,17,19,25,
34.1403,-5,16,17,22,
34.1417,-7,14,23,18,
34.1431,4,15,24,17,
34.1446,21,20,30,24,
34.146,30,29,34,22,
34.1474,39,30,26,29,
34.1487,43,31,37,37,
34.1501,41,30,33,38,
34.1514,34,30,27,32,
34.1528,34,30,27,32,
34.1542,10,10,25,19,
34.1555,10,10,25,19,
34.1569,22,9,23,21,
34.1582,7,6,25,18,
34.1596,5,8,26,28,
34.161,18,9,19,22,
34.1623,21,29,14,23,
34.1637,41,33,22,21,
34.165,46,28,17,16,
34.1664,40,28,30,25,
34.1678,31,29,28,27,
34.1691,31,29,28,27,
34.1705,31,29,28,27,
34.1718,15,29,14,27,
34.1732,24,32,18,22,
34.1746,16,27,15,18,
34.176,3,14,21,25,
34.1774,18,11,15,30,
34.1787,18,11,15,30,
34.1801,21,13,19,27,
34.1814,25,31,19,31,
34.1828,30,40,26,42,
34.1841,23,28,37,33,
34.1855,34,23,37,26,
34.1869,34,23,37,26,
34.1882,17,19,21,34,
34.1896,15,18,25,31,
34.191,13,23,21,19,
34.1923,11,27,19,19,
34.1936,4,12,13,24,
34.195,4,12,13,24,
34.1964,18,25,15,23,
34.1977,20,18,31,27,
34.1991,19,23,25,33,
34.2005,19,23,25,33,
34.2018,28,32,30,36,
34.2032,28,32,30,36,
34.2046,18,37,28,22,
34.206,14,23,24,32,
34.2074,11,15,18,26,
34.2087,7,12,21,27,
34.2101,-3,22,21,20,
34.2114,-3,22,21,20,
34.2128,-2,14,22,27,
34.2141,6,23,27,27,
34.2155,20,30,25,27,
34.2168,19,28,23,34,
34.2181,28,25,33,24,
34.2195,37,21,32,33,
34.2208,39,22,19,31,
34.2222,33,14,23,28,
34.2236,20,13,32,34,
34.2249,-1,10,16,23,
34.2263,0,9,13,12,
34.2277,5,5,15,8,
34.229,5,5,15,8,
34.2304,4,12,21,5,
34.2318,22,25,25,10,
34.2331,34,36,29,32,
34.2345,34,37,34,22,
34.2358,25,36,30,29,
34.2372,31,36,17,23,
34.2386,30,23,20,17,
34.2399,10,10,27,18,
34.2413,10,15,25,30,
34.2427,10,15,25,30,
34.244,0,21,15,29,
34.2454,6,15,4,15,
34.2468,3,14,5,18,
34.2482,-1,20,11,21,
34.2496,4,28,22,17,
34.251,27,30,24,34,
34.2524,27,23,23,34,
34.2537,32,31,29,32,
34.2551,26,24,21,27,
34.2565,22,22,25,20,
34.2579,21,15,30,23,
34.2593,9,9,25,21,
34.2606,9,9,25,21,
34.262,-10,11,16,13,
34.2634,-3,12,10,9,
34.2647,2,0,16,9,
34.2661,6,16,18,19,
34.2676,31,29,19,29,
34.269,27,34,30,22,
34.2703,29,38,31,25,
34.2717,29,38,31,25,
34.273,22,35,32,23,
34.2744,28,26,32,23,
34.2758,11,16,28,17,
34.2771,6,17,32,28,
34.2784,5,14,22,27,
34.2798,7,15,14,19,
34.2811,14,13,16,27,
34.2824,16,16,20,33,
34.2837,28,32,30,26,
34.2851,33,35,37,26,
34.2864,33,35,37,26,
34.2877,35,26,27,30,
34.289,38,31,30,27,
34.2904,30,24,26,22,
34.2917,22,22,22,23,
34.2931,25,20,15,22,
34.2944,4,14,16,28,
34.2958,-4,14,11,24,
34.2971,-4,14,11,24,
34.2985,8,12,19,17,
34.2999,19,15,15,22,
34.3012,31,24,20,30,
34.3026,31,24,20,30,
34.3039,35,31,27,30,
34.3053,36,34,38,35,
34.3067,36,34,38,35,
34.308,22,26,21,28,
34.3094,10,15,23,23,
34.3107,3,22,20,25,
34.3121,2,23,17,20,
34.3135,2,23,17,20,
34.3149,1,15,17,21,
34.3162,-1,22,12,22,
34.3176,6,18,18,17,
34.319,15,14,23,28,
34.3204,23,25,24,24,
34.3218,35,23,28,15,
34.3231,35,23,28,15,
34.3245,33,24,22,18,
34.3258,32,19,20,16,
34.3272,26,16,24,19,
34.3286,17,17,30,18,
34.33,9,16,21,23,
34.3314,-9,12,7,18,
34.3328,-9,12,7,18,
34.3342,2,15,18,27,
34.3356,19,18,23,32,
34.3369,22,33,36,23,
34.3383,26,33,45,28,
34.3397,26,33,45,28,
34.341,19,29,45,28,
34.3424,22,30,37,24,
34.3438,24,24,36,23,
34.3452,14,14,38,22,
34.3465,7,18,29,30,
34.3479,-2,19,14,21,
34.3492,0,24,8,19,
34.3506,2,19,14,28,
34.3519,0,23,24,34,
34.3533,9,21,30,34,
34.3547,24,28,30,30,
34.3561,33,37,31,34,
34.3574,28,44,27,35,
34.3587,25,36,21,29,
34.3601,30,14,38,21,
34.3614,12,18,36,24,
34.3628,12,18,36,24,
34.3641,4,5,26,19,
34.3655,4,5,26,19,
34.3669,11,1,18,17,
34.3683,9,11,19,16,
34.3696,12,23,13,25,
34.371,12,23,13,25,
34.3724,38,37,20,23,
34.3737,44,25,35,27,
34.375,34,28,30,33,
34.3763,37,26,34,36,
34.3776,39,23,32,27,
34.379,32,27,17,22,
34.3803,9,31,8,19,
34.3817,-2,21,24,22,
34.3831,3,18,17,18,
34.3844,3,18,17,18,
34.3858,13,14,20,12,
34.3871,5,20,22,18,
34.3885,21,25,25,24,
34.3899,17,33,24,29,
34.3913,32,48,30,34,
34.3926,34,44,20,34,
34.394,34,44,20,34,
34.3954,30,13,17,25,
34.3967,10,0,15,17,
34.3981,12,12,18,20,
34.3995,13,14,24,21,
34.4008,13,14,24,21,
34.4022,12,8,17,21,
34.4036,12,8,17,21,
34.4049,29,14,23,25,
34.4063,41,17,30,31,
34.4077,31,31,29,31,
34.4091,39,27,31,39,
34.4104,46,19,23,44,
34.4118,34,22,19,35,
34.4132,26,15,34,27,
34.4146,14,17,26,25,
34.4159,3,12,14,23,
34.4173,-10,10,17,21,
34.4186,-7,11,25,26,
34.4201,3,17,26,26,
34.4214,6,24,20,25,
34.4229,15,34,27,24,
34.4242,24,32,24,32,
34.4256,35,22,28,35,
34.427,34,33,22,28,
34.4283,30,36,26,27,
34.4297,36,30,33,25,
34.4311,36,30,33,25,
34.4325,19,16,16,31,
34.4338,4,17,23,22,
34.4352,-7,15,17,19,
34.4365,-13,15,15,26,
34.4379,-1,11,16,20,
34.4392,22,16,27,20,
34.4406,33,30,24,19,
34.442,35,32,25,29,
34.4434,41,26,30,36,
34.4448,33,22,36,25,
34.4461,25,30,41,27,
34.4475,12,33,26,26,
34.4489,19,19,14,19,
34.4502,25,16,17,14,
34.4516,-2,15,14,18,
34.4529,0,13,11,22,
34.4543,0,13,11,22,
34.4559,11,11,25,9,
34.4573,11,11,25,9,
34.4586,27,12,24,9,
34.46,39,35,35,24,
34.4614,32,29,23,32,
34.4628,29,25,30,36,
34.4643,22,34,27,31,
34.4656,18,29,19,22,
34.467,-1,35,25,26,
34.4684,-10,17,15,24,
34.4697,-15,19,23,23,
34.4711,-15,19,23,23,
34.4725,-1,11,25,22,
34.4738,20,15,16,19,
34.4752,33,22,25,22,
34.4765,32,34,22,24,
34.4779,33,37,21,24,
34.4792,28,33,21,32,
34.4806,33,35,22,32,
34.482,21,35,30,31,
34.4834,8,23,21,29,
34.4847,8,23,21,29,
34.4861,10,15,13,23,
34.4874,4,6,18,20,
34.4887,0,3,25,17,
34.4901,4,9,19,13,
34.4914,19,5,14,14,
34.4928,26,21,15,20,
34.4941,23,37,33,31,
34.4955,33,36,35,32,
34.497,32,39,33,27,
34.4983,19,26,30,18,
34.4997,19,26,30,18,
34.5011,13,28,24,21,
34.5024,6,30,21,20,
34.5038,-1,14,14,23,
34.5051,-8,16,7,28,
34.5065,-11,13,11,25,
34.5079,-6,15,14,20,
34.5093,9,16,17,30,
34.5107,35,32,23,25,
34.512,36,25,23,29,
34.5134,45,19,32,40,
34.5148,41,20,33,32,
34.5161,16,27,14,23,
34.5175,16,27,14,23,
34.5188,13,29,12,23,
34.5202,-8,16,25,21,
34.5216,-8,25,23,21,
34.523,-6,16,19,32,
34.5243,6,12,13,29,
34.5257,22,21,29,27,
34.527,22,21,29,27,
34.5284,20,23,27,34,
34.5297,22,28,38,37,
34.5311,30,32,42,25,
34.5325,24,27,32,20,
34.5339,20,22,24,25,
34.5352,22,22,17,30,
34.5366,21,12,16,31,
34.538,0,10,30,19,
34.5394,4,7,22,12,
34.5407,6,3,9,13,
34.542,6,3,9,13,
34.5434,19,15,22,23,
34.5447,25,24,35,23,
34.5461,37,30,25,28,
34.5475,41,43,32,28,
34.5488,33,45,26,31,
34.5502,33,45,26,31,
34.5516,23,27,31,10,
34.553,25,16,28,23,
34.5544,18,22,29,20,
34.5557,0,9,15,8,
34.5571,12,15,25,18,
34.5585,12,15,25,18,
34.5598,13,15,18,30,
34.5612,11,18,28,34,
34.5626,19,29,27,27,
34.5639,27,31,33,27,
34.5653,35,23,24,29,
34.5666,35,23,24,29,
34.568,37,25,27,38,
34.5694,9,18,28,18,
34.5706,14,11,28,15,
34.572,12,22,22,13,
34.5733,11,20,27,8,
34.5747,9,20,23,11,
34.576,6,11,23,19,
34.5774,6,11,23,19,
34.5787,34,15,33,27,
34.5801,24,15,36,22,
34.5815,21,25,44,25,
34.5829,26,29,33,38,
34.5842,29,25,25,24,
34.5856,28,26,24,19,
34.587,21,22,29,23,
34.5883,19,20,31,22,
34.5897,19,20,31,22,
34.591,-3,17,31,28,
34.5924,-3,17,31,28,
34.5937,4,16,24,20,
34.5951,16,19,19,15,
34.5964,45,30,35,31,
34.5977,42,24,34,22,
34.5991,42,24,34,22,
34.6005,37,31,30,27,
34.6018,23,19,15,26,
34.6033,24,12,20,24,
34.6046,6,11,29,18,
34.606,6,11,29,18,
34.6073,-1,11,25,22,
34.6087,-1,5,22,22,
34.61,-4,10,20,19,
34.6113,12,11,24,17,
34.6127,20,20,17,21,
34.614,28,33,33,29,
34.6154,27,28,37,28,
34.6168,30,27,39,27,
34.6181,32,23,29,25,
34.6195,15,32,21,18,
34.6209,12,38,24,21,
34.6223,16,22,31,29,
34.6236,11,11,33,21,
34.625,11,11,33,21,
34.6263,7,16,23,19,
34.6277,11,19,27,13,
34.6291,8,19,17,24,
34.6304,17,30,15,26,
34.6318,32,28,23,23,
34.6331,27,31,28,25,
34.6345,31,27,34,27,
34.6359,23,21,24,33,
34.6372,16,15,26,30,
34.6386,12,13,31,19,
34.6399,12,13,31,19,
34.6413,17,20,28,16,
34.6426,12,12,12,21,
34.644,2,8,8,25,
34.6453,21,21,20,21,
34.6466,21,21,20,21,
34.648,21,22,25,30,
34.6493,39,34,23,36,
34.6507,25,33,19,25,
34.6521,30,26,24,27,
34.6534,15,31,24,25,
34.6548,15,31,24,25,
34.6562,11,22,35,25,
34.6575,11,22,35,25,
34.6589,8,20,18,15,
34.6603,4,10,21,19,
34.6616,-3,13,9,21,
34.663,-2,18,20,17,
34.6644,15,26,28,18,
34.6657,15,26,28,18,
34.667,41,26,33,30,
34.6684,41,26,33,30,
34.6697,38,36,38,33,
34.6711,36,29,37,28,
34.6724,18,28,23,26,
34.6737,18,28,23,26,
34.6751,7,17,13,20,
34.6764,9,23,11,24,
34.6777,14,20,16,27,
34.6791,14,26,23,14,
34.6804,8,14,28,17,
34.6817,2,17,33,31,
34.6831,30,25,24,30,
34.6844,30,25,24,30,
34.6858,32,41,18,39,
34.6871,40,33,19,37,
34.6884,38,29,17,31,
34.6897,35,31,23,23,
34.6911,31,17,29,17,
34.6924,18,8,29,28,
34.6938,8,13,26,21,
34.6951,7,12,9,24,
34.6965,7,22,8,27,
34.6978,7,22,8,27,
34.6992,25,25,23,25,
34.7005,25,25,23,25,
34.7019,38,18,24,29,
34.7032,35,17,20,37,
34.7046,28,23,20,32,
34.706,28,23,20,32,
34.7073,24,30,19,29,
34.7086,10,30,30,18,
34.71,6,35,35,13,
34.7113,1,26,23,24,
34.7127,-5,19,12,16,
34.714,2,17,11,9,
34.7154,2,17,11,9,
34.7167,12,26,19,17,
34.7181,29,16,33,25,
34.7194,28,22,39,28,
34.7208,34,35,39,29,
34.7221,32,25,26,25,
34.7235,25,32,27,16,
34.7248,25,32,27,16,
34.7262,21,21,17,27,
34.7276,17,25,18,34,
34.7289,0,13,20,25,
34.7303,0,13,20,25,
34.7317,3,9,12,3,
34.7331,3,9,12,3,
34.7345,14,8,10,8,
34.7359,42,29,26,22,
34.7372,42,24,31,23,
34.7386,48,27,36,28,
34.74,34,37,33,26,
34.7412,13,29,38,22,
34.7426,16,29,26,18,
34.744,16,16,20,30,
34.7453,13,10,17,24,
34.7466,13,10,17,24,
34.748,0,4,14,16,
34.7493,-6,11,15,19,
34.7507,4,17,16,23,
34.7521,11,14,23,27,
34.7535,38,20,27,22,
34.7549,40,19,27,28,
34.7562,35,25,23,31,
34.7576,31,24,31,31,
34.7589,31,24,31,31,
34.7603,24,25,25,35,
34.7616,6,9,21,25,
34.7631,1,14,10,25,
34.7644,-3,16,11,28,
34.7658,5,15,19,17,
34.7672,10,15,16,19,
34.7685,12,14,22,24,
34.7699,21,24,27,19,
34.7713,35,25,31,29,
34.7726,42,26,24,26,
34.774,38,32,21,30,
34.7754,24,28,27,22,
34.7767,24,28,27,22,
34.7781,25,17,20,21,
34.7794,4,21,23,27,
34.7808,-8,21,16,27,
34.7821,1,21,14,17,
34.7835,7,22,17,23,
34.7849,7,22,17,23,
34.7862,7,22,17,23,
34.7876,13,30,21,26,
34.7889,38,22,34,30,
34.7903,33,19,37,33,
34.7917,33,26,36,35,
34.7931,39,39,31,29,
34.7944,37,31,32,27,
34.7958,21,17,26,18,
34.7972,16,12,26,16,
34.7986,12,14,20,17,
34.8,-4,15,14,18,
34.8013,-2,19,19,21,
34.8027,-2,19,19,21,
34.804,13,25,20,23,
34.8053,22,30,27,32,
34.8066,29,23,28,24,
34.808,35,23,27,26,
34.8094,35,23,27,26,
34.8107,27,26,30,29,
34.8121,22,9,33,31,
34.8135,21,19,31,24,
34.8148,-4,25,29,22,
34.8162,-4,25,29,22,
34.8176,-2,15,15,13,
34.8189,7,20,23,11,
34.8203,7,20,23,11,
34.8216,25,19,29,24,
34.823,37,30,31,28,
34.8244,33,40,30,20,
34.8257,33,40,30,20,
34.8271,30,35,22,23,
34.8285,29,29,13,22,
34.8298,18,27,10,20,
34.8312,3,17,10,16,
34.8325,9,17,22,23,
34.8338,-9,16,13,29,
34.8352,-11,14,22,22,
34.8365,0,5,27,27,
34.8378,10,17,23,34,
34.8391,22,29,25,30,
34.8405,24,30,24,22,
34.8418,32,31,27,20,
34.8431,37,35,35,22,
34.8444,29,20,24,28,
34.8458,24,22,26,22,
34.8471,10,13,18,25,
34.8485,10,13,18,25,
34.8499,0,12,20,20,
34.8513,-9,16,21,18,
34.8526,-7,16,18,18,
34.854,-1,18,25,22,
34.8554,19,35,24,27,
34.8568,27,36,26,21,
34.8582,27,36,26,21,
34.8597,29,41,23,23,
34.8611,43,37,30,25,
34.8624,41,36,31,23,
34.8638,23,40,23,21,
34.8652,19,27,16,17,
34.8666,14,21,19,26,
34.8679,11,16,21,22,
34.8693,7,10,24,15,
34.8707,11,8,28,21,
34.8721,19,24,28,25,
34.8734,23,15,31,26,
34.8747,23,15,31,26,
34.876,16,31,30,33,
34.8774,32,31,31,35,
34.8787,26,40,31,33,
34.8801,19,45,20,25,
34.8814,16,40,22,25,
34.8827,7,34,19,21,
34.8841,6,26,21,14,
34.8854,6,16,24,11,
34.8868,12,14,17,5,
34.8882,8,10,14,18,
34.8895,8,15,19,25,
34.8909,9,19,18,20,
34.8923,24,30,14,29,
34.8936,32,36,28,38,
34.895,32,23,32,32,
34.8963,30,24,26,30,
34.8976,23,32,25,24,
34.899,23,32,25,24,
34.9003,19,19,20,25,
34.9017,24,25,21,29,
34.903,16,22,22,17,
34.9044,0,10,6,7,
34.9057,10,10,9,13,
34.907,10,10,9,13,
34.9083,32,42,23,30,
34.9096,20,26,29,28,
34.911,29,26,28,32,
34.9123,31,28,32,29,
34.9137,27,30,38,27,
34.9151,17,26,41,27,
34.9163,17,26,41,27,
34.9176,14,21,33,17,
34.9189,11,26,13,28,
34.9203,-9,13,24,25,
34.9217,-16,1,16,16,
34.9231,-5,13,15,22,
34.9244,8,18,22,27,
34.9258,22,16,20,31,
34.9271,46,42,27,29,
34.9285,55,45,27,24,
34.9298,51,45,32,16,
34.9312,51,45,32,16,
34.9325,40,32,24,16,
34.9338,15,28,14,21,
34.9352,0,26,25,15,
34.9365,7,26,10,26,
34.9379,3,22,17,16,
34.9392,6,9,16,18,
34.9406,6,9,16,18,
34.9419,14,25,21,28,
34.9432,22,35,26,36,
34.9446,22,35,26,36,
34.9459,41,43,24,35,
34.9473,31,40,31,30,
34.9487,31,29,33,25,
34.95,19,29,22,28,
34.9514,12,29,17,25,
34.9528,9,17,8,29,
34.9541,3,9,19,20,
34.9554,1,14,9,23,
34.9568,1,14,9,23,
34.9582,-8,11,15,20,
34.9595,18,21,17,20,
34.9609,29,25,20,27,
34.9622,29,21,21,39,
34.9636,23,26,32,36,
34.9649,22,26,32,29,
34.9663,22,26,32,29,
34.9676,32,23,29,19,
34.969,9,26,24,24,
34.9703,12,28,23,25,
34.9717,16,28,16,25,
34.973,-1,10,9,22,
34.9743,-9,17,8,26,
34.9757,-9,17,8,26,
34.977,18,28,29,26,
34.9784,30,29,31,25,
34.9797,25,22,32,30,
34.9811,36,28,36,34,
34.9825,32,29,31,30,
34.9839,28,23,22,27,
34.9853,22,23,30,31,
34.9866,15,23,17,13,
34.988,19,12,22,14,
34.9893,19,12,22,14,
34.9906,5,7,24,17,
34.992,5,7,24,17,
34.9933,9,15,24,17,
34.9946,7,14,16,25,
34.996,18,29,17,35,
34.9974,33,28,23,27,
34.9987,35,20,29,20,
35.0001,27,31,25,27,
35.0015,26,33,23,20,
35.0028,12,20,24,29,
35.0041,5,14,17,22,
35.0054,7,25,25,22,
35.0068,7,18,13,29,
35.0081,-1,18,14,30,
35.0095,11,18,22,18,
35.0108,18,13,22,20,
35.0122,35,22,16,23,
35.0135,37,27,31,35,
35.0149,40,32,29,27,
35.0162,21,35,29,15,
35.0176,21,35,29,15,
35.019,23,25,33,24,
35.0204,20,22,23,29,
35.0217,10,22,19,14,
35.0231,3,17,21,13,
35.0244,6,2,12,5,
35.0258,6,2,12,5,
35.0272,14,21,11,25,
35.0286,22,24,19,23,
35.0299,32,19,24,25,
35.0313,34,27,36,34,
35.0327,34,27,36,34,
35.034,35,31,43,39,
35.0354,37,29,38,40,
35.0367,37,17,30,24,
35.038,29,22,28,20,
35.0394,22,28,25,17,
35.0407,-3,19,17,28,
35.0421,-1,3,9,19,
35.0435,-1,3,9,19,
35.0448,4,16,19,10,
35.0462,14,23,21,11,
35.0476,14,23,21,11,
35.049,31,40,37,32,
35.0503,42,40,38,38,
35.0517,42,40,38,38,
35.053,30,24,26,37,
35.0544,16,17,24,30,
35.0558,5,16,26,30,
35.0572,2,19,15,20,
35.0586,0,19,9,25,
35.0599,0,19,9,25,
35.0612,0,19,9,25,
35.0626,19,12,23,13,
35.0641,18,13,24,25,
35.0654,16,26,26,33,
35.0668,29,31,27,25,
35.0682,24,37,28,22,
35.0696,27,31,22,32,
35.071,24,20,27,38,
35.0723,17,21,19,23,
35.0737,17,21,19,23,
35.0751,14,18,20,13,
35.0764,7,15,22,19,
35.0778,10,7,25,23,
35.0792,16,4,24,26,
35.0805,15,19,23,28,
35.0819,22,28,30,36,
35.0833,29,27,34,25,
35.0847,32,25,34,25,
35.086,22,25,39,22,
35.0873,27,26,29,19,
35.0887,27,26,29,19,
35.09,25,26,19,21,
35.0914,21,31,22,17,
35.0927,15,6,34,23,
35.094,6,8,21,10,
35.0954,6,8,21,10,
35.0967,-2,17,21,31,
35.0981,9,31,20,32,
35.0994,17,39,22,34,
35.1008,24,38,20,27,
35.1022,32,26,28,27,
35.1035,32,26,28,27,
35.1049,29,23,25,19,
35.1062,31,27,23,17,
35.1075,15,18,15,15,
35.1089,7,23,17,15,
35.1102,1,23,29,25,
35.1116,1,23,29,25,
35.1129,5,30,19,23,
35.1143,8,16,9,26,
35.1157,17,26,22,22,
35.117,32,32,22,30,
35.1184,23,23,25,23,
35.1198,33,34,27,23,
35.1211,33,34,27,23,
35.1225,30,44,30,25,
35.1238,26,26,26,27,
35.1251,22,21,25,31,
35.1265,10,17,29,34,
35.1278,11,27,23,22,
35.1292,8,11,23,15,
35.1305,-5,2,13,18,
35.1319,8,5,18,14,
35.1333,45,26,35,20,
35.1347,44,31,31,23,
35.136,44,31,31,23,
35.1374,42,26,36,31,
35.1387,37,19,29,35,
35.1401,33,24,22,22,
35.1414,21,22,20,16,
35.1427,9,16,21,19,
35.1441,9,16,21,19,
35.1455,18,14,22,18,
35.1468,9,14,17,20,
35.1482,13,10,12,16,
35.1496,15,28,14,27,
35.151,36,36,28,32,
35.1524,36,36,28,32,
35.1537,36,36,28,32,
35.155,29,24,32,34,
35.1564,35,25,27,39,
35.1577,32,32,31,31,
35.1591,19,27,26,30,
35.1605,9,25,15,30,
35.1618,14,12,15,28,
35.1631,5,9,18,31,
35.1645,-3,27,26,23,
35.1658,6,25,18,22,
35.1672,14,25,24,24,
35.1685,19,29,26,25,
35.1699,23,35,35,32,
35.1712,23,35,35,32,
35.1726,21,38,35,29,
35.1739,30,29,34,22,
35.1753,20,29,31,20,
35.1766,20,29,31,20,
35.1779,15,23,30,18,
35.1792,17,27,23,18,
35.1806,-3,15,13,26,
35.182,1,19,12,26,
35.1834,16,17,25,23,
35.1847,16,17,25,23,
35.1861,24,25,31,24,
35.1874,33,27,35,31,
35.1888,37,31,25,39,
35.1901,25,29,32,31,
35.1914,23,32,38,22,
35.1928,32,22,35,15,
35.1941,25,15,17,18,
35.1955,24,26,15,27,
35.1969,5,16,21,21,
35.1983,5,16,21,21,
35.1996,3,16,24,13,
35.201,24,24,22,19,
35.2024,22,25,30,26,
35.2037,23,25,24,33,
35.2051,36,22,27,32,
35.2064,44,22,39,33,
35.2078,44,22,39,33,
35.2091,28,31,26,30,
35.2104,21,23,27,36,
35.2118,5,26,30,32,
35.2132,5,30,23,22,
35.2145,8,13,17,25,
35.2159,9,13,11,21,
35.2173,-2,11,17,20,
35.2186,18,18,22,15,
35.22,27,27,21,28,
35.2213,27,27,21,28,
35.2227,37,32,31,19,
35.224,37,32,31,19,
35.2253,26,24,28,21,
35.2267,22,24,19,25,
35.2281,9,21,33,15,
35.2294,6,13,25,27,
35.2308,3,21,23,26,
35.2322,8,13,13,21,
35.2335,-2,13,17,17,
35.2349,-11,9,20,24,
35.2363,11,20,18,24,
35.2376,31,36,18,18,
35.239,36,46,19,20,
35.2403,34,32,24,25,
35.2417,33,28,30,31,
35.2431,28,27,38,30,
35.2445,22,19,35,36,
35.2458,17,15,24,32,
35.2472,3,11,27,24,
35.2485,-5,13,21,30,
35.2498,0,0,15,20,
35.2512,0,0,15,20,
35.2526,-3,5,20,22,
35.254,19,21,29,33,
35.2554,29,31,27,29,
35.2568,21,36,31,36,
35.2581,23,42,36,36,
35.2595,20,32,35,26,
35.2609,25,29,26,17,
35.2623,20,24,13,22,
35.2637,7,16,15,25,
35.2651,7,16,15,25,
35.2665,6,9,14,24,
35.2679,6,9,14,24,
35.2692,-1,3,20,18,
35.2705,17,21,26,25,
35.2719,27,37,31,27,
35.2733,35,35,26,30,
35.2746,32,39,26,35,
35.276,32,39,26,35,
35.2774,32,39,26,35,
35.2787,27,42,26,32,
35.2801,13,35,32,35,
35.2815,8,35,25,33,
35.2828,7,30,18,32,
35.2842,5,23,14,21,
35.2856,-12,7,13,19,
35.287,0,15,21,19,
35.2883,14,19,30,18,
35.2897,35,21,34,35,
35.2911,32,15,25,38,
35.2924,41,26,27,35,
35.2938,41,26,27,35,
35.2951,36,26,27,36,
35.2965,21,23,29,37,
35.2978,1,11,23,32,
35.2991,3,7,24,29,
35.3005,15,8,21,29,
35.3018,7,9,23,26,
35.3032,7,1,17,17,
35.3045,18,18,17,17,
35.3058,18,30,16,24,
35.3072,29,31,22,27,
35.3085,26,34,23,33,
35.3098,24,26,32,30,
35.3112,33,26,42,24,
35.3125,24,32,41,25,
35.3139,23,29,29,27,
35.3153,11,15,34,22,
35.3167,2,11,32,22,
35.318,-11,1,23,18,
35.3194,1,2,20,23,
35.3207,1,2,20,23,
35.3221,4,14,15,19,
35.3234,13,15,16,20,
35.3248,26,29,38,24,
35.3261,22,24,35,25,
35.3275,36,33,35,30,
35.3288,40,29,29,26,
35.3302,35,36,23,32,
35.3315,34,29,22,30,
35.3329,15,19,29,20,
35.3342,7,16,24,27,
35.3356,6,11,26,18,
35.337,-1,7,15,14,
35.3383,-5,5,14,21,
35.3397,-2,6,21,16,
35.3411,18,13,28,24,
35.3425,37,16,22,29,
35.3439,34,13,23,25,
35.3452,22,22,29,16,
35.3466,26,26,25,21,
35.348,17,18,22,30,
35.3494,17,18,22,30,
35.3507,10,2,27,24,
35.3521,0,4,28,20,
35.3535,1,2,24,20,
35.3548,-3,18,22,19,
35.3562,-3,17,16,20,
35.3575,1,14,25,19,
35.3589,20,14,26,21,
35.3603,23,32,33,16,
35.3617,39,29,44,18,
35.363,39,29,44,18,
35.3644,20,20,38,22,
35.3657,20,20,38,22,
35.3671,18,20,35,30,
35.3685,12,9,36,25,
35.3698,17,12,32,27,
35.3711,17,12,32,27,
35.3725,-2,4,26,25,
35.3738,-1,9,27,22,
35.3752,13,19,27,27,
35.3765,18,18,35,27,
35.3779,22,16,37,23,
35.3793,32,36,37,23,
35.3806,32,36,37,23,
35.382,27,36,33,21,
35.3833,26,35,30,25,
35.3846,14,36,31,21,
35.386,16,26,24,17,
35.3874,11,18,18,16,
35.3887,11,18,18,16,
35.3901,9,26,15,20,
35.3915,-1,19,21,14,
35.3929,-1,19,21,14,
35.3942,27,17,17,16,
35.3956,29,27,30,30,
35.397,35,27,25,26,
35.3983,35,27,25,26,
35.3997,32,24,28,33,
35.401,35,18,28,22,
35.4023,12,19,22,17,
35.4037,16,13,24,16,
35.405,15,12,16,16,
35.4064,15,12,16,16,
35.4077,15,12,16,16,
35.409,-3,21,22,19,
35.4104,7,20,24,29,
35.4117,32,29,27,24,
35.4131,33,33,31,34,
35.4144,32,35,34,33,
35.4158,32,35,34,33,
35.4171,39,24,40,23,
35.4185,14,33,35,29,
35.4199,13,17,26,19,
35.4213,13,17,26,19,
35.4226,12,10,19,19,
35.4239,12,10,19,19,
35.4252,12,10,16,21,
35.4265,11,17,18,19,
35.4279,21,31,17,20,
35.4293,36,30,27,32,
35.4307,50,24,31,29,
35.432,37,19,33,28,
35.4334,24,24,31,27,
35.4346,32,31,23,34,
35.4359,5,11,15,28,
35.4373,5,11,15,28,
35.4386,5,9,14,18,
35.44,12,9,17,13,
35.4414,-5,12,11,13,
35.4427,-4,8,19,13,
35.4441,2,14,19,12,
35.4455,17,32,19,21,
35.4468,17,32,19,21,
35.4481,17,32,19,21,
35.4495,17,32,19,21,
35.4509,17,32,19,21,
35.4522,17,32,19,21,
35.4536,17,32,19,21,
35.455,3,13,7,24,
35.4563,3,13,7,24,
35.4577,15,10,15,29,
35.4592,0,4,17,26,
35.4606,3,0,22,19,
35.462,17,37,23,25,
35.4635,17,37,20,35,
35.4649,23,25,20,35,
35.4662,27,25,23,35,
35.4676,27,25,23,35,
35.469,29,18,30,33,
35.4704,30,15,20,25,
35.4719,17,19,11,28,
35.4734,11,17,21,21,
35.4748,-4,3,19,11,
35.4762,-4,3,19,11,
35.4776,-1,10,23,10,
35.479,1,21,16,10,
35.4804,8,26,21,19,
35.4817,28,20,32,33,
35.483,37,39,32,33,
35.4845,26,36,32,30,
35.4859,18,29,24,33,
35.4872,18,29,24,33,
35.4886,22,26,27,24,
35.49,12,30,24,22,
35.4913,16,15,25,22,
35.4927,-5,17,17,15,
35.494,3,7,13,23,
35.4954,-1,9,22,27,
35.4967,-3,21,24,26,
35.4981,10,30,33,25,
35.4995,32,22,37,29,
35.5009,33,27,41,33,
35.5022,23,25,22,30,
35.5035,23,25,22,30,
35.5049,30,26,18,27,
35.5062,29,13,21,23,
35.5076,24,18,21,23,
35.5089,0,12,21,22,
35.5102,-16,1,28,23,
35.5116,-1,6,23,27,
35.5129,11,11,20,19,
35.5143,34,28,17,17,
35.5156,30,28,13,25,
35.517,33,31,18,29,
35.5184,37,27,23,33,
35.5197,42,25,24,29,
35.5211,42,25,24,29,
35.5224,21,21,24,17,
35.5238,8,19,18,17,
35.5252,0,14,18,19,
35.5265,-13,23,16,14,
35.5279,-13,17,6,12,
35.5293,-13,17,6,12,
35.5307,21,22,15,18,
35.5321,39,28,23,21,
35.5334,29,26,28,28,
35.5348,39,26,28,38,
35.5361,32,21,31,31,
35.5375,32,21,31,31,
35.5389,20,21,25,33,
35.5402,18,34,25,33,
35.5416,21,18,24,28,
35.543,18,16,23,20,
35.5443,6,16,28,26,
35.5457,6,16,28,26,
35.5471,10,15,27,26,
35.5484,27,31,24,23,
35.5498,27,31,24,23,
35.5511,28,29,26,20,
35.5525,43,43,28,31,
35.5538,43,43,28,31,
35.5552,43,37,23,25,
35.5566,18,35,22,19,
35.5579,5,32,22,23,
35.5593,15,17,28,21,
35.5606,9,9,29,19,
35.562,-2,14,20,8,
35.5634,7,22,15,17,
35.5647,7,22,15,17,
35.5661,10,15,17,20,
35.5674,16,28,22,21,
35.5688,19,26,24,23,
35.5701,35,35,25,24,
35.5715,35,35,25,24,
35.5729,35,20,30,25,
35.5742,8,19,27,33,
35.5756,8,19,27,33,
35.577,6,29,17,28,
35.5783,2,26,15,29,
35.5797,4,14,15,24,
35.5812,4,14,15,24,
35.5825,2,22,12,17,
35.5839,10,30,20,31,
35.5852,20,32,22,26,
35.5866,37,29,29,23,
35.588,19,30,29,22,
35.5893,19,30,29,22,
35.5907,16,23,33,22,
35.5921,24,21,29,17,
35.5934,20,17,22,15,
35.5948,20,21,21,16,
35.5962,4,23,15,13,
35.5976,-1,19,10,13,
35.5989,3,22,8,20,
35.6003,10,20,16,24,
35.6017,29,22,25,34,
35.603,32,24,32,37,
35.6044,38,32,34,27,
35.6057,37,38,37,24,
35.607,37,38,37,24,
35.6084,26,34,42,29,
35.6097,17,38,25,16,
35.6111,12,32,26,16,
35.6124,4,24,19,27,
35.6138,4,24,19,27,
35.6152,8,17,15,20,
35.6166,10,11,14,21,
35.6179,5,6,19,25,
35.6192,20,30,34,20,
35.6206,28,38,32,23,
35.622,28,38,32,23,
35.6233,42,30,31,32,
35.6246,42,30,31,32,
35.626,33,26,35,29,
35.6273,22,23,28,23,
35.6286,13,14,23,24,
35.63,13,14,23,24,
35.6314,3,12,28,29,
35.6328,-3,17,17,8,
35.6341,10,11,22,5,
35.6355,31,21,29,24,
35.6368,44,27,26,22,
35.6382,32,30,24,18,
35.6396,31,42,32,17,
35.6409,28,48,37,19,
35.6423,14,30,37,21,
35.6436,14,29,23,20,
35.645,19,14,24,17,
35.6464,14,14,29,16,
35.6477,-1,15,32,22,
35.6491,4,14,26,18,
35.6507,3,26,21,14,
35.6521,13,26,28,20,
35.6535,28,19,27,33,
35.6549,26,26,26,37,
35.6563,23,33,33,36,
35.6576,21,25,29,35,
35.6591,21,24,22,35,
35.6604,15,19,16,23,
35.6618,3,10,6,24,
35.6631,12,18,21,33,
35.6646,2,17,24,26,
35.6659,9,3,21,10,
35.6675,12,-5,15,13,
35.6688,9,0,18,19,
35.6702,10,4,18,23,
35.6716,10,4,18,23,
35.6729,31,25,21,28,
35.6743,30,34,32,31,
35.6757,33,32,37,29,
35.677,28,21,27,22,
35.6784,28,11,31,25,
35.6797,15,13,34,29,
35.6811,8,17,26,20,
35.6825,1,16,14,18,
35.6839,4,19,19,17,
35.6852,14,12,23,16,
35.6866,14,12,23,16,
35.6879,34,32,20,33,
35.6893,30,38,24,38,
35.6907,30,38,24,38,
35.692,32,35,28,29,
35.6934,18,34,27,25,
35.6948,18,34,27,25,
35.6962,36,20,26,17,
35.6975,29,18,20,22,
35.6989,11,10,16,24,
35.7002,7,18,20,20,
35.7016,7,18,20,20,
35.703,1,19,23,14,
35.7043,24,24,37,20,
35.7057,26,34,28,22,
35.707,26,34,28,22,
35.7084,33,30,34,33,
35.7097,31,26,32,30,
35.7111,31,26,32,30,
35.7125,26,21,34,32,
35.7138,22,34,20,20,
35.7152,14,17,18,23,
35.7165,21,23,12,16,
35.7179,7,8,12,2,
35.7193,8,9,11,6,
35.7206,14,5,20,19,
35.722,23,13,20,23,
35.7233,23,33,26,20,
35.7247,23,33,26,20,
35.7261,24,33,23,27,
35.7274,38,31,35,30,
35.7288,33,34,31,27,
35.7302,30,31,26,25,
35.7315,8,26,22,28,
35.7329,12,24,23,31,
35.7343,12,24,23,31,
35.7357,-2,9,20,25,
35.737,13,16,19,23,
35.7384,13,20,10,25,
35.7398,22,29,21,23,
35.7411,38,34,25,31,
35.7425,44,35,22,24,
35.7439,44,35,22,24,
35.7453,33,34,36,26,
35.7466,23,22,33,25,
35.748,20,17,23,25,
35.7494,8,20,26,23,
35.7507,8,20,26,23,
35.7521,9,14,18,22,
35.7535,11,3,15,21,
35.7548,11,3,15,21,
35.7562,6,12,12,18,
35.7575,30,17,28,36,
35.7589,30,17,28,36,
35.7603,26,17,31,29,
35.7617,38,30,39,36,
35.7632,28,38,39,36,
35.7646,21,32,24,30,
35.766,16,21,30,29,
35.7673,-2,25,22,22,
35.7687,-2,25,22,22,
35.77,-7,21,13,23,
35.7714,3,23,9,16,
35.7727,4,22,14,12,
35.7741,31,36,30,13,
35.7755,40,39,32,17,
35.7768,40,39,32,17,
35.7782,45,33,29,23,
35.7805,25,27,35,25,
35.7818,30,21,31,20,
35.7832,30,21,31,20,
35.7846,12,16,21,17,
35.7859,12,16,21,17,
35.7872,13,10,16,18,
35.7886,4,12,18,13,
35.79,5,25,16,15,
35.7913,16,26,25,21,
35.7927,26,30,41,26,
35.794,29,17,42,33,
35.7954,26,27,35,25,
35.7968,27,30,25,20,
35.798,27,21,24,19,
35.7994,29,29,16,25,
35.8008,20,16,15,23,
35.8021,20,16,15,23,
35.8034,3,22,25,17,
35.8048,7,12,30,16,
35.8061,8,16,18,14,
35.8074,16,17,21,27,
35.8088,17,18,27,34,
35.8101,17,18,27,34,
35.8114,27,17,26,30,
35.8128,43,43,32,33,
35.8141,43,34,24,27,
35.8155,43,34,24,27,
35.8168,27,20,21,31,
35.8181,13,21,20,22,
35.8194,14,22,17,22,
35.8208,5,27,22,21,
35.8221,3,9,20,16,
35.8235,4,19,20,7,
35.8248,9,19,16,14,
35.8261,8,16,12,28,
35.8275,13,24,18,30,
35.8288,17,26,29,23,
35.8302,17,26,29,23,
35.8315,21,23,33,25,
35.8328,20,28,33,32,
35.8342,23,19,31,27,
35.8356,10,23,31,20,
35.8369,2,31,29,20,
35.8383,0,27,26,28,
35.8396,1,17,20,19,
35.841,-5,20,17,24,
35.8423,-5,20,17,24,
35.8437,11,15,21,27,
35.8451,22,19,29,24,
35.8465,30,24,31,29,
35.8479,30,24,31,29,
35.8493,31,32,41,28,
35.851,31,32,41,28,
35.8527,14,29,29,18,
35.8541,18,24,28,14,
35.8556,-5,12,20,23,
35.8569,-5,12,20,23,
35.8583,1,19,16,21,
35.8598,4,22,11,28,
35.8612,25,28,14,34,
35.8626,29,37,28,26,
35.864,27,31,32,19,
35.8654,45,27,38,20,
35.8668,38,28,41,21,
35.8683,16,25,21,36,
35.8697,16,25,21,36,
35.8711,13,18,13,24,
35.8724,13,18,13,24,
35.8738,15,11,9,24,
35.8751,3,4,12,15,
35.8765,11,13,19,12,
35.8778,19,17,26,8,
35.8792,32,31,35,26,
35.8806,32,31,35,26,
35.8819,40,21,38,33,
35.8834,40,21,38,33,
35.8847,34,19,31,21,
35.8861,13,28,36,18,
35.8875,13,34,36,17,
35.8889,13,22,22,13,
35.8902,13,22,22,13,
35.8916,4,10,12,18,
35.893,4,17,13,18,
35.8943,9,22,15,23,
35.8956,20,18,29,30,
35.897,29,20,28,25,
35.8983,29,20,28,25,
35.8997,30,22,30,22,
35.9011,27,38,25,26,
35.9024,20,25,29,27,
35.9037,27,15,22,25,
35.905,29,23,20,27,
35.9064,20,16,14,22,
35.9077,11,16,17,28,
35.909,6,11,14,27,
35.9104,3,10,13,20,
35.9117,14,14,22,28,
35.913,26,24,23,36,
35.9144,26,24,23,36,
35.9158,30,30,27,31,
35.9171,29,28,28,33,
35.9184,35,31,24,26,
35.9198,33,24,23,20,
35.9212,11,23,15,29,
35.9225,11,23,15,29,
35.924,14,27,26,24,
35.9255,7,15,20,9,
35.9268,-7,14,15,5,
35.9282,13,20,23,18,
35.9295,13,20,23,18,
35.9309,11,24,20,22,
35.9322,11,24,20,22,
35.9336,29,31,28,34,
35.9349,26,34,40,38,
35.9363,28,35,38,27,
35.9376,26,29,33,26,
35.939,22,24,29,32,
35.9404,3,24,32,19,
35.9417,8,12,17,22,
35.9432,11,4,20,16,
35.9446,-6,10,20,24,
35.9459,-7,9,13,18,
35.9473,4,20,20,17,
35.9486,4,20,20,17,
35.95,32,27,24,29,
35.9513,38,31,33,30,
35.9526,42,22,31,29,
35.9539,38,23,26,34,
35.9553,40,31,19,30,
35.9566,19,24,22,20,
35.9579,7,12,13,21,
35.9592,7,8,14,31,
35.9606,12,18,16,9,
35.9619,12,18,16,9,
35.9632,16,22,14,12,
35.9645,23,27,14,22,
35.9659,28,24,22,24,
35.9672,25,29,26,32,
35.9686,30,27,33,36,
35.9699,38,39,34,26,
35.9713,31,29,23,25,
35.9726,30,24,31,28,
35.9739,4,8,25,32,
35.9752,5,20,25,25,
35.9766,5,20,17,25,
35.978,5,20,17,25,
35.9794,2,23,19,25,
35.9807,12,18,19,27,
35.9821,12,18,19,27,
35.9834,37,25,21,27,
35.9848,33,32,17,30,
35.9862,33,32,17,30,
35.9875,37,34,21,20,
35.9889,37,33,32,19,
35.9902,29,36,28,21,
