2.81e-06,20,18,34,30,
0.0014408,15,19,33,27,
0.00273277,15,19,33,27,
0.00408271,15,19,33,27,
0.00539935,15,19,33,27,
0.00678041,15,19,33,27,
0.00821174,-4,15,15,30,
0.00968241,9,21,20,22,
0.0110011,39,31,16,25,
0.0123593,39,31,16,25,
0.0137217,34,31,19,33,
0.015051,24,37,28,34,
0.0164896,26,23,15,28,
0.0178908,26,23,15,28,
0.0193273,12,21,14,20,
0.0208101,1,17,17,22,
0.0221732,-8,8,22,27,
0.0235568,-3,4,30,22,
0.0249397,4,14,31,24,
0.0264115,4,14,31,24,
0.027769,11,24,30,22,
0.0290798,23,36,31,20,
0.0304562,23,36,31,20,
0.0318056,37,45,39,36,
0.0332734,21,25,30,42,
0.0347294,27,24,17,40,
0.0361373,19,19,9,40,
0.0376041,19,19,9,40,
0.0389401,4,20,8,29,
0.0402781,4,12,20,33,
0.0416098,12,5,23,32,
0.0430019,13,20,22,24,
0.0442973,26,20,24,28,
0.0457038,26,27,26,34,
0.0470585,26,27,26,34,
0.048406,44,26,32,29,
0.0499225,48,18,33,25,
0.0513252,48,16,23,28,
0.0526862,12,11,23,9,
0.0540886,3,16,22,19,
0.055406,-4,18,29,30,
0.0566989,2,8,16,25,
0.0580743,12,16,6,19,
0.0594433,18,12,12,24,
0.0608157,18,6,11,26,
0.0622406,27,35,29,44,
0.0637502,27,35,29,44,
0.0650763,27,35,29,44,
0.0664252,34,23,29,42,
0.0677172,18,29,29,34,
0.0690963,22,33,32,28,
0.0704804,23,25,23,20,
0.0718531,6,7,17,13,
0.0733843,-9,13,19,15,
0.0749766,-12,14,18,21,
0.0762971,-2,19,13,28,
0.0776819,13,19,20,26,
0.0790298,20,24,21,27,
0.0803762,31,21,30,38,
0.0817874,40,28,37,28,
0.0831131,40,30,30,23,
0.0844627,40,30,26,23,
0.0858585,30,16,21,29,
0.0873804,17,18,19,27,
0.0888757,17,18,19,27,
0.0903931,2,12,25,28,
0.0918081,12,3,25,29,
0.0931436,9,15,26,29,
0.0945119,8,21,17,27,
0.095946,16,27,20,26,
0.0973072,36,19,21,26,
0.0988261,45,33,31,22,
0.100611,45,33,31,22,
0.103913,29,35,29,30,
0.105362,29,35,29,30,
0.106787,29,35,29,30,
0.108139,29,35,29,30,
0.109602,29,35,29,30,
0.111106,29,35,29,30,
0.121897,12,13,16,27,
0.125833,-9,5,9,16,
0.12725,5,9,15,15,
0.128691,5,9,15,15,
0.130317,31,39,28,31,
0.132539,31,39,28,31,
0.134205,34,26,36,27,
0.135852,27,23,35,33,
0.137194,23,16,27,24,
0.138661,23,16,27,24,
0.14007,23,16,27,24,
0.141554,14,25,36,17,
0.143206,-3,18,30,20,
0.144662,4,7,6,18,
0.146137,4,7,6,18,
0.147566,14,29,18,23,
0.14897,14,29,18,23,
0.150439,14,29,18,23,
0.151813,14,29,18,23,
0.154805,14,29,18,23,
0.156306,14,29,18,23,
0.157687,24,21,31,30,
0.159116,27,32,31,33,
0.160712,19,30,28,26,
0.162417,19,30,28,26,
0.163976,-3,18,20,13,
0.165391,-3,18,20,13,
0.166842,-7,11,22,13,
0.168356,5,22,8,19,
0.169804,22,15,20,19,
0.171198,33,21,22,31,
0.1726,32,25,16,30,
0.174139,37,27,21,25,
0.175626,35,23,27,36,
0.177272,25,32,24,35,
0.178751,5,24,26,33,
0.180133,13,26,18,27,
0.181544,2,27,25,27,
0.182922,-7,20,18,25,
0.184257,-2,18,11,15,
0.185686,4,17,22,13,
0.187066,19,22,32,29,
0.188431,29,30,40,29,
0.189987,33,29,16,25,
0.191363,26,31,14,19,
0.192741,24,27,25,20,
0.194196,6,21,15,20,
0.195585,3,21,9,22,
0.196959,-2,12,16,20,
0.198363,3,10,15,28,
0.199743,4,14,19,35,
0.201171,19,19,29,27,
0.202629,31,27,26,21,
0.204021,35,32,25,28,
0.205398,34,37,23,32,
0.20686,26,30,23,34,
0.208185,20,16,26,36,
0.209703,18,26,30,27,
0.211115,8,21,21,25,
0.212485,8,21,21,25,
0.213893,-7,17,15,26,
0.215317,2,21,28,15,
0.216697,3,22,25,19,
0.218119,25,20,42,26,
0.219513,31,32,38,37,
0.220959,34,34,37,33,
0.222429,23,17,22,21,
0.223818,23,17,22,21,
0.225118,19,21,18,22,
0.226538,8,20,14,23,
0.228433,10,12,19,23,
0.229909,1,13,17,24,
0.231388,-1,13,16,22,
0.232757,29,24,27,30,
0.234202,33,27,28,37,
0.235533,33,34,28,31,
0.236837,33,34,28,31,
0.238297,37,32,28,29,
0.239712,32,34,27,28,
0.240999,6,30,21,27,
0.24239,-5,28,25,29,
0.243745,-7,26,30,26,
0.245079,0,21,17,20,
0.246524,6,26,12,22,
0.247904,16,26,22,36,
0.249286,20,24,32,30,
0.250787,26,30,38,22,
0.252181,30,41,37,33,
0.253501,21,42,25,35,
0.254942,28,20,22,31,
0.256273,14,27,26,22,
0.257643,7,16,20,30,
0.259059,6,18,14,22,
0.260456,-1,16,9,16,
0.261827,6,8,20,18,
0.263188,23,14,32,24,
0.264543,33,17,28,30,
0.265958,36,26,28,34,
0.267342,38,33,39,38,
0.268702,43,30,44,30,
0.270146,23,12,26,27,
0.271531,15,12,24,29,
0.272981,13,10,13,26,
0.274566,2,8,14,21,
0.275998,5,6,22,21,
0.277403,20,11,20,33,
0.278918,20,11,20,33,
0.280478,23,21,17,35,
0.282023,28,20,23,37,
0.283401,30,26,22,38,
0.284752,21,16,28,31,
0.286146,4,11,18,32,
0.287499,-1,26,24,24,
0.288876,-2,13,24,28,
0.290363,-2,13,24,28,
0.291806,6,3,19,33,
0.293193,17,19,9,32,
0.294633,20,24,11,25,
0.296038,25,33,15,19,
0.297955,22,21,28,19,
0.299424,18,17,32,40,
0.300807,26,19,18,30,
0.302193,27,23,27,18,
0.30356,15,29,31,10,
0.304959,6,18,18,8,
0.306376,-15,7,7,15,
0.307779,-5,3,14,19,
0.309212,7,4,20,24,
0.310651,22,26,27,32,
0.312012,39,30,29,33,
0.313409,45,22,28,37,
0.314968,31,39,25,38,
0.316361,30,27,18,32,
0.317831,13,16,16,30,
0.319236,11,19,31,33,
0.320638,5,20,20,25,
0.32203,5,20,20,25,
0.323434,13,10,25,16,
0.324813,21,22,34,24,
0.326254,16,13,23,36,
0.327791,20,30,32,22,
0.329212,36,42,35,27,
0.330661,33,36,31,27,
0.332077,21,36,23,28,
0.333494,13,31,17,31,
0.335023,5,22,21,28,
0.336425,12,21,19,25,
0.337856,4,15,25,23,
0.339305,-1,19,13,32,
0.340811,25,7,33,31,
0.342275,28,17,33,24,
0.343679,22,26,23,31,
0.345071,33,33,30,26,
0.346517,32,29,22,33,
0.347914,31,22,23,41,
0.3493,8,25,15,24,
0.350783,15,32,24,21,
0.352231,4,19,13,27,
0.353689,-5,20,19,23,
0.355101,-13,29,17,20,
0.356515,16,23,17,20,
0.357973,18,20,29,28,
0.359357,26,16,28,31,
0.360736,28,26,19,26,
0.362136,24,22,19,22,
0.363524,29,21,16,25,
0.364882,14,15,18,23,
0.366415,14,15,18,23,
0.367822,14,15,18,23,
0.369221,7,9,22,30,
0.370627,2,24,29,21,
0.372005,4,21,25,21,
0.3735,22,38,34,26,
0.37508,22,38,34,26,
0.376535,25,37,21,30,
0.378021,25,37,21,30,
0.379426,28,31,24,38,
0.380839,23,25,21,31,
0.382283,24,23,13,30,
0.383707,15,25,11,24,
0.385086,16,15,22,23,
0.386641,8,2,26,21,
0.388046,0,3,21,24,
0.389434,-2,14,12,16,
0.391175,22,33,32,16,
0.392561,21,35,36,18,
0.393969,29,30,26,30,
0.395388,25,34,25,36,
0.396796,25,34,25,36,
0.398354,23,16,22,30,
0.399819,23,16,22,30,
0.401229,1,16,30,26,
0.402691,-4,9,20,13,
0.404177,-12,6,11,21,
0.405699,0,20,27,30,
0.407067,3,22,29,31,
0.408388,24,20,21,32,
0.409721,18,22,22,36,
0.411108,22,32,22,31,
0.412461,22,32,22,31,
0.414045,32,33,36,24,
0.415463,23,27,21,26,
0.416861,13,27,22,17,
0.418302,2,13,16,25,
0.419696,2,13,16,25,
0.421085,2,14,6,30,
0.422557,2,14,6,30,
0.424038,17,22,12,23,
0.425485,18,38,15,29,
0.427013,22,41,30,39,
0.428437,32,36,29,34,
0.429889,37,31,32,36,
0.431288,34,31,35,31,
0.432654,25,19,36,22,
0.434197,22,13,29,22,
0.435646,11,17,14,24,
0.437014,7,12,12,23,
0.438444,0,13,5,22,
0.43982,-1,14,5,18,
0.441216,4,16,15,27,
0.442656,18,22,20,27,
0.444034,27,33,35,21,
0.445432,38,29,25,31,
0.446907,38,29,25,31,
0.448311,38,29,25,31,
0.449793,43,29,26,30,
0.451302,22,34,29,34,
0.452685,18,25,29,23,
0.45411,9,14,22,18,
0.455455,5,15,20,21,
0.456799,0,11,28,29,
0.45821,8,5,29,28,
0.459612,8,5,29,28,
0.461069,4,17,28,35,
0.462556,21,34,33,27,
0.463977,28,35,40,32,
0.465477,19,30,33,35,
0.466887,18,30,20,34,
0.468247,18,30,20,34,
0.469715,18,30,20,34,
0.471111,11,22,7,28,
0.472464,6,20,17,28,
0.473894,4,18,18,21,
0.47532,14,11,24,26,
0.476813,19,17,24,26,
0.478297,17,23,27,33,
0.479728,17,23,27,33,
0.481112,17,30,28,36,
0.482575,36,35,38,36,
0.48403,32,28,24,32,
0.485444,15,29,29,26,
0.486888,3,22,29,33,
0.488305,-2,21,15,25,
0.489753,1,8,20,12,
0.491187,1,8,20,12,
0.49262,4,5,19,15,
0.494063,8,12,24,24,
0.495453,27,15,20,27,
0.49676,35,14,17,28,
0.498223,26,24,17,34,
0.49963,24,29,23,26,
0.501038,18,17,24,32,
0.502481,13,28,18,28,
0.503922,10,28,17,34,
0.50544,13,14,22,32,
0.506904,-9,0,21,19,
0.508282,-2,8,26,12,
0.509714,-2,8,26,12,
0.511111,14,29,25,20,
0.51251,24,21,32,24,
0.513933,17,23,31,36,
0.515339,32,33,28,37,
0.51676,29,35,24,35,
0.518241,25,30,24,31,
0.51975,20,32,27,20,
0.52142,14,26,30,19,
0.52301,7,29,25,24,
0.524416,5,19,20,12,
0.525852,12,18,8,10,
0.527365,13,7,14,13,
0.529059,3,16,29,28,
0.530632,18,22,35,35,
0.532193,25,32,20,26,
0.533666,38,34,26,28,
0.535157,38,34,26,28,
0.536591,23,20,30,28,
0.538082,23,26,22,29,
0.53949,5,18,28,25,
0.54092,1,28,17,18,
0.542366,1,28,17,18,
0.54391,-3,15,11,22,
0.54537,2,20,23,24,
0.546871,24,19,26,32,
0.548233,28,21,23,29,
0.549714,37,26,24,33,
0.551057,34,29,36,30,
0.552437,34,29,36,30,
0.553889,23,39,29,36,
0.555308,12,32,23,35,
0.556687,1,9,18,36,
0.558112,5,8,10,36,
0.559488,4,-1,8,31,
0.560893,1,4,7,24,
0.562333,0,21,22,19,
0.563729,0,21,22,19,
0.565129,32,31,30,21,
0.566544,33,30,31,26,
0.567949,34,33,26,23,
0.5694,23,31,23,26,
0.570805,19,25,15,28,
0.572228,19,25,15,28,
0.573749,18,20,21,28,
0.575154,5,13,18,29,
0.576544,7,15,15,33,
0.578012,7,6,24,28,
0.579496,5,13,30,31,
0.580922,18,29,26,34,
0.582364,26,21,24,37,
0.583755,30,25,32,34,
0.585222,30,25,32,34,
0.586694,35,22,26,34,
0.588191,19,22,26,21,
0.589657,19,13,22,19,
0.591044,7,19,11,15,
0.592419,7,19,11,15,
0.593968,11,7,11,30,
0.595365,11,7,11,30,
0.596736,5,4,11,24,
0.59817,4,27,30,23,
0.599553,17,37,30,27,
0.600921,22,33,22,31,
0.602356,24,30,20,31,
0.603766,37,28,17,29,
0.605163,14,12,30,33,
0.60661,20,14,30,27,
0.607963,20,14,30,27,
0.609349,16,6,22,24,
0.610783,3,9,16,15,
0.61219,3,9,16,15,
0.613617,13,22,15,23,
0.615,11,25,24,21,
0.616405,20,24,22,31,
0.617871,29,28,22,28,
0.619318,21,26,34,33,
0.620802,21,26,34,33,
0.622338,20,31,30,31,
0.623775,32,26,19,35,
0.625164,22,28,20,24,
0.626597,14,30,16,22,
0.627985,2,24,17,22,
0.629401,0,9,21,23,
0.630912,14,14,22,16,
0.632308,14,19,19,8,
0.63376,9,24,26,17,
0.635171,24,31,26,24,
0.63655,28,31,34,25,
0.638026,41,27,24,31,
0.639444,36,30,23,30,
0.640836,25,25,30,29,
0.64235,7,26,30,23,
0.643746,7,26,30,23,
0.645199,3,28,20,20,
0.646716,-2,23,13,15,
0.648114,5,14,29,16,
0.649579,12,13,28,14,
0.651037,27,28,27,19,
0.652388,21,32,24,27,
0.653855,23,37,33,24,
0.655238,23,37,33,24,
0.656613,31,18,25,31,
0.658061,28,31,32,26,
0.659533,14,28,26,18,
0.661003,11,15,23,28,
0.662575,6,24,16,25,
0.664021,6,24,16,25,
0.665431,0,19,15,28,
0.666826,8,18,34,22,
0.668175,17,15,40,23,
0.669644,27,18,32,27,
0.671142,31,24,19,22,
0.672581,39,27,25,26,
0.673985,37,27,27,34,
0.67538,21,16,24,26,
0.676801,21,16,24,26,
0.678296,10,0,29,31,
0.679708,6,14,22,27,
0.681174,-8,7,5,28,
0.682777,5,17,4,27,
0.684223,6,30,13,17,
0.685682,33,32,25,20,
0.687064,37,32,35,32,
0.688407,24,22,31,31,
0.689826,16,19,20,27,
0.691224,16,19,20,27,
0.692589,16,16,21,21,
0.694037,21,21,20,22,
0.695433,13,21,16,30,
0.696798,4,23,18,24,
0.698321,1,21,23,20,
0.699751,1,21,23,20,
0.701148,9,21,20,23,
0.702552,25,22,29,29,
0.703967,25,22,29,29,
0.705358,29,32,40,30,
0.706799,34,35,44,30,
0.708175,41,34,42,32,
0.70958,24,17,30,33,
0.710987,10,22,23,30,
0.712418,10,22,23,30,
0.713843,11,14,20,13,
0.71533,11,14,20,13,
0.716719,1,19,8,19,
0.718116,12,15,21,22,
0.719506,17,15,29,28,
0.720883,27,32,39,31,
0.722257,27,32,39,31,
0.7236,32,31,28,33,
0.724961,31,24,20,21,
0.726331,31,24,20,21,
0.727708,18,19,21,18,
0.729063,11,20,20,18,
0.730512,0,13,13,29,
0.731885,13,17,21,27,
0.733261,-6,23,28,22,
0.734692,2,8,18,23,
0.736164,5,9,23,22,
0.737761,23,21,27,25,
0.739194,23,21,27,25,
0.740545,25,23,32,29,
0.741962,26,22,32,29,
0.743366,23,33,33,31,
0.744737,23,15,32,29,
0.746338,12,20,24,22,
0.747938,13,26,27,23,
0.749369,8,20,24,25,
0.750833,8,20,24,25,
0.752227,-2,20,21,21,
0.753656,0,14,27,30,
0.75507,28,32,40,35,
0.756383,36,31,29,36,
0.757757,36,27,28,29,
0.759142,19,21,28,35,
0.76049,19,21,28,35,
0.761933,7,27,25,21,
0.763376,9,25,16,18,
0.764737,13,19,23,23,
0.766129,6,14,27,25,
0.767493,1,10,19,29,
0.768964,4,18,20,32,
0.770434,4,18,20,32,
0.771817,8,21,31,27,
0.77324,31,18,36,27,
0.774627,33,34,34,30,
0.77603,39,41,27,24,
0.777418,28,34,29,19,
0.778883,23,27,29,22,
0.780253,18,23,25,32,
0.781673,9,27,23,24,
0.783058,7,12,21,24,
0.784417,3,10,10,20,
0.785876,-8,11,10,15,
0.787247,6,18,21,17,
0.788653,6,18,21,17,
0.790086,27,15,20,20,
0.791462,23,26,26,31,
0.792812,31,34,36,38,
0.794368,26,31,36,30,
0.795801,12,27,15,30,
0.797211,15,14,22,35,
0.798663,15,14,22,35,
0.800021,15,25,29,26,
0.801374,15,25,29,26,
0.802764,5,15,15,25,
0.804121,7,13,9,25,
0.805572,14,23,14,19,
0.807077,18,26,21,25,
0.80841,33,22,21,29,
0.80979,33,22,21,29,
0.811293,33,22,21,29,
0.812701,29,21,31,30,
0.814349,22,29,33,35,
0.81574,22,28,34,39,
0.817088,5,11,25,27,
0.81846,-1,15,25,22,
0.819816,7,19,12,19,
0.821235,0,17,14,23,
0.822843,8,11,25,21,
0.824291,21,20,18,25,
0.825778,31,17,13,36,
0.827216,33,34,26,34,
0.828596,21,25,26,31,
0.829982,15,21,25,27,
0.831335,15,21,25,27,
0.832713,7,20,19,22,
0.83422,7,20,19,22,
0.83563,20,27,18,25,
0.836996,13,9,23,25,
0.838426,0,0,11,29,
0.83984,4,9,8,27,
0.841351,24,22,14,20,
0.842798,35,34,30,34,
0.84414,33,27,37,34,
0.845513,33,34,38,28,
0.846871,33,34,38,28,
0.84818,25,27,21,27,
0.849539,9,23,20,28,
0.850931,5,11,16,23,
0.8523,5,10,19,21,
0.85374,1,8,21,21,
0.855128,0,12,15,32,
0.856472,0,12,15,32,
0.857877,14,22,18,31,
0.859298,27,24,24,28,
0.860746,26,18,26,30,
0.862164,23,26,22,31,
0.863561,30,28,20,38,
0.864927,23,38,28,34,
0.866286,15,28,20,36,
0.867743,10,21,12,32,
0.869251,10,21,12,32,
0.870686,0,25,15,19,
0.872201,-12,23,15,11,
0.873651,-5,9,22,25,
0.875024,11,6,24,24,
0.876359,22,13,26,33,
0.877855,18,17,30,31,
0.879328,29,22,24,27,
0.880707,24,16,26,28,
0.882098,13,32,24,30,
0.883506,18,33,25,28,
0.884862,14,18,17,21,
0.886343,5,9,16,23,
0.887808,-1,4,26,20,
0.889283,-3,18,30,19,
0.890763,10,18,23,17,
0.892113,18,18,21,20,
0.893495,23,14,24,19,
0.894884,37,12,21,29,
0.896233,43,26,26,32,
0.897599,36,35,40,26,
0.899043,28,32,36,24,
0.900453,29,22,29,21,
0.902003,2,23,13,28,
0.903428,2,23,13,28,
0.904851,6,20,12,30,
0.906223,2,0,12,27,
0.907533,0,0,10,22,
0.908866,0,0,10,22,
0.910253,20,18,24,26,
0.911564,39,22,16,39,
0.912912,40,25,22,35,
0.914282,28,32,29,27,
0.915655,35,23,32,27,
0.917023,35,23,32,27,
0.918449,11,14,31,24,
0.919847,11,14,31,24,
0.921221,9,11,31,19,
0.922682,-3,18,23,32,
0.924088,-5,11,23,31,
0.925603,-1,22,12,24,
0.927044,3,17,16,20,
0.928429,16,18,25,25,
0.9299,25,23,23,36,
0.931451,36,23,22,36,
0.93284,42,25,26,41,
0.934316,24,31,23,29,
0.935693,22,28,29,24,
0.936995,22,28,29,24,
0.938289,17,9,29,22,
0.939734,9,15,29,26,
0.941181,6,19,21,16,
0.942622,1,10,17,21,
0.943993,4,24,11,32,
0.945364,4,24,11,32,
0.946855,19,35,15,37,
0.948241,28,24,24,27,
0.949774,22,38,30,33,
0.951144,21,23,30,32,
0.952525,19,17,29,32,
0.953915,13,23,21,36,
0.955249,13,23,21,36,
0.956589,13,23,21,36,
0.958041,5,10,25,25,
0.959482,-2,20,26,31,
0.960861,-10,27,17,26,
0.962272,33,15,13,19,
0.96377,33,15,13,19,
0.96525,27,18,24,29,
0.966814,30,19,32,33,
0.96818,30,19,32,33,
0.969563,36,23,25,31,
0.970902,39,34,19,27,
0.972274,39,34,19,27,
0.973811,4,16,20,25,
0.9753,4,16,20,25,
0.976718,5,13,8,29,
0.978186,3,1,13,13,
0.979573,5,-1,24,11,
0.980921,11,2,25,20,
0.98226,11,2,25,20,
0.983714,11,2,25,20,
0.985142,11,2,25,20,
0.986671,11,2,25,20,
0.988094,11,2,25,20,
0.989628,11,2,25,20,
0.991012,6,17,26,17,
0.992359,11,3,19,15,
0.993775,0,7,8,13,
0.995181,2,11,11,9,
0.996622,13,20,17,10,
0.998083,19,20,23,24,
0.99949,25,26,23,26,
1.00083,32,44,36,28,
1.00225,37,33,28,32,
1.00366,37,33,28,32,
1.00505,15,13,19,17,
1.00647,15,13,19,17,
1.00782,3,8,18,22,
1.00918,-3,18,15,16,
1.0106,-8,18,8,15,
1.01201,2,13,18,24,
1.0134,14,20,28,26,
1.01488,29,25,25,30,
1.01623,28,34,22,37,
1.01765,37,35,38,32,
1.01911,37,35,38,32,
1.02048,35,17,20,24,
1.02186,33,23,21,22,
1.02328,33,23,21,22,
1.02478,11,18,21,30,
1.02635,0,26,26,27,
1.02779,3,16,19,29,
1.02916,1,11,17,29,
1.03055,2,20,17,22,
1.03194,23,25,21,26,
1.0333,23,25,21,26,
1.0347,37,25,35,30,
1.03605,33,27,29,34,
1.03742,25,27,20,27,
1.03886,14,29,29,30,
1.04023,13,25,26,29,
1.04165,18,17,28,22,
1.04304,17,10,18,23,
1.04435,-2,6,7,21,
1.04576,-2,7,14,23,
1.04714,5,7,25,19,
1.04852,13,9,30,16,
1.05006,17,19,28,22,
1.05145,24,26,21,31,
1.05283,34,30,20,27,
1.05418,27,28,17,22,
1.05557,22,21,26,31,
1.05693,20,18,26,20,
1.05838,20,18,26,20,
1.05979,20,18,26,20,
1.06114,13,19,12,24,
1.06257,1,18,12,19,
1.06396,-6,15,18,19,
1.06536,-3,18,18,25,
1.06677,7,24,29,29,
1.06819,7,24,29,29,
1.06963,22,23,22,34,
1.07101,37,24,23,34,
1.07238,35,18,35,27,
1.07383,30,22,34,26,
1.0752,19,17,23,34,
1.07658,19,17,23,34,
1.07807,3,18,24,23,
1.07949,7,13,15,17,
1.08084,12,16,8,19,
1.08228,14,22,17,23,
1.08368,33,19,20,35,
1.08504,46,25,23,40,
1.08653,46,25,23,40,
1.0879,28,18,17,36,
1.08929,25,36,24,34,
1.09075,15,36,23,24,
1.09215,15,29,29,15,
1.09362,12,10,19,17,
1.09498,16,17,16,15,
1.09637,16,17,16,15,
1.0978,3,19,18,11,
1.09921,8,25,19,20,
1.10059,14,11,17,30,
1.10197,33,24,16,24,
1.10335,36,25,19,29,
1.10469,28,37,25,40,
1.10604,35,28,17,33,
1.10737,42,24,24,23,
1.10869,24,16,27,15,
1.11006,-2,13,23,16,
1.11135,0,22,14,17,
1.11271,0,22,14,17,
1.11409,3,22,7,17,
1.11544,10,23,16,18,
1.11678,14,26,17,22,
1.11815,26,17,15,32,
1.11952,30,23,17,35,
1.12084,28,38,22,32,
1.12216,39,39,32,28,
1.12349,26,27,25,28,
1.12482,25,23,21,23,
1.12615,18,23,15,30,
1.12747,18,23,15,30,
1.12881,13,20,24,21,
1.13013,18,14,17,16,
1.13151,4,15,14,12,
1.13287,2,21,28,18,
1.13425,2,21,28,18,
1.13562,2,21,28,18,
1.13698,18,26,30,31,
1.13838,16,28,38,31,
1.13975,22,25,33,23,
1.14111,19,29,26,32,
1.14248,19,29,26,32,
1.14386,26,29,22,24,
1.14524,19,32,22,22,
1.14666,18,7,13,31,
1.14803,4,7,16,27,
1.14942,8,22,22,27,
1.15083,8,22,22,27,
1.15219,12,14,20,25,
1.1536,29,24,16,37,
1.15498,37,22,13,35,
1.15637,28,25,21,29,
1.1578,35,29,23,38,
1.15916,24,27,32,37,
1.16053,24,27,32,37,
1.16193,10,34,29,24,
1.16332,3,19,18,27,
1.16466,5,6,24,31,
1.16604,13,10,23,28,
1.16743,0,11,16,23,
1.16878,19,10,20,28,
1.17025,34,15,27,24,
1.17161,32,31,32,25,
1.17297,24,35,32,34,
1.17442,16,24,22,28,
1.1758,28,32,19,35,
1.17714,28,32,19,35,
1.17853,28,32,19,35,
1.1799,22,23,24,24,
1.18127,19,14,22,13,
1.18269,7,10,19,13,
1.1841,-3,13,21,26,
1.18543,-2,9,28,22,
1.18674,-2,9,28,22,
1.18809,18,28,22,21,
1.18947,24,33,19,31,
1.191,27,42,32,28,
1.19233,38,39,32,28,
1.19377,30,29,29,24,
1.19523,30,29,29,24,
1.19666,19,20,24,27,
1.19805,-1,11,22,22,
1.19941,-3,10,13,24,
1.20078,2,22,17,23,
1.20229,6,29,17,22,
1.20365,8,26,20,17,
1.20499,11,23,20,22,
1.20637,11,23,20,22,
1.20774,22,28,29,23,
1.20916,39,32,28,35,
1.21056,34,33,27,29,
1.21193,17,31,29,27,
1.21333,26,19,30,20,
1.21488,12,10,27,19,
1.21629,6,7,26,24,
1.21771,6,9,17,21,
1.21926,-2,9,17,21,
1.22081,3,20,26,19,
1.22224,9,19,31,25,
1.22363,31,23,30,38,
1.225,38,29,28,34,
1.22643,33,23,32,28,
1.22791,19,37,23,23,
1.22926,19,37,23,23,
1.23071,28,20,15,30,
1.2321,18,17,12,28,
1.23359,19,12,16,19,
1.23496,14,16,15,8,
1.2363,10,18,8,10,
1.23773,2,16,12,13,
1.23914,19,13,16,29,
1.24052,16,21,16,33,
1.24189,16,21,16,33,
1.24325,25,18,26,34,
1.24461,38,16,34,35,
1.24606,29,14,27,34,
1.24745,16,20,22,32,
1.24883,16,23,29,23,
1.25028,9,18,34,20,
1.25164,4,10,32,27,
1.25301,-2,6,20,23,
1.25451,9,20,19,23,
1.25596,16,17,19,22,
1.25734,19,20,18,17,
1.25883,34,32,20,26,
1.26025,29,30,31,30,
1.26175,36,27,31,31,
1.26315,39,26,25,25,
1.26454,21,28,15,19,
1.26595,21,28,15,19,
1.26727,7,22,22,32,
1.26861,13,14,23,26,
1.26994,-5,8,21,26,
1.2713,0,7,23,23,
1.27264,7,11,28,31,
1.27413,12,19,21,24,
1.27557,14,33,31,19,
1.27702,30,25,24,21,
1.2785,40,33,23,28,
1.27986,33,39,27,26,
1.28118,33,39,27,26,
1.28257,16,38,26,20,
1.28394,10,25,23,28,
1.2853,10,20,14,28,
1.28675,21,14,20,18,
1.28814,3,10,18,15,
1.28956,3,10,18,15,
1.29095,4,17,28,23,
1.29236,20,35,30,26,
1.29385,19,19,26,24,
1.29521,41,28,30,25,
1.29658,31,33,41,36,
1.29795,31,33,41,36,
1.2993,20,20,36,30,
1.3006,20,14,30,18,
1.30196,6,10,22,19,
1.30332,14,14,18,22,
1.30464,3,8,20,29,
1.30603,3,8,20,29,
1.30736,-6,18,26,18,
1.30873,16,26,23,27,
1.31007,16,26,23,27,
1.3114,30,29,22,28,
1.31276,41,22,30,35,
1.31417,46,32,37,41,
1.31553,35,35,38,39,
1.3169,22,28,25,33,
1.31824,11,19,18,21,
1.31959,14,8,25,21,
1.32101,21,9,22,16,
1.32237,0,10,23,18,
1.32377,0,10,23,18,
1.32516,-6,18,31,15,
1.32652,8,11,28,17,
1.32791,28,9,31,28,
1.32926,27,19,33,35,
1.33061,25,38,28,38,
1.33202,25,38,28,38,
1.33338,21,28,28,32,
1.33475,21,16,34,32,
1.33615,16,8,26,23,
1.33753,6,13,24,30,
1.33888,3,17,12,36,
1.34022,-1,15,9,35,
1.34157,-1,15,9,35,
1.34294,2,10,16,32,
1.34426,30,33,21,25,
1.34564,25,36,22,23,
1.34702,37,33,24,27,
1.34836,38,29,24,33,
1.34973,25,20,17,31,
1.3511,15,30,22,31,
1.35245,7,27,20,15,
1.35384,-2,17,16,17,
1.35519,-6,18,13,18,
1.35655,-6,18,13,18,
1.35794,1,20,16,18,
1.3593,0,22,11,23,
1.36066,4,23,9,23,
1.36201,24,36,31,23,
1.36334,31,40,36,29,
1.36472,31,40,36,29,
1.36608,29,40,49,20,
1.36744,32,42,37,17,
1.3688,14,21,26,28,
1.37018,14,23,29,28,
1.37154,14,23,29,28,
1.37289,18,17,30,27,
1.37425,9,4,22,19,
1.37557,-4,9,23,24,
1.37697,1,11,23,30,
1.37839,22,19,20,26,
1.37969,32,18,20,28,
1.38103,32,18,20,28,
1.38241,35,27,23,30,
1.38377,22,26,34,34,
1.38515,18,19,34,29,
1.38651,26,21,24,27,
1.38786,25,20,26,29,
1.38922,25,20,26,29,
1.39059,20,22,19,29,
1.39195,8,23,20,27,
1.39329,-6,27,20,25,
1.39469,2,30,21,22,
1.39609,2,30,21,22,
1.39743,19,38,26,32,
1.39879,16,27,31,38,
1.40019,31,26,30,35,
1.40156,28,32,25,27,
1.40293,21,25,29,16,
1.40423,21,25,29,16,
1.40559,6,22,25,13,
1.4069,11,16,23,11,
1.40824,0,15,20,13,
1.40962,-11,20,9,12,
1.411,5,20,21,19,
1.41235,17,14,22,20,
1.41373,17,14,22,20,
1.41508,35,25,29,30,
1.41646,32,30,29,32,
1.41779,21,29,35,34,
1.41921,29,30,36,35,
1.42064,25,23,26,33,
1.42226,16,21,26,33,
1.42372,9,17,20,23,
1.42509,10,13,18,22,
1.42653,-2,8,19,23,
1.42788,-6,9,21,26,
1.42925,-6,9,21,26,
1.43063,10,30,13,30,
1.43207,20,38,28,23,
1.43345,20,38,28,23,
1.43483,42,34,32,33,
1.43618,40,30,29,31,
1.43756,41,27,29,29,
1.43892,15,20,11,15,
1.44029,6,14,13,28,
1.44166,6,14,13,28,
1.44301,-15,8,10,15,
1.44434,-15,8,10,15,
1.44572,-10,7,17,20,
1.44707,11,18,16,37,
1.44834,34,31,14,40,
1.44968,34,31,14,40,
1.451,38,34,20,30,
1.45232,31,16,30,38,
1.45367,15,32,35,32,
1.45498,14,33,26,32,
1.45631,18,27,23,29,
1.45765,18,27,23,29,
1.45905,19,19,18,20,
1.46038,10,16,9,19,
1.46173,10,21,10,21,
1.46302,8,22,20,19,
1.46436,14,18,26,19,
1.46574,20,20,26,19,
1.4671,30,30,30,29,
1.46846,30,30,30,29,
1.46985,36,30,28,35,
1.47121,32,31,29,24,
1.47253,32,31,29,24,
1.4739,24,31,26,27,
1.47526,10,21,28,26,
1.47664,10,21,28,26,
1.47801,8,21,31,31,
1.47937,-4,5,15,20,
1.48072,0,4,22,21,
1.4821,21,19,25,28,
1.48345,38,38,26,26,
1.48483,40,40,32,26,
1.4862,32,41,25,31,
1.48755,23,44,16,29,
1.4889,21,16,32,28,
1.49028,21,16,32,28,
1.49164,21,20,22,20,
1.49297,22,23,26,16,
1.49429,8,12,17,16,
1.49564,6,1,6,23,
1.49699,17,14,18,20,
1.49836,5,19,25,30,
1.49971,18,24,24,33,
1.5011,18,24,24,33,
1.50247,42,25,25,28,
1.50385,42,25,25,28,
1.5052,40,28,24,33,
1.50654,19,15,37,26,
1.50791,12,9,17,34,
1.50926,12,9,17,34,
1.51063,-1,19,19,22,
1.51199,5,9,14,28,
1.51334,6,14,17,20,
1.51472,14,21,23,27,
1.51611,22,37,33,23,
1.51747,22,37,33,23,
1.51883,27,28,30,21,
1.52022,28,24,25,25,
1.52158,32,33,27,29,
1.52299,21,30,35,25,
1.52433,20,26,16,38,
1.52569,20,26,16,38,
1.52706,9,25,20,24,
1.52839,5,28,17,22,
1.52974,-6,22,14,18,
1.53109,10,21,13,13,
1.53245,8,11,14,17,
1.53384,9,15,21,16,
1.53526,9,15,21,16,
1.53657,20,18,20,24,
1.53788,36,18,27,32,
1.53919,41,23,26,39,
1.5405,32,24,17,31,
1.54185,19,16,19,26,
1.54314,8,24,18,28,
1.54452,1,19,20,22,
1.54593,-4,20,24,29,
1.54729,-5,19,20,20,
1.54862,3,20,8,15,
1.54997,3,20,8,15,
1.5513,15,13,8,25,
1.55262,21,13,25,23,
1.55396,39,19,29,20,
1.55526,42,20,33,28,
1.55662,34,29,39,32,
1.55798,27,32,27,28,
1.55937,27,32,27,28,
1.56072,16,13,25,19,
1.56205,1,9,23,20,
1.5634,4,18,25,25,
1.56472,-3,7,17,23,
1.56605,-3,7,17,23,
1.56737,-3,7,17,23,
1.56874,-6,16,15,28,
1.5701,22,25,28,34,
1.57143,15,38,31,34,
1.5728,35,44,31,37,
1.57415,29,29,26,36,
1.57551,29,29,26,36,
1.57687,19,23,26,40,
1.57827,17,25,21,20,
1.57965,13,12,16,19,
1.58104,13,12,16,19,
1.58236,2,4,18,20,
1.58372,-1,4,17,23,
1.58514,1,13,10,17,
1.58659,19,15,20,24,
1.58802,29,24,25,25,
1.58939,26,19,23,27,
1.5907,39,17,25,36,
1.59201,31,18,21,37,
1.59332,17,20,20,36,
1.59468,27,14,26,28,
1.59603,7,10,22,24,
1.59739,7,10,22,24,
1.59876,2,9,11,23,
1.60012,7,14,14,16,
1.60149,-5,16,19,24,
1.60285,1,21,16,30,
1.60424,32,24,28,32,
1.6056,37,31,21,32,
1.60696,36,34,30,25,
1.60828,36,34,30,25,
1.60963,36,24,37,33,
1.61098,24,32,31,35,
1.61231,7,24,24,31,
1.61369,4,13,18,24,
1.61505,16,13,18,19,
1.61637,-2,3,11,11,
1.61773,-2,3,11,11,
1.61915,10,1,20,28,
1.62052,6,3,19,31,
1.62197,5,13,15,31,
1.62335,16,25,31,35,
1.62468,27,32,37,26,
1.62612,32,39,26,30,
1.62751,28,28,17,25,
1.62883,17,27,17,22,
1.63022,17,27,17,22,
1.63156,10,22,26,30,
1.63291,10,22,26,30,
1.63433,8,22,15,25,
1.6357,7,21,19,31,
1.63705,18,19,23,21,
1.63843,34,18,28,16,
1.63978,36,39,32,34,
1.64111,36,39,32,34,
1.64251,43,31,27,36,
1.64388,37,28,23,26,
1.64527,33,28,18,26,
1.64663,16,18,22,29,
1.64796,21,22,29,32,
1.64929,7,21,28,31,
1.65064,6,10,18,20,
1.65196,-4,12,13,17,
1.65331,2,24,23,25,
1.65472,5,16,18,26,
1.65609,27,18,28,25,
1.65744,34,22,34,35,
1.65885,34,22,34,35,
1.66025,32,30,27,33,
1.66172,29,30,25,31,
1.66313,14,35,27,20,
1.66453,12,36,26,20,
1.66595,4,19,18,19,
1.66727,-2,13,21,14,
1.66865,-2,13,21,14,
1.67011,7,7,24,10,
1.67149,8,23,30,9,
1.67285,8,23,30,9,
1.67427,16,18,37,25,
1.67559,23,29,34,40,
1.67717,26,31,22,35,
1.67869,43,30,37,34,
1.6801,43,30,37,34,
1.68148,24,29,30,32,
1.68286,18,30,20,22,
1.68421,20,26,14,24,
1.6857,0,16,9,24,
1.68705,10,15,5,27,
1.68844,10,15,5,27,
1.68981,16,30,19,22,
1.69119,26,36,25,22,
1.69252,35,40,32,24,
1.6939,38,47,26,26,
1.69525,38,47,26,26,
1.69659,28,41,23,27,
1.69795,26,28,22,25,
1.69931,24,21,22,24,
1.7007,13,16,16,17,
1.70207,3,21,18,30,
1.70344,-3,14,10,19,
1.70481,-3,14,10,19,
1.70622,16,17,14,19,
1.70756,35,14,20,20,
1.70888,38,16,25,33,
1.71029,25,23,18,37,
1.71171,26,25,23,34,
1.71306,34,30,21,25,
1.71444,34,30,21,25,
1.7158,15,26,13,27,
1.71732,8,30,10,31,
1.7188,20,17,16,28,
1.72021,20,17,16,28,
1.72164,2,6,19,20,
1.72298,17,11,20,21,
1.72439,29,20,28,24,
1.72588,27,30,31,32,
1.72729,21,33,36,31,
1.72888,25,35,43,23,
1.73027,22,31,35,24,
1.73163,15,35,32,30,
1.73297,18,28,24,30,
1.73435,12,18,20,26,
1.73573,12,9,18,18,
1.73714,1,15,18,19,
1.73852,1,15,18,19,
1.73989,0,11,22,14,
1.74122,1,13,21,17,
1.74278,11,23,20,30,
1.74419,36,38,22,25,
1.74563,42,31,30,30,
1.747,51,25,26,26,
1.7484,36,28,25,23,
1.74982,36,28,25,23,
1.75122,25,24,18,31,
1.75258,28,15,14,22,
1.75389,10,7,12,20,
1.75527,-7,10,22,13,
1.75662,-2,20,30,15,
1.75799,-1,14,32,17,
1.75939,19,20,30,22,
1.7608,34,20,32,28,
1.7621,43,14,27,26,
1.76354,43,14,27,26,
1.76494,33,24,32,29,
1.76648,16,16,36,23,
1.7679,16,16,37,30,
1.76921,8,27,36,32,
1.77058,8,27,36,32,
1.77198,12,29,35,29,
1.7734,-14,18,12,25,
1.77487,-8,20,15,19,
1.77624,5,30,18,17,
1.77766,32,20,26,28,
1.77905,32,25,27,25,
1.78046,20,27,23,25,
1.78188,33,30,33,21,
1.78321,28,33,29,19,
1.78454,15,35,23,27,
1.78602,10,27,24,25,
1.78744,8,9,30,24,
1.78887,11,0,23,19,
1.7904,11,0,23,19,
1.79177,15,17,22,27,
1.79315,0,19,16,25,
1.79454,17,22,16,25,
1.79589,18,25,26,28,
1.79724,17,23,32,34,
1.79862,24,30,29,36,
1.80001,42,26,34,22,
1.8014,42,26,34,22,
1.80283,24,24,26,30,
1.80421,12,15,16,31,
1.80564,2,14,20,34,
1.80702,2,14,20,34,
1.80834,-2,17,24,22,
1.80974,-3,19,9,25,
1.81116,0,23,15,22,
1.81254,13,33,18,26,
1.81403,27,30,24,23,
1.81549,36,19,22,23,
1.81684,40,25,21,23,
1.81825,35,26,20,26,
1.81953,24,24,30,22,
1.8209,4,30,30,28,
1.82229,10,21,26,32,
1.8237,3,21,19,25,
1.82508,0,11,28,25,
1.82654,0,11,28,25,
1.82792,4,4,22,20,
1.82929,16,12,17,20,
1.83075,31,28,13,28,
1.83221,26,34,18,34,
1.83364,38,30,22,29,
1.83496,40,35,29,36,
1.83624,30,26,34,29,
1.83767,5,30,22,34,
1.83906,5,30,22,34,
1.8404,13,16,22,31,
1.84183,-1,19,17,23,
1.84319,-1,19,17,23,
1.84457,-2,19,23,22,
1.84598,12,16,23,22,
1.84737,15,14,32,20,
1.84888,23,20,34,22,
1.85044,39,40,38,31,
1.8519,38,44,28,25,
1.8533,38,44,28,25,
1.85472,43,25,30,19,
1.85618,28,15,26,20,
1.85765,6,13,17,23,
1.85916,3,15,25,19,
1.86054,-3,7,29,17,
1.86196,-2,3,24,13,
1.86335,6,11,22,20,
1.86468,32,23,32,28,
1.86609,37,14,24,24,
1.86747,26,24,23,31,
1.86885,36,19,32,28,
1.87022,41,22,38,29,
1.87161,41,22,38,29,
1.87298,19,24,29,17,
1.87436,5,21,28,15,
1.87577,0,26,19,22,
1.87724,5,11,23,26,
1.8787,13,1,14,26,
1.88003,13,1,14,26,
1.88139,9,24,20,35,
1.88279,31,29,33,32,
1.88412,38,19,24,34,
1.8855,52,31,19,36,
1.88688,38,31,21,34,
1.88819,29,24,18,26,
1.88957,27,15,22,18,
1.8909,13,16,25,17,
1.89229,13,16,25,17,
1.89372,4,20,25,15,
1.89518,1,9,8,15,
1.89658,4,18,7,24,
1.89801,10,23,15,21,
1.89946,10,23,15,21,
1.90083,30,28,25,28,
1.90229,32,45,28,34,
1.90366,38,39,31,25,
1.90497,38,39,31,25,
1.90631,17,19,26,22,
1.90766,17,19,26,22,
1.90915,3,16,13,36,
1.91059,10,2,18,26,
1.91197,8,17,17,12,
1.91334,11,10,10,19,
1.91473,29,21,13,24,
1.91608,34,25,23,31,
1.91743,30,26,19,36,
1.91885,30,26,19,36,
1.92021,38,27,28,26,
1.92158,30,23,33,19,
1.92295,14,30,20,33,
1.92429,12,29,22,25,
1.92574,5,23,17,16,
1.92713,13,11,20,12,
1.92848,1,5,16,20,
1.92986,-4,9,9,18,
1.93124,-1,23,9,20,
1.9326,17,27,26,24,
1.93429,17,27,26,24,
1.93562,36,36,25,36,
1.93699,42,37,23,34,
1.93845,34,34,24,33,
1.93984,27,26,23,25,
1.94123,29,18,24,23,
1.94263,28,17,17,22,
1.94405,7,21,12,29,
1.94544,2,19,6,34,
1.94689,-2,29,20,24,
1.94828,-1,15,23,20,
1.94968,-1,15,23,20,
1.95107,13,18,23,19,
1.95243,17,19,32,27,
1.95381,34,20,28,28,
1.95517,38,35,29,39,
1.95653,43,36,26,39,
1.95802,26,20,27,39,
1.95943,21,17,21,28,
1.96078,13,14,24,27,
1.96229,12,10,22,25,
1.96367,-1,6,18,22,
1.96502,-6,8,13,27,
1.96644,9,21,16,31,
1.9678,20,16,22,37,
1.96917,20,16,22,37,
1.97058,34,26,16,28,
1.97197,36,21,23,30,
1.97333,30,17,30,32,
1.97471,19,14,27,24,
1.97609,19,14,27,24,
1.97746,19,14,27,24,
1.9789,5,18,17,24,
1.98023,8,15,10,25,
1.98158,2,19,21,29,
1.98294,-3,11,28,30,
1.98424,9,29,21,23,
1.98561,9,29,21,23,
1.98696,22,27,30,24,
1.98834,39,32,33,39,
1.98978,38,37,33,38,
1.99112,37,37,36,29,
1.99243,20,34,27,35,
1.99385,15,28,11,28,
1.99527,15,28,11,28,
1.99664,11,12,29,28,
1.99807,5,11,29,19,
1.99944,2,6,21,19,
2.00081,8,21,17,30,
2.00224,27,24,19,25,
2.00366,27,24,19,25,
2.00502,39,28,24,21,
2.0065,39,36,30,28,
2.00787,45,32,24,30,
2.00927,28,12,18,29,
2.01075,24,17,13,25,
2.01217,13,15,10,20,
2.01358,13,22,26,20,
2.01495,13,22,26,20,
2.01625,13,22,26,20,
2.01771,4,9,18,21,
2.01916,0,12,31,31,
2.02048,7,12,36,31,
2.02197,36,29,33,37,
2.0234,36,29,33,37,
2.02478,26,29,34,35,
2.02624,29,27,38,31,
2.02773,29,27,38,31,
2.02913,7,19,29,28,
2.03061,7,15,19,22,
2.03201,-4,3,15,21,
2.03338,-4,3,15,21,
2.03479,-3,15,11,23,
2.03617,2,15,15,20,
2.03758,31,32,29,22,
2.03895,32,22,24,29,
2.04029,38,18,28,34,
2.04166,44,25,30,30,
2.04305,30,21,26,32,
2.04441,30,21,26,32,
2.04584,24,18,22,21,
2.04715,15,27,19,24,
2.04854,4,22,16,20,
2.04999,4,19,10,18,
2.05138,-3,10,9,23,
2.05275,9,14,12,35,
2.05426,9,14,12,35,
2.05572,27,23,12,29,
2.05714,30,36,26,38,
2.05859,48,47,28,33,
2.05996,55,38,21,26,
2.06134,24,19,20,28,
2.06273,24,19,20,28,
2.06409,24,14,12,24,
2.06554,20,10,5,31,
2.06697,9,10,14,34,
2.06832,8,17,9,28,
2.06976,16,19,11,26,
2.07117,16,19,11,26,
2.0726,14,16,17,35,
2.0742,23,16,34,33,
2.07567,25,22,35,37,
2.07708,38,23,27,29,
2.07852,38,13,27,28,
2.07988,22,24,31,20,
2.08122,7,18,17,28,
2.08268,7,18,17,28,
2.08407,7,22,23,22,
2.0855,-2,5,18,20,
2.08694,12,7,27,21,
2.08829,10,5,26,26,
2.08962,30,18,25,27,
2.09101,40,23,27,35,
2.09249,40,23,27,35,
2.09407,47,26,26,34,
2.09554,36,32,35,26,
2.09692,28,18,23,28,
2.09833,24,20,17,29,
2.0997,11,21,12,20,
2.1011,3,9,9,25,
2.10259,-10,16,12,19,
2.10403,-9,19,10,18,
2.10543,-2,11,13,19,
2.10687,22,15,18,26,
2.10821,32,16,29,15,
2.1096,29,23,40,27,
2.11097,29,23,40,27,
2.11235,27,35,29,27,
2.1138,17,28,24,32,
2.11515,17,28,24,32,
2.11651,11,5,30,29,
2.11791,3,19,25,20,
2.11932,3,19,25,20,
2.12073,-4,22,22,16,
2.12228,-3,12,21,9,
2.12365,29,29,24,36,
2.12502,23,27,23,34,
2.12645,33,19,27,25,
2.12785,48,17,32,24,
2.12919,48,17,32,24,
2.13051,42,21,30,26,
2.13184,26,26,28,23,
2.13321,14,16,21,27,
2.1346,9,19,18,23,
2.13611,4,11,20,25,
2.13746,-1,6,11,16,
2.13884,8,10,18,10,
2.14023,13,28,25,30,
2.14162,35,35,27,27,
2.14299,27,30,29,29,
2.14435,27,30,29,29,
2.14573,31,42,33,28,
2.14711,34,38,25,24,
2.14847,24,27,28,22,
2.14987,14,18,16,19,
2.15125,3,21,18,21,
2.15266,5,10,17,20,
2.15405,-10,0,22,20,
2.15548,-8,8,21,17,
2.15686,15,24,23,21,
2.1583,29,23,27,26,
2.15972,29,23,27,26,
2.16111,23,17,20,35,
2.16254,23,17,20,35,
2.16392,43,21,24,36,
2.16534,28,33,29,39,
2.16683,12,23,19,26,
2.16821,12,15,26,20,
2.1696,12,13,25,25,
2.17115,7,10,26,32,
2.17249,11,16,20,24,
2.17394,20,23,14,20,
2.17535,20,23,14,20,
2.17678,15,17,15,25,
2.17825,20,16,33,33,
2.17964,35,16,34,36,
2.18104,35,24,25,36,
2.18245,31,31,32,29,
2.18384,26,34,35,22,
2.18525,16,21,8,25,
2.18663,16,21,8,25,
2.18804,16,21,8,26,
2.18943,0,13,13,21,
2.1909,3,15,20,15,
2.19226,13,23,24,14,
2.19363,33,18,24,24,
2.19501,36,34,23,25,
2.19634,36,34,23,25,
2.19772,40,37,24,25,
2.1991,23,40,24,23,
2.20046,13,34,26,26,
2.20185,6,28,22,24,
2.20325,6,28,22,24,
2.20468,3,26,29,28,
2.20608,8,17,21,29,
2.20746,-7,19,21,28,
2.20885,-3,19,21,30,
2.21023,20,23,28,23,
2.21166,25,17,26,33,
2.21306,27,13,34,25,
2.21463,35,14,26,27,
2.21602,37,18,26,28,
2.2174,18,17,24,25,
2.21877,18,17,24,25,
2.22017,4,17,28,30,
2.22163,3,19,24,22,
2.22303,13,16,26,18,
2.22443,10,16,18,17,
2.22588,8,11,26,19,
2.22727,19,26,25,29,
2.22863,38,29,35,37,
2.23004,46,24,34,28,
2.23151,46,24,34,28,
2.23294,29,28,32,23,
2.23441,14,22,28,32,
2.23582,31,30,20,39,
2.23721,4,17,15,24,
2.23864,2,16,23,29,
2.24006,3,19,10,29,
2.24139,6,20,13,25,
2.24278,6,20,13,25,
2.24413,14,10,23,26,
2.24547,13,13,23,25,
2.2469,23,15,18,19,
2.24844,29,23,31,24,
2.25,33,30,34,25,
2.25139,37,28,25,26,
2.25277,25,17,32,16,
2.25415,12,9,32,23,
2.25553,12,9,32,23,
2.25689,2,29,24,23,
2.2583,4,18,18,23,
2.25969,4,18,18,23,
2.26108,0,11,20,24,
2.26248,20,30,21,35,
2.26386,31,31,30,35,
2.26527,20,14,37,31,
2.2669,26,21,26,34,
2.26836,26,21,26,34,
2.26974,19,32,17,31,
2.27112,22,36,20,31,
2.27245,19,17,21,23,
2.27384,2,10,25,27,
2.27516,3,8,28,17,
2.27648,1,16,30,7,
2.27787,8,17,29,14,
2.27924,13,17,24,29,
2.28061,11,21,25,34,
2.28205,30,26,20,36,
2.28343,32,31,16,34,
2.2848,43,37,32,33,
2.2862,32,21,17,24,
2.28757,26,20,22,22,
2.28893,26,20,22,22,
2.29038,20,11,26,21,
2.29171,16,23,21,18,
2.29308,0,24,19,13,
2.29446,-2,24,17,14,
2.29583,9,29,29,27,
2.2972,8,23,21,31,
2.29871,19,35,18,37,
2.30013,23,30,18,26,
2.30164,34,26,34,26,
2.30309,32,27,42,31,
2.30443,22,16,31,24,
2.3058,16,20,28,21,
2.30714,11,21,23,17,
2.30846,11,21,23,17,
2.30983,5,16,23,17,
2.31119,0,8,19,18,
2.31255,-2,10,16,28,
2.31402,28,18,22,26,
2.31539,28,18,22,26,
2.31676,20,17,33,30,
2.31818,20,23,37,31,
2.31955,32,37,28,27,
2.32097,33,26,24,33,
2.32243,33,26,24,33,
2.3238,22,24,28,34,
2.32514,18,15,22,32,
2.32656,-6,8,14,20,
2.32796,-3,16,12,16,
2.32933,2,13,25,27,
2.33079,13,14,26,11,
2.33218,13,14,26,11,
2.33365,13,14,26,11,
2.33514,16,29,30,29,
2.33651,32,29,24,35,
2.33794,46,31,28,26,
2.33932,30,24,23,32,
2.34066,23,20,27,33,
2.34208,17,21,33,35,
2.34347,1,31,29,26,
2.34482,-10,16,21,28,
2.34619,3,13,26,27,
2.34752,0,19,17,21,
2.34893,7,32,18,18,
2.35033,24,31,15,31,
2.35171,37,23,23,28,
2.35311,35,29,35,28,
2.35468,25,30,30,27,
2.35608,14,29,35,20,
2.35745,21,28,38,25,
2.35888,22,21,21,27,
2.36022,22,21,21,27,
2.36169,22,21,21,27,
2.36309,0,15,14,19,
2.36443,-9,9,20,17,
2.36587,1,17,21,23,
2.36724,20,26,15,27,
2.36858,20,26,15,27,
2.37005,28,28,10,31,
2.37143,27,36,24,32,
2.3728,22,44,30,26,
2.37419,18,33,30,27,
2.37557,13,23,28,32,
2.3769,2,25,23,39,
2.37827,-3,10,18,26,
2.37956,4,7,28,15,
2.38093,0,3,29,7,
2.38239,-2,10,29,9,
2.3839,28,16,37,20,
2.38541,31,16,30,20,
2.38699,37,33,31,25,
2.38835,37,33,31,25,
2.38975,39,35,36,28,
2.39115,28,22,28,21,
2.39248,22,22,18,26,
2.39392,11,14,10,22,
2.39543,8,14,17,21,
2.39676,8,14,17,21,
2.39809,8,6,17,15,
2.39944,16,13,18,28,
2.40079,20,16,25,27,
2.40223,20,16,25,27,
2.40361,28,19,33,34,
2.40501,30,17,32,29,
2.40645,30,23,28,36,
2.40784,22,21,27,36,
2.4092,19,28,33,32,
2.41057,21,27,26,27,
2.41195,0,9,11,33,
2.41336,0,9,11,33,
2.41475,-4,14,16,32,
2.41612,9,20,27,32,
2.41749,14,21,34,34,
2.41896,16,23,36,30,
2.4203,18,26,32,22,
2.42176,22,39,24,26,
2.42321,22,39,24,26,
2.42456,35,28,28,34,
2.42595,26,29,23,26,
2.42728,19,12,19,23,
2.4286,4,7,20,29,
2.42997,3,9,15,23,
2.43142,3,9,15,23,
2.43282,9,9,20,20,
2.43421,0,12,13,22,
2.43557,6,25,14,18,
2.43695,16,21,28,20,
2.43835,21,30,20,30,
2.43978,21,30,20,30,
2.44115,25,39,29,38,
2.44256,29,36,24,34,
2.44393,31,35,26,20,
2.44529,9,30,22,19,
2.44668,5,25,23,26,
2.44806,7,16,23,22,
2.44944,3,4,8,19,
2.45079,3,4,8,19,
2.45209,10,10,14,14,
2.45347,24,23,22,27,
2.45493,19,30,26,26,
2.45626,19,30,26,26,
2.45767,36,28,24,28,
2.4591,34,22,21,32,
2.46046,34,22,21,32,
2.46188,22,36,28,26,
2.46323,9,27,26,26,
2.46456,6,22,20,23,
2.46595,-9,1,17,14,
2.46732,-9,1,17,14,
2.46863,-10,7,15,17,
2.47001,-10,7,15,17,
2.47134,11,31,31,31,
2.47273,20,31,31,25,
2.47421,37,33,36,24,
2.47557,32,23,29,35,
2.47692,28,35,35,31,
2.47832,28,35,35,31,
2.47967,3,12,21,25,
2.48103,3,6,21,24,
2.48243,3,17,30,29,
2.48382,-1,12,17,30,
2.48522,11,20,21,29,
2.48663,11,20,21,29,
2.48805,20,24,22,20,
2.48944,29,32,23,26,
2.49087,33,23,21,28,
2.49222,41,37,32,34,
2.49357,40,34,26,40,
2.4949,40,34,26,40,
2.49622,15,18,32,25,
2.49758,16,11,21,24,
2.49893,16,11,21,24,
2.50028,18,13,23,20,
2.50177,1,3,14,12,
2.50317,6,-7,22,18,
2.50449,18,14,16,28,
2.50588,25,22,17,22,
2.50728,35,23,26,27,
2.50861,38,21,31,33,
2.51001,20,15,37,22,
2.51137,20,15,37,22,
2.51274,15,22,29,20,
2.51408,14,22,21,23,
2.51546,12,20,26,20,
2.51681,7,19,23,15,
2.51826,7,3,17,28,
2.51961,3,3,17,19,
2.52097,3,3,17,19,
2.52235,24,17,20,30,
2.52372,35,30,16,23,
2.5251,35,37,24,27,
2.52646,35,35,29,28,
2.52785,35,35,29,28,
2.52923,42,38,31,30,
2.53061,18,25,29,32,
2.53199,14,26,25,28,
2.53336,12,26,15,31,
2.53476,-4,15,28,20,
2.53645,-14,13,29,14,
2.53782,-5,18,17,14,
2.53918,5,29,17,16,
2.54051,14,29,24,24,
2.54193,30,31,27,29,
2.54327,21,31,29,34,
2.54465,18,29,25,35,
2.54612,18,29,25,35,
2.54745,18,38,32,26,
2.54879,9,27,24,20,
2.55025,11,10,17,21,
2.55158,4,12,14,17,
2.5529,1,16,8,8,
2.55428,1,16,8,8,
2.55564,6,7,24,14,
2.557,14,14,31,26,
2.55837,32,19,30,33,
2.55972,40,14,30,27,
2.56105,32,30,31,22,
2.56242,32,30,31,22,
2.56377,25,40,31,19,
2.56514,21,22,20,20,
2.5665,16,18,16,25,
2.5678,7,22,18,25,
2.56916,9,19,10,29,
2.57055,-7,19,21,30,
2.57191,-15,10,27,28,
2.57327,-7,-2,23,30,
2.57464,8,18,16,28,
2.57602,17,20,27,35,
2.57737,36,18,23,34,
2.57878,36,18,23,34,
2.58014,34,20,18,39,
2.5815,25,23,25,27,
2.58281,27,24,24,25,
2.58417,11,15,26,21,
2.58551,4,16,25,21,
2.58682,2,16,22,28,
2.58819,8,4,24,27,
2.58953,8,4,24,27,
2.59085,14,21,22,22,
2.59222,27,29,21,31,
2.59356,39,31,12,35,
2.59492,40,35,18,29,
2.59623,47,38,31,26,
2.59759,32,28,35,35,
2.5989,23,25,37,37,
2.60023,24,8,29,24,
2.60159,3,4,31,21,
2.60294,-4,13,29,27,
2.60428,-4,13,29,27,
2.60567,-8,17,19,24,
2.60706,0,21,29,21,
2.60843,4,14,29,15,
2.60982,27,30,27,23,
2.61118,21,39,31,28,
2.61251,37,35,32,33,
2.6139,44,22,39,39,
2.6153,31,23,34,35,
2.61671,17,14,30,27,
2.61811,18,14,34,32,
2.61958,3,14,25,31,
2.62103,11,10,24,31,
2.62261,6,-3,24,26,
2.62403,3,3,27,31,
2.62544,2,14,28,23,
2.62686,20,22,23,21,
2.62825,18,20,31,24,
2.62975,23,19,37,38,
2.6311,31,16,29,37,
2.63241,31,16,29,37,
2.63381,32,23,27,28,
2.63518,15,20,24,26,
2.63657,5,20,26,27,
2.638,12,12,23,12,
2.63937,15,8,13,10,
2.64073,15,8,13,10,
2.64212,14,6,14,21,
2.64347,18,18,20,27,
2.6448,22,23,21,25,
2.6462,23,31,18,30,
2.64757,23,31,18,30,
2.6489,26,33,29,31,
2.65026,33,29,32,19,
2.65162,27,26,29,28,
2.65297,9,21,28,34,
2.65432,5,28,23,28,
2.65568,5,17,19,20,
2.65707,8,12,12,13,
2.6585,6,12,8,14,
2.65987,14,16,13,16,
2.66121,22,29,12,26,
2.6626,22,27,19,32,
2.6639,22,27,19,32,
2.66525,21,27,32,28,
2.66661,35,32,28,29,
2.66794,12,19,32,27,
2.66925,19,22,32,26,
2.67061,11,25,36,28,
2.67195,11,25,36,28,
2.67331,0,23,32,20,
2.67473,4,15,24,23,
2.67612,13,9,21,25,
2.6775,19,28,31,26,
2.67886,17,26,32,33,
2.68024,17,26,32,33,
2.68161,31,21,26,29,
2.68298,45,27,27,28,
2.68437,50,33,21,29,
2.68572,34,31,24,20,
2.68708,21,22,18,17,
2.68843,21,22,18,17,
2.68979,5,14,26,26,
2.69114,-4,10,29,17,
2.6925,-4,23,24,14,
2.69386,4,28,16,17,
2.69522,22,18,22,29,
2.69658,28,23,28,31,
2.69797,28,23,28,31,
2.69935,28,30,26,24,
2.70075,22,41,32,30,
2.70213,23,48,30,32,
2.70349,6,23,22,28,
2.70483,7,18,25,22,
2.70622,7,18,25,22,
2.70758,9,20,32,19,
2.70897,3,28,24,19,
2.71033,2,13,11,21,
2.71164,6,23,27,28,
2.71299,11,25,27,22,
2.71435,28,33,31,27,
2.71568,28,33,31,27,
2.71703,25,27,24,29,
2.71843,28,37,24,35,
2.71976,26,33,31,34,
2.72107,27,32,31,24,
2.72243,27,32,31,24,
2.7238,27,32,31,24,
2.72515,7,16,21,23,
2.72655,3,24,16,16,
2.72792,17,28,20,13,
2.72929,21,27,23,11,
2.73068,28,39,19,16,
2.73199,28,39,19,16,
2.73335,21,39,26,22,
2.73471,39,32,31,26,
2.73606,42,27,25,25,
2.73741,23,21,23,27,
2.73876,22,30,20,32,
2.74013,22,30,20,32,
2.74152,15,26,19,33,
2.74288,8,16,23,28,
2.74423,7,13,24,28,
2.7456,1,12,26,20,
2.74697,0,13,30,14,
2.74833,15,25,33,28,
2.74969,22,34,24,26,
2.75105,22,39,29,28,
2.75236,35,24,29,27,
2.75373,35,24,29,27,
2.75509,35,22,21,24,
2.75645,23,21,25,20,
2.75782,12,12,19,28,
2.75921,13,6,12,29,
2.76056,0,21,23,14,
2.76189,3,14,26,23,
2.76324,6,9,21,23,
2.7646,6,9,21,23,
2.76596,27,22,32,31,
2.76732,33,16,33,30,
2.76871,22,33,28,32,
2.77006,26,33,30,26,
2.77141,19,21,24,23,
2.77275,19,21,24,23,
2.77411,10,17,20,31,
2.77547,6,16,21,21,
2.77681,-2,14,22,22,
2.7782,12,-4,19,11,
2.77951,17,3,29,15,
2.78085,17,3,29,15,
2.78222,11,11,23,19,
2.78358,15,16,24,29,
2.78495,15,16,24,29,
2.78635,32,21,29,21,
2.7877,25,24,30,35,
2.78905,13,35,34,28,
2.79045,13,35,34,28,
2.7918,23,27,18,18,
2.79318,11,22,20,22,
2.79454,11,15,11,23,
2.7959,5,9,17,21,
2.79728,6,28,20,17,
2.79867,6,28,20,17,
2.80002,14,30,30,25,
2.80137,32,30,31,37,
2.80273,39,31,36,38,
2.80408,37,35,35,39,
2.80544,21,16,20,33,
2.80685,22,20,20,35,
2.80816,22,20,20,35,
2.80953,12,19,12,28,
2.81088,6,15,15,24,
2.81223,6,15,15,24,
2.81363,9,20,19,26,
2.81497,-2,26,20,20,
2.81622,12,16,30,16,
2.81759,12,16,30,16,
2.81896,25,21,20,23,
2.82023,35,24,30,31,
2.82158,34,28,29,31,
2.82295,19,25,22,23,
2.8243,20,18,28,20,
2.82569,24,19,30,21,
2.82711,12,25,24,14,
2.82848,18,29,24,17,
2.83,12,13,18,29,
2.83137,11,5,15,17,
2.83278,14,13,17,21,
2.83417,14,13,17,21,
2.83554,25,26,30,26,
2.83694,19,26,38,31,
2.83837,31,32,34,39,
2.83977,36,28,32,30,
2.84117,22,20,36,30,
2.84262,22,20,36,30,
2.84399,17,21,29,29,
2.84535,8,25,26,22,
2.84673,11,17,18,22,
2.84809,-5,3,7,23,
2.84945,9,8,21,16,
2.85083,5,13,27,25,
2.85214,8,21,23,34,
2.85349,8,21,23,34,
2.85485,24,36,26,31,
2.85614,34,45,39,31,
2.85754,31,32,41,41,
2.8589,20,30,24,32,
2.86023,20,24,19,25,
2.86158,8,16,17,32,
2.86296,14,8,14,35,
2.86422,15,7,18,31,
2.86559,-7,18,12,31,
2.86693,-13,23,8,34,
2.8682,6,22,20,25,
2.86955,20,23,24,25,
2.8709,20,31,22,22,
2.87223,23,38,23,18,
2.87355,25,27,33,30,
2.87493,20,28,40,36,
2.87619,21,18,25,20,
2.87756,21,18,25,20,
2.87892,3,16,22,27,
2.88022,12,18,5,28,
2.88188,11,3,10,23,
2.88327,1,3,13,22,
2.88459,-5,4,19,22,
2.88598,-5,4,19,22,
2.88734,6,18,27,17,
2.8887,27,19,22,26,
2.89008,33,16,26,22,
2.89142,38,24,29,23,
2.89275,26,32,18,27,
2.89413,26,32,18,27,
2.89547,22,30,18,35,
2.89682,8,24,19,31,
2.89815,4,12,17,19,
2.89942,4,12,17,19,
2.90076,1,11,25,15,
2.90215,10,10,20,20,
2.9035,15,11,21,23,
2.90483,27,15,17,23,
2.90619,27,24,22,34,
2.90755,38,34,29,28,
2.90891,35,35,30,26,
2.91028,35,35,30,26,
2.9116,21,23,25,35,
2.91293,23,14,28,23,
2.91428,24,15,30,14,
2.91564,3,22,21,23,
2.91701,-8,14,11,16,
2.91834,-10,12,8,9,
2.91968,-10,12,8,9,
2.92099,17,14,15,38,
2.92234,20,23,24,35,
2.92371,27,24,33,36,
2.92507,28,33,25,29,
2.92643,28,33,25,29,
2.92771,30,31,21,32,
2.92907,25,20,26,27,
2.93046,16,21,23,20,
2.93181,16,21,23,20,
2.93319,3,16,22,12,
2.93456,12,17,19,21,
2.93585,12,17,19,21,
2.93723,10,23,22,23,
2.93856,28,34,33,34,
2.93993,30,34,34,31,
2.94129,26,35,28,31,
2.94265,26,43,36,30,
2.94403,24,33,38,28,
2.94539,24,33,38,28,
2.94687,23,38,32,19,
2.94824,16,19,26,18,
2.94961,13,13,13,11,
2.951,2,11,13,21,
2.95236,-4,21,12,24,
2.95374,-4,21,12,24,
2.95509,8,27,19,21,
2.95645,24,19,28,26,
2.95782,24,18,23,25,
2.95916,24,26,18,32,
2.96051,19,22,19,43,
2.9618,19,22,19,43,
2.96314,31,23,24,35,
2.96444,16,27,26,30,
2.96579,17,10,37,18,
2.96714,18,25,28,21,
2.96851,4,14,24,22,
2.96985,3,4,18,31,
2.97124,10,16,23,34,
2.9726,5,21,23,29,
2.97397,23,29,38,32,
2.97532,19,30,32,31,
2.97665,19,30,32,31,
2.97795,19,30,32,31,
2.9793,38,33,29,30,
2.98066,32,26,26,29,
2.98207,22,18,22,33,
2.9834,14,10,27,23,
2.9847,14,10,27,23,
2.98602,6,16,14,23,
2.98738,-10,11,24,23,
2.98876,0,4,17,30,
2.99009,15,22,20,28,
2.99143,31,18,25,21,
2.99276,39,20,31,31,
2.99409,39,20,31,31,
2.99544,38,20,28,38,
2.99679,28,30,26,33,
2.9982,34,27,28,32,
2.99955,32,28,20,28,
3.00091,19,30,16,29,
3.00228,12,22,15,28,
3.00363,1,14,9,28,
3.00501,2,14,15,21,
3.00639,10,15,22,25,
3.0077,16,23,31,30,
3.00909,16,23,31,30,
3.01047,31,33,35,33,
3.01185,40,41,31,32,
3.01322,35,37,33,26,
3.01454,20,34,27,24,
3.01588,18,28,24,23,
3.01725,15,19,27,26,
3.0186,8,25,22,25,
3.01999,1,9,16,19,
3.02141,4,17,15,19,
3.02284,9,22,21,10,
3.02425,18,22,21,10,
3.02575,21,24,26,12,
3.02717,22,20,27,32,
3.02854,38,24,29,26,
3.0299,42,31,34,19,
3.03128,29,23,34,29,
3.03265,10,29,31,24,
3.03405,4,25,20,28,
3.03542,6,11,8,27,
3.03679,6,11,8,27,
3.03825,12,19,23,21,
3.03959,1,5,10,25,
3.04095,5,8,15,29,
3.04234,12,17,14,25,
3.04366,19,28,19,26,
3.04501,28,26,20,35,
3.04636,23,23,30,36,
3.04769,33,20,43,29,
3.04904,24,22,28,25,
3.05036,8,20,25,24,
3.05167,4,21,23,21,
3.05309,4,21,23,21,
3.05453,16,21,22,15,
3.05586,13,16,23,12,
3.05717,15,3,27,26,
3.05849,12,13,22,29,
3.05976,27,32,26,24,
3.06108,27,32,26,24,
3.06243,34,27,32,30,
3.06378,40,32,29,36,
3.06514,30,30,25,35,
3.06646,29,24,21,24,
3.06781,17,13,25,23,
3.06911,17,13,25,23,
3.07043,11,15,23,27,
3.07182,24,31,13,25,
3.07319,3,9,10,20,
3.07461,4,5,20,13,
3.07597,17,13,23,12,
3.07733,17,13,23,12,
3.0787,32,26,40,25,
3.08008,22,28,23,29,
3.08143,29,21,31,33,
3.08274,25,21,29,30,
3.08409,25,21,29,30,
3.08545,14,18,32,34,
3.08683,16,20,24,25,
3.08818,4,28,23,19,
3.08954,16,27,14,18,
3.09089,6,21,17,22,
3.09221,13,24,11,23,
3.09356,15,19,22,20,
3.09494,22,27,24,31,
3.09625,24,22,24,37,
3.09762,32,28,29,34,
3.09898,45,29,36,29,
3.10034,36,29,35,26,
3.10176,26,33,30,27,
3.10303,14,33,30,23,
3.10436,27,25,30,28,
3.10572,25,27,25,25,
3.10699,1,30,22,21,
3.10832,-3,15,22,21,
3.10968,4,13,23,24,
3.11107,30,26,25,26,
3.11241,30,26,25,26,
3.1138,43,40,24,31,
3.11512,40,29,24,36,
3.11644,37,25,32,32,
3.11775,19,25,38,32,
3.1191,19,18,40,35,
3.12041,19,18,40,35,
3.12175,13,24,29,32,
3.12308,10,26,31,30,
3.12442,11,7,20,16,
3.12578,26,11,18,28,
3.12716,26,11,18,28,
3.12849,26,11,18,28,
3.12987,18,28,17,32,
3.13122,35,30,42,40,
3.13258,35,26,33,37,
3.13399,37,29,24,32,
3.13533,21,34,22,30,
3.1367,21,34,22,30,
3.13808,23,27,20,32,
3.13945,28,21,17,25,
3.14088,20,16,15,18,
3.14227,12,9,19,12,
3.14364,17,21,16,14,
3.14496,17,21,16,14,
3.14633,11,16,17,23,
3.14766,32,31,21,31,
3.14896,41,36,20,34,
3.15033,46,26,23,40,
3.15168,46,26,21,31,
3.15302,31,26,25,29,
3.15439,31,26,25,29,
3.15572,31,26,25,29,
3.15706,19,27,26,30,
3.15845,16,25,23,27,
3.15979,17,17,14,28,
3.16115,18,19,12,33,
3.16254,14,12,10,34,
3.1639,8,10,10,24,
3.16525,22,18,14,30,
3.16665,28,26,35,30,
3.168,42,24,40,22,
3.16935,44,31,31,23,
3.17071,34,37,24,22,
3.17207,34,37,24,22,
3.17343,18,22,25,33,
3.17479,10,23,31,28,
3.17617,12,23,27,25,
3.17752,-3,15,24,18,
3.17887,-3,15,24,18,
3.18024,7,11,23,17,
3.18163,19,13,27,13,
3.18299,19,27,30,28,
3.18434,35,35,29,30,
3.18571,35,27,24,28,
3.18712,35,27,24,28,
3.18847,25,34,22,22,
3.18986,21,34,22,16,
3.1912,23,31,26,19,
3.19255,13,27,14,19,
3.19393,20,12,10,17,
3.19528,27,15,16,19,
3.19663,19,29,26,19,
3.19803,29,32,34,25,
3.19937,27,25,30,33,
3.2007,34,34,29,25,
3.20208,39,32,27,25,
3.2034,39,32,27,25,
3.20475,39,32,27,25,
3.2061,25,23,23,32,
3.20742,20,17,27,35,
3.20877,8,19,32,30,
3.21013,7,24,25,28,
3.21149,7,24,25,28,
3.21282,0,22,16,19,
3.21421,2,23,23,14,
3.21553,25,25,23,25,
3.21691,31,27,29,32,
3.21846,40,39,28,33,
3.21996,40,39,28,33,
3.22137,46,37,33,28,
3.22281,35,29,30,36,
3.22421,35,18,26,34,
3.22562,25,11,29,24,
3.22702,19,17,19,17,
3.22834,19,17,19,17,
3.22971,8,26,12,14,
3.23107,17,19,23,29,
3.23239,17,19,23,29,
3.23382,11,13,25,35,
3.23522,28,33,28,38,
3.23656,34,42,31,41,
3.23792,33,47,33,39,
3.23927,40,40,31,25,
3.24067,30,36,30,29,
3.24204,15,35,26,31,
3.2434,3,18,24,20,
3.24475,-2,19,16,28,
3.24613,-2,19,16,28,
3.24748,0,23,15,29,
3.24878,4,28,7,22,
3.25012,3,30,9,14,
3.25144,8,34,23,19,
3.25275,30,26,30,21,
3.25409,34,29,31,22,
3.2554,34,29,31,22,
3.25672,45,20,35,20,
3.25805,12,27,25,31,
3.25938,16,22,15,31,
3.2607,15,27,21,23,
3.26207,16,19,33,22,
3.26346,5,17,19,20,
3.26482,5,17,19,20,
3.26619,1,15,18,17,
3.2675,9,14,26,26,
3.26882,25,19,21,29,
3.27013,21,32,23,35,
3.27148,19,34,28,26,
3.27281,36,38,34,27,
3.2742,28,41,22,36,
3.2756,22,30,18,24,
3.27698,20,20,25,23,
3.27835,10,28,28,33,
3.27972,10,28,28,33,
3.28108,-4,18,23,30,
3.28251,-5,8,9,25,
3.28384,10,14,13,17,
3.28518,12,24,28,18,
3.28653,35,34,30,31,
3.28786,35,34,30,31,
3.28917,39,33,38,30,
3.29053,26,23,40,35,
3.29188,23,22,36,27,
3.29324,21,23,21,23,
3.29458,14,19,21,30,
3.29595,11,22,20,27,
3.2973,11,22,20,27,
3.29867,4,5,13,12,
3.29997,13,4,13,14,
3.30129,9,6,8,27,
3.30269,20,18,24,27,
3.30404,20,24,38,37,
3.3054,20,24,38,37,
3.30671,16,32,31,42,
3.30802,22,24,28,26,
3.30933,22,24,28,26,
3.31066,23,17,35,20,
3.31202,21,22,34,18,
3.31338,14,14,17,22,
3.31476,11,15,18,19,
3.31614,12,11,22,22,
3.3175,9,20,17,16,
3.31886,18,25,17,21,
3.32016,31,25,17,34,
3.32148,33,27,25,42,
3.32282,35,37,24,37,
3.32416,35,37,24,37,
3.32555,39,46,30,39,
3.32684,31,28,24,29,
3.32814,25,24,15,37,
3.32948,12,26,20,29,
3.33082,8,19,15,25,
3.33213,1,17,7,20,
3.33342,-1,15,6,22,
3.3348,4,17,14,21,
3.33612,14,20,24,21,
3.33746,14,20,24,21,
3.33882,23,26,30,32,
3.34018,32,29,37,22,
3.3415,32,29,37,22,
3.34284,34,32,38,21,
3.34428,24,23,39,27,
3.34568,18,16,33,32,
3.34706,13,22,22,29,
3.34837,16,12,24,29,
3.34974,11,17,19,22,
3.35112,0,19,21,24,
3.35252,-3,12,19,27,
3.35389,8,14,17,22,
3.35529,17,30,34,33,
3.35663,17,30,34,33,
3.35801,35,43,31,23,
3.3594,30,37,23,30,
3.36076,34,31,28,25,
3.36212,37,18,24,22,
3.36349,25,19,18,26,
3.3648,25,27,17,24,
3.36616,17,24,22,21,
3.36747,5,23,15,26,
3.36884,10,13,13,25,
3.37021,10,13,13,25,
3.37154,11,12,25,22,
3.37288,9,20,28,30,
3.37425,23,17,21,36,
3.37561,40,20,30,32,
3.37694,26,23,32,42,
3.37831,18,22,36,40,
3.37966,18,22,36,40,
3.38106,14,15,22,26,
3.38242,15,3,17,28,
3.38377,12,7,27,23,
3.38514,1,3,32,11,
3.3865,1,3,32,11,
3.38787,1,3,32,11,
3.38922,29,19,26,12,
3.39059,34,19,24,27,
3.39196,41,26,23,30,
3.39331,39,30,19,20,
3.39468,30,26,28,26,
3.39603,30,26,28,26,
3.39739,23,32,31,34,
3.39875,11,27,18,25,
3.40011,6,29,13,19,
3.40145,5,20,16,10,
3.40281,-9,18,17,14,
3.40419,-9,18,17,14,
3.40556,5,27,20,20,
3.40691,25,24,35,28,
3.40822,33,19,28,37,
3.40962,32,33,28,31,
3.41097,32,30,19,35,
3.41229,32,30,19,35,
3.41361,28,28,20,42,
3.41495,30,17,23,33,
3.41628,12,2,23,33,
3.41767,12,2,23,33,
3.41899,0,5,26,26,
3.42032,0,6,10,17,
3.42177,2,20,15,13,
3.42326,6,23,20,10,
3.42462,29,19,19,28,
3.42603,24,24,19,28,
3.4274,33,39,24,26,
3.42878,33,39,24,26,
3.43021,31,38,25,37,
3.43155,29,34,30,36,
3.43291,30,23,22,37,
3.4344,24,23,29,30,
3.43574,16,31,21,29,
3.43709,7,14,25,19,
3.43845,15,11,31,23,
3.4398,15,11,31,23,
3.44115,15,16,26,29,
3.44251,23,23,19,35,
3.44387,36,30,26,37,
3.44523,45,29,30,31,
3.44661,28,27,24,33,
3.44796,19,29,21,38,
3.44931,20,38,23,29,
3.45069,10,26,20,20,
3.45206,15,21,14,24,
3.45339,8,22,18,18,
3.45476,1,20,20,6,
3.45611,13,15,28,13,
3.45747,5,19,23,16,
3.45882,19,19,19,18,
3.46019,29,31,25,29,
3.46155,20,35,27,38,
3.46293,29,35,37,29,
3.46433,31,30,35,28,
3.46572,32,17,25,20,
3.46707,26,10,27,21,
3.46838,11,6,21,25,
3.46975,3,7,20,30,
3.47111,3,7,20,30,
3.47247,-6,9,17,24,
3.47383,11,10,26,27,
3.47518,7,15,33,25,
3.47649,20,25,37,23,
3.47787,27,35,40,24,
3.47921,20,30,28,30,
3.48054,36,31,24,26,
3.4819,20,24,30,26,
3.48325,20,24,30,26,
3.48456,19,27,29,16,
3.48594,10,21,19,16,
3.4873,5,22,20,15,
3.48864,13,14,27,18,
3.49003,7,11,22,15,
3.49151,3,21,26,17,
3.49285,13,33,30,24,
3.49422,32,31,32,33,
3.4956,34,37,27,32,
3.49698,30,39,28,38,
3.49835,30,39,28,38,
3.49974,19,25,29,43,
3.5011,28,25,24,38,
3.50247,12,12,13,34,
3.50384,2,9,14,27,
3.50519,15,8,22,32,
3.5066,4,0,17,28,
3.50796,-8,8,20,26,
3.50933,9,22,14,26,
3.51071,19,22,26,28,
3.51206,23,26,37,25,
3.51342,23,26,37,25,
3.51479,24,23,33,25,
3.51615,30,20,30,31,
3.51749,21,21,31,29,
3.51885,5,27,27,28,
3.52018,12,19,14,29,
3.52152,23,17,22,20,
3.5229,17,12,28,11,
3.52424,6,9,22,14,
3.5256,-4,13,24,21,
3.52696,-5,15,27,28,
3.52826,4,12,25,28,
3.52958,18,20,29,23,
3.53093,19,26,32,22,
3.53226,37,33,28,29,
3.53359,38,31,21,37,
3.53494,29,28,30,41,
3.5363,28,27,23,35,
3.53763,28,27,23,35,
3.53899,7,27,23,31,
3.54031,6,25,14,28,
3.54178,13,18,14,17,
3.54312,13,18,14,17,
3.54444,19,13,20,29,
3.54581,19,13,20,29,
3.54717,13,29,23,26,
3.54854,20,32,19,38,
3.54983,25,31,22,28,
3.55118,36,21,18,25,
3.55249,41,23,24,20,
3.55388,38,21,27,29,
3.55519,23,15,31,30,
3.55653,14,14,34,30,
3.5579,14,14,30,31,
3.55927,1,4,23,31,
3.56061,8,9,20,31,
3.56198,19,12,23,25,
3.56333,20,14,33,20,
3.56469,40,17,32,29,
3.56607,32,22,35,25,
3.56742,32,35,36,31,
3.56878,32,35,36,31,
3.57015,28,41,33,34,
3.57151,13,17,21,28,
3.57289,4,27,31,26,
3.57425,0,18,31,27,
3.5756,6,1,17,24,
3.57693,1,8,12,16,
3.5783,1,8,12,16,
3.57965,25,25,32,20,
3.58103,28,18,36,33,
3.58239,28,22,24,40,
3.58375,29,33,34,40,
3.5851,29,33,34,40,
3.58646,31,34,28,40,
3.58781,23,31,18,27,
3.58913,26,27,26,18,
3.59053,14,13,22,19,
3.5919,10,1,16,15,
3.59325,10,1,16,15,
3.59462,-1,16,8,18,
3.59595,-3,24,13,21,
3.59727,24,21,21,21,
3.59864,22,27,32,17,
3.59999,35,30,33,30,
3.60135,31,29,22,34,
3.60272,28,28,29,26,
3.60405,28,18,25,23,
3.60537,9,30,16,21,
3.60676,0,38,10,26,
3.60811,4,38,12,17,
3.60944,1,19,24,21,
3.6108,-2,4,22,21,
3.61212,0,13,26,30,
3.61345,0,21,23,31,
3.61484,7,18,21,23,
3.6162,14,31,11,25,
3.61753,34,25,13,26,
3.61889,34,25,13,26,
3.62023,17,28,21,34,
3.62157,17,28,21,34,
3.6229,15,28,27,27,
3.62427,12,15,26,26,
3.62569,5,10,12,22,
3.62705,5,10,12,22,
3.62842,-4,9,14,22,
3.62982,0,4,14,28,
3.63111,16,7,22,32,
3.63243,18,14,32,34,
3.63382,22,25,27,33,
3.6352,22,25,27,33,
3.63654,22,25,27,33,
3.63807,17,23,32,36,
3.63945,32,25,19,25,
3.64086,10,27,19,17,
3.64228,-1,11,12,33,
3.64364,10,12,9,25,
3.64503,10,12,9,25,
3.64644,1,16,22,17,
3.64779,15,26,26,22,
3.64915,15,22,33,28,
3.65053,16,33,35,27,
3.65192,20,33,33,34,
3.65328,20,33,33,34,
3.65466,15,24,23,39,
3.65605,14,33,31,35,
3.65741,7,33,34,32,
3.65876,2,18,29,24,
3.66016,2,18,29,24,
3.66153,3,19,22,30,
3.66288,0,19,15,24,
3.66424,5,26,13,20,
3.66561,7,26,16,23,
3.66696,11,26,13,31,
3.66829,28,19,18,38,
3.66965,22,25,22,31,
3.67101,22,25,22,31,
3.67233,28,16,36,25,
3.67366,21,27,39,22,
3.67505,16,31,36,19,
3.67636,15,20,25,25,
3.67777,16,19,11,31,
3.67916,4,23,10,19,
3.68051,15,16,16,26,
3.68189,7,16,14,25,
3.68324,7,16,14,25,
3.68458,18,25,28,20,
3.68594,30,27,35,26,
3.6873,32,16,31,24,
3.68867,40,24,25,28,
3.69005,29,14,25,34,
3.69141,28,21,19,32,
3.69276,22,17,20,22,
3.69415,29,13,19,14,
3.69547,10,9,14,8,
3.69681,11,14,11,12,
3.69818,11,25,10,19,
3.69953,-1,14,18,27,
3.70092,9,13,24,28,
3.70227,25,16,19,29,
3.70365,21,22,15,35,
3.705,25,35,24,33,
3.70642,30,45,22,31,
3.70777,23,23,20,24,
3.70914,17,22,10,31,
3.71053,13,14,18,34,
3.71189,13,14,18,34,
3.71326,8,11,22,34,
3.71465,0,7,17,31,
3.71598,3,9,25,25,
3.71734,6,18,23,21,
3.7187,10,25,19,27,
3.72003,10,25,19,27,
3.72138,26,30,25,27,
3.72278,39,23,37,23,
3.72417,33,24,41,19,
3.72554,24,26,21,33,
3.72685,24,26,21,33,
3.72819,23,19,23,28,
3.72953,14,22,24,26,
3.73091,16,28,26,27,
3.73225,15,24,23,28,
3.73357,5,18,27,22,
3.73494,17,16,20,31,
3.73626,17,16,20,31,
3.73761,27,20,26,33,
3.73902,35,31,21,28,
3.74034,47,32,23,32,
3.74171,47,32,23,32,
3.74304,21,23,18,33,
3.74435,21,16,20,34,
3.74582,21,16,20,34,
3.74718,9,26,14,26,
3.74849,8,30,11,24,
3.74986,12,22,10,24,
3.75118,9,20,19,16,
3.75255,13,25,23,13,
3.75392,28,23,16,12,
3.75523,25,20,13,18,
3.75659,34,37,38,35,
3.75794,31,35,39,33,
3.75924,22,25,23,32,
3.76061,22,25,23,32,
3.76198,28,15,25,37,
3.76331,17,9,25,27,
3.76468,25,15,23,27,
3.76604,4,8,17,22,
3.76735,10,13,20,23,
3.76871,10,13,20,23,
3.77006,14,27,26,22,
3.77138,28,35,22,23,
3.77273,24,33,26,32,
3.7741,35,32,22,25,
3.77543,46,35,21,31,
3.77681,46,35,21,31,
3.77818,39,37,31,35,
3.77949,24,28,28,36,
3.78087,27,19,31,26,
3.78222,17,18,36,19,
3.78353,5,15,21,14,
3.78489,17,10,12,15,
3.78625,11,16,12,17,
3.78757,11,17,13,31,
3.78891,53,22,29,21,
3.79028,50,24,22,32,
3.7916,48,28,22,37,
3.79298,50,24,29,37,
3.79438,50,24,29,37,
3.79574,38,25,31,39,
3.79709,12,14,27,38,
3.79846,17,11,18,26,
3.79982,6,18,14,20,
3.80109,15,12,20,15,
3.80246,17,3,27,20,
3.80383,21,13,24,27,
3.80517,29,19,24,24,
3.80655,29,19,31,31,
3.80792,25,16,35,27,
3.80927,40,34,27,28,
3.81063,45,33,30,26,
3.81198,35,18,33,27,
3.81334,28,24,24,27,
3.81473,11,19,32,28,
3.81613,20,11,20,30,
3.81761,20,11,20,30,
3.81914,9,21,23,29,
3.82062,9,21,23,29,
3.82207,24,27,26,28,
3.82343,32,25,25,30,
3.82476,32,28,21,34,
3.82618,44,27,27,37,
3.82758,53,28,30,38,
3.82893,42,38,31,34,
3.83034,29,28,23,33,
3.83172,16,28,22,30,
3.83308,19,26,21,28,
3.83446,21,18,28,23,
3.83582,21,18,28,23,
3.83718,19,13,29,19,
3.83856,27,12,26,26,
3.83991,27,31,23,24,
3.84126,42,42,30,32,
3.84264,56,42,39,35,
3.844,49,31,38,25,
3.84535,35,30,31,33,
3.84671,27,28,27,39,
3.84806,18,24,38,28,
3.84941,20,28,32,25,
3.85076,20,28,32,25,
3.85211,16,24,32,29,
3.85343,1,21,30,25,
3.85482,-3,22,34,29,
3.85617,1,15,23,26,
3.8575,17,33,20,29,
3.85887,30,44,27,35,
3.8602,30,40,32,40,
3.86153,29,27,34,43,
3.86289,18,23,24,35,
3.86422,18,23,24,35,
3.86554,14,37,19,28,
3.86688,4,14,22,23,
3.86826,10,13,26,29,
3.86962,3,10,22,32,
3.87098,8,4,24,28,
3.87233,0,0,27,30,
3.8737,0,9,17,23,
3.87509,22,15,17,22,
3.87643,41,29,25,26,
3.87778,54,33,21,29,
3.87914,54,33,21,29,
3.88048,46,29,34,26,
3.88186,28,31,34,26,
3.88322,15,29,25,24,
3.88458,14,12,24,31,
3.88597,7,19,14,26,
3.88733,7,19,14,26,
3.88868,8,17,6,25,
3.89,11,18,12,21,
3.89135,25,23,16,22,
3.89271,24,31,31,29,
3.89403,44,43,30,42,
3.89536,44,43,30,42,
3.89669,44,43,30,42,
3.89805,13,43,17,32,
3.89939,19,34,19,34,
3.90074,20,23,19,35,
3.9021,3,16,18,34,
3.90347,11,8,27,30,
3.90478,11,4,17,21,
3.90619,10,13,17,17,
3.90754,21,22,15,23,
3.90888,27,24,27,35,
3.91023,27,24,27,35,
3.91156,19,20,28,21,
3.91287,19,20,28,21,
3.91425,27,31,26,23,
3.91557,25,37,19,25,
3.91692,20,23,22,25,
3.91827,23,8,20,29,
3.91961,23,8,20,29,
3.92091,7,2,22,31,
3.92225,-5,3,21,28,
3.92358,-10,2,24,30,
3.92493,-7,6,15,26,
3.9263,4,15,21,20,
3.92768,4,15,21,20,
3.92905,26,24,34,27,
3.93042,32,22,28,29,
3.93179,34,32,24,31,
3.93314,33,29,32,27,
3.93442,32,23,29,25,
3.93578,26,17,26,21,
3.93714,8,14,27,23,
3.9385,-3,11,26,28,
3.93986,-7,8,7,9,
3.94123,-1,11,23,19,
3.94264,1,10,29,24,
3.944,1,10,29,24,
3.94533,20,17,35,19,
3.94667,36,23,40,24,
3.94798,34,35,32,34,
3.94931,34,26,22,29,
3.95064,21,27,24,20,
3.95201,22,30,22,21,
3.95337,15,13,13,19,
3.95473,5,16,13,15,
3.95609,2,15,16,13,
3.95745,-13,18,6,16,
3.95883,-13,18,6,16,
3.96019,0,10,13,20,
3.96153,13,14,21,21,
3.96291,26,29,22,29,
3.96424,26,32,28,30,
3.96561,25,36,21,25,
3.96696,18,27,26,31,
3.9683,15,20,26,34,
3.96969,15,20,26,34,
3.97104,2,30,18,24,
3.97236,1,18,23,21,
3.97374,1,18,23,21,
3.97508,-8,6,14,21,
3.97642,-9,8,24,10,
3.97777,-9,8,24,10,
3.97913,6,16,30,23,
3.98046,25,28,32,34,
3.98181,31,24,28,34,
3.98309,35,39,30,29,
3.98442,31,35,25,31,
3.98576,18,35,22,27,
3.98708,11,21,22,26,
3.98844,9,16,26,25,
3.98981,-1,15,23,18,
3.99115,-14,12,24,13,
3.99249,-8,8,23,20,
3.99388,-2,10,9,16,
3.99525,-2,23,16,24,
3.99657,6,34,28,22,
3.99795,14,25,23,29,
3.99931,23,32,22,22,
4.00064,18,29,24,32,
4.00204,24,21,20,34,
4.0034,24,21,20,34,
4.00474,22,25,27,35,
4.0061,11,30,21,35,
4.00743,-1,19,14,20,
4.0088,4,15,12,22,
4.01015,10,19,8,20,
4.0115,-1,15,9,20,
4.01282,6,19,13,29,
4.01419,27,22,20,29,
4.01556,33,27,19,32,
4.01695,19,41,44,31,
4.01834,17,40,35,26,
4.01973,17,40,35,26,
4.02116,21,32,18,22,
4.02265,17,27,17,28,
4.02401,5,12,19,26,
4.02541,5,5,20,12,
4.02686,5,5,20,12,
4.02822,3,9,6,10,
4.02961,17,14,16,20,
4.03099,23,17,30,30,
4.03236,27,21,33,36,
4.03376,20,16,22,38,
4.03515,25,18,25,38,
4.0365,22,25,27,32,
4.03789,22,25,27,32,
4.03926,13,26,14,27,
4.04057,0,14,19,22,
4.04194,9,20,18,15,
4.0433,2,21,17,17,
4.04465,-3,20,10,17,
4.04601,7,7,7,15,
4.04736,7,7,7,15,
4.04872,10,18,10,17,
4.05008,32,30,25,18,
4.05143,40,33,29,30,
4.05278,45,32,38,35,
4.05415,18,17,35,23,
4.05551,18,17,35,23,
4.05685,12,6,30,17,
4.05824,17,12,22,20,
4.0596,15,12,9,25,
4.06096,16,12,16,25,
4.06238,16,12,16,25,
4.06375,22,9,23,31,
4.0651,9,21,28,32,
4.06648,20,33,24,23,
4.06783,25,33,18,35,
4.06919,27,34,31,31,
4.07059,28,34,32,25,
4.07195,29,33,27,32,
4.07332,31,17,23,29,
4.07467,21,17,19,20,
4.07598,4,13,21,30,
4.0773,-6,14,17,22,
4.07867,-6,14,17,22,
4.08005,-6,14,17,22,
4.08141,10,28,24,22,
4.08282,29,35,21,24,
4.08417,40,35,32,22,
4.08552,38,29,28,18,
4.0869,38,29,28,18,
4.08821,41,37,25,24,
4.08958,23,26,20,28,
4.09094,17,14,21,24,
4.09225,17,14,21,24,
4.09361,8,6,22,18,
4.09497,11,14,14,23,
4.09631,10,14,17,10,
4.09766,7,18,22,10,
4.09901,12,40,34,33,
4.10032,12,40,34,33,
4.10168,12,40,34,33,
4.10304,27,32,41,35,
4.10434,42,25,33,39,
4.10572,31,19,28,31,
4.10709,25,30,25,27,
4.10846,13,32,30,19,
4.10984,14,19,28,23,
4.11123,5,11,20,22,
4.11258,11,6,16,20,
4.11396,2,11,18,16,
4.11531,19,10,13,16,
4.11666,19,10,13,16,
4.11805,23,9,19,23,
4.1194,28,33,25,38,
4.12076,19,32,30,45,
4.12217,41,26,38,25,
4.12353,31,29,40,31,
4.12489,16,31,33,35,
4.12627,7,19,16,34,
4.12763,17,18,23,30,
4.12898,21,27,30,21,
4.13035,2,15,17,27,
4.1317,9,19,13,24,
4.13304,-2,17,14,16,
4.13442,18,10,23,14,
4.13577,32,17,24,23,
4.13711,43,28,23,35,
4.13849,47,33,22,22,
4.13985,45,21,28,31,
4.14122,33,19,30,29,
4.14259,13,27,24,31,
4.14394,1,19,21,23,
4.14529,1,19,21,23,
4.1467,14,20,26,31,
4.14805,-3,8,14,16,
4.1494,9,21,15,14,
4.15077,8,23,8,20,
4.15213,21,22,12,26,
4.15352,32,17,19,29,
4.15491,36,17,18,28,
4.15625,38,32,22,27,
4.15762,29,26,21,24,
4.15897,15,23,27,25,
4.16031,15,23,27,25,
4.16165,7,19,22,23,
4.16304,0,17,13,24,
4.16439,-3,9,9,18,
4.16575,6,27,23,15,
4.16711,1,19,25,24,
4.16847,1,19,25,24,
4.16983,25,14,22,37,
4.17118,29,16,26,32,
4.17254,33,29,35,26,
4.1739,47,16,34,22,
4.17526,47,16,34,22,
4.17659,28,22,37,26,
4.17797,28,22,37,26,
4.17933,7,20,18,22,
4.18063,3,17,21,15,
4.18198,5,7,24,19,
4.18334,12,14,16,28,
4.18473,12,14,16,28,
4.1861,8,19,24,24,
4.18744,30,18,30,25,
4.1888,38,21,30,24,
4.19016,38,21,30,24,
4.19153,43,29,33,33,
4.19288,23,31,28,29,
4.19424,23,31,28,29,
4.19558,28,28,26,28,
4.19693,8,18,18,34,
4.19829,6,16,18,26,
4.19967,6,10,14,18,
4.20102,2,4,17,20,
4.20238,-10,12,12,20,
4.20373,-5,25,9,15,
4.20507,25,32,23,34,
4.20646,25,32,23,34,
4.20784,24,27,21,26,
4.2092,36,28,30,25,
4.21052,41,25,32,24,
4.21183,36,20,32,26,
4.21316,21,14,18,28,
4.21451,6,22,18,30,
4.21585,15,29,26,30,
4.21715,15,29,26,30,
4.21852,-3,8,18,25,
4.21987,7,16,20,24,
4.22127,15,25,23,20,
4.22265,29,30,26,28,
4.22402,33,30,36,38,
4.22535,30,45,27,38,
4.22672,30,45,27,38,
4.22806,35,27,25,33,
4.22939,18,22,27,28,
4.23072,13,20,20,25,
4.23209,16,22,23,26,
4.23352,16,13,23,17,
4.23493,13,4,8,15,
4.23627,1,6,8,19,
4.23764,15,8,17,29,
4.23901,15,8,17,29,
4.24036,36,28,26,40,
4.24178,27,34,41,37,
4.24316,27,34,41,37,
4.24453,31,45,40,37,
4.24597,21,26,38,23,
4.24739,25,15,32,28,
4.24875,4,13,15,17,
4.25013,12,8,7,15,
4.25147,12,8,7,15,
4.25283,5,15,7,18,
4.2542,6,16,20,25,
4.25557,7,16,23,24,
4.25696,25,24,22,26,
4.25831,33,30,29,32,
4.25962,33,30,29,32,
4.26093,32,29,22,25,
4.26225,32,39,24,26,
4.26357,24,29,39,24,
4.26492,19,24,30,26,
4.2663,20,12,30,31,
4.26766,18,13,20,33,
4.26902,18,13,20,33,
4.27041,0,6,19,21,
4.27177,4,13,18,31,
4.27308,4,15,18,23,
4.27441,16,31,18,28,
4.27575,33,32,19,38,
4.27713,38,24,30,46,
4.27844,41,23,35,41,
4.27979,32,18,30,38,
4.28116,29,26,32,40,
4.28256,20,23,25,37,
4.28396,20,23,25,37,
4.28531,3,24,17,32,
4.28666,-5,15,16,22,
4.28799,5,12,25,24,
4.28934,7,22,17,31,
4.29071,11,25,21,29,
4.29206,11,25,21,29,
4.29343,32,26,29,32,
4.2948,51,30,33,23,
4.29617,37,33,33,21,
4.29754,40,37,26,26,
4.29889,25,18,19,36,
4.30025,24,11,23,37,
4.30162,13,14,30,27,
4.30296,5,14,31,26,
4.30432,-6,17,20,15,
4.30574,-8,22,8,19,
4.30709,12,39,20,37,
4.30844,12,39,20,37,
4.30981,25,31,26,42,
4.31116,29,29,29,42,
4.31251,37,38,38,38,
4.31387,43,29,40,37,
4.31524,34,31,36,32,
4.3166,34,31,36,32,
4.31793,28,31,23,37,
4.31927,19,22,27,28,
4.32063,-3,19,21,17,
4.32199,-3,13,20,20,
4.32335,-2,13,18,26,
4.3247,8,29,26,20,
4.3261,19,39,31,31,
4.32741,38,35,39,39,
4.32871,50,36,35,33,
4.33006,40,38,35,32,
4.33139,40,38,35,32,
4.33274,23,29,30,35,
4.3341,25,16,10,31,
4.33545,25,16,10,31,
4.33677,24,14,18,23,
4.33814,-1,16,20,23,
4.33948,-3,10,17,19,
4.34084,-3,9,12,20,
4.34222,4,12,18,21,
4.34361,38,24,29,31,
4.34495,38,29,33,41,
4.34632,41,42,36,36,
4.34767,30,33,36,37,
4.34902,25,18,29,34,
4.35037,25,18,28,29,
4.35173,17,16,25,32,
4.35307,10,17,25,26,
4.35444,2,7,21,31,
4.35581,2,7,21,31,
4.35716,-9,9,19,28,
4.35854,-3,14,25,16,
4.3599,3,25,25,17,
4.36124,30,28,27,35,
4.3626,30,28,27,35,
4.36399,29,31,17,38,
4.36535,52,31,17,39,
4.36675,26,35,23,28,
4.36811,23,33,20,29,
4.36946,10,23,20,28,
4.37082,10,23,20,28,
4.37218,9,22,23,32,
4.37349,3,22,18,24,
4.37484,3,10,23,15,
4.37622,1,16,24,25,
4.37758,15,25,22,30,
4.37895,30,31,16,26,
4.38032,24,35,30,35,
4.38169,33,38,38,40,
4.38304,39,21,33,27,
4.38441,22,24,21,23,
4.3858,22,24,21,23,
4.38719,-3,9,20,20,
4.38857,-3,9,20,20,
4.38996,2,18,28,23,
4.39132,-1,7,22,19,
4.39268,-2,3,14,27,
4.39404,-2,3,14,27,
4.39539,3,18,25,27,
4.39672,19,28,26,29,
4.39813,24,28,27,38,
4.39945,37,26,33,33,
4.4008,26,24,22,23,
4.40218,24,29,21,24,
4.40352,12,21,28,20,
4.40483,8,6,13,26,
4.40622,-3,17,5,25,
4.4076,-3,17,5,25,
4.40896,-3,17,5,25,
4.41035,-15,1,18,19,
4.41171,-5,13,26,26,
4.41306,15,23,19,25,
4.41447,33,16,30,30,
4.41586,49,27,28,33,
4.41723,49,27,28,33,
4.41859,45,33,28,26,
4.41995,37,29,23,33,
4.4213,16,20,24,31,
4.42265,-6,11,20,26,
4.42401,-6,11,20,26,
4.42537,-6,11,20,26,
4.42674,-1,10,28,30,
4.42812,8,27,27,22,
4.42958,6,33,23,23,
4.43103,27,17,27,23,
4.43238,45,29,23,21,
4.43386,44,34,32,23,
4.43527,38,20,27,30,
4.43663,38,20,27,30,
4.43804,28,20,23,28,
4.43943,1,10,28,32,
4.4408,2,10,29,23,
4.44224,-11,9,25,15,
4.44362,-10,9,19,14,
4.44496,-13,17,20,14,
4.44635,12,19,22,16,
4.4477,23,27,24,32,
4.44909,23,32,32,41,
4.45049,41,38,32,44,
4.45183,41,38,32,44,
4.45321,31,44,26,42,
4.45459,27,41,21,34,
4.45594,2,27,15,19,
4.45729,2,12,24,26,
4.45865,-2,7,22,23,
4.46001,-17,2,23,15,
4.46136,-10,9,17,13,
4.46273,4,16,18,18,
4.46408,16,15,21,18,
4.46543,24,21,30,21,
4.4668,30,34,29,25,
4.46831,27,31,29,35,
4.4697,39,36,32,38,
4.47105,39,36,29,31,
4.47239,19,22,37,27,
4.47375,23,17,38,22,
4.47511,8,14,27,21,
4.47644,-13,5,24,29,
4.47775,-11,-3,27,28,
4.47909,-7,4,32,25,
4.48038,-7,4,32,25,
4.48173,1,18,34,18,
4.48304,24,32,32,38,
4.48435,28,28,25,32,
4.48568,49,43,30,34,
4.48704,49,43,30,34,
4.48835,40,24,40,24,
4.48969,34,22,26,30,
4.49106,18,25,21,35,
4.49234,9,22,17,25,
4.49368,9,22,17,25,
4.49503,9,22,17,25,
4.49638,-2,13,10,23,
4.49777,6,17,23,27,
4.49914,22,31,33,32,
4.50046,40,35,26,28,
4.50179,45,26,23,24,
4.50314,45,26,23,24,
4.50445,49,30,23,27,
4.50583,23,12,16,37,
4.50725,10,17,23,28,
4.50861,-11,13,24,28,
4.50991,-1,5,24,23,
4.51124,-1,5,24,23,
4.51257,-14,3,24,27,
4.51393,-4,13,15,29,
4.5153,15,16,12,25,
4.51661,29,28,13,33,
4.51796,43,32,22,40,
4.51934,39,34,29,44,
4.5207,49,44,35,43,
4.52206,47,36,26,31,
4.52334,47,36,26,31,
4.52469,25,25,24,23,
4.52606,7,20,24,19,
4.52741,5,20,14,17,
4.52872,-8,8,16,30,
4.53012,-8,8,16,30,
4.53148,-4,7,21,26,
4.53281,9,10,21,25,
4.53419,25,22,23,37,
4.53554,37,29,24,32,
4.53695,47,31,36,33,
4.53834,47,31,36,33,
4.53969,36,23,32,37,
4.54104,33,17,19,36,
4.54239,5,9,15,25,
4.54377,-1,19,26,27,
4.54513,7,13,32,35,
4.54645,-9,4,19,20,
4.54783,-5,9,12,24,
4.54922,1,2,16,18,
4.55063,14,17,24,36,
4.55201,14,17,24,36,
4.55336,35,33,21,38,
4.55472,40,35,32,39,
4.55608,40,35,32,39,
4.55744,27,40,27,36,
4.55879,19,42,31,35,
4.56014,10,15,24,25,
4.56152,7,21,18,26,
4.56287,-4,11,7,22,
4.56421,-8,-2,16,19,
4.56556,-15,-1,19,18,
4.56691,-5,7,11,22,
4.5682,10,18,27,27,
4.56955,23,40,26,26,
4.5709,30,30,29,37,
4.57229,30,30,29,37,
4.57362,20,25,40,35,
4.575,19,34,32,34,
4.57639,22,40,19,30,
4.57771,5,25,16,23,
4.57904,-4,13,22,19,
4.58039,-4,13,22,19,
4.58176,-6,13,19,10,
4.5831,1,23,20,24,
4.58444,1,23,20,24,
4.58583,9,19,20,29,
4.58714,19,17,25,31,
4.58842,39,32,27,26,
4.58978,41,45,24,34,
4.59113,26,42,28,29,
4.59248,22,34,24,29,
4.59383,14,28,29,30,
4.59519,3,16,31,28,
4.59652,11,10,26,18,
4.59787,-7,7,21,9,
4.59921,-9,-2,21,6,
4.60052,-2,4,21,14,
4.60191,9,17,18,14,
4.60321,20,27,17,21,
4.60454,20,27,17,21,
4.60588,42,30,41,33,
4.60725,50,28,39,34,
4.60856,43,27,24,24,
4.60992,28,35,16,36,
4.61127,9,24,25,33,
4.61259,9,24,25,33,
4.61403,-4,16,24,25,
4.61539,-3,21,24,28,
4.61676,-10,18,18,24,
4.61815,-6,21,15,19,
4.61953,4,24,25,20,
4.62091,4,24,25,20,
4.62225,27,31,26,17,
4.6236,36,42,25,37,
4.62491,24,35,29,31,
4.62627,20,27,30,29,
4.62761,17,16,19,28,
4.62894,17,16,19,28,
4.63034,17,16,19,28,
4.63167,-1,1,25,24,
4.63302,2,-9,19,26,
4.63437,-5,1,6,21,
4.63571,4,6,4,16,
4.63705,19,18,18,17,
4.63849,21,31,28,14,
4.63983,25,39,36,18,
4.64119,49,33,44,34,
4.64256,35,18,35,33,
4.64392,21,16,26,32,
4.64528,21,16,26,32,
4.64666,6,25,21,31,
4.64796,5,21,17,29,
4.6493,5,21,17,29,
4.65067,-8,0,13,26,
4.65197,3,1,14,25,
4.65329,3,1,14,25,
4.65464,17,17,20,33,
4.65595,25,24,30,43,
4.65728,33,19,32,37,
4.65878,46,20,39,35,
4.66008,31,34,32,28,
4.66135,31,34,32,28,
4.66271,31,34,32,28,
4.66398,12,13,16,28,
4.66531,9,10,16,18,
4.66662,4,21,11,23,
4.66794,2,18,18,18,
4.66927,0,13,15,14,
4.6707,2,10,14,13,
4.67201,5,8,15,12,
4.67335,28,19,32,35,
4.67472,33,26,29,31,
4.6761,34,23,33,29,
4.67745,34,23,33,29,
4.67879,19,23,45,27,
4.68014,19,23,32,22,
4.6815,24,23,32,22,
4.68286,12,13,17,28,
4.6842,1,8,10,29,
4.68558,1,8,10,29,
4.68694,13,11,19,18,
4.68829,14,15,17,27,
4.68965,17,10,20,32,
4.69099,35,18,28,31,
4.69231,42,25,24,32,
4.69361,54,36,29,40,
4.69492,43,36,34,40,
4.69622,23,28,30,33,
4.69754,12,21,31,33,
4.69892,12,21,31,33,
4.70029,12,21,31,33,
4.70172,3,16,24,20,
4.70309,-9,17,13,18,
4.70443,-7,9,9,12,
4.70576,13,11,16,22,
4.70711,13,11,16,22,
4.70846,23,25,25,23,
4.70982,27,37,27,26,
4.71118,28,27,31,22,
4.71252,27,25,38,30,
4.71389,27,33,30,35,
4.71525,19,20,24,23,
4.71657,6,3,27,21,
4.71793,1,8,27,21,
4.71928,-4,1,19,15,
4.7206,-4,1,19,15,
4.72197,-6,9,13,16,
4.72332,-6,26,8,21,
4.7246,14,22,11,27,
4.72598,41,31,16,37,
4.7273,36,29,21,39,
4.72865,21,31,31,47,
4.73001,27,33,29,48,
4.73136,27,33,29,48,
4.73268,23,19,32,28,
4.73406,17,13,17,33,
4.73536,7,19,10,28,
4.7367,2,17,5,23,
4.73805,2,17,5,23,
4.7394,7,25,8,20,
4.74073,2,25,15,14,
4.74209,26,36,29,25,
4.74341,31,31,29,31,
4.74477,28,34,28,32,
4.74618,38,40,32,27,
4.74749,27,33,29,28,
4.74889,22,35,23,33,
4.75025,11,22,16,33,
4.75157,-1,19,14,29,
4.75293,3,11,23,25,
4.75428,3,11,23,25,
4.75563,-1,13,18,18,
4.75701,-5,26,16,22,
4.75837,1,20,16,30,
4.75972,30,17,32,30,
4.76108,41,33,26,38,
4.76244,51,47,32,39,
4.76388,45,34,29,42,
4.76529,45,34,29,42,
4.76662,45,21,20,41,
4.76793,22,19,17,25,
4.76929,15,14,9,26,
4.77063,3,9,21,27,
4.77198,-6,15,14,24,
4.77333,-3,10,11,22,
4.77472,1,11,18,10,
4.77603,7,10,13,24,
4.77738,45,27,20,41,
4.77877,46,23,22,37,
4.78013,40,29,36,34,
4.78151,40,29,36,34,
4.78287,36,32,39,41,
4.78422,29,26,35,27,
4.78558,19,25,33,21,
4.78693,10,18,17,22,
4.78827,-9,14,13,15,
4.78971,-9,14,13,15,
4.79107,14,6,17,9,
4.7924,20,14,23,16,
4.79377,36,15,30,26,
4.79509,32,29,31,26,
4.79639,32,29,31,26,
4.79774,32,29,31,26,
4.79914,43,32,34,29,
4.80045,30,24,33,25,
4.80181,23,20,34,30,
4.80317,10,29,33,32,
4.80453,13,19,18,26,
4.80591,13,19,18,26,
4.80729,-5,19,18,17,
4.80861,3,9,15,23,
4.80998,22,21,25,24,
4.81134,33,33,33,20,
4.81267,39,33,40,24,
4.81406,39,33,40,24,
4.81545,34,33,46,35,
4.81679,38,35,40,42,
4.81819,41,16,37,27,
4.81956,22,23,24,29,
4.82098,22,23,24,29,
4.8225,4,7,22,32,
4.82386,-4,4,20,30,
4.82522,-1,12,15,22,
4.82664,6,30,18,20,
4.828,6,30,18,20,
4.82934,6,30,18,20,
4.83078,25,26,14,41,
4.83219,29,34,21,42,
4.83355,27,44,32,39,
4.83491,19,35,46,27,
4.83622,26,26,35,20,
4.83758,26,26,35,20,
4.83894,16,31,21,22,
4.84022,11,21,21,25,
4.84157,-4,3,12,23,
4.84296,-1,7,10,25,
4.84429,4,15,15,25,
4.84568,20,25,25,30,
4.84705,32,24,37,33,
4.84836,23,28,44,30,
4.84972,44,38,45,26,
4.85107,53,36,37,32,
4.85237,24,34,32,36,
4.85377,24,34,32,36,
4.85512,25,20,20,23,
4.85643,4,16,25,25,
4.85777,-9,10,9,25,
4.85909,1,18,16,17,
4.86039,1,18,16,17,
4.86175,25,6,23,27,
4.86315,25,27,34,37,
4.86447,29,32,42,38,
4.86584,32,30,33,33,
4.86719,37,35,33,30,
4.86852,37,35,33,30,
4.86987,35,35,37,29,
4.8712,31,20,31,24,
4.87248,13,11,29,23,
4.87388,13,12,30,32,
4.87523,-1,16,19,25,
4.87655,3,11,17,13,
4.87794,3,11,19,17,
4.87927,0,7,27,22,
4.88059,31,27,24,28,
4.88197,27,27,28,33,
4.88334,27,27,28,33,
4.88473,32,39,30,48,
4.88612,35,44,35,42,
4.88747,31,36,37,29,
4.88879,33,32,35,22,
4.89016,13,14,29,24,
4.89149,0,8,13,28,
4.8928,0,8,13,28,
4.89413,-18,7,14,22,
4.89546,2,16,22,18,
4.8968,15,28,17,18,
4.8982,42,32,34,24,
4.89951,42,32,34,24,
4.90086,42,32,34,24,
4.90222,50,40,30,21,
4.90356,37,35,34,29,
4.90493,26,34,35,34,
4.90628,23,32,28,25,
4.90763,0,11,27,24,
4.90901,0,11,27,24,
4.9104,-17,24,20,18,
4.91174,1,18,10,10,
4.91311,12,10,22,17,
4.91443,12,10,22,17,
4.91581,28,17,26,26,
4.91715,35,31,23,28,
4.91854,30,33,29,33,
4.9199,48,32,38,42,
4.92124,32,33,40,26,
4.9226,13,23,24,29,
4.92394,22,8,11,27,
4.92524,22,8,11,27,
4.92663,9,23,20,26,
4.92801,8,12,18,30,
4.92933,2,-2,17,19,
4.93073,2,8,29,26,
4.93209,2,8,29,26,
4.93341,24,25,28,26,
4.93481,39,27,29,29,
4.93616,45,33,37,26,
4.93748,43,38,33,22,
4.93883,21,40,21,36,
4.94019,21,40,21,36,
4.94151,18,28,28,25,
4.94288,19,22,23,18,
4.94423,-4,16,19,14,
4.94561,-2,7,17,12,
4.94698,13,6,19,18,
4.9483,13,6,19,18,
4.94967,32,24,29,24,
4.95105,32,24,29,24,
4.9524,30,24,26,34,
4.95374,48,31,26,31,
4.9551,43,29,30,39,
4.95645,44,25,33,36,
4.95785,35,17,27,26,
4.95921,20,13,23,31,
4.96052,12,24,24,27,
4.9619,-14,5,16,21,
4.96327,-14,5,16,21,
4.9646,-17,8,24,13,
4.96595,13,17,6,23,
4.96725,13,17,6,23,
4.96858,28,25,25,27,
4.96994,30,29,23,34,
4.97122,41,46,39,34,
4.97253,41,46,39,34,
4.97388,41,45,39,25,
4.9752,20,17,27,21,
4.97651,1,16,29,23,
4.97788,1,10,15,32,
4.97922,1,10,15,32,
4.98053,2,18,18,15,
4.98187,6,9,13,14,
4.98317,12,11,21,12,
4.98448,12,11,21,12,
4.98584,32,21,28,29,
4.9872,36,35,32,32,
4.98858,36,35,32,32,
4.98994,50,29,34,34,
4.99129,26,23,25,24,
4.99266,23,21,26,25,
4.99397,14,22,15,23,
4.99529,14,22,15,23,
4.99663,10,23,12,27,
4.99794,-14,19,13,25,
4.99929,-14,11,15,25,
5.0006,-14,11,15,25,
5.00195,11,17,13,21,
5.0033,29,25,24,29,
5.00469,33,28,36,41,
5.00604,28,29,41,39,
5.00741,37,22,31,35,
5.00877,25,25,33,30,
5.01011,23,18,26,27,
5.01146,16,15,24,21,
5.01278,3,15,30,18,
5.01414,-1,11,25,25,
5.0155,-2,3,22,23,
5.01686,-4,8,13,19,
5.01827,1,19,21,17,
5.01963,25,34,25,20,
5.02098,45,46,25,29,
5.02238,49,34,34,31,
5.0238,52,33,40,29,
5.02522,42,29,30,29,
5.02666,33,23,19,21,
5.02805,17,22,23,22,
5.02945,17,22,23,22,
5.03085,6,24,28,25,
5.03212,3,20,26,21,
5.0335,4,11,24,19,
5.03492,15,20,23,26,
5.03624,15,27,23,34,
5.03763,36,36,31,36,
5.03897,36,36,31,36,
5.04031,47,46,32,39,
5.04165,47,46,32,39,
5.04301,34,28,25,35,
5.04432,27,30,23,35,
5.04577,13,18,21,29,
5.04713,14,11,10,28,
5.0485,1,12,17,19,
5.04987,1,12,17,19,
5.05123,-4,-1,22,17,
5.05257,3,16,25,16,
5.05393,20,17,28,18,
5.05529,41,25,27,32,
5.0566,36,28,29,41,
5.05796,24,23,28,38,
5.05932,24,23,28,38,
5.06063,33,23,23,40,
5.06196,9,23,17,30,
5.06327,8,15,13,25,
5.06457,6,8,14,28,
5.06593,-11,10,13,30,
5.06726,-11,10,13,30,
5.06856,-11,10,13,30,
5.06992,3,13,21,26,
5.07127,10,24,17,26,
5.07259,27,31,19,31,
5.07397,31,31,30,23,
5.07533,39,30,35,24,
5.07668,39,27,26,23,
5.07807,36,31,29,24,
5.07942,11,16,32,30,
5.08075,-1,9,20,28,
5.08215,-1,12,18,27,
5.08351,-1,12,18,27,
5.08491,-20,9,17,18,
5.08629,-10,6,14,9,
5.08765,1,17,20,26,
5.08901,35,16,31,33,
5.09037,48,23,25,38,
5.09173,34,31,29,37,
5.09311,31,33,40,33,
5.09447,24,40,31,29,
5.09585,32,37,21,25,
5.09717,14,6,22,24,
5.09855,11,9,17,17,
5.09994,11,9,17,17,
5.10128,-2,12,9,17,
5.10265,-3,8,8,13,
5.10399,-1,7,15,13,
5.1053,8,14,24,11,
5.10665,39,21,33,27,
5.108,46,31,30,29,
5.10932,46,31,30,29,
5.11068,39,26,32,35,
5.11204,40,25,34,32,
5.11339,30,29,25,27,
5.11471,9,15,22,30,
5.11605,-5,10,17,29,
5.11738,-5,10,17,29,
5.11875,-15,9,15,24,
5.12008,-9,12,24,22,
5.12142,8,7,21,20,
5.12278,12,22,29,24,
5.12413,23,32,33,22,
5.12549,38,26,34,17,
5.12687,37,39,28,20,
5.12822,29,40,30,30,
5.12957,21,39,28,25,
5.13094,22,41,22,22,
5.13228,14,20,26,18,
5.13366,3,19,28,13,
5.135,1,15,24,16,
5.13638,-15,7,22,14,
5.13774,-12,0,11,14,
5.13909,10,-4,8,16,
5.14045,24,20,18,20,
5.1418,38,23,32,35,
5.14315,38,23,32,35,
5.14447,37,24,32,30,
5.14585,45,34,29,27,
5.14724,41,24,21,25,
5.14858,32,19,28,23,
5.14996,7,11,33,20,
5.15133,3,10,32,23,
5.15266,-4,18,20,20,
5.15407,-6,12,19,9,
5.15542,-2,9,20,7,
5.15682,7,22,18,14,
5.15823,37,39,30,28,
5.15959,52,36,40,33,
5.16094,52,36,40,33,
5.16231,49,36,32,34,
5.16364,32,29,26,26,
5.16497,31,36,24,23,
5.16632,12,16,21,31,
5.16759,12,16,21,31,
5.16894,6,15,14,26,
5.17033,-6,6,7,21,
5.17168,2,6,10,28,
5.17298,0,14,14,18,
5.17435,0,14,14,18,
5.17573,19,19,14,25,
5.17707,19,19,14,25,
5.17845,29,33,28,36,
5.1798,48,29,42,33,
5.18121,39,26,32,35,
5.18259,19,30,27,20,
5.18395,0,21,27,15,
5.18531,0,21,27,15,
5.18666,6,19,18,26,
5.18804,6,19,18,26,
5.1894,-6,0,9,16,
5.19077,11,13,13,9,
5.19217,15,14,18,13,
5.19352,26,26,25,24,
5.19488,34,28,17,28,
5.19621,48,32,25,38,
5.19755,50,37,24,37,
5.19884,45,37,22,34,
5.20021,25,27,26,26,
5.20157,25,27,26,26,
5.20291,18,16,25,32,
5.20422,7,14,29,29,
5.2056,-4,10,23,17,
5.20691,-14,6,23,8,
5.20822,-16,10,19,11,
5.20955,34,18,22,36,
5.21085,34,18,22,36,
5.21218,33,28,23,32,
5.21354,54,37,31,28,
5.21489,49,25,28,28,
5.21619,43,26,28,19,
5.21759,23,14,24,17,
5.21892,23,14,24,17,
5.22026,13,4,29,18,
5.22164,15,13,19,16,
5.223,2,-3,23,21,
5.22432,4,-3,21,14,
5.22568,0,1,13,23,
5.22704,10,20,20,19,
5.22837,22,26,31,22,
5.22976,33,38,25,32,
5.23113,45,41,24,37,
5.23245,30,47,35,27,
5.23385,28,36,33,31,
5.23519,28,36,33,31,
5.23654,15,30,28,29,
5.23792,0,27,16,27,
5.23927,6,24,16,24,
5.24057,-17,6,13,8,
5.2419,-7,12,27,12,
5.24322,-7,12,27,12,
5.24462,1,18,24,21,
5.24599,20,25,35,21,
5.24736,31,34,36,23,
5.24867,39,45,35,23,
5.25002,29,41,23,31,
5.25133,29,41,23,31,
5.25265,30,23,23,25,
5.25398,28,16,21,25,
5.25533,13,16,29,23,
5.25666,7,16,19,17,
5.25801,-6,20,19,12,
5.25932,-4,16,21,7,
5.26066,9,4,19,13,
5.26201,14,21,18,23,
5.26333,27,23,33,34,
5.26466,33,23,43,36,
5.26602,40,23,40,36,
5.26733,36,23,31,36,
5.26869,28,27,31,26,
5.27003,23,16,24,20,
5.27135,14,10,27,25,
5.27268,13,16,21,27,
5.27403,-5,4,11,12,
5.27535,-4,3,6,6,
5.27671,-4,3,6,6,
5.27806,5,9,19,13,
5.27937,32,18,25,19,
5.28077,32,18,25,19,
5.28217,35,25,27,24,
5.28349,49,36,30,29,
5.28485,47,36,25,24,
5.28621,47,36,25,24,
5.28753,8,36,27,28,
5.28888,-6,26,16,24,
5.29023,-6,17,27,21,
5.29156,-3,4,14,13,
5.29292,-3,4,14,13,
5.29429,8,2,12,24,
5.29571,14,18,18,29,
5.29706,27,24,25,30,
5.29842,30,32,38,33,
5.2998,26,25,41,30,
5.30116,27,39,35,33,
5.30257,31,38,27,31,
5.30396,29,32,21,32,
5.30523,7,20,17,31,
5.3066,3,11,23,20,
5.30794,7,6,20,17,
5.30926,4,2,21,16,
5.31064,1,9,19,19,
5.31197,1,12,10,23,
5.31329,17,15,25,26,
5.31465,24,20,30,23,
5.31599,33,25,19,23,
5.31734,33,25,19,23,
5.31869,58,37,43,38,
5.32,55,42,30,41,
5.32134,29,36,21,34,
5.3227,18,29,22,23,
5.32398,16,15,28,22,
5.32534,5,19,25,19,
5.3267,-3,17,20,19,
5.32801,3,11,20,17,
5.32932,7,10,30,29,
5.33066,11,19,26,29,
5.33203,11,19,26,29,
5.33338,23,27,22,34,
5.33472,41,37,29,36,
5.33605,38,42,27,29,
5.33739,28,27,37,26,
5.33869,27,26,35,28,
5.34001,27,26,35,28,
5.34133,12,20,33,34,
5.34266,3,17,29,22,
5.344,1,8,26,14,
5.34532,4,10,25,14,
5.3467,6,12,28,23,
5.34806,18,14,27,20,
5.34942,39,21,26,21,
5.35078,39,21,26,21,
5.35213,34,33,23,25,
5.35352,33,32,33,21,
5.35491,33,39,34,29,
5.35621,24,39,29,36,
5.35757,9,25,29,24,
5.35894,6,26,24,19,
5.36029,-14,10,10,18,
5.36163,-5,4,18,12,
5.36301,-5,-1,13,21,
5.36437,-5,-1,13,21,
5.36577,15,-1,14,32,
5.36714,42,20,17,34,
5.36849,50,24,25,40,
5.36983,45,30,27,42,
5.37116,46,19,24,48,
5.37248,41,25,26,40,
5.37383,13,23,18,34,
5.37517,12,21,22,26,
5.37651,7,23,18,20,
5.37789,0,6,15,19,
5.37926,-4,18,13,14,
5.3806,-4,18,13,14,
5.38199,-4,18,13,14,
5.38335,21,22,34,23,
5.38467,37,24,44,31,
5.38599,33,18,44,29,
5.38732,39,25,39,30,
5.38866,31,42,19,32,
5.39003,31,42,19,32,
5.39138,25,22,27,33,
5.39273,5,12,17,19,
5.39411,5,12,17,19,
5.39549,10,3,24,27,
5.39682,-8,7,18,26,
5.39818,-7,10,11,30,
5.39954,-7,10,11,30,
5.40089,31,11,28,32,
5.40224,32,18,32,33,
5.40359,32,39,37,42,
5.40493,47,40,45,40,
5.4063,49,35,49,35,
5.40764,38,23,49,28,
5.40904,38,23,49,28,
5.4104,12,19,28,32,
5.41172,4,21,30,23,
5.41306,-7,8,20,12,
5.41444,-13,-3,14,17,
5.41588,-6,4,16,22,
5.41729,-4,7,15,29,
5.41869,28,24,26,31,
5.42012,26,36,36,39,
5.42162,29,28,38,40,
5.42303,39,32,28,35,
5.42441,29,30,29,30,
5.42582,29,30,29,30,
5.42719,22,27,35,32,
5.42852,13,18,21,26,
5.4299,10,12,17,25,
5.43129,1,15,0,12,
5.43267,1,15,0,12,
5.43407,10,27,5,18,
5.43545,26,29,18,32,
5.4368,35,36,21,37,
5.43818,35,36,21,37,
5.43954,46,31,32,32,
5.4409,31,21,25,33,
5.44226,31,21,25,33,
5.44362,25,14,30,28,
5.44494,23,7,29,23,
5.44633,21,13,18,18,
5.44769,-8,12,21,15,
5.44906,-2,19,26,12,
5.45041,-2,19,26,12,
5.4518,-2,19,26,12,
5.45315,17,17,29,26,
5.45451,17,17,29,26,
5.45587,39,19,27,31,
5.45723,54,43,27,39,
5.45861,36,39,26,36,
5.45997,35,31,27,32,
5.46132,19,26,24,31,
5.46268,1,11,14,32,
5.46404,-11,4,8,25,
5.4654,-1,0,19,18,
5.46676,-1,0,19,18,
5.46813,-1,0,19,18,
5.4695,8,15,18,20,
5.47088,24,28,35,24,
5.4722,37,35,32,30,
5.47356,50,33,38,38,
5.47491,48,38,32,39,
5.47622,32,38,23,27,
5.47755,29,29,32,32,
5.47893,4,22,23,25,
5.48023,13,12,24,22,
5.48159,0,13,15,27,
5.48293,0,13,15,27,
5.48424,4,11,24,20,
5.48561,4,11,24,20,
5.48696,27,17,28,14,
5.48829,34,33,29,16,
5.48965,24,29,24,28,
5.49101,24,29,24,28,
5.49235,45,33,29,34,
5.49371,22,26,29,31,
5.49515,13,27,35,38,
5.49648,17,25,27,39,
5.49783,-6,16,15,23,
5.49919,-6,16,15,23,
5.50057,-5,6,7,20,
5.50192,-5,11,17,18,
5.5033,-5,10,23,19,
5.50467,19,13,23,21,
5.50604,35,30,25,35,
5.5074,35,30,25,35,
5.50872,36,33,33,31,
5.51011,47,29,38,33,
5.51147,25,28,23,33,
5.51284,21,23,23,35,
5.51417,16,12,17,33,
5.51551,0,12,26,21,
5.51688,0,12,26,21,
5.51823,-9,14,16,22,
5.51958,4,7,23,26,
5.52094,3,10,21,30,
5.5223,17,18,30,38,
5.52366,25,22,29,32,
5.52501,42,28,31,36,
5.52642,61,35,43,33,
5.52778,32,32,33,34,
5.52914,19,23,35,29,
5.5305,19,23,35,29,
5.5319,16,12,26,26,
5.53325,7,17,21,31,
5.53456,4,28,19,28,
5.53591,-5,13,20,32,
5.53726,4,11,18,26,
5.53862,25,20,30,26,
5.53998,30,27,30,32,
5.54133,38,34,35,31,
5.54268,45,30,36,34,
5.54403,47,36,30,34,
5.54538,47,36,30,34,
5.54677,27,25,35,38,
5.54812,31,26,25,33,
5.54949,21,18,23,26,
5.55084,24,13,32,19,
5.55221,10,10,23,17,
5.55357,6,6,11,17,
5.55493,16,15,24,23,
5.55629,29,23,29,27,
5.55764,47,29,32,26,
5.55907,47,29,32,26,
5.56045,43,42,39,29,
5.56183,43,39,44,38,
5.56317,34,28,40,36,
5.5645,13,18,23,29,
5.56587,6,18,21,31,
5.56724,11,22,19,31,
5.56856,4,16,17,31,
5.56991,-12,12,12,29,
5.57127,4,19,9,21,
5.5726,35,17,26,28,
5.57396,35,17,26,28,
5.57531,34,21,32,27,
5.57671,34,21,32,27,
5.5781,39,48,42,32,
5.57941,35,42,40,29,
5.58078,38,32,28,34,
5.58215,6,12,33,26,
5.58349,2,20,32,21,
5.58479,2,20,32,21,
5.58615,-3,4,26,25,
5.5875,-8,10,14,19,
5.58884,-8,10,14,19,
5.59023,-9,9,7,24,
5.59158,29,34,29,27,
5.59293,27,41,31,27,
5.59429,27,41,31,27,
5.59564,53,39,31,42,
5.59695,43,36,36,33,
5.59832,29,34,40,38,
5.59968,14,19,31,30,
5.60103,14,19,31,30,
5.60241,0,16,30,27,
5.60377,-2,7,22,22,
5.60509,-8,-1,17,17,
5.6065,-3,-5,24,12,
5.60792,8,-5,26,10,
5.60926,30,4,23,28,
5.61067,38,27,20,37,
5.61203,37,40,19,34,
5.61336,26,42,32,39,
5.61476,22,41,27,34,
5.61612,24,30,27,34,
5.61748,25,17,19,35,
5.61885,16,19,9,29,
5.62021,4,11,18,26,
5.62167,4,11,18,26,
5.62309,-6,2,13,12,
5.62458,-13,17,19,20,
5.62606,12,30,24,31,
5.62744,33,32,21,26,
5.62883,50,29,30,28,
5.63034,49,40,43,30,
5.63174,40,26,29,32,
5.63355,32,13,26,26,
5.63508,17,13,33,20,
5.63645,3,14,28,20,
5.63784,1,17,22,26,
5.63919,9,16,16,25,
5.64055,9,18,10,24,
5.64192,14,28,18,21,
5.64328,17,26,23,17,
5.64465,27,40,20,29,
5.64602,27,40,19,33,
5.64738,41,40,19,33,
5.64874,34,24,22,39,
5.6501,25,35,26,37,
5.65145,26,24,22,37,
5.6528,8,16,24,21,
5.6542,8,16,24,21,
5.65556,-1,9,26,24,
5.65692,-3,0,9,17,
5.65829,0,8,19,18,
5.65964,6,13,34,12,
5.66104,41,14,36,16,
5.66243,41,14,36,16,
5.6638,42,25,28,23,
5.66515,49,33,32,27,
5.66652,42,38,24,26,
5.6679,26,35,18,22,
5.66925,21,30,15,25,
5.67061,10,15,17,31,
5.67196,1,18,17,34,
5.67333,-7,14,16,21,
5.67469,-10,5,23,14,
5.67606,2,7,20,14,
5.67737,8,20,19,17,
5.67876,20,31,24,29,
5.68013,26,36,29,35,
5.6815,35,38,25,35,
5.68283,41,48,27,39,
5.6842,42,41,23,34,
5.68558,32,36,25,22,
5.68695,10,20,29,24,
5.68823,9,14,33,18,
5.68959,9,14,33,18,
5.69095,-9,21,22,22,
5.69222,-20,12,14,18,
5.69358,4,13,25,22,
5.69495,3,22,29,25,
5.69623,32,29,27,24,
5.69758,44,40,23,26,
5.69894,45,33,35,30,
5.70024,32,31,42,38,
5.7016,27,26,38,41,
5.70298,27,9,22,32,
5.70433,27,9,22,32,
5.70573,16,19,12,26,
5.70708,0,26,14,26,
5.70845,-13,15,17,28,
5.70984,-3,20,21,19,
5.7112,4,11,16,8,
5.71254,19,34,20,24,
5.7139,19,34,20,24,
5.71525,33,39,29,28,
5.71657,43,36,31,28,
5.71789,42,22,23,30,
5.71922,41,26,24,35,
5.72053,29,16,16,37,
5.72189,29,16,16,37,
5.72325,4,7,13,31,
5.72456,-5,12,19,29,
5.72593,-13,3,16,22,
5.72729,-6,1,13,22,
5.72863,-3,17,17,22,
5.73003,16,22,27,22,
5.73138,31,32,26,22,
5.73269,29,29,36,20,
5.73403,31,27,35,32,
5.73537,27,34,30,37,
5.73669,27,34,30,37,
5.73806,19,36,25,31,
5.73943,20,23,29,23,
5.74074,5,26,26,22,
5.74211,4,15,27,28,
5.74347,2,8,12,26,
5.74477,2,8,12,26,
5.74609,2,7,22,15,
5.74741,28,35,28,20,
5.74873,29,30,32,24,
5.75008,27,37,37,21,
5.75142,38,42,38,26,
5.75276,31,26,26,33,
5.75416,26,14,26,33,
5.7555,19,25,35,37,
5.75682,10,15,19,29,
5.75821,4,17,12,25,
5.75953,1,25,10,26,
5.76091,1,25,10,26,
5.76236,-9,11,16,9,
5.76371,4,11,16,14,
5.76509,16,15,13,31,
5.76649,43,38,17,26,
5.76784,34,38,21,29,
5.76923,34,38,21,29,
5.77061,31,27,35,38,
5.77198,31,27,35,38,
5.77333,27,24,22,36,
5.77468,3,23,20,22,
5.77605,-4,21,21,26,
5.77739,-4,21,21,26,
5.77875,-15,6,26,20,
5.78011,-7,0,22,24,
5.78147,9,19,15,23,
5.78282,45,32,34,29,
5.78421,47,45,41,28,
5.78557,47,45,41,28,
5.78692,47,45,41,28,
5.78825,31,25,30,38,
5.78961,26,22,23,37,
5.79098,9,17,17,29,
5.7923,5,15,26,30,
5.7937,5,15,26,30,
5.79506,-9,7,28,22,
5.79638,-16,6,18,9,
5.79776,0,2,20,12,
5.79911,16,17,20,17,
5.80042,34,18,20,20,
5.80179,34,25,31,19,
5.80316,34,25,31,19,
5.80449,47,26,50,23,
5.80587,43,30,31,29,
5.80723,31,26,26,35,
5.80854,14,25,20,26,
5.80989,1,24,20,22,
5.81119,-3,25,21,18,
5.81253,2,6,16,14,
5.8139,2,8,9,21,
5.81523,15,21,21,13,
5.81656,42,31,26,25,
5.81791,42,31,26,25,
5.8193,46,40,27,32,
5.82063,50,35,31,44,
5.82194,46,22,38,35,
5.82327,41,33,34,38,
5.82469,36,32,26,34,
5.82619,18,25,25,22,
5.82758,19,12,29,21,
5.82901,-1,20,21,16,
5.83041,-5,12,11,17,
5.83179,1,15,10,23,
5.8333,18,27,17,19,
5.83477,23,32,26,17,
5.83621,26,34,28,26,
5.83767,28,27,35,34,
5.83904,48,42,48,42,
5.84036,26,27,30,36,
5.84176,28,19,24,35,
5.84312,15,10,22,26,
5.84446,5,5,21,24,
5.84585,5,5,21,24,
5.84716,5,5,21,24,
5.84846,-1,5,14,14,
5.84984,2,13,18,12,
5.8512,10,21,22,19,
5.8525,36,31,30,29,
5.85387,47,27,29,27,
5.85523,47,27,29,27,
5.85654,42,31,26,35,
5.8579,25,26,28,29,
5.85925,25,26,28,29,
5.86056,23,16,27,27,
5.86194,5,16,26,16,
5.86329,5,16,26,16,
5.86462,-11,6,25,9,
5.866,-2,15,17,13,
5.86735,20,26,21,19,
5.86867,23,32,24,30,
5.87003,31,41,24,36,
5.87138,29,30,23,36,
5.87271,39,34,38,39,
5.87414,25,45,45,31,
5.87552,14,29,21,25,
5.87691,14,29,21,25,
5.87828,11,18,22,29,
5.87963,-1,5,28,35,
5.88093,-3,10,22,22,
5.88228,-1,12,18,20,
5.88363,6,7,19,20,
5.88497,20,19,15,31,
5.88635,20,19,15,31,
5.88772,42,33,34,26,
5.88906,32,46,28,35,
5.89042,47,34,32,26,
5.89177,56,37,30,27,
5.89312,56,37,30,27,
5.8945,37,29,28,28,
5.89587,13,23,21,31,
5.89722,-4,15,21,27,
5.89861,-12,6,24,18,
5.89996,-7,6,18,13,
5.9013,5,13,9,5,
5.90267,19,20,10,13,
5.90403,27,27,25,26,
5.90537,41,25,29,30,
5.90674,50,31,36,36,
5.90822,44,29,29,31,
5.9096,44,29,29,31,
5.91095,33,29,29,34,
5.91233,30,21,30,26,
5.91372,17,21,16,29,
5.91507,8,21,13,26,
5.91643,2,9,15,28,
5.91779,7,11,16,27,
5.91906,7,11,16,27,
5.9204,21,25,28,21,
5.92173,29,24,27,28,
5.92308,28,33,25,24,
5.92438,41,39,34,31,
5.92573,45,42,38,32,
5.92708,44,36,37,34,
5.92839,44,36,37,34,
5.92972,19,21,14,36,
5.93109,6,20,12,28,
5.93249,4,27,17,28,
5.93386,-6,17,13,10,
5.93526,-6,17,13,10,
5.93661,-3,19,10,15,
5.93797,28,29,29,30,
5.93932,44,32,35,35,
5.94065,44,32,35,35,
5.94205,47,34,31,34,
5.9434,53,29,26,37,
5.94476,49,21,28,36,
5.94613,35,26,26,35,
5.94747,23,6,21,17,
5.94881,8,5,12,16,
5.95016,3,2,5,8,
5.9515,-4,14,8,18,
5.9528,-7,15,14,17,
5.95416,5,10,26,15,
5.95548,24,25,18,23,
5.95684,36,38,33,31,
5.95825,36,38,33,31,
5.95963,56,45,33,28,
5.96098,44,32,31,31,
5.96236,33,26,27,31,
5.96377,22,24,18,28,
5.96511,12,20,17,22,
5.96648,2,25,16,15,
5.96786,2,25,16,15,
5.96925,0,23,16,4,
5.97061,-9,10,7,14,
5.97196,2,22,14,17,
5.97331,30,30,38,23,
5.97468,30,30,38,23,
5.97603,30,30,38,23,
5.9774,37,33,34,23,
5.97879,37,30,20,27,
5.98014,34,21,23,27,
5.98153,30,11,30,35,
5.98289,5,12,21,28,
5.98423,-8,17,24,24,
5.98562,-5,22,22,21,
5.98699,-12,15,8,30,
5.98835,-12,15,8,30,
5.98974,-6,11,12,31,
5.9911,31,28,14,30,
5.99247,27,31,20,22,
5.99384,29,38,19,31,
5.99519,33,35,30,39,
5.99653,35,32,29,27,
5.99789,35,32,29,27,
5.99925,30,29,19,28,
6.00054,-3,20,22,6,
6.0019,7,23,27,18,
6.0033,-6,17,19,19,
6.00462,-9,22,13,15,
6.00604,4,13,14,19,
6.0074,10,10,23,29,
6.00875,21,33,27,32,
6.01017,43,30,21,25,
6.01152,36,27,19,22,
6.01285,26,28,30,23,
6.01423,26,28,30,23,
6.01554,16,29,32,17,
6.01686,6,23,34,25,
6.01825,-4,16,23,35,
6.01956,-18,17,14,30,
6.0209,-22,13,7,20,
6.02227,-14,10,19,17,
6.02363,2,7,23,16,
6.025,12,13,29,28,
6.02637,28,33,36,32,
6.02775,28,29,27,28,
6.02912,31,29,29,33,
6.03051,31,29,29,33,
6.03192,34,20,26,16,
6.03331,34,16,17,21,
6.03479,-2,13,27,29,
6.03617,-12,18,22,23,
6.03764,-20,10,19,20,
6.03901,-16,12,12,22,
6.04038,-16,12,12,22,
6.04183,-3,9,17,17,
6.0432,24,25,20,29,
6.04457,36,35,29,35,
6.04601,35,41,36,31,
6.04738,26,23,30,29,
6.04872,26,23,30,29,
6.05013,23,15,26,28,
6.05145,-4,9,26,15,
6.05279,-14,22,18,20,
6.05418,-14,22,18,20,
6.05553,-8,3,8,24,
6.05688,-8,9,19,23,
6.05825,-8,9,19,23,
6.0596,3,25,16,28,
6.06096,31,32,26,25,
6.06232,38,23,22,25,
6.06367,49,23,33,26,
6.06502,39,27,33,23,
6.06643,24,28,29,23,
6.06778,18,28,36,22,
6.06912,7,21,23,22,
6.07048,-3,12,9,30,
6.07184,-8,3,14,25,
6.07321,-5,15,15,20,
6.0746,-5,15,15,20,
6.07596,-14,16,13,17,
6.07733,-2,22,10,23,
6.07871,37,29,23,32,
6.08008,31,37,34,35,
6.08143,28,47,31,34,
6.08282,22,34,25,33,
6.08417,17,20,29,25,
6.08554,17,20,29,25,
6.08691,13,22,33,29,
6.08826,-8,14,22,29,
6.08968,-25,6,13,22,
6.09098,-24,-4,16,11,
6.09229,-25,-2,21,11,
6.09366,-2,8,17,26,
6.09505,25,11,29,31,
6.09637,24,26,22,34,
6.09775,24,26,22,34,
6.09911,35,29,35,34,
6.10046,41,35,39,28,
6.10186,28,28,29,24,
6.10323,16,25,24,20,
6.10459,2,22,17,12,
6.10599,-2,11,22,15,
6.10736,-2,11,22,15,
6.10872,-22,6,13,14,
6.11009,-7,8,11,10,
6.1114,14,14,19,10,
6.1127,24,17,25,22,
6.11406,39,20,28,21,
6.11538,39,20,28,21,
6.11675,39,20,28,21,
6.1181,33,25,28,21,
6.11946,21,22,24,15,
6.12081,1,21,23,8,
6.12214,-4,12,21,12,
6.12346,-4,12,21,12,
6.12478,-18,13,28,15,
6.12611,-21,10,24,6,
6.12743,5,24,19,23,
6.1288,29,28,29,20,
6.13014,34,29,21,22,
6.13145,32,34,21,21,
6.13279,32,34,21,21,
6.13416,34,36,26,26,
6.13547,36,38,19,35,
6.13683,16,21,12,24,
6.13819,0,20,12,22,
6.13949,5,20,10,25,
6.14084,-10,3,10,27,
6.14219,-11,-3,16,29,
6.14351,-15,4,18,20,
6.14489,-9,15,17,25,
6.14625,14,13,31,23,
6.14758,39,25,28,27,
6.14894,30,24,25,24,
6.1503,41,23,35,21,
6.15165,42,30,42,27,
6.15301,26,34,33,29,
6.15438,7,15,19,24,
6.15575,-1,20,18,24,
6.15709,-1,20,18,24,
6.1585,-6,23,14,27,
6.15992,-9,7,7,18,
6.16128,-11,9,8,15,
6.16262,-11,9,8,15,
6.16399,19,11,37,17,
6.16534,19,11,37,17,
6.16669,32,18,38,29,
6.16804,57,25,34,27,
6.16938,49,23,34,25,
6.17073,33,19,36,27,
6.17208,9,7,33,13,
6.17343,9,7,33,13,
6.17483,-1,8,16,6,
6.1762,-11,1,9,12,
6.17753,-7,-2,14,21,
6.17887,-4,12,15,25,
6.18025,7,30,13,31,
6.18158,12,27,24,26,
6.18294,15,24,24,30,
6.18428,25,24,22,39,
6.1856,41,23,20,30,
6.18695,39,27,26,28,
6.18826,24,27,29,21,
6.18959,15,13,20,24,
6.19095,3,13,13,21,
6.19226,3,13,13,21,
6.19359,-7,17,14,26,
6.19492,-7,14,8,24,
6.19627,5,20,18,6,
6.19759,2,29,27,20,
6.19895,22,27,30,31,
6.20027,27,23,33,31,
6.2016,39,27,35,29,
6.20292,45,30,36,31,
6.20426,26,27,21,25,
6.20562,11,23,34,20,
6.20695,11,23,34,20,
6.20829,11,23,34,20,
6.20972,10,18,20,26,
6.21117,7,19,13,26,
6.21254,-10,6,13,16,
6.21391,11,22,24,22,
6.21531,11,22,24,22,
6.21667,20,36,34,25,
6.21811,35,29,38,32,
6.21945,35,24,32,31,
6.2208,24,13,23,37,
6.22236,21,17,31,25,
6.22391,13,15,32,26,
6.22531,18,16,22,31,
6.22665,1,14,16,25,
6.22798,-5,16,21,28,
6.22943,-14,13,17,17,
6.23086,-14,13,17,17,
6.23224,3,11,15,14,
6.23372,25,15,23,19,
6.23512,23,30,24,28,
6.23649,39,33,33,28,
6.2379,37,27,31,38,
6.23927,26,30,22,28,
6.24066,26,30,22,28,
6.24203,4,17,20,25,
6.24338,-11,14,10,28,
6.24476,-6,8,8,23,
6.24612,0,13,26,22,
6.24746,5,9,26,20,
6.24881,5,9,26,20,
6.25018,34,36,20,35,
6.25149,49,39,34,31,
6.25287,43,45,42,25,
6.25425,47,45,31,29,
6.25563,30,31,28,23,
6.257,30,31,28,23,
6.25842,20,26,23,30,
6.25982,12,11,26,26,
6.26117,2,6,23,26,
6.26254,-12,11,22,19,
6.26392,3,3,9,28,
6.26524,3,3,9,28,
6.26661,10,11,16,22,
6.26798,15,21,19,22,
6.26934,32,31,20,31,
6.27072,42,37,24,33,
6.2721,55,30,41,33,
6.27341,51,25,32,38,
6.27478,51,25,32,38,
6.27614,15,24,26,19,
6.27752,7,21,31,15,
6.27887,3,21,27,22,
6.28022,-14,13,24,16,
6.28158,-7,14,27,12,
6.28298,4,22,26,24,
6.28434,4,22,26,24,
6.28571,16,25,26,26,
6.28711,38,28,31,35,
6.2885,45,22,24,39,
6.28987,33,37,22,49,
6.29122,33,37,22,49,
6.29256,22,42,28,33,
6.29393,16,8,29,16,
6.29529,11,12,18,15,
6.29664,0,12,22,13,
6.2979,7,8,18,16,
6.29925,7,8,18,16,
6.30059,6,17,20,16,
6.30195,14,14,25,12,
6.30329,34,36,26,29,
6.30461,29,25,31,35,
6.30598,35,25,30,32,
6.30733,35,25,30,32,
6.30874,37,24,22,28,
6.31005,24,24,20,25,
6.31138,1,14,30,25,
6.3127,-2,9,10,24,
6.31402,-2,9,10,24,
6.31537,-10,16,7,20,
6.3167,-15,11,14,23,
6.31805,-14,19,14,23,
6.3194,11,18,12,19,
6.32076,44,24,17,25,
6.32212,34,28,22,33,
6.32349,43,29,35,33,
6.32483,58,43,39,30,
6.32619,40,20,43,28,
6.32754,22,14,33,29,
6.32889,6,10,25,24,
6.33025,6,10,25,24,
6.33158,-4,10,24,10,
6.33291,-4,5,21,16,
6.33427,-5,8,11,25,
6.33562,11,14,16,23,
6.33697,25,24,25,19,
6.33834,25,24,25,19,
6.3397,51,32,37,33,
6.34106,57,38,42,33,
6.34241,47,38,41,33,
6.3437,36,27,29,35,
6.34504,26,19,18,26,
6.34641,17,28,20,31,
6.34783,14,33,28,29,
6.34914,-5,13,9,11,
6.3505,-11,18,8,11,
6.35189,6,19,17,20,
6.35323,6,19,17,20,
6.35463,18,14,27,24,
6.35597,37,18,37,30,
6.35731,43,26,42,35,
6.35868,47,25,48,34,
6.36004,38,19,35,27,
6.3614,30,21,33,30,
6.36277,9,20,33,31,
6.36412,-4,8,33,34,
6.36551,2,10,31,25,
6.36687,-13,7,15,21,
6.36824,-11,15,7,19,
6.36962,1,19,21,15,
6.37093,13,27,20,17,
6.37229,22,34,20,20,
6.37367,30,31,25,21,
6.37506,47,25,34,31,
6.3764,43,35,32,33,
6.37775,43,35,32,33,
6.37915,29,31,36,33,
6.38048,8,17,15,25,
6.38182,5,25,13,27,
6.38319,4,18,14,31,
6.38455,-2,8,6,25,
6.38592,-6,6,7,25,
6.38728,-6,6,7,25,
6.38861,12,22,17,32,
6.38999,29,31,20,39,
6.39136,32,32,17,44,
6.39272,47,30,29,49,
6.3941,44,30,32,46,
6.39545,44,30,32,46,
6.3968,20,39,32,35,
6.39819,20,24,28,27,
6.39954,13,22,25,17,
6.4009,13,22,25,17,
6.40219,-2,12,17,7,
6.40357,-2,12,17,7,
6.4049,-3,12,16,14,
6.40626,25,24,26,32,
6.40762,41,32,36,34,
6.40896,49,33,38,32,
6.41035,57,45,36,36,
6.41167,44,44,42,30,
6.41306,42,32,36,32,
6.41443,38,16,24,38,
6.41573,19,8,28,26,
6.41706,17,17,23,16,
6.41841,6,17,19,22,
6.41976,8,10,13,18,
6.42113,12,21,19,16,
6.42251,8,16,15,29,
6.42399,35,27,33,34,
6.42544,44,30,29,38,
6.42683,58,41,31,41,
6.42823,48,34,30,36,
6.42972,48,34,30,36,
6.43112,29,30,37,36,
6.43249,15,29,37,20,
6.43397,12,24,26,21,
6.4354,5,11,13,17,
6.43679,-6,8,6,21,
6.43817,0,7,20,29,
6.43959,0,11,24,31,
6.44099,34,33,35,33,
6.44238,34,33,35,33,
6.44375,40,34,37,31,
6.44513,51,40,42,40,
6.44656,51,40,42,40,
6.44793,39,25,38,38,
6.44928,18,17,24,40,
6.45066,2,19,14,34,
6.45203,6,17,15,36,
6.45339,-9,14,27,34,
6.45476,-9,14,27,34,
6.45614,-7,16,26,32,
6.45752,5,28,15,31,
6.45888,28,34,22,35,
6.46026,56,37,34,32,
6.46159,69,51,40,48,
6.46294,69,51,40,48,
6.46423,66,40,52,58,
6.46559,33,22,45,52,
6.46692,23,22,41,44,
6.46824,17,27,26,38,
6.46961,18,33,17,36,
6.47096,22,21,20,38,
6.47226,21,23,26,36,
6.4736,26,22,30,30,
6.47492,26,22,30,30,
6.47621,53,45,35,53,
6.47756,54,39,48,53,
6.47892,58,32,47,64,
6.48023,64,39,44,70,
6.48158,75,45,41,67,
6.48293,76,46,38,73,
6.48434,75,38,45,80,
6.4857,44,43,44,76,
6.487,32,41,46,77,
6.48833,32,41,46,77,
6.48967,29,43,48,78,
6.49103,33,34,51,85,
6.49238,57,32,56,89,
6.49381,107,61,82,122,
6.49516,128,75,92,129,
6.49651,128,75,92,129,
6.49785,140,83,97,150,
6.4992,162,91,104,173,
6.50055,174,96,106,219,
6.50191,187,110,124,294,
6.50331,178,115,172,494,
6.50468,178,115,172,494,
6.50612,326,179,338,892,
6.50743,288,245,304,561,
6.50878,204,196,236,426,
6.51018,163,160,177,329,
6.51154,128,128,113,232,
6.51288,128,128,113,232,
6.51425,124,106,101,198,
6.5156,109,74,92,151,
6.51696,93,66,96,137,
6.51834,69,59,90,126,
6.51969,62,55,80,118,
6.52105,59,50,69,114,
6.52243,59,50,69,114,
6.5238,27,38,59,107,
6.52515,33,29,56,76,
6.52649,43,36,62,79,
6.52784,49,38,66,77,
6.52919,53,51,59,81,
6.53061,55,51,58,82,
6.53197,75,46,63,84,
6.53332,78,46,63,86,
6.53472,59,47,62,82,
6.53608,36,38,56,83,
6.53751,21,25,42,63,
6.53887,21,25,42,63,
6.54021,6,17,39,50,
6.54157,12,18,30,36,
6.54292,16,18,32,42,
6.54425,33,20,36,43,
6.54564,33,34,32,57,
6.547,37,33,44,68,
6.54831,51,40,50,67,
6.54967,52,41,52,72,
6.551,42,46,39,66,
6.5523,37,43,40,64,
6.55366,24,24,37,62,
6.55504,24,24,37,62,
6.55635,10,21,35,48,
6.55771,7,9,17,41,
6.55907,2,2,19,28,
6.5604,22,12,29,23,
6.56178,34,25,27,43,
6.56306,34,25,27,43,
6.56437,36,42,29,37,
6.56573,39,42,33,32,
6.56714,57,46,39,41,
6.56846,53,34,36,39,
6.56982,40,20,24,45,
6.57114,22,22,20,34,
6.57248,22,22,20,34,
6.57384,6,12,9,35,
6.57515,-11,6,10,30,
6.57647,-18,17,20,28,
6.57783,-3,22,33,31,
6.57919,17,29,39,38,
6.58049,17,29,39,38,
6.58184,44,25,36,43,
6.58317,60,38,42,48,
6.58453,65,45,25,53,
6.58587,47,43,31,48,
6.58719,30,39,29,39,
6.58854,15,22,30,35,
6.58992,19,11,32,29,
6.59128,8,10,32,25,
6.5926,0,7,21,19,
6.59394,0,7,21,19,
6.59525,11,11,14,19,
6.59665,17,21,29,24,
6.59796,34,26,41,34,
6.59931,48,33,37,35,
6.60067,60,38,30,35,
6.60203,58,34,28,36,
6.60338,37,26,38,37,
6.60474,25,25,30,42,
6.60607,25,25,30,42,
6.60744,17,22,22,35,
6.60879,5,19,14,22,
6.61014,2,13,24,23,
6.61145,13,6,26,26,
6.61276,27,16,17,29,
6.61412,27,16,17,29,
6.61544,38,28,28,46,
6.6168,50,31,25,44,
6.61823,58,39,24,39,
6.6196,44,55,31,46,
6.62097,44,55,31,46,
6.62225,38,40,34,54,
6.62359,23,27,27,48,
6.625,4,22,27,31,
6.62665,2,7,25,30,
6.62802,1,8,23,29,
6.6294,9,13,23,24,
6.63082,9,13,23,24,
6.63219,41,31,27,38,
6.63364,52,36,32,45,
6.63502,56,43,39,45,
6.63639,64,42,39,53,
6.63781,59,32,39,48,
6.63933,59,32,39,48,
6.64074,37,35,30,46,
6.64211,23,25,25,33,
6.64349,24,13,23,35,
6.64487,-2,-5,16,26,
6.64624,9,18,21,21,
6.64757,9,18,21,21,
6.64895,37,29,32,39,
6.65032,46,44,39,33,
6.65171,51,43,44,39,
6.65307,41,35,46,32,
6.65443,44,32,38,30,
6.65578,44,32,38,30,
6.65713,26,28,41,30,
6.6585,21,23,38,37,
6.65988,24,19,31,29,
6.66124,-5,26,20,25,
6.66265,-3,28,8,26,
6.66401,-3,28,8,26,
6.66536,19,27,17,32,
6.66673,47,39,20,36,
6.66813,54,44,30,39,
6.66951,50,37,42,41,
6.67088,50,37,42,41,
6.67224,37,32,39,46,
6.67357,37,32,39,46,
6.67491,30,33,36,42,
6.67627,18,31,34,28,
6.6776,10,12,27,24,
6.67896,-18,2,16,27,
6.68032,-18,2,16,27,
6.68165,-16,7,25,21,
6.68302,2,19,22,17,
6.68438,33,36,43,31,
6.68574,42,30,42,31,
6.68712,42,30,42,31,
6.68848,68,36,33,40,
6.68984,54,45,30,36,
6.69121,50,47,25,34,
6.69256,25,36,12,43,
6.69393,14,19,11,27,
6.69527,3,8,14,30,
6.69662,-17,3,21,24,
6.69796,0,10,16,23,
6.69928,-3,20,6,18,
6.70063,3,23,19,29,
6.70199,21,16,32,44,
6.70334,39,14,32,37,
6.70467,57,28,39,28,
6.70603,55,47,44,35,
6.70738,53,50,35,34,
6.70871,31,32,33,28,
6.71013,6,20,26,33,
6.71149,5,27,27,30,
6.71286,0,8,24,30,
6.71425,0,8,24,30,
6.71562,5,9,22,21,
6.71698,5,9,22,21,
6.71836,13,11,24,21,
6.71971,41,35,40,35,
6.72108,50,40,40,39,
6.72245,64,44,42,49,
6.7238,59,38,39,41,
6.72521,54,40,29,42,
6.72658,40,35,30,38,
6.72799,13,21,27,25,
6.72934,13,21,27,25,
6.7307,1,16,16,15,
6.73206,-15,13,14,17,
6.73341,-8,7,24,20,
6.7348,-1,14,29,25,
6.73614,24,20,34,22,
6.73749,47,30,37,34,
6.73887,46,36,33,36,
6.74034,40,33,29,35,
6.74166,30,22,29,31,
6.74302,28,22,37,29,
6.74443,21,13,33,35,
6.74575,13,2,24,32,
6.74711,13,6,24,26,
6.74845,2,11,27,21,
6.74982,-15,9,30,17,
6.75121,-2,11,23,21,
6.75253,16,17,21,25,
6.7539,43,29,40,27,
6.75526,44,23,38,36,
6.75659,51,28,33,38,
6.75798,51,28,33,38,
6.75937,42,34,35,42,
6.76072,42,34,35,42,
6.7621,26,35,25,41,
6.76345,-2,8,25,25,
6.76478,0,10,24,31,
6.76615,0,10,24,31,
6.7675,-3,0,6,14,
6.76883,2,10,14,13,
6.7702,20,27,29,26,
6.77155,47,33,27,44,
6.77291,47,33,27,44,
6.7743,56,44,22,46,
6.77559,48,40,34,49,
6.77693,35,38,39,42,
6.77832,25,25,37,32,
6.7797,15,21,25,35,
6.78104,2,10,25,22,
6.78242,2,10,25,22,
6.78377,-15,14,10,20,
6.78507,-4,7,18,24,
6.78641,15,22,24,26,
6.78774,32,21,19,36,
6.78912,28,26,28,33,
6.79049,41,28,29,36,
6.79184,41,28,29,36,
6.79319,63,42,32,42,
6.79456,37,32,31,35,
6.79597,28,33,36,31,
6.79731,15,13,28,23,
6.79867,6,19,28,24,
6.80004,-5,25,32,32,
6.80139,-16,14,22,17,
6.80272,-13,19,12,9,
6.80411,24,7,20,22,
6.80538,41,21,24,25,
6.80678,41,21,24,25,
6.80812,43,20,25,24,
6.80947,46,22,22,36,
6.81084,54,31,26,41,
6.81219,24,22,28,28,
6.81354,17,21,31,22,
6.81493,17,21,31,22,
6.81627,13,17,31,16,
6.81765,-8,19,24,15,
6.81902,-16,12,25,11,
6.82037,-14,6,26,12,
6.82177,37,25,26,26,
6.82314,37,25,26,26,
6.82449,37,25,26,26,
6.82587,30,34,21,31,
6.82723,42,37,31,35,
6.82862,38,41,30,39,
6.82999,29,31,29,28,
6.83139,29,31,29,28,
6.83276,2,21,18,35,
6.83413,-3,13,18,30,
6.83546,-1,15,19,30,
6.83681,-4,24,16,21,
6.83818,-4,24,16,21,
6.83953,22,25,25,34,
6.84088,22,25,25,34,
6.84223,43,30,28,29,
6.84358,52,37,24,51,
6.84493,51,43,21,49,
6.84632,36,40,20,40,
6.84768,24,29,25,39,
6.84903,17,21,17,34,
6.85034,4,16,17,27,
6.85165,-5,7,26,24,
6.85298,1,11,22,23,
6.85441,0,22,16,18,
6.85584,0,22,16,18,
6.8572,7,25,14,18,
6.85858,32,31,19,26,
6.85994,41,33,16,25,
6.8613,47,40,36,43,
6.86259,36,39,39,37,
6.86395,36,39,39,37,
6.86532,26,20,14,38,
6.8667,13,18,23,31,
6.86806,6,27,17,25,
6.86941,-8,21,16,21,
6.87077,-8,21,16,21,
6.87213,-8,21,16,21,
6.87349,-9,25,18,10,
6.87484,28,24,17,35,
6.87617,33,36,17,29,
6.87752,35,36,32,27,
6.87888,54,39,43,38,
6.88022,54,39,43,38,
6.88159,54,22,33,27,
6.88301,39,29,20,32,
6.88441,-3,29,31,34,
6.88582,-2,20,26,25,
6.88721,-12,3,15,21,
6.88853,-12,3,15,21,
6.8899,-6,15,19,15,
6.89127,9,21,9,20,
6.89267,34,27,15,30,
6.89404,39,36,20,37,
6.89537,55,40,37,42,
6.89674,60,45,41,35,
6.89808,53,40,43,28,
6.89938,35,24,35,35,
6.9007,1,24,25,30,
6.902,1,24,25,30,
6.90334,-3,16,28,34,
6.90471,-10,11,30,26,
6.90602,2,8,28,17,
6.90731,-3,17,29,16,
6.90861,10,30,26,29,
6.90998,34,35,33,35,
6.91133,31,31,28,40,
6.91267,31,31,28,40,
6.91401,53,31,29,51,
6.91536,44,28,35,39,
6.91668,28,28,25,38,
6.91803,26,28,26,35,
6.91934,26,28,26,35,
6.92069,8,16,21,20,
6.92206,8,16,21,20,
6.9234,-10,8,18,18,
6.92476,5,9,26,22,
6.92616,29,27,23,29,
6.92751,35,23,25,36,
6.92887,25,21,19,37,
6.93026,41,25,29,38,
6.93161,62,34,38,33,
6.933,32,29,48,35,
6.93439,32,29,48,35,
6.93573,20,19,30,23,
6.93708,2,17,20,25,
6.93846,2,17,20,25,
6.93981,-3,16,18,18,
6.94114,-3,10,11,19,
6.94251,2,19,7,19,
6.94386,21,30,30,27,
6.94524,33,25,28,39,
6.94656,36,29,30,40,
6.94788,56,40,24,36,
6.94924,56,40,24,36,
6.9506,30,36,34,36,
6.95195,30,26,24,39,
6.95333,11,21,25,33,
6.9547,11,21,25,33,
6.95606,0,2,16,20,
6.95742,-6,-5,11,12,
6.9588,-4,8,21,8,
6.96017,10,35,27,20,
6.96154,10,35,27,20,
6.96289,35,35,29,25,
6.96424,52,46,42,54,
6.96565,51,45,39,47,
6.96703,44,38,28,47,
6.96838,24,32,24,48,
6.96974,24,32,24,48,
6.97111,8,20,23,40,
6.97245,-5,15,20,21,
6.97383,-14,4,27,26,
6.9752,-11,11,20,25,
6.97653,-11,11,20,25,
6.97791,4,15,21,22,
6.97928,31,15,30,31,
6.98059,40,25,30,35,
6.98194,57,33,54,48,
6.98331,53,33,57,52,
6.98468,53,33,57,52,
6.98611,45,27,51,43,
6.98747,24,30,36,33,
6.98882,3,20,33,23,
6.99015,7,20,32,19,
6.99151,2,2,16,18,
6.99283,2,2,16,18,
6.9942,-8,10,19,10,
6.99554,28,27,26,18,
6.99689,38,22,26,31,
6.99825,33,27,33,26,
6.9996,54,33,40,34,
7.00096,48,37,33,38,
7.00237,45,41,29,31,
7.00374,34,33,37,33,
7.00512,10,18,30,26,
7.00648,1,19,13,26,
7.00784,0,15,22,25,
7.0092,-18,3,10,18,
7.01056,-13,13,14,15,
7.01192,7,16,24,19,
7.01327,30,35,27,31,
7.01465,41,44,30,36,
7.01602,41,47,32,34,
7.01743,53,34,34,38,
7.0188,57,30,25,39,
7.0202,57,30,25,39,
7.02165,17,25,19,29,
7.02307,0,17,27,28,
7.02443,1,15,29,26,
7.02585,-16,12,21,30,
7.02725,-20,12,13,28,
7.02858,-8,15,17,16,
7.03,15,24,22,19,
7.03143,22,38,26,34,
7.03282,31,39,30,42,
7.03424,31,39,30,42,
7.0356,54,35,38,34,
7.03694,54,41,36,29,
7.03834,21,28,30,36,
7.03973,12,22,27,34,
7.04107,3,19,21,31,
7.04247,-12,6,20,26,
7.04382,-12,6,20,26,
7.04522,-5,3,25,27,
7.04661,-2,15,23,29,
7.04797,15,17,20,27,
7.04929,26,30,25,38,
7.05057,49,41,37,44,
7.05192,53,37,39,48,
7.05328,53,37,39,48,
7.05472,34,33,34,25,
7.05608,25,33,23,20,
7.05743,18,16,24,29,
7.05879,-3,19,23,27,
7.06014,-3,19,23,27,
7.06151,-3,19,23,27,
7.06287,-11,14,17,17,
7.06424,3,7,15,7,
7.06555,24,24,19,16,
7.06697,43,22,33,31,
7.06833,45,39,30,41,
7.06978,45,39,30,41,
7.07118,42,42,19,34,
7.07253,34,30,36,36,
7.07387,16,26,32,35,
7.07524,16,26,32,35,
7.07655,-2,9,22,26,
7.0779,-11,2,13,25,
7.07926,-11,2,13,25,
7.08059,-9,3,16,15,
7.08192,0,15,20,20,
7.0832,22,33,23,25,
7.08454,29,32,22,36,
7.0859,42,32,21,47,
7.08724,53,35,38,42,
7.08855,47,34,39,36,
7.08996,47,34,39,36,
7.09131,27,11,21,35,
7.09265,18,21,11,25,
7.09404,2,18,24,27,
7.0954,-1,6,16,19,
7.09678,-9,5,20,7,
7.09814,-5,6,31,6,
7.09949,26,17,22,14,
7.10086,41,25,30,25,
7.1022,51,37,37,31,
7.10355,60,38,30,32,
7.1049,51,39,31,34,
7.10623,35,35,33,27,
7.10756,35,35,33,27,
7.10891,2,21,33,32,
7.11027,1,16,32,21,
7.11162,1,16,32,21,
7.11297,-2,11,21,13,
7.11429,-7,-3,7,13,
7.11564,10,10,20,9,
7.11699,30,15,32,19,
7.11837,48,30,34,35,
7.11974,48,30,34,35,
7.12114,52,30,32,33,
7.12249,50,39,25,41,
7.12387,43,31,26,39,
7.12522,34,27,24,30,
7.12654,19,16,13,23,
7.12797,19,16,13,23,
7.12934,15,13,8,31,
7.1307,-10,11,20,18,
7.13207,-4,18,26,16,
7.13337,2,30,33,18,
7.13475,34,26,28,23,
7.13614,34,27,36,37,
7.13751,26,25,32,38,
7.13888,26,25,32,38,
7.14021,32,42,34,45,
7.14153,34,40,32,33,
7.14283,28,30,22,23,
7.14416,20,18,22,14,
7.14551,1,14,27,13,
7.14683,-9,12,27,15,
7.14821,-18,1,18,8,
7.14953,11,1,16,13,
7.15087,15,20,12,18,
7.15222,15,20,12,18,
7.15358,47,28,14,27,
7.15495,55,26,32,35,
7.15629,55,26,32,35,
7.15765,32,32,35,45,
7.159,20,31,42,38,
7.16036,20,31,42,38,
7.16174,21,26,40,32,
7.16307,13,8,14,33,
7.16439,-9,0,15,20,
7.16574,-7,8,14,16,
7.16709,2,20,11,13,
7.16849,14,19,10,15,
7.16981,28,30,22,29,
7.17115,28,30,22,29,
7.17249,51,38,29,36,
7.17381,70,31,21,39,
7.17519,44,29,18,45,
7.17652,29,34,16,43,
7.17789,14,29,25,38,
7.17927,5,21,26,34,
7.18066,-5,9,26,23,
7.18202,-7,12,23,26,
7.18337,-11,16,21,28,
7.18473,-6,26,19,27,
7.1861,-6,26,19,27,
7.1874,16,18,23,33,
7.18872,41,22,31,42,
7.19003,36,26,31,48,
7.19138,41,30,33,38,
7.19271,34,32,28,28,
7.19404,34,32,28,28,
7.19538,2,28,28,27,
7.19673,2,21,22,28,
7.19808,-11,7,19,24,
7.19941,-13,3,15,19,
7.20078,-9,15,14,7,
7.20212,-9,15,14,7,
7.20345,15,24,8,28,
7.2048,36,34,13,23,
7.20616,40,29,21,20,
7.20752,42,30,35,32,
7.20886,35,22,41,36,
7.21025,35,22,41,36,
7.21161,28,26,35,38,
7.21294,-1,33,18,34,
7.21428,-7,24,23,33,
7.21564,-17,11,27,27,
7.2169,-4,7,28,25,
7.21829,-4,7,28,25,
7.21964,7,12,21,28,
7.221,8,20,17,34,
7.22236,15,23,19,39,
7.22377,37,31,34,34,
7.22525,37,31,34,34,
7.22676,46,40,30,46,
7.22817,36,41,22,39,
7.22957,17,25,26,34,
7.23096,16,10,24,24,
7.23226,16,10,24,24,
7.23361,1,1,11,17,
7.23502,-11,0,12,22,
7.23636,-13,7,19,19,
7.23783,-13,18,18,15,
7.23922,31,12,27,26,
7.24069,42,24,31,28,
7.24202,51,45,34,30,
7.24334,51,45,34,30,
7.24464,43,43,39,35,
7.24603,20,30,32,26,
7.24737,4,26,33,30,
7.24876,13,19,26,36,
7.25009,6,18,22,23,
7.25143,1,10,12,19,
7.25272,-7,12,5,16,
7.25405,-8,5,9,14,
7.25536,9,4,16,15,
7.25668,47,30,24,26,
7.25804,44,34,30,36,
7.25942,43,48,39,45,
7.26075,42,44,38,40,
7.26217,42,44,38,40,
7.26353,41,29,43,38,
7.26491,8,25,34,32,
7.2663,7,11,39,27,
7.26763,-1,9,28,26,
7.269,-1,9,28,26,
7.27037,-17,6,15,21,
7.27172,3,5,17,27,
7.2731,19,16,15,28,
7.27442,29,40,41,35,
7.27579,29,40,41,35,
7.27715,36,43,40,47,
7.2785,45,40,29,42,
7.27981,48,38,34,36,
7.28112,41,28,36,36,
7.28248,23,30,31,26,
7.28384,-8,11,18,25,
7.28513,-8,11,18,25,
7.28645,-19,4,13,30,
7.28778,-22,1,17,18,
7.28911,10,11,18,12,
7.29045,31,31,22,30,
7.2918,31,42,25,29,
7.29309,30,40,38,29,
7.29446,30,40,38,29,
7.29581,52,32,43,33,
7.29716,38,31,43,35,
7.29846,33,20,36,19,
7.29973,24,14,25,31,
7.30106,24,14,25,31,
7.3024,3,14,18,20,
7.30373,-6,6,16,20,
7.30508,-3,7,23,28,
7.30638,0,14,22,24,
7.3077,41,31,27,20,
7.30909,41,31,27,20,
7.31046,39,29,34,22,
7.31181,52,36,34,34,
7.31318,52,39,38,36,
7.31455,42,29,30,39,
7.31591,15,21,28,29,
7.31726,10,23,21,26,
7.31858,10,23,21,26,
7.31995,-3,20,18,24,
7.3213,-9,14,25,10,
7.32268,2,16,29,8,
7.32403,2,16,29,8,
7.32538,29,37,22,34,
7.32676,29,37,22,34,
7.32811,33,34,32,36,
7.32946,44,43,41,34,
7.33083,47,35,40,35,
7.33213,29,31,42,27,
7.33347,11,38,34,34,
7.33485,12,33,20,30,
7.33622,17,25,13,27,
7.33759,1,17,13,20,
7.33894,1,16,14,16,
7.34028,-9,19,24,9,
7.34164,-2,27,30,9,
7.34297,24,28,26,15,
7.3443,43,22,21,20,
7.34563,40,23,29,33,
7.34698,47,40,32,32,
7.3483,23,18,30,26,
7.34961,25,27,20,31,
7.35096,11,26,28,28,
7.35228,11,26,28,28,
7.35363,2,21,23,20,
7.35499,7,14,16,14,
7.35631,-5,4,18,8,
7.35763,5,5,15,26,
7.35898,15,20,20,27,
7.36033,15,20,20,27,
7.36169,37,30,33,37,
7.36305,43,39,34,33,
7.36439,54,39,37,31,
7.36583,44,43,42,29,
7.36715,32,11,30,28,
7.3685,32,11,30,28,
7.36989,32,11,30,28,
7.37127,-5,27,22,28,
7.37262,-13,22,23,24,
7.37403,-17,15,15,24,
7.3754,15,13,17,17,
7.37676,15,13,17,17,
7.37813,19,18,32,18,
7.3795,48,34,33,30,
7.38083,57,40,37,29,
7.3822,60,30,43,31,
7.38356,52,37,42,39,
7.38488,29,39,33,39,
7.38625,29,39,33,39,
7.38762,14,24,32,35,
7.38903,-1,10,20,22,
7.39038,-10,7,16,14,
7.39173,-17,11,13,19,
7.39309,-9,20,19,22,
7.39448,10,25,30,29,
7.39583,22,41,35,27,
7.39719,42,44,50,31,
7.39858,59,37,45,35,
7.39994,59,37,45,35,
7.40128,36,33,33,38,
7.40265,36,33,33,38,
7.404,25,27,23,35,
7.40536,14,16,25,35,
7.40676,-7,2,11,11,
7.40808,-11,3,11,11,
7.40943,-9,16,19,23,
7.4108,6,24,26,24,
7.41218,6,24,26,24,
7.41357,28,26,39,26,
7.41493,39,27,33,44,
7.41626,51,34,33,49,
7.41763,49,35,40,42,
7.41899,40,35,45,34,
7.42034,19,27,38,32,
7.4217,11,19,27,27,
7.42306,-15,9,25,21,
7.42447,-15,9,25,21,
7.42586,-12,9,12,19,
7.42727,-12,9,12,19,
7.42869,-1,18,10,20,
7.43009,17,24,12,28,
7.43151,38,29,16,34,
7.43288,57,37,23,33,
7.4343,62,36,25,38,
7.43569,26,39,19,38,
7.43705,26,39,19,38,
7.43842,24,33,16,34,
7.43977,13,26,14,26,
7.44113,6,27,19,16,
7.4425,-13,10,13,12,
7.44386,-12,-4,16,21,
7.44522,2,4,28,29,
7.44659,2,4,28,29,
7.44794,21,15,26,30,
7.44929,51,37,33,37,
7.45067,59,51,32,44,
7.45205,44,42,22,43,
7.4534,14,15,33,37,
7.4548,14,15,33,37,
7.45617,14,15,33,37,
7.45751,9,21,21,30,
7.45889,-9,13,22,25,
7.46022,-16,16,17,22,
7.46159,7,22,22,27,
7.46297,7,22,22,27,
7.4643,21,31,28,24,
7.46566,38,44,35,30,
7.46703,41,47,37,34,
7.4684,46,51,30,29,
7.46979,45,39,27,28,
7.47114,38,30,28,27,
7.47249,38,30,28,27,
7.47385,24,27,28,21,
7.47521,1,13,18,32,
7.47657,-20,17,13,22,
7.47793,-3,19,16,16,
7.47929,-7,20,22,19,
7.48063,7,24,18,24,
7.48203,27,22,23,26,
7.48339,35,32,29,24,
7.48472,47,42,39,28,
7.48611,47,42,39,28,
7.48747,38,42,39,34,
7.48882,33,27,39,25,
7.49019,20,21,41,19,
7.49154,4,17,22,14,
7.49287,-1,24,17,13,
7.49428,-11,15,13,11,
7.49564,-1,18,19,14,
7.49699,6,16,26,19,
7.49835,19,19,33,25,
7.4997,19,19,33,25,
7.50107,35,23,32,22,
7.50248,45,32,28,43,
7.50383,44,30,34,41,
7.50522,30,30,26,42,
7.50659,23,30,23,37,
7.50795,7,28,19,23,
7.50931,9,23,8,23,
7.51065,-10,15,13,17,
7.51198,-7,20,17,18,
7.51335,1,11,9,23,
7.51467,1,11,9,23,
7.51605,13,19,16,22,
7.5174,41,29,23,23,
7.51877,41,30,24,32,
7.52012,62,33,20,33,
7.52146,46,27,30,31,
7.52282,27,24,37,32,
7.52416,14,19,30,39,
7.52551,13,15,21,37,
7.52689,0,10,10,28,
7.52823,-15,-4,19,4,
7.52961,-15,-4,19,4,
7.53097,-15,3,17,3,
7.53234,2,19,23,13,
7.53376,20,32,33,21,
7.53514,32,36,29,28,
7.53649,40,34,33,26,
7.5379,39,36,25,46,
7.53927,22,38,22,38,
7.54059,22,38,22,38,
7.54197,19,22,23,34,
7.54332,8,20,29,22,
7.54467,8,20,29,22,
7.54601,0,15,6,9,
7.54738,-4,6,19,9,
7.54873,5,3,19,19,
7.5501,24,19,15,22,
7.55147,44,29,19,30,
7.55287,33,32,29,38,
7.55422,52,44,20,37,
7.55557,39,33,31,31,
7.55692,39,33,31,31,
7.55829,27,28,26,24,
7.55972,21,30,23,27,
7.56107,7,24,32,27,
7.56241,-4,20,36,31,
7.56377,-8,7,19,24,
7.56512,-5,4,26,31,
7.56647,-5,4,26,31,
7.56782,29,22,19,30,
7.56919,50,21,19,34,
7.57056,40,21,25,33,
7.57191,54,34,27,36,
7.57326,46,27,28,35,
7.57463,29,23,38,31,
7.57604,29,23,38,31,
7.5774,17,15,26,37,
7.57875,17,5,21,34,
7.58009,13,10,27,32,
7.58145,-7,7,21,18,
7.58281,-7,7,21,18,
7.58417,2,19,11,16,
7.58554,44,26,28,27,
7.58691,44,26,28,27,
7.58826,51,27,26,33,
7.58969,61,30,20,47,
7.59106,54,31,22,41,
7.59242,54,31,22,41,
7.59377,24,22,36,26,
7.59512,21,12,23,25,
7.59647,16,10,27,24,
7.59784,0,8,26,25,
7.5992,11,24,10,21,
7.60055,11,24,10,21,
7.60192,11,24,10,21,
7.60327,22,25,23,20,
7.60458,29,24,31,24,
7.60592,32,27,29,32,
7.60729,56,32,37,39,
7.60866,42,34,37,39,
7.61001,42,34,37,39,
7.61132,24,26,31,30,
7.61267,19,12,27,31,
7.61404,4,17,21,24,
7.61549,-3,13,13,18,
7.61686,-10,6,19,19,
7.61828,-10,6,19,19,
7.61965,-6,12,26,16,
7.62102,36,30,41,24,
7.62239,49,39,44,31,
7.62377,56,43,51,38,
7.62514,49,44,36,27,
7.62652,32,33,26,31,
7.62789,32,33,26,31,
7.62922,18,23,23,30,
7.6306,16,20,29,24,
7.63195,-2,14,23,24,
7.6333,-7,11,11,21,
7.63466,-8,15,15,20,
7.63604,5,13,10,23,
7.63736,5,13,10,23,
7.63872,48,28,26,26,
7.64011,62,24,30,33,
7.64145,55,38,43,33,
7.64281,38,38,39,31,
7.64411,32,38,29,25,
7.64542,32,38,29,25,
7.64679,30,38,34,32,
7.64818,1,20,19,24,
7.6495,-14,22,16,19,
7.65094,-22,20,11,19,
7.65226,9,13,19,23,
7.65362,9,13,19,23,
7.65499,14,31,15,24,
7.65632,47,32,30,38,
7.65768,65,30,30,44,
7.65905,65,30,30,44,
7.66039,39,40,42,43,
7.66174,39,40,42,43,
7.66308,34,40,34,41,
7.6644,19,27,23,32,
7.6658,-5,2,21,23,
7.66715,-16,4,18,18,
7.66851,-7,16,19,17,
7.66987,-7,17,27,26,
7.67124,10,10,32,26,
7.67256,25,20,29,34,
7.67392,21,37,26,26,
7.67528,37,35,40,23,
7.67661,55,35,40,36,
7.67795,57,34,39,41,
7.67926,34,31,34,40,
7.6806,18,35,27,32,
7.68195,14,27,23,32,
7.68326,-7,18,20,23,
7.68461,-12,11,17,20,
7.68596,-17,4,19,19,
7.68726,-17,4,19,19,
7.68864,-7,11,23,20,
7.68999,21,32,23,18,
7.6913,31,33,34,28,
7.69265,59,46,41,39,
7.69403,55,38,35,32,
7.69535,55,38,35,32,
7.69672,54,42,30,37,
7.6981,19,33,36,26,
7.69946,12,23,32,27,
7.70083,-11,5,16,32,
7.70219,-20,7,9,28,
7.70354,-8,15,6,20,
7.70492,-8,15,6,20,
7.70635,18,18,27,32,
7.70778,35,27,29,35,
7.70916,35,39,39,38,
7.7105,48,33,47,44,
7.71186,44,21,42,48,
7.71322,44,21,42,48,
7.71461,8,18,42,36,
7.71601,9,18,29,29,
7.71738,9,18,29,29,
7.71875,-9,21,19,24,
7.72011,-7,13,21,15,
7.72147,-4,15,23,16,
7.72282,-3,17,19,13,
7.7242,15,25,17,21,
7.72558,25,41,30,34,
7.72697,37,40,39,39,
7.72835,36,31,38,33,
7.72974,36,31,38,33,
7.73109,31,36,36,39,
7.7324,19,26,31,28,
7.73377,1,21,24,31,
7.73513,0,20,21,27,
7.73646,-4,-1,25,20,
7.73782,-5,3,21,20,
7.73915,-5,3,21,20,
7.74046,-11,7,17,25,
7.74184,23,31,17,33,
7.74319,34,19,23,30,
7.74454,40,16,32,35,
7.74589,40,28,30,35,
7.74723,40,24,34,38,
7.74857,40,24,34,38,
7.74993,3,16,21,25,
7.75128,-8,15,17,16,
7.7526,-2,19,16,18,
7.75398,-14,6,5,17,
7.75529,-14,10,5,15,
7.75664,-7,20,5,14,
7.758,-4,10,16,12,
7.75938,33,9,32,29,
7.76075,42,19,22,38,
7.76211,42,19,22,38,
7.76346,31,40,21,35,
7.76481,31,40,21,35,
7.76619,23,31,18,28,
7.76755,-4,13,27,21,
7.76888,-3,6,20,15,
7.77025,-8,8,23,23,
7.77157,-8,8,23,23,
7.77289,-20,3,21,17,
7.77423,-7,8,19,27,
7.77559,11,13,16,24,
7.77692,18,26,34,36,
7.77828,18,26,34,36,
7.77963,18,26,34,36,
7.78097,25,30,34,40,
7.78229,23,34,26,41,
7.78365,4,29,34,37,
7.78499,-20,12,35,33,
7.78635,-16,9,31,34,
7.78772,-17,9,20,28,
7.78906,-33,16,10,16,
7.79046,-36,2,16,16,
7.79184,-17,8,32,26,
7.79318,4,29,39,27,
7.79457,4,29,39,27,
7.79593,21,23,45,43,
7.79729,23,22,39,49,
7.79872,6,21,39,40,
7.80006,13,18,48,41,
7.80136,-3,13,44,48,
7.80273,-3,13,44,48,
7.80408,-39,8,33,36,
7.80544,-37,-4,31,28,
7.80681,-50,-13,26,34,
7.80816,-40,2,16,34,
7.80952,-20,8,31,45,
7.8109,-20,8,31,45,
7.81225,12,18,41,54,
7.81362,18,32,45,60,
7.81498,18,32,45,60,
7.81636,14,32,53,58,
7.81775,-7,20,30,38,
7.81914,-7,20,30,38,
7.82046,-31,8,31,35,
7.82184,-40,0,35,38,
7.82323,-42,-4,25,36,
7.82467,-42,-4,25,36,
7.82621,-48,-11,8,39,
7.82759,-43,4,21,47,
7.82896,-6,26,26,45,
7.83036,-6,26,26,45,
7.83175,-5,35,21,43,
7.83311,-3,37,20,53,
7.83451,4,26,20,55,
7.83592,4,26,20,55,
7.8373,-4,23,26,55,
7.8387,-26,6,27,46,
7.84002,-37,-9,17,53,
7.84138,-48,1,4,49,
7.84276,-43,4,11,45,
7.84413,-30,4,18,51,
7.84551,-30,4,18,51,
7.84688,4,23,23,57,
7.84823,-5,25,21,59,
7.84963,-1,26,22,65,
7.85098,7,23,35,70,
7.85235,-3,22,34,56,
7.85373,-3,22,34,56,
7.85509,-18,6,27,54,
7.85644,-21,16,27,39,
7.8578,-39,2,21,30,
7.85915,-35,-4,14,37,
7.86049,-36,0,20,36,
7.86187,-36,0,20,36,
7.86323,-25,12,30,45,
7.86455,9,20,31,46,
7.8659,31,24,44,56,
7.86726,35,29,55,69,
7.86861,22,26,43,68,
7.86999,22,26,43,68,
7.87134,-4,24,33,60,
7.87269,-22,20,26,50,
7.87406,-26,11,28,50,
7.87541,-26,11,28,50,
7.87677,-28,13,25,41,
7.87814,-16,20,22,45,
7.8795,-1,19,24,46,
7.88084,9,18,32,54,
7.88221,22,32,38,59,
7.88357,37,42,43,61,
7.88492,33,36,39,68,
7.88629,29,31,41,67,
7.88764,12,27,42,60,
7.889,9,24,41,50,
7.89036,9,24,41,50,
7.89175,-6,27,36,35,
7.8931,-13,17,33,26,
7.89449,-22,20,33,31,
7.89586,-7,14,30,31,
7.89722,-3,19,31,36,
7.89866,14,38,33,52,
7.90003,33,43,38,49,
7.90142,44,44,38,57,
7.90281,29,31,30,62,
7.90416,29,31,30,62,
7.90553,23,26,38,58,
7.90688,7,16,30,44,
7.90819,-5,9,19,51,
7.90958,-26,2,17,35,
7.91095,-44,4,26,31,
7.9123,-37,7,24,25,
7.91369,-26,8,31,25,
7.91512,2,15,22,35,
7.91655,26,26,30,41,
7.91804,36,35,42,49,
7.91941,36,35,42,49,
7.92078,23,43,45,51,
7.92215,7,38,36,53,
7.92353,3,26,28,48,
7.92487,-25,6,21,36,
7.9262,-23,8,20,29,
7.92756,-47,4,8,15,
7.92892,-37,4,8,19,
7.93028,-18,8,15,18,
7.93164,-17,20,30,29,
7.93302,2,21,33,35,
7.93441,11,16,32,44,
7.93579,18,17,33,47,
7.93723,10,19,32,39,
7.93861,-8,20,30,38,
7.93998,-7,14,32,38,
7.94134,-22,9,36,35,
7.94273,-41,-1,15,28,
7.94409,-43,-10,15,16,
7.94544,-43,-10,15,16,
7.94679,-48,3,10,19,
7.94811,-35,2,16,22,
7.94945,-5,1,30,24,
7.95076,-6,15,25,37,
7.95207,2,22,33,41,
7.95339,2,22,33,41,
7.95474,2,26,37,50,
7.95608,-8,19,29,45,
7.95745,-21,12,17,47,
7.95878,-32,11,22,42,
7.9601,-41,10,23,34,
7.96144,-55,6,23,35,
7.96276,-66,-5,11,27,
7.96417,-59,-16,2,12,
7.96553,-34,12,10,22,
7.96691,-9,16,19,31,
7.9683,-9,16,19,31,
7.96968,1,19,28,32,
7.97104,-4,30,36,31,
7.97238,-2,26,32,28,
7.97377,-15,13,28,30,
7.97515,-31,6,26,23,
7.9765,-51,1,18,17,
7.97786,-53,7,13,17,
7.97925,-53,-1,15,12,
7.98058,-51,-13,8,14,
7.982,-60,-18,-1,11,
7.98337,-20,7,14,30,
7.9847,-20,7,14,30,
7.98611,-20,7,14,30,
7.98747,-5,21,22,33,
7.9888,-12,17,30,42,
7.99019,-22,27,28,46,
7.99154,-25,19,15,28,
7.99291,-25,19,15,28,
7.99434,-36,14,7,20,
7.99569,-50,-8,9,16,
7.99705,-52,-10,2,4,
7.99842,-47,-12,12,5,
7.99977,-35,-9,18,5,
8.00113,-27,-9,16,17,
8.00249,-27,-9,16,17,
8.00387,-25,12,31,32,
8.00525,-2,13,39,36,
8.00663,-10,21,41,35,
8.00799,-18,8,21,32,
8.0093,-18,8,21,32,
8.01062,-34,3,19,34,
8.01201,-32,5,8,24,
8.01337,-33,5,2,16,
8.01478,-41,-3,2,26,
8.01614,-42,-5,4,19,
8.01751,-42,-5,4,19,
8.01888,-27,-1,15,12,
8.02023,-18,0,19,21,
8.02159,-4,19,24,46,
8.02296,-1,23,34,53,
8.02432,-13,20,46,58,
8.02579,-15,23,45,54,
8.02721,-22,20,32,35,
8.0286,-32,15,24,32,
8.03001,-44,0,6,23,
8.03139,-46,-7,9,22,
8.03276,-46,-7,9,22,
8.03418,-31,-4,14,35,
8.03552,-31,-4,14,35,
8.03689,-6,12,23,35,
8.03838,7,26,29,34,
8.03985,15,26,28,34,
8.04126,20,26,25,47,
8.04269,8,36,33,58,
8.04405,-13,29,39,49,
8.04546,-19,9,33,38,
8.04684,-15,13,19,27,
8.04812,-49,9,13,26,
8.0495,-49,9,13,26,
8.05085,-54,2,15,23,
8.05223,-43,-4,9,18,
8.05358,-19,3,24,29,
8.05493,-5,28,33,32,
8.05627,4,26,37,37,
8.05765,4,26,37,37,
8.05901,3,40,31,54,
8.06035,-14,35,23,44,
8.06172,-15,25,21,40,
8.06307,-22,16,24,27,
8.06442,-32,12,17,19,
8.06582,-32,12,17,19,
8.06721,-32,12,17,19,
8.06857,-48,-5,14,16,
8.06995,-30,11,19,32,
8.07131,-12,26,23,41,
8.0727,17,31,50,54,
8.07409,17,31,50,54,
8.07545,27,35,47,65,
8.0768,7,17,32,62,
8.07816,1,16,40,57,
8.07952,-10,9,42,45,
8.08088,-12,10,29,41,
8.08226,-12,10,29,41,
8.08361,-29,5,35,42,
8.08497,-47,3,33,35,
8.08636,-28,7,25,37,
8.08772,-10,22,36,43,
8.0891,3,28,47,53,
8.09047,19,32,52,68,
8.09182,17,39,68,71,
8.09319,28,49,76,68,
8.09452,1,41,57,79,
8.09589,1,41,57,79,
8.09722,-10,30,58,85,
8.09859,-15,20,60,81,
8.09996,-13,23,56,72,
8.10132,-13,28,56,64,
8.10268,-7,12,59,57,
8.10405,-7,28,55,59,
8.1054,1,35,44,63,
8.10678,13,43,44,69,
8.10814,31,48,48,71,
8.10952,37,40,59,77,
8.1109,34,33,64,73,
8.11224,22,34,65,64,
8.1136,0,31,53,55,
8.11499,-17,17,40,43,
8.11634,-15,4,30,34,
8.11773,-31,5,32,29,
8.1191,-30,1,32,33,
8.12047,-21,12,34,20,
8.12183,3,28,42,25,
8.1232,28,45,54,40,
8.12457,23,44,58,42,
8.12595,29,37,61,44,
8.12732,29,37,61,44,
8.12867,13,35,62,46,
8.13004,0,29,52,43,
8.13139,-8,26,45,39,
8.13274,-8,26,45,39,
8.13411,-17,32,32,31,
8.13546,-29,18,35,25,
8.13681,-24,1,31,29,
8.13818,-3,20,36,33,
8.13954,-3,20,36,33,
8.14089,16,22,35,37,
8.14225,37,30,46,35,
8.14363,31,38,56,49,
8.145,25,39,42,44,
8.14643,25,39,42,44,
8.14779,21,29,38,43,
8.14916,22,26,42,38,
8.15054,-2,21,33,36,
8.1519,-22,8,24,31,
8.15326,-19,14,21,24,
8.15463,-21,8,25,22,
8.15599,-11,10,27,22,
8.15734,-3,22,31,31,
8.15871,18,27,38,34,
8.16008,34,27,36,33,
8.16143,35,36,46,38,
8.16279,44,37,55,43,
8.16414,31,42,56,46,
8.16559,23,42,41,37,
8.16695,22,36,25,34,
8.1683,-11,19,19,22,
8.16965,-17,9,20,16,
8.17101,-20,8,16,11,
8.17239,-11,17,11,17,
8.17376,16,22,21,22,
8.17511,16,22,21,22,
8.1765,37,30,32,26,
8.17788,41,38,45,39,
8.17924,45,36,44,44,
8.18065,43,35,37,40,
8.18201,44,28,32,37,
8.18336,31,26,31,33,
8.18472,22,21,20,27,
8.18608,-6,12,27,25,
8.18744,-5,8,22,25,
8.18876,-6,4,23,25,
8.19014,-6,4,23,25,
8.1915,-4,12,28,19,
8.19284,19,18,35,23,
8.19422,36,36,44,26,
8.1956,49,51,41,46,
8.19692,52,49,52,47,
8.19829,52,49,52,47,
8.19963,31,37,48,28,
8.201,22,27,45,36,
8.20235,7,24,43,31,
8.2037,-11,-6,18,14,
8.20505,-11,-6,18,14,
8.20641,-10,-5,22,11,
8.2078,-10,-5,22,11,
8.20917,22,28,21,17,
8.21053,35,38,25,29,
8.21188,36,47,34,27,
8.21325,55,48,54,37,
8.21461,47,41,46,40,
8.21592,47,41,46,40,
8.21724,30,32,37,28,
8.21864,25,29,37,18,
8.22001,24,15,33,18,
8.22137,6,16,32,17,
8.22274,4,3,21,15,
8.22409,4,3,21,15,
8.22545,-6,13,22,7,
8.22691,20,31,24,20,
8.22824,34,38,37,23,
8.22968,41,48,46,29,
8.23106,62,48,50,40,
8.23243,61,41,46,38,
8.23384,59,40,42,42,
8.23524,35,30,37,32,
8.23659,18,15,33,29,
8.23806,24,13,27,25,
8.23954,-11,7,8,19,
8.24099,-17,4,5,10,
8.24243,-2,23,16,8,
8.24376,-2,23,16,8,
8.24514,5,29,22,22,
8.24647,33,31,38,23,
8.24784,51,44,47,35,
8.2492,68,51,50,45,
8.25055,59,44,43,35,
8.25192,39,46,39,36,
8.25328,29,42,36,28,
8.25462,8,19,25,27,
8.25597,-2,1,16,25,
8.25735,-6,8,17,24,
8.25866,1,1,19,16,
8.25998,7,17,20,9,
8.26129,36,28,36,21,
8.26264,36,28,36,21,
8.26399,42,38,35,39,
8.26531,59,48,42,41,
8.26668,58,44,35,39,
8.26809,58,44,35,39,
8.26944,23,35,28,29,
8.27082,20,31,30,26,
8.27219,16,25,34,18,
8.27354,-5,20,9,12,
8.2749,-9,18,12,12,
8.27624,-9,18,12,12,
8.27763,1,15,17,16,
8.27904,12,13,15,24,
8.28036,28,29,26,23,
8.28174,38,41,24,23,
8.28314,40,34,33,34,
8.2845,44,32,37,31,
8.28588,43,35,33,31,
8.28725,30,34,25,24,
8.28861,-2,17,22,18,
8.29001,2,14,20,14,
8.29135,-10,5,18,10,
8.29267,-8,2,14,9,
8.29403,-13,11,9,2,
8.29539,-8,19,22,0,
8.29674,19,19,36,8,
8.29811,38,20,41,15,
8.29942,43,33,38,20,
8.30078,51,43,39,21,
8.30216,49,43,39,22,
8.30352,37,44,41,27,
8.30488,4,20,21,16,
8.30625,4,20,21,16,
8.30761,6,12,21,11,
8.30894,-15,0,19,-1,
8.31033,-15,0,19,-1,
8.31166,-20,9,20,-6,
8.31301,21,20,16,-2,
8.31433,30,23,28,13,
8.31568,30,16,28,27,
8.31703,42,29,28,34,
8.31844,54,28,46,34,
8.31979,38,42,43,30,
8.32113,16,42,27,22,
8.32249,9,22,22,25,
8.32386,6,17,19,25,
8.3252,7,16,21,19,
8.32657,1,5,7,-5,
8.32793,1,5,7,-5,
8.32931,3,5,11,3,
8.33063,32,22,15,15,
8.33197,36,29,26,31,
8.3333,33,31,29,23,
8.33468,46,38,32,35,
8.33604,46,38,32,35,
8.3374,42,41,32,39,
8.33876,35,44,31,32,
8.3401,11,12,27,15,
8.34145,7,10,27,13,
8.3428,-9,12,28,5,
8.34417,-11,16,24,0,
8.34552,-14,19,24,8,
8.34688,-4,14,30,9,
8.34823,15,21,23,12,
8.3496,31,31,25,21,
8.35095,42,35,24,27,
8.35227,58,43,34,27,
8.35359,55,40,43,31,
8.3549,50,44,34,33,
8.35627,27,40,35,29,
8.35754,14,25,37,26,
8.35892,13,10,24,12,
8.36024,-4,-2,20,-6,
8.36157,-10,10,25,-11,
8.36287,-10,10,25,-11,
8.36418,0,17,23,-8,
8.36552,6,30,22,-4,
8.36687,26,36,24,11,
8.36818,42,41,47,32,
8.36954,37,51,53,38,
8.37091,34,42,41,36,
8.37221,34,42,41,36,
8.37353,18,34,40,20,
8.37489,5,21,38,7,
8.37623,9,15,27,5,
8.37757,-2,22,31,-6,
8.37891,-10,14,29,-9,
8.38028,-10,14,29,-9,
8.38161,-7,17,19,-3,
8.38296,14,32,30,18,
8.38429,27,40,28,29,
8.38563,33,40,35,28,
8.38699,54,30,38,28,
8.38831,54,30,38,28,
8.38968,42,23,31,37,
8.39104,10,30,27,18,
8.39237,-6,30,22,17,
8.39374,-6,30,22,17,
8.39511,0,20,15,12,
8.39646,-7,19,10,4,
8.39784,-11,13,21,3,
8.39922,-5,7,22,7,
8.40058,27,25,23,6,
8.40194,32,39,31,19,
8.40329,47,42,27,20,
8.40463,59,45,37,24,
8.406,38,49,42,28,
8.40738,27,38,35,16,
8.40873,7,19,32,17,
8.41022,8,7,23,5,
8.41158,5,20,10,0,
8.41289,1,11,10,-11,
8.41425,-14,5,13,-10,
8.41558,-13,9,9,-11,
8.41692,10,12,18,-5,
8.4183,38,36,37,12,
8.41967,34,32,45,18,
8.42104,34,32,45,18,
8.42247,43,44,53,21,
8.42395,35,39,46,23,
8.4254,35,39,46,23,
8.42686,12,12,37,12,
8.4282,12,9,16,-7,
8.4296,4,13,21,-12,
8.43102,-17,1,29,-18,
8.43235,-4,2,22,-17,
8.43371,5,18,22,-15,
8.43511,23,27,36,8,
8.43646,40,27,32,13,
8.43782,44,26,37,7,
8.4392,44,26,37,7,
8.44055,41,30,44,12,
8.44194,32,30,41,18,
8.44331,14,16,32,7,
8.44463,-3,10,18,-5,
8.44601,-3,10,18,-5,
8.4474,-18,9,22,-14,
8.44872,-14,13,25,-21,
8.45011,-10,9,22,-23,
8.45146,16,22,25,-7,
8.45282,22,32,38,9,
8.4542,33,34,44,5,
8.45552,33,34,44,5,
8.45687,43,41,36,0,
8.45817,36,31,25,2,
8.4595,21,26,23,0,
8.46085,0,22,29,-4,
8.46217,0,22,29,-4,
8.46353,-9,21,24,-7,
8.46487,-18,22,20,-12,
8.46623,-8,12,9,-32,
8.46758,-7,1,7,-28,
8.4689,2,6,12,-19,
8.47022,32,19,26,-4,
8.47159,32,19,26,-4,
8.47295,45,19,26,1,
8.47431,45,29,34,4,
8.47566,38,33,28,9,
8.47701,35,30,27,8,
8.47837,23,31,20,3,
8.47974,7,19,28,-2,
8.4811,10,14,26,-4,
8.48249,-11,16,10,-10,
8.48384,-15,6,22,-20,
8.48523,-1,15,29,-10,
8.48664,-1,15,29,-10,
8.48799,12,28,39,-4,
8.48935,24,30,32,6,
8.49075,30,33,33,3,
8.49214,40,46,46,8,
8.49352,24,52,43,-3,
8.49488,18,41,35,-10,
8.49623,0,33,39,-5,
8.49759,2,38,44,-7,
8.49897,-6,34,37,-16,
8.5003,4,21,28,-16,
8.50167,4,21,28,-16,
8.50303,1,28,23,-19,
8.50439,14,30,25,-13,
8.50578,26,46,46,-1,
8.50711,33,56,47,2,
8.50844,48,55,62,7,
8.50983,39,47,61,15,
8.51115,27,50,62,16,
8.51249,20,42,62,4,
8.51381,20,42,62,4,
8.51512,0,30,50,-1,
8.51648,-6,38,39,-5,
8.51784,-8,35,39,-16,
8.5192,-2,20,41,-17,
8.52055,15,22,34,-6,
8.52192,15,22,34,-6,
8.52327,35,50,41,10,
8.52464,28,63,40,9,
8.52599,36,62,49,6,
8.52735,32,52,47,15,
8.52867,21,43,50,13,
8.53008,21,43,50,13,
8.53143,21,43,50,13,
8.53275,10,42,42,-8,
8.53407,-4,32,37,-8,
8.53539,-3,28,25,-3,
8.53672,-7,16,22,-9,
8.53808,-7,16,22,-9,
8.53943,16,26,29,-4,
8.54074,34,40,33,9,
8.54211,45,50,25,13,
8.54348,41,54,29,9,
8.54485,35,45,43,9,
8.54621,33,41,43,3,
8.54754,33,41,43,3,
8.54886,24,31,34,3,
8.55022,11,23,30,-3,
8.55158,-11,21,10,-12,
8.55293,-10,24,17,-13,
8.55432,-14,26,29,-16,
8.55569,0,27,23,-3,
8.55702,30,26,35,1,
8.55835,34,36,41,5,
8.55971,53,44,34,14,
8.56107,42,37,35,24,
8.56245,42,37,35,24,
8.56378,42,37,35,24,
8.56509,19,25,42,22,
8.56643,15,26,33,16,
8.56779,6,28,30,12,
8.56912,3,13,8,-10,
8.57049,4,18,16,-2,
8.57185,4,18,16,-2,
8.57322,31,27,22,8,
8.57465,31,36,18,13,
8.57601,34,31,32,18,
8.57736,49,52,41,22,
8.57875,49,52,41,22,
8.58005,49,52,41,22,
8.58136,50,49,33,20,
8.58272,21,34,17,20,
8.58408,18,30,28,18,
8.58539,18,22,32,17,
8.58674,-4,27,13,5,
8.58814,-10,19,12,1,
8.58948,-10,14,18,-5,
8.59083,42,35,17,2,
8.5922,47,39,25,12,
8.59355,54,43,25,18,
8.59492,54,43,25,18,
8.59629,63,34,23,25,
8.59769,51,32,18,20,
8.59906,43,35,17,22,
8.60039,12,27,18,25,
8.60175,21,21,26,21,
8.60311,21,21,26,21,
8.60445,6,13,15,9,
8.60584,10,2,9,5,
8.60719,27,6,16,10,
8.60854,59,40,34,27,
8.60992,66,51,33,29,
8.61122,66,51,33,29,
8.61257,75,63,29,32,
8.61394,69,45,27,38,
8.61526,71,42,31,40,
8.61658,49,38,32,34,
8.61795,16,35,9,15,
8.61934,16,35,9,15,
8.6207,13,31,14,8,
8.62212,6,27,14,9,
8.6235,23,31,11,2,
8.62487,36,37,24,9,
8.62633,43,38,27,21,
8.6277,37,49,25,25,
8.6291,37,49,25,25,
8.63054,56,60,26,22,
8.63191,45,44,33,28,
8.6333,36,40,24,19,
8.63496,21,34,13,12,
8.63633,15,22,14,9,
8.63776,14,25,17,-12,
8.63922,6,20,6,-17,
8.64084,23,27,18,-9,
8.64227,23,27,18,-9,
8.64364,30,27,25,-2,
8.64499,36,34,27,19,
8.64636,49,34,23,33,
8.6477,72,50,33,31,
8.64906,55,43,38,31,
8.65043,24,44,28,27,
8.65182,16,31,32,23,
8.65319,16,31,32,23,
8.65457,-2,21,20,20,
8.65589,-4,30,15,18,
8.65727,-4,30,15,18,
8.65863,25,22,22,14,
8.66,33,24,21,17,
8.66132,52,35,37,20,
8.6627,58,46,50,34,
8.66407,69,57,43,38,
8.66543,72,63,35,32,
8.66675,59,47,38,28,
8.66814,33,33,24,20,
8.66952,33,33,24,20,
8.6709,13,28,21,16,
8.67221,10,26,26,4,
8.67362,10,26,26,4,
8.675,10,20,20,4,
8.67642,12,31,21,2,
8.67784,12,31,21,2,
8.6792,33,43,23,17,
8.68055,65,41,30,27,
8.6819,71,41,43,26,
8.68325,77,44,36,20,
8.6846,35,39,28,27,
8.68597,35,39,28,27,
8.68729,23,31,20,26,
8.68865,21,19,18,16,
8.68997,5,20,17,17,
8.69128,-3,25,14,8,
8.69261,3,16,7,0,
8.69397,23,14,16,4,
8.69528,36,32,25,16,
8.69663,48,52,38,24,
8.69801,56,44,36,34,
8.69931,68,50,43,40,
8.70067,71,47,43,39,
8.70204,63,42,27,30,
8.70336,42,37,21,28,
8.70471,21,37,16,21,
8.70606,21,37,16,21,
8.70736,20,27,8,13,
8.70871,3,29,0,6,
8.71005,3,25,4,6,
8.71136,3,25,4,6,
8.71272,54,44,26,10,
8.71407,69,41,27,22,
8.7154,71,54,32,28,
8.71676,68,56,31,23,
8.7181,69,48,32,24,
8.71942,53,42,37,25,
8.72078,53,42,37,25,
8.72214,15,30,26,21,
8.72349,13,32,22,8,
8.72481,18,26,16,-1,
8.72607,13,14,8,-7,
8.72738,10,26,21,-5,
8.72875,10,26,21,-5,
8.73007,34,42,17,-6,
8.73138,67,41,13,1,
8.73271,78,47,26,17,
8.73405,78,47,26,17,
8.73537,69,38,25,12,
8.73671,46,46,30,15,
8.73804,41,45,31,5,
8.73935,30,35,24,0,
8.74068,25,33,21,-13,
8.742,4,22,7,-22,
8.74332,-2,24,-5,-21,
8.74469,7,21,-12,-14,
8.74606,32,24,-3,-7,
8.7474,32,24,-3,-7,
8.7487,47,40,5,-2,
8.75003,47,44,15,0,
8.75139,64,41,26,2,
8.75273,46,40,20,13,
8.75412,30,33,10,8,
8.75547,29,38,13,6,
8.75685,16,34,11,1,
8.75828,25,19,11,-1,
8.75964,8,14,4,-3,
8.76099,8,14,4,-3,
8.76235,-1,6,-3,1,
8.76371,22,29,21,9,
8.76505,22,29,21,9,
8.76639,34,35,19,6,
8.76774,42,30,19,8,
8.76913,48,39,24,19,
8.77045,32,37,23,24,
8.77178,22,34,27,14,
8.77312,18,13,26,8,
8.77449,14,11,12,6,
8.77583,14,11,12,6,
8.77719,-6,13,1,-2,
8.77857,-8,6,11,-8,
8.77991,-8,8,10,-4,
8.78127,-8,8,10,-4,
8.78267,48,27,18,11,
8.78404,61,29,21,28,
8.78541,61,37,18,21,
8.78678,55,27,16,22,
8.78815,38,30,25,11,
8.78947,38,30,25,11,
8.79083,16,16,14,3,
8.79219,4,22,7,-2,
8.79356,3,21,4,-5,
8.79493,6,0,1,-7,
8.79624,19,10,5,-1,
8.79761,19,10,5,-1,
8.79897,38,20,5,-2,
8.8003,58,25,8,8,
8.80168,59,33,18,8,
8.80305,68,36,31,12,
8.8044,56,32,11,10,
8.80579,56,32,11,10,
8.80715,56,32,11,10,
8.80843,33,20,-3,-4,
8.8098,28,17,-1,-5,
8.81115,16,20,7,-12,
8.81248,13,11,-2,-15,
8.81386,20,11,4,-18,
8.81518,17,23,3,-17,
8.8165,42,28,8,-16,
8.81786,70,34,11,-6,
8.81923,79,37,9,1,
8.82055,68,37,11,13,
8.82193,68,37,11,13,
8.82329,63,44,7,9,
8.82463,46,33,7,-1,
8.82608,23,24,4,5,
8.82743,28,16,0,6,
8.82875,13,10,-10,-4,
8.83019,13,10,-10,-4,
8.83161,20,16,4,-13,
8.83297,20,12,0,-14,
8.83429,40,16,4,-5,
8.83565,51,47,26,8,
8.83701,51,47,26,8,
8.83852,60,50,20,23,
8.83988,52,39,17,23,
8.84126,43,44,18,16,
8.84266,46,46,24,8,
8.84402,19,36,22,7,
8.8454,17,34,14,1,
8.84678,13,21,1,-4,
8.84804,14,19,-1,-4,
8.8494,14,16,4,-1,
8.8507,14,16,4,-1,
8.85205,45,25,18,15,
8.8534,39,35,24,21,
8.85476,57,37,18,19,
8.85619,70,37,19,13,
8.85755,59,27,23,12,
8.85892,44,40,30,19,
8.86027,28,26,31,13,
8.86163,16,21,13,11,
8.86294,5,14,12,4,
8.86422,0,14,9,2,
8.86557,0,14,9,2,
8.86691,-1,7,12,2,
8.86824,9,18,22,7,
8.86965,29,32,17,5,
8.87102,48,43,24,26,
8.87237,67,43,33,35,
8.87374,58,39,25,31,
8.87509,45,38,22,25,
8.87645,23,32,16,27,
8.87786,13,18,10,24,
8.87921,8,7,8,13,
8.88058,5,17,6,2,
8.88192,-2,15,13,1,
8.88328,-10,7,18,6,
8.88461,6,4,17,5,
8.88596,25,11,10,10,
8.8873,45,20,18,16,
8.88864,61,35,18,24,
8.89,54,29,25,24,
8.89136,54,29,25,24,
8.89271,24,34,28,23,
8.89422,19,21,22,16,
8.89558,19,21,22,16,
8.89691,21,20,15,14,
8.89827,3,20,15,16,
8.89962,3,20,15,16,
8.90097,-4,14,15,16,
8.90232,19,29,16,13,
8.90368,33,32,25,15,
8.90506,39,41,32,31,
8.90642,50,37,34,28,
8.90779,55,37,37,39,
8.90919,40,43,34,34,
8.91056,21,39,24,15,
8.91192,16,24,22,8,
8.91327,25,18,22,6,
8.91464,25,18,22,6,
8.91601,9,15,22,3,
8.91738,-7,4,18,6,
8.91879,14,18,20,20,
8.92017,37,27,34,23,
8.92152,46,32,39,31,
8.92287,49,35,23,25,
8.92425,59,52,27,30,
8.92556,41,39,37,30,
8.9269,25,29,39,30,
8.9282,29,25,23,21,
8.92954,29,25,23,21,
8.93087,29,25,23,21,
8.93217,24,26,25,14,
8.93352,-2,15,14,15,
8.93487,-2,12,13,13,
8.93622,1,2,15,14,
8.93758,28,26,24,23,
8.939,28,26,24,23,
8.9404,47,30,34,35,
8.94177,43,36,37,35,
8.94313,47,37,33,36,
8.94448,33,30,33,36,
8.94585,24,26,35,31,
8.94721,24,26,35,31,
8.94857,8,27,30,19,
8.94993,-3,0,19,19,
8.95124,-4,-2,23,21,
8.95254,-8,11,20,17,
8.95393,7,11,14,21,
8.95526,28,19,25,29,
8.95662,38,30,38,29,
8.958,30,45,34,33,
8.95935,43,50,34,41,
8.9607,43,50,34,41,
8.96209,28,42,37,48,
8.9634,25,30,30,42,
8.96475,6,12,28,22,
8.96613,6,9,23,26,
8.96745,12,13,14,21,
8.96879,-5,3,18,17,
8.97017,-5,8,21,14,
8.97154,-5,8,21,14,
8.97288,25,30,26,29,
8.97426,38,29,32,31,
8.97561,43,31,26,31,
8.97693,46,34,27,32,
8.97828,47,30,30,40,
8.97963,47,30,30,40,
8.98098,23,27,38,32,
8.98234,12,19,17,34,
8.98371,6,25,10,31,
8.98508,1,16,8,24,
8.9864,3,16,19,13,
8.98772,20,22,25,8,
8.98907,20,22,25,8,
8.99043,26,28,32,17,
8.99181,40,27,36,26,
8.99319,38,23,38,36,
8.99459,50,23,36,42,
8.99595,39,29,25,39,
8.99732,39,29,25,39,
8.99869,22,28,26,33,
9.00004,0,14,17,28,
9.0014,2,16,12,21,
9.00277,-18,11,13,10,
9.00412,11,4,19,21,
9.00548,11,4,19,21,
9.00684,11,4,19,21,
9.0082,32,28,19,28,
9.00959,40,38,30,28,
9.01095,37,45,29,35,
9.01226,43,34,30,36,
9.01362,48,35,28,36,
9.01494,40,37,17,25,
9.01625,23,38,21,28,
9.01761,0,26,20,21,
9.01892,-8,12,18,28,
9.02026,-9,11,21,27,
9.02169,-9,11,21,27,
9.02305,-4,8,23,27,
9.02441,4,24,29,25,
9.02582,26,25,24,26,
9.02723,44,29,36,34,
9.02861,50,24,37,29,
9.03011,35,26,28,37,
9.03149,32,32,33,46,
9.03286,26,22,30,43,
9.03427,2,16,15,35,
9.03563,2,16,15,35,
9.037,-5,1,16,30,
9.0384,-21,4,9,24,
9.03983,-12,10,7,26,
9.04127,-5,3,14,30,
9.04269,36,27,15,38,
9.04406,40,29,32,41,
9.04543,40,29,37,42,
9.04677,44,38,38,35,
9.04807,44,38,38,35,
9.04943,19,37,31,38,
9.05083,13,29,27,35,
9.05221,5,11,32,35,
9.05361,-5,6,30,26,
9.05493,-19,2,25,21,
9.05634,-15,-1,13,15,
9.05786,-13,-5,17,15,
9.0592,-7,5,22,17,
9.06051,46,29,22,32,
9.06187,51,25,35,32,
9.06319,47,26,48,37,
9.0645,35,18,36,31,
9.06587,26,29,31,28,
9.06722,26,29,31,28,
9.06854,-1,8,28,25,
9.06991,-4,10,33,24,
9.07127,-12,14,35,23,
9.07258,-15,8,19,21,
9.07392,-11,6,9,17,
9.07527,-2,9,16,17,
9.0766,23,27,21,27,
9.07792,25,27,36,44,
9.07927,37,42,30,47,
9.08062,35,45,37,48,
9.08197,35,45,37,48,
9.08332,20,32,38,40,
9.08468,22,25,32,39,
9.08603,22,16,30,41,
9.08739,2,8,27,27,
9.08873,2,8,27,27,
9.09008,-7,4,29,20,
9.09144,-9,6,18,29,
9.09279,4,13,27,30,
9.0941,15,25,35,35,
9.09546,20,33,36,40,
9.09682,28,38,29,44,
9.09819,28,38,29,44,
9.09955,37,43,30,45,
9.10091,32,32,49,40,
9.10227,10,22,45,33,
9.10363,-18,17,44,28,
9.10497,-13,14,33,22,
9.10635,-20,6,27,13,
9.10772,-20,1,18,9,
9.10908,-30,0,11,14,
9.11044,-2,12,34,43,
9.11182,18,27,50,47,
9.11321,18,27,50,47,
9.11453,19,37,53,42,
9.11586,29,37,45,45,
9.11721,13,35,42,56,
9.11858,8,33,33,45,
9.11995,-10,20,26,43,
9.12127,-10,20,26,43,
9.12264,-21,15,29,44,
9.12404,-53,-6,27,41,
9.12538,-42,1,22,43,
9.1267,-33,1,22,47,
9.12809,-6,3,35,51,
9.12944,-6,3,35,51,
9.13079,-6,14,48,53,
9.13214,4,27,58,60,
9.13353,2,25,59,71,
9.13491,3,21,58,71,
9.13624,-24,13,41,47,
9.13755,-24,13,41,47,
9.13892,-29,2,40,46,
9.14029,-27,-9,44,50,
9.14167,-54,-15,35,49,
9.14297,-59,-22,39,43,
9.14429,-51,-15,43,46,
9.14564,-40,-5,50,57,
9.14702,-40,-5,50,57,
9.14834,-18,-3,50,73,
9.1497,3,9,52,79,
9.15105,-8,10,56,86,
9.15236,-16,2,63,82,
9.15373,-16,2,63,82,
9.1551,-43,-18,57,76,
9.15643,-49,-17,60,75,
9.15779,-51,-18,59,72,
9.15914,-58,-10,43,58,
9.16045,-58,-10,43,58,
9.16182,-60,-15,44,50,
9.1632,-47,-21,53,49,
9.16454,-29,-10,61,63,
9.16593,-17,3,71,72,
9.16729,-1,12,79,80,
9.16863,-21,6,78,85,
9.17004,-21,6,78,85,
9.17139,-28,-5,70,81,
9.17274,-42,-3,68,83,
9.17413,-59,-8,68,77,
9.17549,-79,-22,56,78,
9.17685,-91,-32,57,76,
9.17821,-71,-28,62,69,
9.17954,-43,-11,66,75,
9.18092,-43,-11,66,75,
9.18229,-14,9,74,99,
9.18365,-5,12,73,111,
9.18501,-4,23,73,117,
9.18637,-10,12,76,115,
9.18775,-20,16,84,116,
9.18914,-19,20,85,112,
9.1905,-39,1,82,86,
9.19188,-49,-5,69,86,
9.19325,-49,-5,69,86,
9.1946,-50,-9,65,82,
9.19595,-50,-9,65,82,
9.1973,-45,3,69,88,
9.19865,4,26,72,87,
9.2,-2,17,73,83,
9.20136,-9,30,72,86,
9.20275,-9,30,72,86,
9.20413,-16,24,85,74,
9.20552,-33,10,88,69,
9.20693,-37,7,83,71,
9.20829,-65,-7,73,61,
9.20964,-65,-7,73,61,
9.21101,-74,-13,52,47,
9.21232,-70,-4,60,22,
9.2137,-52,7,67,32,
9.21506,-52,7,67,32,
9.2164,-36,17,80,48,
9.21777,-36,17,80,48,
9.21914,-21,20,76,43,
9.22047,-14,22,83,41,
9.22186,-38,16,90,51,
9.22323,-50,-3,82,42,
9.22458,-50,-3,82,42,
9.22599,-53,-20,72,39,
9.22736,-62,-20,60,31,
9.22876,-75,-15,58,34,
9.23018,-57,-16,59,19,
9.23153,-38,-6,62,20,
9.23291,-38,-6,62,20,
9.2343,-15,6,65,26,
9.23566,-2,12,61,29,
9.23708,7,16,59,40,
9.23854,-10,5,63,42,
9.23991,-25,-4,68,37,
9.24129,-33,-10,58,24,
9.24269,-32,-3,49,25,
9.24404,-30,-2,43,29,
9.24539,-47,-15,48,22,
9.24682,-55,-4,52,7,
9.24819,-55,-4,52,7,
9.24955,-39,0,68,24,
9.25091,-16,9,80,33,
9.25223,1,9,79,39,
9.2536,5,18,74,49,
9.25495,-1,14,85,40,
9.25627,-1,14,85,40,
9.25767,-5,3,79,30,
9.25903,-32,2,65,28,
9.26034,-30,-3,57,25,
9.2617,-35,-3,58,26,
9.26305,-39,-14,46,23,
9.26441,-40,-11,45,22,
9.26578,-33,-18,50,27,
9.26716,-33,-18,50,27,
9.26851,1,11,61,40,
9.26989,0,23,70,35,
9.27124,22,13,69,48,
9.27263,6,21,62,46,
9.274,6,21,62,46,
9.27537,-10,10,56,40,
9.27671,-31,1,62,20,
9.27807,-31,1,62,20,
9.27939,-27,6,66,19,
9.28078,-38,0,59,12,
9.28215,-39,-1,46,5,
9.28351,-39,-1,46,5,
9.28487,-24,12,43,7,
9.28625,2,32,69,14,
9.28761,16,27,76,22,
9.28894,12,30,73,33,
9.2903,-1,33,72,23,
9.29165,-1,33,72,23,
9.29301,-8,26,65,20,
9.29438,-8,26,65,20,
9.29576,-18,17,72,11,
9.29713,-23,11,70,17,
9.29854,-16,6,60,15,
9.29991,-20,10,60,3,
9.30125,-20,10,60,3,
9.30263,8,20,66,12,
9.30398,30,41,82,18,
9.3053,46,48,88,21,
9.30669,37,44,92,28,
9.30805,28,46,92,29,
9.30941,28,46,92,29,
9.31078,12,33,92,20,
9.31213,-7,18,74,22,
9.31349,-16,11,73,18,
9.31484,-21,9,75,13,
9.31623,-17,17,68,3,
9.3176,-24,22,66,5,
9.31895,0,27,71,11,
9.32036,29,38,75,28,
9.32168,38,41,85,29,
9.32307,40,45,86,33,
9.32444,40,45,86,33,
9.3258,15,38,88,28,
9.32714,15,38,88,28,
9.32846,1,29,84,28,
9.32983,-13,16,80,11,
9.33116,-17,18,64,-5,
9.33252,-17,18,64,-5,
9.33393,-15,21,61,-2,
9.33527,-2,25,69,-3,
9.33676,7,41,70,0,
9.33812,21,43,84,14,
9.33949,21,43,84,14,
9.34087,33,49,85,26,
9.34225,36,46,76,19,
9.34361,34,45,76,6,
9.34497,18,40,78,3,
9.34635,3,30,69,-4,
9.34767,-1,25,66,-11,
9.34903,-16,32,66,-14,
9.35041,-20,30,66,-17,
9.35175,-12,17,79,-19,
9.35313,-3,18,81,-13,
9.35452,19,30,77,-8,
9.35587,29,37,85,-8,
9.35725,29,37,85,-8,
9.35862,38,43,88,-4,
9.35998,24,42,91,-5,
9.36133,6,43,97,-15,
9.36273,-4,22,97,-12,
9.36404,-13,20,83,-18,
9.36539,-27,27,77,-28,
9.3667,-27,7,78,-28,
9.36808,-31,-1,84,-32,
9.36943,-20,27,95,-32,
9.37081,1,30,95,-29,
9.37216,1,30,95,-29,
9.37352,12,32,102,-13,
9.37488,12,32,102,-13,
9.37624,21,42,111,-1,
9.37761,28,46,112,-13,
9.37895,3,28,93,-15,
9.38029,-13,14,86,-12,
9.38165,-14,9,88,-7,
9.383,-26,4,93,-13,
9.38432,-48,2,90,-26,
9.38568,-48,2,90,-26,
9.38699,-38,5,85,-25,
9.3883,-12,10,95,-32,
9.38968,7,26,98,-14,
9.3911,10,32,101,-9,
9.39245,16,31,107,-2,
9.39383,30,32,102,-1,
9.39517,22,29,104,-4,
9.39651,-9,25,93,-3,
9.39787,-13,18,96,-6,
9.39925,-13,18,96,-6,
9.40058,-38,4,81,-15,
9.40194,-38,4,81,-15,
9.40329,-24,0,64,-29,
9.4046,-27,10,62,-32,
9.40597,14,21,84,-21,
9.40733,14,21,84,-21,
9.40869,18,28,97,-21,
9.41007,39,37,95,-13,
9.4114,27,25,96,-9,
9.41275,16,22,95,-7,
9.41409,-5,7,88,-17,
9.41545,-5,7,88,-17,
9.4168,-13,19,86,-18,
9.4182,-18,2,74,-10,
9.41958,-33,-15,64,-16,
9.4209,-29,-11,61,-19,
9.42229,-24,2,70,-23,
9.4237,-6,7,77,-16,
9.42508,12,24,75,-7,
9.42656,27,22,74,-2,
9.42796,40,44,90,1,
9.42929,23,37,84,7,
9.43064,6,29,83,5,
9.43198,-6,20,67,0,
9.43332,-14,23,63,1,
9.43483,-14,23,63,1,
9.4362,-24,11,61,-4,
9.43766,-17,12,64,-6,
9.43905,-2,17,62,-7,
9.44036,23,29,65,-3,
9.44177,23,29,65,-3,
9.44314,31,36,79,0,
9.44451,49,34,80,17,
9.44588,49,34,80,17,
9.44723,41,28,87,23,
9.4486,14,25,75,25,
9.44997,1,14,75,13,
9.45128,1,14,75,13,
9.45259,-4,15,64,4,
9.45391,-25,-7,63,6,
9.45524,-9,3,58,1,
9.45655,0,14,52,-1,
9.4579,12,23,58,9,
9.45925,33,29,68,13,
9.46057,36,26,74,11,
9.46193,52,39,81,11,
9.46328,36,35,78,22,
9.46468,21,32,74,26,
9.46607,21,32,74,26,
9.46743,6,24,82,18,
9.46875,-4,25,75,13,
9.47013,-17,14,65,2,
9.47144,-18,13,46,-6,
9.47279,-12,8,45,-5,
9.47415,3,15,58,-4,
9.4755,37,32,72,7,
9.47684,38,33,73,9,
9.47821,38,33,73,9,
9.47958,48,39,75,8,
9.48091,33,40,69,17,
9.48228,29,34,73,13,
9.4836,17,22,66,7,
9.48492,3,6,42,1,
9.48629,-11,7,35,2,
9.48763,-24,10,31,5,
9.48902,-14,14,20,4,
9.49039,5,-1,11,4,
9.49175,5,-1,11,4,
9.49312,5,-1,11,4,
9.4945,40,15,24,25,
9.49585,38,25,28,31,
9.49726,47,33,27,42,
9.49864,32,25,21,34,
9.49996,16,23,14,35,
9.5014,16,23,14,35,
9.50272,-8,2,2,7,
9.50408,-17,5,9,9,
9.50541,-26,-12,-2,5,
9.50678,-14,-5,-1,6,
9.50814,-6,0,3,6,
9.50952,0,4,5,8,
9.51088,0,4,5,8,
9.5122,34,35,26,25,
9.51358,40,30,28,14,
9.51496,44,30,32,11,
9.51633,16,26,27,17,
9.51771,5,17,20,-3,
9.51908,5,17,20,-3,
9.52037,-13,15,20,-1,
9.52175,-28,0,8,-5,
9.52311,-28,-16,1,-5,
9.52447,-24,6,-5,-22,
9.52584,-2,19,7,-19,
9.5272,-2,19,7,-19,
9.52856,25,18,22,-3,
9.52992,20,32,27,7,
9.53127,23,39,39,9,
9.53268,34,30,35,8,
9.53403,33,32,25,5,
9.53539,6,27,12,-2,
9.53679,6,27,12,-2,
9.53815,-10,9,-4,-6,
9.53952,-33,6,-8,-5,
9.54093,-34,-3,-9,-11,
9.54229,-6,4,-6,-3,
9.54369,-6,4,-6,-3,
9.54505,13,12,-7,-1,
9.54643,27,27,0,-2,
9.54779,37,38,0,11,
9.54915,42,39,6,13,
9.55052,35,32,3,12,
9.5519,15,33,-2,2,
9.55323,15,33,-2,2,
9.55461,10,21,-27,-6,
9.55597,-2,22,-31,-6,
9.55727,-17,20,-33,-4,
9.55869,-15,24,-35,-3,
9.56011,0,19,-35,-5,
9.56143,12,20,-37,-8,
9.5628,23,23,-20,-1,
9.56411,37,42,-9,14,
9.56543,40,47,-2,19,
9.5668,30,48,-7,12,
9.56816,30,48,-7,12,
9.5695,30,47,-27,14,
9.57086,18,39,-37,13,
9.57218,5,31,-40,-3,
9.57357,-17,16,-43,-13,
9.57493,-23,10,-42,-14,
9.57628,-23,10,-42,-14,
9.57764,-15,26,-44,-17,
9.57898,10,38,-36,-9,
9.58029,23,37,-17,1,
9.58165,42,50,-15,7,
9.58302,42,50,-15,7,
9.58436,45,55,-11,7,
9.58571,45,55,-11,7,
9.58708,27,43,-35,1,
9.58841,11,42,-34,-3,
9.58983,-3,46,-40,-4,
9.59118,-27,19,-46,-16,
9.59252,-27,19,-46,-16,
9.59388,-15,11,-41,-15,
9.59523,-5,25,-43,-10,
9.59654,11,40,-31,-6,
9.5979,22,58,-23,5,
9.59928,34,57,-24,11,
9.60066,34,57,-24,11,
9.60198,41,66,-22,4,
9.60334,25,59,-21,8,
9.60466,8,37,-46,1,
9.60602,1,30,-45,-9,
9.60737,2,40,-50,-12,
9.60874,-11,38,-52,-12,
9.61011,-15,31,-57,-16,
9.61146,-15,31,-66,-12,
9.61278,0,43,-60,-8,
9.61417,29,47,-49,0,
9.61553,27,48,-41,4,
9.61686,27,48,-41,4,
9.61821,41,62,-38,2,
9.61957,34,64,-46,4,
9.6209,25,53,-56,0,
9.6223,13,55,-72,-9,
9.62366,6,51,-63,-8,
9.62507,1,43,-67,-13,
9.62654,-15,39,-74,-24,
9.62798,-18,37,-81,-17,
9.6295,-18,37,-81,-17,
9.63098,15,46,-77,-5,
9.63231,34,61,-69,0,
9.63373,53,77,-72,-1,
9.63508,53,77,-72,-1,
9.63639,50,67,-57,5,
9.63778,38,65,-54,5,
9.63918,27,59,-63,28,
9.6405,19,51,-65,20,
9.64192,19,51,-65,20,
9.64329,-10,56,-65,9,
9.64464,-10,56,-65,9,
9.64601,-5,52,-77,-3,
9.64738,13,53,-71,1,
9.6487,41,64,-73,14,
9.65008,65,80,-62,25,
9.65144,59,92,-62,35,
9.65275,83,112,-57,29,
9.65407,79,106,-51,32,
9.65545,73,100,-59,38,
9.65685,35,84,-56,41,
9.65821,35,84,-56,41,
9.65956,29,78,-60,28,
9.66086,19,68,-65,19,
9.66222,8,63,-72,22,
9.66358,17,74,-68,19,
9.66495,35,71,-55,31,
9.66631,48,89,-44,27,
9.66767,35,106,-31,21,
9.66897,43,120,-27,31,
9.67033,48,122,-18,26,
9.67169,42,111,-7,18,
9.67304,29,97,-6,13,
9.6744,18,86,-16,20,
9.67577,7,79,-25,11,
9.67707,4,70,-16,9,
9.67845,4,70,-16,9,
9.67986,-10,55,-34,1,
9.68121,-5,53,-20,-1,
9.68259,19,74,-5,1,
9.68406,38,87,0,11,
9.68541,38,87,0,11,
9.68678,44,88,12,19,
9.68817,40,96,-4,16,
9.68953,34,95,-6,16,
9.6909,20,81,1,18,
9.69224,3,60,-5,10,
9.69356,3,60,-5,10,
9.69491,-8,64,-11,5,
9.69621,-30,55,-37,-19,
9.69758,-14,56,-39,-24,
9.69891,-16,61,-41,-12,
9.70023,-4,62,-40,-11,
9.70154,34,75,-13,-10,
9.70288,33,89,-8,-1,
9.7042,37,89,-4,-1,
9.70551,36,80,-5,-6,
9.70688,22,90,-2,-10,
9.70821,10,95,0,-12,
9.70961,4,81,-5,-11,
9.71109,0,71,-15,-9,
9.71245,-6,70,-16,-5,
9.71381,-2,59,-10,-12,
9.71519,-1,70,-16,-11,
9.71651,1,71,-28,-10,
9.71784,29,76,-16,-6,
9.71916,41,95,-12,6,
9.7205,41,95,-12,6,
9.72184,32,107,-8,13,
9.72316,39,102,-9,18,
9.72447,28,97,-18,21,
9.72583,18,90,-15,14,
9.72709,18,90,-15,14,
9.72844,16,71,-25,-2,
9.7298,-1,60,-35,5,
9.73112,-16,60,-40,1,
9.73244,-5,64,-43,2,
9.73378,-5,75,-41,4,
9.73512,2,78,-30,4,
9.73645,2,78,-30,4,
9.73782,49,104,-10,17,
9.73924,60,126,-2,16,
9.74058,51,125,-2,21,
9.74194,25,98,-10,28,
9.7433,25,98,-10,28,
9.74461,20,98,-19,29,
9.74593,10,107,-18,30,
9.74729,2,105,-14,19,
9.74863,3,104,-13,17,
9.74999,4,103,-12,29,
9.75135,4,103,-12,29,
9.75271,21,131,4,42,
9.7541,40,154,11,55,
9.75544,68,151,12,56,
9.75679,78,158,23,70,
9.75813,81,160,33,73,
9.75948,81,160,33,73,
9.76083,70,151,24,91,
9.76216,59,145,6,91,
9.76348,57,147,9,82,
9.76483,29,131,-11,62,
9.76623,27,138,-7,61,
9.76758,27,138,-7,61,
9.76898,27,138,-7,61,
9.77034,59,171,-9,50,
9.77169,82,176,0,64,
9.77308,81,188,-3,54,
9.77442,78,189,-2,54,
9.77578,78,189,-2,54,
9.77716,66,194,0,49,
9.77851,51,180,-4,33,
9.77987,43,176,-8,28,
9.78122,19,163,-18,28,
9.7826,5,150,-24,19,
9.78396,17,163,-34,15,
9.78532,17,163,-34,15,
9.78671,34,164,-32,13,
9.78808,51,181,-20,11,
9.78943,63,177,-24,18,
9.7908,74,166,-23,17,
9.79217,78,167,-8,21,
9.79353,70,166,-7,25,
9.7949,41,151,-13,21,
9.79622,14,133,-22,17,
9.79759,21,140,-19,12,
9.79896,13,143,-19,8,
9.80025,13,143,-19,8,
9.80161,-4,133,-14,0,
9.80295,3,114,-29,1,
9.80433,15,127,-29,2,
9.80563,28,140,-17,15,
9.80699,34,147,-12,13,
9.8083,34,147,-12,13,
9.80966,50,141,0,18,
9.81103,43,139,-4,20,
9.81232,30,129,-4,23,
9.81369,27,120,-8,26,
9.81505,17,99,-10,19,
9.81637,5,82,-4,3,
9.81779,5,82,-4,3,
9.81915,-2,63,-18,-7,
9.82049,-3,72,-11,-11,
9.8219,17,88,-7,-10,
9.82326,40,96,4,11,
9.82462,40,96,4,11,
9.82599,59,100,2,24,
9.82735,35,97,8,32,
9.8287,20,80,4,28,
9.83009,18,74,-1,23,
9.83143,8,67,-6,27,
9.83274,5,54,-10,17,
9.8341,5,54,-10,17,
9.83546,-5,49,-22,6,
9.83679,-4,40,-13,-2,
9.83814,5,44,0,4,
9.83947,18,56,5,15,
9.84079,33,71,6,18,
9.84218,38,73,5,27,
9.84349,35,78,12,28,
9.84482,31,77,16,24,
9.84615,27,68,11,23,
9.84749,27,68,11,23,
9.84882,12,52,12,14,
9.85014,-2,39,15,6,
9.85146,-14,43,1,14,
9.85279,-12,42,3,12,
9.85416,-12,42,3,12,
9.85552,-9,33,1,6,
9.85689,0,33,3,16,
9.85825,27,47,13,29,
9.8596,53,56,30,34,
9.86094,68,64,30,35,
9.86231,48,60,21,26,
9.86367,48,60,21,26,
9.865,16,34,10,29,
9.86644,0,43,4,17,
9.86781,1,43,12,7,
9.86917,-3,31,11,2,
9.87054,-5,16,18,7,
9.87191,-13,24,15,7,
9.87326,3,40,13,13,
9.87462,24,47,17,35,
9.87597,31,43,23,35,
9.87733,31,37,16,29,
9.8787,41,55,24,28,
9.88005,46,56,35,25,
9.8814,39,36,34,31,
9.88272,20,30,28,30,
9.88405,12,26,25,30,
9.88541,11,23,17,16,
9.88678,-5,15,13,14,
9.88815,-5,15,13,14,
9.88952,-2,19,7,19,
9.89088,18,28,25,30,
9.89223,40,43,27,37,
9.8936,37,50,30,32,
9.89495,51,44,33,35,
9.89631,60,44,38,42,
9.8977,54,40,38,49,
9.89907,32,40,36,43,
9.90046,2,16,32,29,
9.90182,2,16,32,29,
9.90318,10,12,37,33,
9.90452,-6,19,28,28,
9.90587,-10,15,16,24,
9.90722,-8,20,9,33,
9.90857,34,35,32,26,
9.90994,46,40,35,32,
9.91129,46,40,35,32,
9.91266,47,58,35,26,
9.91406,33,44,29,35,
9.91541,28,35,30,41,
9.91676,5,22,17,35,
9.91817,5,22,17,35,
9.91952,7,21,21,24,
9.92092,7,21,21,24,
9.92228,-7,-8,17,8,
9.92364,-13,10,16,9,
9.92502,-5,13,18,20,
9.92638,39,32,26,34,
9.92775,39,32,26,34,
9.92912,54,37,29,38,
9.9305,38,50,33,27,
9.93188,28,52,42,34,
9.93323,24,38,43,38,
9.9346,16,28,42,30,
9.93595,16,28,42,30,
9.93729,5,27,31,24,
9.93865,-12,17,14,20,
9.94001,-4,0,13,15,
9.94136,-5,-10,15,12,
9.94272,-2,5,31,22,
9.94411,13,32,34,26,
9.94546,39,31,30,37,
9.94685,54,29,31,37,
9.94822,46,41,29,31,
9.9496,21,25,32,35,
9.95094,26,13,27,38,
9.95227,26,13,27,38,
9.95363,18,18,25,33,
9.95497,9,20,26,29,
9.9563,2,12,23,15,
9.95766,-6,2,19,27,
9.95899,14,2,19,20,
9.9603,14,2,19,20,
9.96163,32,32,26,20,
9.96296,28,30,28,22,
9.96423,43,42,27,27,
9.9656,46,36,37,35,
9.96693,45,33,53,38,
9.96822,23,26,35,31,
9.96958,15,23,21,32,
9.97088,-1,11,18,19,
9.97219,-1,11,18,19,
9.97353,-21,-1,20,22,
9.97489,-21,-1,20,22,
9.97621,-8,0,26,28,
9.97758,12,11,29,31,
9.97894,27,21,27,36,
9.98025,40,34,29,37,
9.98169,54,46,39,31,
9.98304,68,54,44,31,
9.98437,48,45,45,31,
9.98576,26,15,33,24,
9.9871,26,15,33,24,
9.98845,9,19,18,22,
9.9898,-5,7,21,14,
9.99118,-5,7,21,14,
9.9925,-17,4,18,19,
9.99385,-4,16,16,22,
9.9952,16,25,30,29,
9.99653,29,29,43,40,
9.9979,45,33,32,38,
9.99927,55,43,24,28,
10.0006,52,41,31,21,
10.0019,36,36,27,23,
10.0032,20,30,25,20,
10.0046,7,11,21,30,
10.0059,-1,1,14,25,
10.0072,-1,1,14,25,
10.0085,-18,4,21,12,
10.0099,-10,14,18,14,
10.0113,-3,14,11,13,
10.0127,31,32,20,32,
10.0141,31,32,20,32,
10.0154,32,30,22,29,
10.0168,45,35,29,29,
10.0182,32,28,32,26,
10.0195,27,19,27,35,
10.0208,27,19,27,35,
10.0223,20,25,33,27,
10.0237,-2,14,22,22,
10.0251,2,5,20,30,
10.0266,-19,8,19,22,
10.0282,4,28,30,20,
10.0297,4,28,30,20,
10.0311,32,38,29,18,
10.0324,53,44,31,30,
10.0338,73,55,36,34,
10.0351,54,49,40,37,
10.0365,34,42,36,37,
10.0379,23,40,19,34,
10.0392,23,40,19,34,
10.0405,8,29,15,29,
10.0419,9,12,21,25,
10.0433,3,4,12,26,
10.0446,5,7,17,28,
10.0459,10,22,24,17,
10.0473,10,22,24,17,
10.0487,31,37,38,32,
10.0501,57,44,52,31,
10.0514,57,44,52,31,
10.0528,44,33,44,34,
10.0542,20,34,35,34,
10.0555,27,31,33,33,
10.0569,26,36,17,27,
10.0583,12,30,13,20,
10.0596,-1,20,10,14,
10.0609,-8,23,9,16,
10.0623,-10,12,12,22,
10.0637,-3,12,19,32,
10.0651,24,27,33,37,
10.0664,24,27,33,37,
10.0678,61,48,33,44,
10.0692,71,59,47,39,
10.0705,55,46,40,36,
10.0719,17,34,32,25,
10.0732,17,34,32,25,
10.0746,10,23,18,16,
10.076,12,14,8,21,
10.0773,-8,16,12,22,
10.0787,1,8,16,19,
10.0801,-3,22,15,16,
10.0814,-3,22,15,16,
10.0828,7,34,30,25,
10.0842,30,45,45,33,
10.0855,50,53,35,36,
10.0869,51,56,26,32,
10.0882,45,49,29,31,
10.0896,38,48,35,30,
10.0909,15,36,34,32,
10.0923,15,21,33,31,
10.0936,6,14,30,27,
10.095,0,7,20,21,
10.0964,6,2,11,22,
10.0978,0,14,19,23,
10.0991,1,17,28,30,
10.1005,20,28,27,36,
10.1018,27,31,21,37,
10.1032,59,42,25,43,
10.1045,42,53,19,45,
10.1059,40,38,24,41,
10.1072,29,30,26,28,
10.1086,29,30,26,28,
10.1099,5,16,20,28,
10.1113,5,13,20,23,
10.1127,-18,18,7,11,
10.114,-5,15,14,13,
10.1154,7,14,15,17,
10.1167,22,29,27,18,
10.1181,30,42,29,32,
10.1194,44,44,24,28,
10.1208,44,40,36,37,
10.1221,39,27,37,35,
10.1234,38,35,27,26,
10.1248,38,35,27,26,
10.1261,26,36,18,29,
10.1275,3,33,24,22,
10.1288,2,24,23,21,
10.1302,-7,13,15,27,
10.1316,1,16,20,28,
10.133,1,16,20,28,
10.1343,36,33,26,31,
10.1357,41,32,21,29,
10.1371,47,43,18,32,
10.1384,51,51,32,41,
10.1398,47,43,31,50,
10.1412,39,39,27,45,
10.1426,23,34,24,34,
10.144,5,26,20,29,
10.1453,3,29,22,22,
10.1467,-6,16,24,22,
10.1481,-5,9,12,29,
10.1494,-9,-3,9,33,
10.1508,1,8,12,24,
10.1522,34,30,26,31,
10.1535,43,37,30,44,
10.1549,48,36,31,45,
10.1562,49,37,39,44,
10.1576,49,37,39,44,
10.1589,38,37,33,34,
10.1603,9,25,17,27,
10.1617,5,27,14,30,
10.1631,2,26,15,29,
10.1644,-6,24,17,19,
10.1658,-9,22,17,15,
10.1672,0,15,17,15,
10.1685,11,27,22,13,
10.1698,49,40,37,29,
10.1712,49,40,37,29,
10.1725,59,44,35,28,
10.1739,55,48,28,31,
10.1753,39,43,28,33,
10.1766,24,42,23,27,
10.178,16,33,20,21,
10.1793,-1,15,22,30,
10.1807,-17,5,18,18,
10.182,-17,5,18,18,
10.1834,-7,7,18,23,
10.1847,2,19,23,23,
10.1861,20,32,26,31,
10.1874,42,41,24,38,
10.1888,39,34,23,39,
10.1902,39,34,23,39,
10.1915,44,46,32,38,
10.1928,30,35,25,35,
10.1942,25,28,22,32,
10.1955,11,25,27,35,
10.1969,-9,11,17,29,
10.1982,-9,11,17,29,
10.1995,-8,16,22,28,
10.2009,0,20,19,28,
10.2022,6,13,20,24,
10.2036,40,32,18,36,
10.2049,40,32,18,36,
10.2063,43,35,32,28,
10.2077,35,42,41,31,
10.2091,40,53,33,32,
10.2105,34,28,39,26,
10.2118,16,28,27,21,
10.2132,16,28,27,21,
10.2146,0,20,20,21,
10.2159,-23,13,17,22,
10.2173,-23,5,6,21,
10.2187,-8,10,7,12,
10.22,0,23,14,10,
10.2214,27,32,21,27,
10.2228,40,33,21,35,
10.2241,42,40,24,28,
10.2257,46,49,28,40,
10.2272,40,38,25,48,
10.2286,34,35,26,41,
10.23,18,22,35,35,
10.2314,3,13,18,20,
10.2328,-2,6,19,23,
10.2342,6,16,10,18,
10.2356,11,20,17,15,
10.237,11,20,17,15,
10.2384,27,25,22,26,
10.2398,46,41,23,26,
10.2411,42,38,25,24,
10.2425,49,39,27,31,
10.2439,44,42,37,30,
10.2453,19,35,35,27,
10.2467,7,21,25,18,
10.248,-5,25,20,12,
10.2494,-5,25,20,12,
10.2508,-1,16,20,16,
10.2521,-15,5,18,12,
10.2535,-13,13,14,14,
10.2548,7,16,10,16,
10.2562,32,30,17,34,
10.2575,41,26,33,35,
10.2589,41,26,33,35,
10.2602,53,24,44,36,
10.2616,47,25,44,35,
10.263,32,32,43,30,
10.2643,29,22,37,30,
10.2658,2,17,28,30,
10.2671,3,26,23,27,
10.2685,-6,7,26,15,
10.2698,6,14,8,24,
10.2713,14,11,21,28,
10.2726,16,17,30,22,
10.274,47,31,33,24,
10.2753,47,31,33,24,
10.2767,47,31,33,24,
10.2781,54,41,40,35,
10.2795,53,43,46,30,
10.2808,32,40,42,29,
10.2823,21,15,18,23,
10.2836,21,15,18,23,
10.2851,14,14,23,25,
10.2864,0,-3,6,9,
10.2878,0,4,3,10,
10.2891,10,13,7,24,
10.2905,24,24,14,28,
10.2919,19,29,19,32,
10.2933,19,29,19,32,
10.2947,40,36,27,29,
10.296,33,38,32,34,
10.2974,36,38,32,37,
10.2988,11,24,21,31,
10.3001,5,20,17,31,
10.3015,5,20,17,31,
10.3029,5,9,26,33,
10.3042,-3,-5,17,28,
10.3056,-8,0,12,27,
10.3069,2,11,18,23,
10.3082,49,23,21,28,
10.3096,50,36,31,35,
10.3109,50,36,31,35,
10.3123,43,39,41,47,
10.3136,42,38,35,38,
10.315,25,26,28,24,
10.3163,12,11,19,23,
10.3177,14,11,19,21,
10.3191,15,18,13,15,
10.3204,15,18,13,15,
10.3218,-16,5,13,23,
10.3232,-16,14,14,18,
10.3245,5,15,24,27,
10.3259,34,39,34,27,
10.3273,34,39,34,27,
10.3286,36,38,38,32,
10.3299,48,43,29,32,
10.3313,36,48,27,35,
10.3326,18,42,30,30,
10.334,3,30,23,28,
10.3354,1,15,6,32,
10.3368,-4,11,12,25,
10.3381,-4,11,12,25,
10.3394,-4,17,8,19,
10.3408,12,15,15,20,
10.3421,33,19,26,17,
10.3435,50,27,28,27,
10.3448,44,31,32,30,
10.3462,58,39,28,28,
10.3475,58,39,28,28,
10.3489,32,37,27,32,
10.3503,28,38,17,29,
10.3517,19,21,18,34,
10.353,5,8,15,35,
10.3544,-9,-4,4,29,
10.3558,-9,-4,4,29,
10.3571,-4,11,24,19,
10.3585,8,11,21,28,
10.3598,8,11,21,28,
10.3612,38,17,28,30,
10.3626,47,31,29,38,
10.3639,47,31,29,38,
10.3652,41,45,34,28,
10.3666,24,33,25,33,
10.3679,18,25,21,37,
10.3693,7,15,13,34,
10.3706,-3,17,18,21,
10.372,-3,17,18,21,
10.3733,-3,17,18,21,
10.3747,-6,9,15,16,
10.376,0,23,16,14,
10.3774,22,29,21,21,
10.3788,45,27,32,22,
10.3801,51,44,42,23,
10.3815,62,51,54,24,
10.3829,52,44,49,28,
10.3842,29,24,29,28,
10.3856,5,17,27,21,
10.3869,0,7,20,26,
10.3883,4,-2,11,29,
10.3896,4,-2,11,29,
10.391,-13,-3,16,12,
10.3924,-11,4,28,14,
10.3937,20,21,30,20,
10.3951,47,27,40,28,
10.3964,35,26,37,25,
10.3977,41,38,40,22,
10.3991,43,45,39,32,
10.4004,44,49,31,32,
10.4018,19,37,29,30,
10.4031,19,37,29,30,
10.4045,12,28,29,29,
10.4058,6,27,17,33,
10.4071,2,15,6,19,
10.4085,2,-1,10,13,
10.4099,-2,3,21,7,
10.4112,41,30,19,27,
10.4126,52,37,20,29,
10.414,45,40,20,35,
10.4153,45,40,20,35,
10.4167,55,39,32,39,
10.4181,47,47,27,30,
10.4194,16,36,24,29,
10.4207,4,13,24,24,
10.422,-2,19,23,33,
10.4234,-2,19,23,33,
10.4247,-11,1,26,25,
10.4261,-4,9,13,23,
10.4275,12,11,23,24,
10.4288,17,29,26,25,
10.4302,40,43,34,28,
10.4315,51,45,32,36,
10.4328,61,44,37,35,
10.4342,54,38,43,39,
10.4355,52,28,44,34,
10.4369,37,19,38,28,
10.4383,9,25,26,24,
10.4397,9,25,26,24,
10.441,5,21,28,13,
10.4424,-18,10,17,13,
10.4438,3,7,13,12,
10.4452,13,6,16,19,
10.4466,13,6,16,19,
10.4481,37,39,31,25,
10.4495,37,39,31,25,
10.4508,47,42,24,38,
10.4522,48,35,28,38,
10.4535,41,33,31,38,
10.4549,15,25,16,18,
10.4562,15,25,16,18,
10.4576,-1,22,20,16,
10.459,-13,6,20,13,
10.4602,-7,-2,19,18,
10.4616,1,11,24,29,
10.463,1,11,24,29,
10.4643,42,39,32,20,
10.4657,42,39,32,20,
10.467,37,42,33,33,
10.4683,43,43,34,36,
10.4697,37,36,35,33,
10.4711,34,30,35,35,
10.4724,11,11,25,38,
10.4737,9,8,12,37,
10.4751,5,13,13,23,
10.4764,-14,13,16,16,
10.4778,-5,2,14,12,
10.4792,-6,-3,14,17,
10.4805,9,8,11,25,
10.4819,30,22,22,25,
10.4832,41,26,28,19,
10.4845,54,20,36,25,
10.4859,50,30,38,30,
10.4872,28,29,35,39,
10.4886,22,19,27,30,
10.49,6,7,24,25,
10.4913,6,7,24,25,
10.4927,-10,4,23,16,
10.4941,-30,-12,9,7,
10.4954,-19,-20,5,1,
10.4968,-3,-7,16,18,
10.4981,13,8,28,23,
10.4996,34,11,32,30,
10.501,24,16,32,25,
10.5024,35,25,30,25,
10.5038,40,16,23,27,
10.5052,25,7,26,23,
10.5066,7,9,22,15,
10.508,0,-20,19,15,
10.5094,0,-20,19,15,
10.5107,-21,-24,21,15,
10.5121,-22,-41,18,15,
10.5134,-18,-38,14,9,
10.5148,-10,-30,6,19,
10.5162,15,-8,11,16,
10.5176,19,-13,8,17,
10.5189,19,-13,8,17,
10.5202,23,-11,21,17,
10.5216,17,1,25,20,
10.523,8,-13,23,21,
10.5243,2,-24,10,24,
10.5257,-9,-48,-8,5,
10.5271,-9,-48,-8,5,
10.5284,-32,-62,-16,0,
10.5298,-32,-79,-12,-4,
10.5312,-32,-66,-45,-20,
10.5326,-27,-52,-70,-59,
10.5339,-27,-52,-70,-59,
10.5353,-87,-112,-182,-176,
10.5367,-87,-112,-182,-176,
10.5381,-118,-196,-260,-247,
10.5394,-237,-499,-388,-391,
10.5408,-292,-640,-443,-453,
10.5422,-333,-739,-460,-497,
10.5436,-367,-783,-472,-526,
10.5449,-382,-809,-476,-543,
10.5463,-390,-809,-471,-545,
10.5477,-384,-796,-438,-531,
10.549,-375,-773,-409,-519,
10.5504,-346,-716,-384,-486,
10.5518,-270,-632,-321,-423,
10.5532,-270,-632,-321,-423,
10.5546,-241,-575,-297,-396,
10.5559,-215,-506,-253,-336,
10.5573,-202,-470,-231,-315,
10.5587,-207,-430,-217,-304,
10.5601,-200,-396,-208,-291,
10.5614,-188,-382,-199,-273,
10.5628,-182,-364,-199,-257,
10.5641,-169,-344,-191,-247,
10.5656,-170,-332,-174,-227,
10.5669,-144,-308,-162,-207,
10.5683,-121,-276,-139,-193,
10.5696,-106,-254,-127,-173,
10.571,-88,-235,-115,-155,
10.5724,-86,-208,-103,-152,
10.5737,-84,-199,-98,-137,
10.5751,-97,-204,-88,-130,
10.5765,-92,-203,-87,-127,
10.5778,-86,-191,-89,-130,
10.5792,-91,-185,-94,-131,
10.5806,-99,-186,-97,-124,
10.5819,-87,-176,-96,-115,
10.5833,-76,-167,-86,-103,
10.5846,-76,-167,-86,-103,
10.586,-71,-150,-84,-92,
10.5873,-42,-120,-61,-81,
10.5887,-36,-105,-58,-75,
10.5901,-32,-99,-48,-68,
10.5914,-42,-104,-47,-60,
10.5928,-50,-102,-52,-59,
10.5942,-46,-109,-50,-60,
10.5956,-61,-119,-49,-58,
10.5969,-75,-122,-49,-58,
10.5983,-72,-115,-52,-68,
10.5996,-72,-115,-52,-68,
10.601,-58,-95,-56,-66,
10.6023,-47,-83,-44,-64,
10.6037,-29,-89,-31,-42,
10.605,-20,-73,-26,-42,
10.6064,-14,-64,-17,-42,
10.6078,-14,-64,-17,-42,
10.6092,-17,-65,-33,-45,
10.6105,-22,-73,-37,-40,
10.6119,-24,-80,-42,-38,
10.6133,-54,-72,-37,-42,
10.6147,-54,-72,-37,-42,
10.616,-60,-79,-32,-44,
10.6174,-42,-60,-38,-41,
10.6188,-21,-45,-34,-36,
10.6201,-4,-43,-17,-21,
10.6215,-4,-43,-17,-21,
10.6229,-11,-37,-18,-12,
10.6242,-9,-38,-16,-7,
10.6256,-12,-46,-12,-10,
10.627,-14,-46,-18,-15,
10.6283,-15,-49,-25,-24,
10.6297,-20,-49,-24,-24,
10.631,-32,-49,-12,-24,
10.6324,-48,-48,-21,-35,
10.6338,-43,-47,-19,-29,
10.6352,-2,-41,-1,-14,
10.6365,-2,-41,-1,-14,
10.6379,7,-38,5,-12,
10.6392,16,-32,13,-15,
10.6406,14,-8,7,-6,
10.642,14,0,-1,2,
10.6433,2,-17,1,-3,
10.6447,-15,-28,-3,-13,
10.6461,-15,-28,-3,-13,
10.6474,-22,-18,-4,2,
10.6488,-42,-30,0,-10,
10.6502,-36,-39,-4,-21,
10.6516,-24,-31,4,-6,
10.653,-24,-31,4,-6,
10.6544,6,-15,-2,-1,
10.6557,20,-10,2,6,
10.6571,19,-14,9,11,
10.6585,22,-9,14,14,
10.6598,27,2,18,11,
10.6611,20,7,21,8,
10.6625,-3,5,12,11,
10.6639,-8,8,2,1,
10.6653,-15,3,2,-3,
10.6666,-10,-12,-2,-6,
10.668,-10,-12,-2,-6,
10.6694,-2,-9,-3,-8,
10.6707,12,1,-3,-1,
10.6721,19,9,-2,2,
10.6735,27,8,4,16,
10.675,32,11,9,24,
10.6763,32,11,9,24,
10.6777,30,-2,19,13,
10.6791,29,-7,21,12,
10.6804,3,-12,18,4,
10.6818,8,3,12,2,
10.6832,-13,5,0,5,
10.6845,-13,5,0,5,
10.6859,-22,1,-2,3,
10.6873,-3,-12,15,11,
10.6886,13,-5,23,8,
10.69,17,13,26,14,
10.6913,21,23,25,22,
10.6927,21,23,25,22,
10.6942,28,16,29,23,
10.6955,20,20,12,25,
10.6969,21,13,19,24,
10.6983,15,2,19,23,
10.6996,13,-8,12,23,
10.701,-12,-1,1,17,
10.7024,-16,6,10,8,
10.7037,-1,-7,19,11,
10.7051,4,6,25,17,
10.7065,4,6,25,17,
10.7079,16,24,23,20,
10.7093,16,24,23,20,
10.7107,29,32,21,20,
10.712,18,23,27,16,
10.7134,25,25,18,22,
10.7148,22,17,12,29,
10.7161,-4,11,10,28,
10.7175,3,6,7,29,
10.7189,-7,-9,7,29,
10.7202,-5,-3,1,29,
10.7216,-5,2,-1,22,
10.723,-5,12,8,18,
10.7245,14,16,20,30,
10.7258,30,15,21,26,
10.7272,47,12,18,31,
10.7286,46,23,23,37,
10.7299,22,30,32,30,
10.7313,10,17,15,23,
10.7327,10,17,15,23,
10.7341,-3,4,11,19,
10.7354,2,16,8,20,
10.7368,-2,8,9,9,
10.7382,-9,24,13,17,
10.7395,-9,24,13,17,
10.741,3,19,19,23,
10.7424,24,24,21,32,
10.7438,37,26,23,37,
10.7452,34,25,35,26,
10.7466,33,34,21,37,
10.748,33,34,21,37,
10.7493,12,20,28,30,
10.7507,-7,-3,26,16,
10.752,-2,10,22,22,
10.7534,-13,15,10,15,
10.7548,-2,3,21,16,
10.7561,-2,3,21,16,
10.7575,-2,3,21,16,
10.7589,8,25,26,25,
10.7603,27,24,23,28,
10.7617,29,34,28,38,
10.763,43,23,37,30,
10.7644,43,23,37,30,
10.7658,44,18,29,31,
10.7671,14,15,28,16,
10.7686,4,8,18,27,
10.77,-3,17,23,26,
10.7713,-1,12,20,18,
10.7727,-1,12,20,18,
10.7741,10,9,17,9,
10.7754,30,18,27,23,
10.7768,28,33,27,31,
10.7781,30,31,25,33,
10.7795,29,36,27,29,
10.7808,27,43,29,25,
10.7822,37,35,25,31,
10.7836,25,26,18,32,
10.7849,11,10,33,29,
10.7863,3,14,35,31,
10.7877,3,14,35,31,
10.7891,5,9,8,23,
10.7905,5,9,8,23,
10.7918,12,19,22,19,
10.7931,28,26,23,26,
10.7945,38,35,30,32,
10.7959,39,32,37,34,
10.7973,39,30,46,37,
10.7987,24,21,50,37,
10.8001,22,18,40,29,
10.8014,11,21,28,37,
10.8029,2,22,18,36,
10.8042,11,19,21,30,
10.8056,5,4,21,29,
10.807,-11,6,22,20,
10.8084,-3,15,14,16,
10.8097,9,9,23,17,
10.8111,33,20,16,25,
10.8125,31,27,21,27,
10.8139,42,38,22,40,
10.8152,34,31,16,41,
10.8165,34,31,16,41,
10.8179,35,30,22,39,
10.8193,24,28,27,29,
10.8206,28,28,26,31,
10.822,5,27,28,29,
10.8234,-15,10,26,31,
10.8248,-15,10,26,31,
10.8262,3,13,19,30,
10.8276,24,26,20,25,
10.829,39,35,36,32,
10.8304,34,38,33,35,
10.8318,36,29,46,39,
10.8332,28,21,39,34,
10.8346,26,27,34,34,
10.836,9,20,29,26,
10.8373,0,10,29,19,
10.8387,2,12,31,14,
10.8401,-13,14,16,10,
10.8415,-18,11,12,7,
10.8428,-8,11,15,16,
10.8442,5,17,26,20,
10.8456,16,25,33,21,
10.847,31,36,27,24,
10.8483,32,30,24,33,
10.8497,25,40,21,41,
10.8511,18,40,21,40,
10.8526,18,40,21,40,
10.8539,5,12,23,28,
10.8553,5,12,23,28,
10.8567,13,16,16,19,
10.8581,-4,10,20,14,
10.8594,8,12,21,14,
10.8608,14,9,21,25,
10.8621,21,24,30,34,
10.8635,37,28,32,41,
10.8649,47,22,27,40,
10.8662,54,38,34,40,
10.8676,40,34,38,30,
10.8689,25,29,43,31,
10.8703,25,29,43,31,
10.8716,10,24,43,25,
10.873,12,18,31,23,
10.8744,6,12,20,34,
10.8757,13,19,14,25,
10.8771,13,19,14,25,
10.8785,11,22,16,20,
10.8798,34,24,25,29,
10.8812,40,25,27,34,
10.8826,42,30,30,31,
10.8839,45,36,33,35,
10.8852,45,36,33,35,
10.8866,43,21,31,36,
10.8879,41,24,32,39,
10.8893,32,18,20,38,
10.8907,22,21,11,30,
10.892,-8,-2,8,10,
10.8934,0,-5,15,22,
10.8947,0,-5,15,22,
10.896,7,15,14,33,
10.8974,32,15,26,37,
10.8987,37,27,34,33,
10.9001,43,41,37,39,
10.9014,40,44,39,42,
10.9028,40,44,39,42,
10.9041,32,37,37,30,
10.9054,31,29,41,29,
10.9068,10,13,29,22,
10.9082,9,15,28,24,
10.9096,-2,13,25,20,
10.9109,-12,16,18,16,
10.9123,-7,16,18,27,
10.9136,4,25,19,27,
10.9149,24,37,23,30,
10.9163,43,40,38,26,
10.9176,39,41,34,32,
10.919,42,44,22,40,
10.9204,28,38,26,36,
10.9217,18,34,31,26,
10.9231,11,21,30,25,
10.9245,14,21,17,29,
10.9259,7,22,11,20,
10.9273,6,15,10,18,
10.9286,6,6,26,16,
10.93,6,6,26,16,
10.9313,11,22,28,19,
10.9327,35,23,23,25,
10.9341,24,24,35,31,
10.9354,27,32,43,31,
10.9367,23,38,42,30,
10.9381,22,30,34,27,
10.9394,19,19,24,28,
10.9408,9,27,29,25,
10.9422,2,20,21,28,
10.9435,-9,26,9,25,
10.9449,-9,26,9,25,
10.9463,4,7,16,22,
10.9476,4,7,16,22,
10.949,14,17,24,27,
10.9504,47,32,35,43,
10.9517,52,33,37,44,
10.9531,52,33,37,44,
10.9544,38,23,38,35,
10.9558,26,25,37,25,
10.9571,21,25,38,27,
10.9585,8,22,29,29,
10.9598,4,7,15,16,
10.9612,4,7,15,16,
10.9625,-1,12,12,15,
10.9639,6,7,7,30,
10.9652,11,10,8,21,
10.9666,24,7,19,31,
10.968,31,31,26,24,
10.9693,31,31,26,24,
10.9706,47,40,34,28,
10.9719,45,30,42,30,
10.9733,26,25,27,32,
10.9746,16,23,19,29,
10.976,7,22,13,30,
10.9774,7,22,13,30,
10.9788,-2,4,14,23,
10.9801,-2,4,14,23,
10.9815,7,7,21,22,
10.9829,18,22,26,24,
10.9842,40,26,23,29,
10.9856,42,38,35,38,
10.9869,41,43,32,42,
10.9883,46,47,31,38,
10.9896,46,31,38,31,
10.9909,14,14,35,36,
10.9922,10,18,19,22,
10.9936,10,18,19,22,
10.9949,10,18,19,22,
10.9962,1,12,14,31,
10.9976,-5,8,19,24,
10.9989,5,17,18,23,
11.0002,21,23,19,17,
11.0016,43,43,34,41,
11.0029,43,43,34,41,
11.0043,37,38,41,39,
11.0056,48,36,31,31,
11.0069,35,34,32,36,
11.0083,35,34,32,36,
11.0097,20,27,22,38,
11.011,17,23,22,39,
11.0123,17,23,22,39,
11.0137,13,8,20,29,
11.015,11,11,19,16,
11.0163,10,7,19,24,
11.0176,18,25,33,23,
11.019,24,36,40,28,
11.0204,38,44,31,39,
11.0218,52,33,29,42,
11.0232,61,31,31,46,
11.0246,51,25,33,37,
11.0259,30,25,35,30,
11.0274,11,16,13,29,
11.0288,11,16,13,29,
11.0302,12,13,18,22,
11.0316,9,7,14,20,
11.033,13,12,23,32,
11.0343,23,20,27,27,
11.0356,23,20,27,27,
11.0371,41,32,27,32,
11.0385,47,26,27,36,
11.0398,47,26,27,36,
11.0412,42,28,42,39,
11.0426,37,22,35,36,
11.044,26,8,29,35,
11.0454,13,3,24,22,
11.0469,13,3,24,22,
11.0483,13,13,16,29,
11.0497,-7,15,14,24,
11.051,0,19,15,30,
11.0524,11,33,28,31,
11.0537,39,32,35,27,
11.0551,38,26,39,33,
11.0564,42,36,40,37,
11.0578,43,37,44,42,
11.0592,33,37,47,46,
11.0606,29,30,33,41,
11.0619,-1,16,15,25,
11.0633,-1,16,15,25,
11.0647,1,19,23,19,
11.0661,-4,12,14,20,
11.0674,-1,8,15,25,
11.0688,0,1,19,23,
11.0701,13,15,22,27,
11.0715,27,30,25,38,
11.0729,29,27,20,35,
11.0743,47,31,30,35,
11.0756,51,39,33,31,
11.077,37,33,32,30,
11.0784,23,20,37,33,
11.0797,19,16,35,22,
11.0811,15,21,20,14,
11.0824,3,15,9,14,
11.0838,-11,16,17,23,
11.0851,-13,14,19,22,
11.0866,-7,8,21,16,
11.0879,26,20,44,23,
11.0893,36,26,34,21,
11.0906,36,26,34,21,
11.092,56,31,37,32,
11.0933,56,31,37,32,
11.0947,42,31,39,36,
11.096,5,14,22,30,
11.0974,5,11,26,31,
11.0989,5,11,26,31,
11.1002,-5,14,18,20,
11.1015,-15,6,18,15,
11.1029,-16,3,18,9,
11.1042,-5,9,19,18,
11.1056,32,23,23,21,
11.1069,50,23,25,23,
11.1083,54,30,31,33,
11.1096,50,31,44,35,
11.111,31,35,40,37,
11.1124,19,26,22,32,
11.1137,14,26,12,25,
11.1151,14,26,12,25,
11.1164,5,18,24,24,
11.1177,10,12,20,23,
11.1191,-7,21,19,16,
11.1204,11,12,26,17,
11.1218,19,11,22,24,
11.1231,33,27,32,40,
11.1244,41,40,32,33,
11.1258,41,40,32,33,
11.1271,57,34,31,36,
11.1285,29,37,38,21,
11.1298,24,25,32,22,
11.1311,24,25,32,22,
11.1324,11,0,11,24,
11.1338,11,8,11,27,
11.1351,-1,7,12,31,
11.1364,4,-2,13,35,
11.1378,16,21,13,20,
11.1392,16,21,13,20,
11.1406,40,31,22,22,
11.142,38,29,23,33,
11.1434,40,38,26,37,
11.1447,47,35,39,42,
11.1461,41,25,38,38,
11.1474,41,25,38,38,
11.1488,27,26,32,33,
11.1501,0,10,17,25,
11.1515,-3,7,14,30,
11.1528,-5,2,12,31,
11.1542,-12,-4,15,33,
11.1556,6,4,23,23,
11.1568,18,24,30,26,
11.1582,18,24,30,26,
11.1595,28,23,25,26,
11.1609,32,39,26,27,
11.1623,27,49,30,34,
11.1636,25,42,39,28,
11.165,35,32,44,33,
11.1663,8,27,31,38,
11.1677,5,24,28,29,
11.169,2,24,30,19,
11.1704,2,24,30,19,
11.1718,4,16,18,16,
11.1731,9,17,22,16,
11.1745,9,17,22,16,
11.1759,30,29,19,26,
11.1772,43,39,34,37,
11.1786,49,37,39,31,
11.1799,38,41,46,39,
11.1813,25,37,40,38,
11.1827,16,22,39,32,
11.184,18,19,28,35,
11.1854,16,6,19,23,
11.1868,10,0,13,19,
11.1881,7,-4,20,21,
11.1895,-2,1,17,17,
11.1909,4,13,15,16,
11.1922,25,29,15,32,
11.1936,30,28,22,27,
11.1949,45,31,41,34,
11.1963,45,33,46,40,
11.1976,44,39,33,36,
11.199,44,39,33,36,
11.2003,8,10,22,31,
11.2016,8,10,22,31,
11.203,-1,17,29,24,
11.2043,-4,17,20,20,
11.2056,-5,9,18,16,
11.207,-5,9,18,16,
11.2083,-1,17,24,23,
11.2097,30,32,35,29,
11.2111,37,31,31,36,
11.2124,45,25,25,32,
11.2137,41,35,34,39,
11.2151,41,35,34,39,
11.2164,41,35,34,39,
11.2178,19,27,26,31,
11.2191,1,24,23,34,
11.2205,7,23,27,32,
11.2218,13,13,18,22,
11.2232,2,6,17,23,
11.2246,-4,15,21,30,
11.226,0,28,21,33,
11.2274,22,31,31,40,
11.2288,35,22,37,33,
11.2302,43,39,42,36,
11.2315,43,40,47,41,
11.2328,34,33,52,38,
11.2342,22,23,44,33,
11.2355,15,12,28,32,
11.2368,14,5,13,23,
11.2382,14,5,13,23,
11.2395,14,15,16,28,
11.2409,10,13,20,30,
11.2422,13,25,32,36,
11.2436,28,23,29,38,
11.245,35,34,31,38,
11.2464,46,33,33,37,
11.2478,52,30,36,38,
11.2491,41,41,41,34,
11.2505,22,45,29,40,
11.2519,9,31,27,38,
11.2533,13,20,29,36,
11.2547,13,20,29,36,
11.256,15,20,20,31,
11.2574,-4,15,24,20,
11.2588,2,23,15,29,
11.2601,20,22,16,28,
11.2615,43,28,24,35,
11.2629,53,26,35,40,
11.2642,53,27,36,36,
11.2656,50,43,36,40,
11.2669,35,22,39,45,
11.2683,24,15,28,34,
11.2696,24,15,28,34,
11.271,9,22,19,34,
11.2723,-5,11,28,29,
11.2737,7,18,29,20,
11.2751,-1,15,23,22,
11.2764,0,19,23,24,
11.2778,0,19,23,24,
11.2791,18,19,32,27,
11.2804,29,32,34,36,
11.2817,50,30,40,49,
11.2831,60,29,43,45,
11.2844,46,40,37,41,
11.2857,26,44,33,34,
11.287,26,44,33,34,
11.2883,21,37,32,28,
11.2897,16,18,19,37,
11.2911,-3,11,14,29,
11.2924,2,16,27,30,
11.2937,2,14,23,28,
11.2951,11,17,27,22,
11.2964,26,24,27,32,
11.2978,35,27,25,30,
11.2991,42,35,32,46,
11.3005,42,30,28,41,
11.3018,42,30,28,41,
11.3032,43,29,20,35,
11.3046,24,28,25,33,
11.306,16,16,21,35,
11.3073,1,24,23,22,
11.3087,-8,21,13,31,
11.31,-8,21,13,31,
11.3114,-12,17,17,23,
11.3127,28,25,23,29,
11.3141,38,29,38,32,
11.3154,33,27,37,37,
11.3168,49,35,40,38,
11.3182,39,34,49,34,
11.3196,39,34,49,34,
11.3209,38,21,39,30,
11.3223,23,20,31,21,
11.3237,11,16,15,23,
11.325,-16,6,19,13,
11.3264,-16,6,19,13,
11.3277,-14,5,14,25,
11.3291,0,18,16,30,
11.3304,29,28,19,32,
11.3318,22,38,26,28,
11.3332,33,52,37,24,
11.3346,33,52,37,24,
11.3359,45,49,41,35,
11.3373,48,35,30,35,
11.3386,23,25,41,28,
11.34,21,13,29,33,
11.3413,11,19,23,21,
11.3427,2,18,21,14,
11.3441,-12,15,17,17,
11.3454,-5,11,10,25,
11.3468,27,33,30,34,
11.3481,33,41,30,35,
11.3495,30,36,22,30,
11.3509,30,36,22,30,
11.3522,46,30,34,30,
11.3536,35,31,32,42,
11.355,24,35,23,39,
11.3564,12,32,26,29,
11.3577,11,28,13,26,
11.3591,11,28,13,26,
11.3604,-2,7,10,26,
11.3618,-13,15,9,19,
11.3631,-10,18,11,27,
11.3644,6,28,26,25,
11.3658,40,30,31,25,
11.3671,37,23,26,33,
11.3684,37,23,26,33,
11.3698,51,41,47,39,
11.3711,33,31,38,41,
11.3724,24,30,31,38,
11.3738,10,27,19,35,
11.375,8,12,15,31,
11.3763,8,12,15,31,
11.3777,5,5,4,26,
11.379,-1,4,4,17,
11.3803,0,3,13,21,
11.3816,14,5,17,26,
11.383,16,7,22,36,
11.3843,25,20,36,30,
11.3857,25,29,36,34,
11.387,29,32,33,38,
11.3883,37,40,25,39,
11.3896,22,24,23,36,
11.391,19,18,27,22,
11.3923,21,10,28,22,
11.3938,1,24,14,25,
11.3951,1,24,14,25,
11.3964,-10,15,7,17,
11.3978,1,11,3,17,
11.3991,13,11,17,31,
11.4004,33,22,23,31,
11.4018,33,22,23,31,
11.4032,46,45,25,28,
11.4045,55,37,35,34,
11.4059,46,29,28,35,
11.4073,14,20,26,34,
11.4086,6,25,26,22,
11.4099,6,25,26,22,
11.4113,6,25,26,22,
11.4126,-15,17,30,16,
11.414,-11,8,28,23,
11.4153,-10,18,30,21,
11.4167,17,36,25,25,
11.4181,33,38,34,23,
11.4195,33,38,34,23,
11.4209,54,36,49,43,
11.4223,45,32,34,42,
11.4237,36,31,30,46,
11.4251,21,19,27,40,
11.4265,6,17,24,27,
11.4279,6,17,24,27,
11.4293,1,10,24,17,
11.431,-5,13,16,18,
11.4324,5,11,16,17,
11.4339,5,11,16,17,
11.4353,6,19,18,23,
11.4367,35,26,45,31,
11.4381,33,31,42,37,
11.4396,18,38,25,26,
11.441,18,38,25,26,
11.4425,18,38,25,26,
11.4439,19,19,25,21,
11.4453,16,6,22,19,
11.4467,12,13,27,26,
11.4481,-1,12,17,16,
11.4494,10,16,23,22,
11.4508,10,16,23,22,
11.4521,33,24,40,34,
11.4535,34,32,46,41,
11.4548,45,33,52,39,
11.4562,50,26,35,30,
11.4576,24,27,33,25,
11.459,24,27,33,25,
11.4603,20,20,23,16,
11.4617,9,15,15,16,
11.4631,17,15,13,16,
11.4644,-6,4,20,7,
11.4657,-8,0,27,22,
11.467,-8,0,27,22,
11.4683,5,11,23,22,
11.4697,39,16,42,25,
11.471,42,17,36,24,
11.4724,50,33,30,36,
11.4738,38,46,30,28,
11.4751,28,33,30,29,
11.4765,20,18,27,21,
11.4778,20,18,27,21,
11.4791,5,16,14,30,
11.4805,-5,16,23,24,
11.4818,-19,18,23,13,
11.4832,-6,10,13,20,
11.4845,7,3,3,15,
11.4858,9,12,15,20,
11.4872,23,27,24,31,
11.4885,42,41,39,28,
11.49,52,41,42,39,
11.4913,52,41,42,39,
11.4927,29,24,32,37,
11.4941,28,26,19,33,
11.4955,27,15,14,23,
11.4968,12,20,16,20,
11.4983,12,20,16,20,
11.4997,11,20,12,14,
11.501,0,-7,19,6,
11.5024,13,14,22,10,
11.5038,22,20,20,22,
11.5052,26,20,30,21,
11.5065,26,20,30,21,
11.5079,26,20,30,21,
11.5092,37,26,27,25,
11.5106,35,30,23,30,
11.5119,18,18,19,32,
11.5133,12,13,24,28,
11.5146,13,22,14,15,
11.516,13,22,14,15,
11.5174,-11,17,15,8,
11.5187,6,26,20,10,
11.5201,11,31,22,13,
11.5214,23,26,31,31,
11.5228,32,29,40,27,
11.5242,32,29,40,27,
11.5255,47,43,41,32,
11.5269,37,32,45,31,
11.5282,22,22,42,26,
11.5296,21,22,27,32,
11.5309,17,22,25,24,
11.5322,8,20,32,20,
11.5336,-9,11,19,14,
11.5349,-10,2,13,17,
11.5362,-8,11,14,14,
11.5376,-3,16,25,20,
11.539,8,33,36,32,
11.5402,30,41,44,30,
11.5416,45,39,38,27,
11.5429,42,38,27,31,
11.5442,37,36,25,41,
11.5456,20,24,25,30,
11.547,14,23,28,23,
11.5484,14,23,28,23,
11.5497,8,9,20,21,
11.5511,-3,5,25,22,
11.5524,-10,6,24,19,
11.5538,-10,6,24,19,
11.5552,27,18,27,12,
11.5565,39,30,36,17,
11.5579,39,30,36,17,
11.5592,39,38,32,29,
11.5607,40,30,30,37,
11.562,37,30,34,33,
11.5634,20,24,31,38,
11.5647,7,11,22,26,
11.5661,7,11,22,26,
11.5674,-2,18,31,13,
11.5688,-2,18,31,13,
11.5702,-5,7,11,16,
11.5716,12,23,12,6,
11.5729,28,26,30,16,
11.5743,28,26,30,16,
11.5757,39,32,39,29,
11.5769,32,46,28,41,
11.5783,34,32,24,32,
11.5796,31,33,22,24,
11.581,10,18,28,17,
11.5824,10,18,28,17,
11.5837,10,18,28,17,
11.5851,11,13,26,18,
11.5865,4,8,18,21,
11.5878,-10,5,27,16,
11.5893,-3,17,31,15,
11.5906,26,32,33,31,
11.592,26,32,33,31,
11.5933,39,23,38,38,
11.5946,37,29,33,27,
11.596,28,24,30,34,
11.5973,28,24,30,34,
11.5987,23,14,36,17,
11.6,12,9,31,21,
11.6014,12,9,31,21,
11.6027,3,14,29,24,
11.604,-2,16,23,20,
11.6054,-1,18,20,15,
11.6067,16,18,20,22,
11.6081,22,24,34,25,
11.6094,26,23,40,26,
11.6108,26,23,40,26,
11.6122,62,30,45,24,
11.6136,43,34,50,35,
11.6149,24,32,35,39,
11.6163,29,30,25,32,
11.6176,-2,27,20,38,
11.619,-2,27,20,38,
11.6203,3,14,28,31,
11.6218,-6,17,16,26,
11.6231,-4,26,23,32,
11.6245,13,33,23,30,
11.626,13,33,23,30,
11.6275,39,36,36,31,
11.6289,39,33,44,30,
11.6303,30,43,39,32,
11.6317,26,47,42,38,
11.6331,21,13,24,22,
11.6345,21,13,24,22,
11.6359,3,10,29,27,
11.6373,10,14,21,31,
11.6388,5,2,8,26,
11.6401,0,-7,7,17,
11.6415,-2,20,29,26,
11.6428,18,25,24,35,
11.6442,26,31,27,36,
11.6456,34,43,26,29,
11.6469,39,38,38,34,
11.6483,30,34,37,27,
11.6497,28,35,29,28,
11.6511,31,29,33,33,
11.6524,6,18,32,37,
11.6538,-11,11,29,29,
11.6551,-17,17,28,26,
11.6564,-20,18,22,27,
11.6579,-5,19,20,27,
11.6592,16,25,23,19,
11.6606,40,24,23,26,
11.662,33,18,32,29,
11.6634,45,31,29,37,
11.6647,45,31,29,37,
11.6661,40,36,30,27,
11.6674,23,26,31,33,
11.6688,12,17,27,36,
11.6702,6,5,12,21,
11.6715,4,3,20,18,
11.6729,2,6,19,16,
11.6743,0,6,23,17,
11.6756,6,5,27,17,
11.677,29,32,29,29,
11.6783,24,24,23,33,
11.6797,24,24,23,33,
11.6811,42,29,22,38,
11.6824,48,38,24,32,
11.6838,40,35,20,26,
11.6852,16,26,18,35,
11.6865,3,8,26,28,
11.6879,10,5,29,29,
11.6893,-3,4,22,32,
11.6907,-12,2,13,31,
11.6921,-10,10,12,22,
11.6934,15,19,19,22,
11.6948,15,19,31,25,
11.6961,22,31,31,25,
11.6975,42,30,36,31,
11.6989,50,25,40,43,
11.7002,32,33,41,42,
11.7016,34,33,38,39,
11.7029,13,19,28,32,
11.7043,6,19,32,29,
11.7057,6,19,32,29,
11.707,-5,-7,13,21,
11.7083,8,-14,15,28,
11.7097,10,-7,10,27,
11.7111,19,5,17,27,
11.7124,19,18,31,31,
11.7138,38,21,31,29,
11.7151,38,21,31,29,
11.7164,36,38,32,27,
11.7178,26,33,32,31,
11.7192,24,29,22,33,
11.7206,10,27,16,24,
11.722,-1,29,28,21,
11.7233,10,13,25,21,
11.7246,5,5,27,25,
11.726,-1,9,21,17,
11.7273,2,17,27,9,
11.7287,2,17,27,9,
11.7301,8,29,26,15,
11.7314,27,26,33,29,
11.7327,29,27,37,36,
11.7341,46,44,37,31,
11.7355,36,23,27,35,
11.7368,15,19,22,31,
11.7382,11,8,24,33,
11.7395,17,16,29,37,
11.7408,12,25,27,35,
11.7422,-8,8,15,23,
11.7436,-12,-1,16,20,
11.7449,-3,13,17,24,
11.7463,8,21,20,22,
11.7477,21,33,35,35,
11.749,31,31,36,36,
11.7503,53,37,33,36,
11.7516,42,37,31,41,
11.753,31,23,24,35,
11.7544,31,23,24,35,
11.7557,22,17,18,38,
11.757,10,10,11,35,
11.7584,1,7,8,21,
11.7598,-4,16,7,21,
11.7611,-4,20,10,22,
11.7624,11,22,20,28,
11.7638,11,22,20,28,
11.7651,26,31,38,25,
11.7665,42,36,29,29,
11.7678,55,32,34,39,
11.7692,38,26,29,28,
11.7706,22,31,20,37,
11.7719,28,30,24,38,
11.7733,28,30,24,38,
11.7746,-2,17,24,21,
11.776,3,14,14,15,
11.7773,-7,3,3,19,
11.7786,-2,5,12,18,
11.78,10,9,17,16,
11.7813,16,15,19,24,
11.7827,37,22,22,36,
11.784,52,37,34,34,
11.7854,39,27,44,32,
11.7867,25,18,37,27,
11.7881,25,18,37,27,
11.7894,21,30,27,34,
11.7908,15,32,15,30,
11.7921,2,15,22,30,
11.7934,0,5,26,23,
11.7948,-3,13,10,27,
11.7961,0,24,12,26,
11.7975,10,28,19,25,
11.7988,27,26,29,31,
11.8002,41,36,40,39,
11.8016,38,41,39,39,
11.8029,38,36,46,39,
11.8042,27,28,44,33,
11.8055,19,24,37,30,
11.8069,32,32,33,25,
11.8082,13,16,30,31,
11.8096,14,19,22,31,
11.811,-17,14,13,29,
11.8123,-4,8,17,32,
11.8136,10,9,27,34,
11.815,10,9,27,34,
11.8163,33,23,27,26,
11.8177,41,30,29,29,
11.819,47,29,23,36,
11.8204,44,21,39,32,
11.8217,45,30,28,39,
11.8231,45,30,28,39,
11.8245,25,12,22,39,
11.8258,15,11,23,39,
11.8272,2,13,14,26,
11.8286,-10,14,5,24,
11.83,-8,16,15,30,
11.8313,-1,13,20,30,
11.8327,-1,13,20,30,
11.8341,23,20,25,31,
11.8354,30,30,26,39,
11.8367,43,29,25,41,
11.8381,43,28,30,37,
11.8395,38,20,33,36,
11.8409,38,20,33,36,
11.8423,20,22,29,24,
11.8437,20,22,29,24,
11.845,2,21,22,20,
11.8464,-16,12,12,9,
11.8477,-6,11,14,12,
11.8491,5,13,19,24,
11.8504,26,14,27,22,
11.8518,43,19,32,33,
11.8531,35,27,39,42,
11.8545,42,27,48,43,
11.8558,42,27,48,43,
11.8572,31,24,23,28,
11.8585,21,11,27,34,
11.8599,11,4,29,35,
11.8613,-2,2,30,33,
11.8626,4,11,28,35,
11.8639,-5,12,25,28,
11.8653,7,24,21,10,
11.8667,17,20,25,16,
11.868,26,23,24,22,
11.8693,25,29,28,27,
11.8707,25,29,28,27,
11.8721,44,24,32,29,
11.8734,25,19,31,37,
11.8748,28,14,23,38,
11.8762,24,4,15,25,
11.8775,7,2,15,25,
11.8789,9,6,15,19,
11.8803,-1,10,21,18,
11.8817,-5,4,12,12,
11.883,-6,6,15,7,
11.8844,1,7,20,17,
11.8858,21,14,27,18,
11.8871,41,29,27,28,
11.8885,41,29,27,28,
11.8899,47,38,31,30,
11.8912,36,39,29,39,
11.8926,28,36,20,25,
11.8939,18,27,19,14,
11.8953,1,22,13,15,
11.8967,-13,10,10,27,
11.898,-13,10,10,27,
11.8993,-12,1,4,28,
11.9007,4,11,18,18,
11.902,7,20,23,18,
11.9034,24,29,20,23,
11.9047,28,25,30,37,
11.906,28,25,30,37,
11.9073,30,29,38,34,
11.9086,27,33,34,34,
11.91,31,37,29,31,
11.9113,28,28,25,25,
11.9127,16,15,19,20,
11.9141,7,11,14,21,
11.9154,-6,0,19,26,
11.9168,-9,4,12,28,
11.9181,-7,11,14,29,
11.9195,22,22,23,32,
11.9207,43,40,27,35,
11.9221,54,41,21,34,
11.9235,54,41,21,34,
11.9248,54,43,33,32,
11.9262,37,30,41,28,
11.9275,30,19,35,35,
11.9289,13,18,29,29,
11.9303,7,20,16,30,
11.9316,7,20,16,30,
11.933,-9,2,18,21,
11.9344,-9,6,16,24,
11.9357,-7,11,12,26,
11.9371,30,18,17,31,
11.9385,30,18,17,31,
11.9398,37,17,31,38,
11.9412,46,39,43,37,
11.9425,46,33,44,42,
11.9439,40,26,36,38,
11.9452,20,24,19,33,
11.9466,15,17,26,25,
11.948,15,17,26,25,
11.9493,19,17,14,22,
11.9506,-8,10,29,10,
11.952,-12,12,16,10,
11.9533,7,18,9,14,
11.9547,20,15,25,22,
11.9561,30,35,35,23,
11.9574,30,35,35,23,
11.9587,33,31,27,26,
11.96,38,28,33,38,
11.9613,36,24,23,39,
11.9627,28,12,24,32,
11.964,10,2,21,24,
11.9653,10,2,21,24,
11.9667,1,1,9,27,
11.9681,-9,-1,5,18,
11.9694,1,5,5,10,
11.9707,5,5,21,12,
11.9721,6,19,25,29,
11.9734,24,34,22,40,
11.9748,28,34,30,41,
11.9761,39,32,39,49,
11.9775,27,29,33,33,
11.9789,29,14,29,34,
11.9802,13,10,31,37,
11.9816,13,10,31,37,
11.9829,0,16,29,32,
11.9843,-3,16,15,33,
11.9856,2,2,13,31,
11.987,8,5,7,23,
11.9883,21,13,18,30,
11.9896,43,32,19,35,
11.9909,42,43,17,26,
11.9922,32,38,24,34,
11.9935,43,27,30,34,
11.9949,45,22,30,38,
11.9962,39,31,24,28,
11.9976,17,22,17,19,
11.999,17,22,17,19,
12.0003,17,22,17,19,
12.0016,-10,7,8,19,
12.003,-14,1,12,15,
12.0043,1,3,21,17,
12.0057,17,8,28,24,
12.007,17,8,28,24,
12.0084,31,31,31,36,
12.0097,52,42,35,42,
12.0111,54,35,35,36,
12.0124,34,26,31,39,
12.0138,21,30,25,32,
12.0152,21,30,25,32,
12.0165,14,23,13,24,
12.0179,0,11,18,14,
12.0193,-14,1,16,19,
12.0207,-17,-6,13,16,
12.022,-4,3,11,18,
12.0234,5,11,9,24,
12.0247,19,30,25,26,
12.026,37,23,39,30,
12.0273,37,25,40,37,
12.0287,40,32,33,40,
12.03,33,25,30,39,
12.0314,19,26,31,32,
12.0327,9,28,23,33,
12.0341,-5,19,22,18,
12.0354,8,20,19,17,
12.0368,11,23,20,14,
12.0383,-4,16,11,14,
12.0397,12,22,23,18,
12.041,12,22,23,18,
12.0425,31,34,31,21,
12.0438,25,24,30,24,
12.0452,41,31,34,34,
12.0467,36,35,27,28,
12.0481,26,28,31,25,
12.0494,23,17,30,14,
12.0508,23,13,30,19,
12.0522,23,13,30,19,
12.0535,20,9,23,22,
12.0548,-3,1,16,12,
12.0562,-12,-4,10,4,
12.0575,-12,-6,14,11,
12.0588,25,31,27,29,
12.0602,26,32,33,29,
12.0616,26,32,33,29,
12.0629,26,26,31,29,
12.0643,31,20,28,29,
12.0657,28,13,25,35,
12.067,11,14,28,19,
12.0683,11,14,28,19,
12.0697,11,14,28,19,
12.0711,4,10,20,18,
12.0725,-7,8,16,7,
12.0738,-3,9,23,21,
12.0752,11,13,27,26,
12.0765,42,29,34,37,
12.0779,42,29,34,37,
12.0792,30,28,34,28,
12.0805,46,34,22,37,
12.0819,40,31,17,32,
12.0832,40,31,17,32,
12.0845,29,28,19,26,
12.0859,6,16,27,13,
12.0873,6,16,27,13,
12.0887,-2,11,21,14,
12.09,4,13,29,21,
12.0914,3,6,21,18,
12.0928,11,23,15,24,
12.0941,21,34,24,34,
12.0955,25,24,28,32,
12.0968,29,31,31,33,
12.0981,48,42,32,40,
12.0995,40,27,20,44,
12.1008,30,13,25,33,
12.1023,28,8,32,27,
12.1036,26,8,32,26,
12.105,17,11,22,31,
12.1064,-2,5,19,27,
12.1077,3,12,16,7,
12.1091,9,21,13,13,
12.1105,23,16,27,17,
12.1119,30,27,40,23,
12.1132,30,27,40,23,
12.1146,29,31,42,38,
12.1159,40,40,38,42,
12.1173,29,36,27,40,
12.1187,15,26,24,26,
12.12,8,18,20,26,
12.1214,16,12,13,33,
12.1228,13,7,19,23,
12.1241,-3,9,18,15,
12.1255,5,6,13,18,
12.1269,12,12,19,22,
12.1282,12,12,19,22,
12.1296,42,19,21,27,
12.131,38,21,19,29,
12.1323,33,25,19,27,
12.1337,38,23,31,45,
12.135,28,13,36,42,
12.1363,28,13,36,42,
12.1376,18,9,23,31,
12.139,6,20,21,19,
12.1403,-2,14,17,16,
12.1416,3,2,20,23,
12.1429,2,2,15,19,
12.1442,14,1,19,12,
12.1456,25,19,24,17,
12.1469,41,38,24,32,
12.1482,56,42,35,46,
12.1496,56,42,35,46,
12.151,56,42,35,46,
12.1523,42,31,35,41,
12.1536,35,27,21,23,
12.155,20,22,16,24,
12.1563,0,24,23,23,
12.1577,-14,-1,8,26,
12.1591,-14,-1,8,26,
12.1604,-9,2,7,25,
12.1619,26,18,22,31,
12.1632,26,18,22,31,
12.1646,33,26,31,30,
12.166,45,38,28,32,
12.1674,42,37,34,36,
12.1687,42,37,34,36,
12.1701,27,27,24,39,
12.1714,9,22,23,29,
12.1728,2,17,23,33,
12.1741,11,17,13,24,
12.1755,-4,6,12,23,
12.1768,-3,7,14,21,
12.1782,-7,21,17,17,
12.1795,-4,15,27,19,
12.1809,11,24,29,31,
12.1822,30,34,32,36,
12.1836,43,37,39,39,
12.1849,55,38,40,52,
12.1862,43,33,27,48,
12.1876,19,34,31,40,
12.1889,11,17,15,27,
12.1903,8,6,11,32,
12.1917,8,6,11,32,
12.193,0,4,15,19,
12.1943,-7,2,16,24,
12.1957,5,12,15,22,
12.197,15,25,17,19,
12.1984,29,24,23,30,
12.1997,29,24,23,30,
12.201,31,29,30,35,
12.2024,47,42,41,47,
12.2038,42,37,46,42,
12.2051,30,20,36,41,
12.2064,16,23,31,34,
12.2077,7,23,23,20,
12.2091,9,24,13,24,
12.2105,-7,24,18,28,
12.2118,1,13,23,24,
12.2132,9,25,24,31,
12.2145,9,25,24,31,
12.2159,39,27,33,36,
12.2173,38,28,36,31,
12.2186,47,38,33,39,
12.22,62,35,33,49,
12.2213,46,36,34,52,
12.2227,37,31,36,47,
12.2241,33,18,27,35,
12.2254,2,21,14,24,
12.2268,-17,11,14,20,
12.2282,-18,14,15,14,
12.2295,9,18,11,12,
12.231,9,18,11,12,
12.2323,9,18,11,12,
12.2337,44,28,42,39,
12.235,34,41,51,47,
12.2363,41,43,45,55,
12.2377,46,27,24,40,
12.2391,46,27,24,40,
12.2404,31,29,27,35,
12.2417,18,22,18,28,
12.2431,12,16,28,32,
12.2445,-3,15,22,30,
12.2458,-13,14,16,25,
12.2471,-13,14,16,25,
12.2484,-15,12,13,29,
12.2498,7,24,29,33,
12.2512,42,32,37,26,
12.2525,52,19,31,37,
12.2539,59,37,29,33,
12.2553,43,46,36,41,
12.2566,25,40,45,38,
12.258,18,32,34,29,
12.2593,18,23,15,22,
12.2606,-4,11,9,25,
12.262,-9,13,6,24,
12.2633,-9,13,6,24,
12.2646,-9,13,6,24,
12.266,13,21,14,29,
12.2674,24,21,19,24,
12.2687,36,25,23,31,
12.2701,42,33,37,47,
12.2715,35,30,36,34,
12.2728,35,30,36,34,
12.2741,42,39,25,28,
12.2755,24,33,17,18,
12.2768,13,29,9,20,
12.2782,4,23,17,25,
12.2795,-16,14,5,19,
12.2808,-16,14,5,19,
12.2822,-13,14,0,17,
12.2835,22,21,20,23,
12.2849,39,27,35,31,
12.2862,33,29,35,36,
12.2876,37,28,40,30,
12.2889,46,27,48,38,
12.2903,38,32,39,42,
12.2916,24,36,27,36,
12.2929,16,10,26,32,
12.2943,16,10,26,32,
12.2957,8,6,22,31,
12.297,-1,-4,20,20,
12.2984,-9,-3,16,8,
12.2997,4,7,14,1,
12.3011,16,10,11,16,
12.3025,30,32,27,31,
12.3038,30,35,32,26,
12.3052,30,35,32,26,
12.3065,35,25,23,25,
12.3079,26,30,19,27,
12.3092,15,34,23,31,
12.3106,1,32,27,25,
12.3119,4,26,30,26,
12.3133,-6,18,20,24,
12.3147,-6,18,20,24,
12.316,-15,3,5,21,
12.3173,-5,11,20,22,
12.3187,13,18,34,26,
12.32,44,27,44,37,
12.3213,44,27,44,37,
12.3227,49,29,38,45,
12.3241,35,29,26,42,
12.3254,34,27,25,44,
12.3267,31,34,22,39,
12.3281,12,28,23,28,
12.3294,4,7,31,31,
12.3308,4,7,31,31,
12.3321,-5,2,22,30,
12.3335,11,6,12,19,
12.3349,21,9,23,31,
12.3362,25,17,33,39,
12.3375,40,28,36,43,
12.3389,43,30,38,44,
12.3402,43,30,38,44,
12.3416,62,38,42,46,
12.3429,38,29,27,40,
12.3442,36,20,29,35,
12.3456,22,12,20,38,
12.347,4,22,17,35,
12.3483,-3,12,12,31,
12.3497,-3,12,12,31,
12.351,-3,12,12,31,
12.3524,12,17,19,22,
12.3537,19,20,21,21,
12.3551,27,23,30,24,
12.3564,50,42,25,45,
12.3578,50,42,25,45,
12.3592,43,45,22,42,
12.3605,42,22,30,37,
12.3619,20,12,25,36,
12.3633,19,22,21,33,
12.3647,12,24,19,31,
12.366,-6,22,13,20,
12.3674,-6,22,13,20,
12.3688,-16,18,16,11,
12.3702,18,21,10,33,
12.3715,42,35,20,44,
12.3729,58,40,22,50,
12.3743,43,29,27,57,
12.3756,43,29,27,57,
12.377,27,31,29,44,
12.3784,24,26,33,44,
12.3798,24,26,33,44,
12.3812,16,30,27,40,
12.3826,6,17,27,25,
12.384,-13,11,28,20,
12.3853,-13,11,28,20,
12.3867,16,13,11,34,
12.3881,30,23,19,34,
12.3894,52,39,25,40,
12.3907,57,39,48,54,
12.392,57,39,48,54,
12.3934,48,37,53,49,
12.3947,48,37,53,49,
12.3961,29,47,55,46,
12.3975,16,33,40,41,
12.3989,12,19,36,49,
12.4003,14,26,36,50,
12.4016,14,24,30,43,
12.403,19,18,25,45,
12.4043,37,17,40,43,
12.4057,52,23,52,57,
12.4071,57,39,44,74,
12.4084,67,46,43,84,
12.4098,75,34,44,87,
12.4112,62,36,45,81,
12.4125,62,36,45,81,
12.4139,20,34,57,77,
12.4153,21,22,47,81,
12.4166,20,18,43,85,
12.4179,14,22,41,76,
12.4193,13,15,47,71,
12.4206,24,18,54,75,
12.422,58,36,62,82,
12.4234,75,45,67,96,
12.4247,75,45,67,96,
12.4261,73,46,62,109,
12.4274,77,55,61,114,
12.4288,83,56,68,122,
12.4303,60,53,65,118,
12.4316,41,49,65,116,
12.433,43,46,64,115,
12.4343,43,46,64,115,
12.4357,38,41,52,121,
12.437,58,37,61,121,
12.4384,78,41,75,130,
12.4397,80,51,81,139,
12.4412,99,59,87,165,
12.4426,110,71,97,185,
12.444,123,91,100,196,
12.4453,124,101,103,222,
12.4467,118,100,116,233,
12.4481,127,97,126,270,
12.4495,127,96,134,291,
12.4508,128,99,153,323,
12.4522,134,126,166,356,
12.4536,134,126,166,356,
12.455,172,145,177,417,
12.4563,277,182,256,644,
12.4577,352,229,339,936,
12.459,480,334,569,1426,
12.4604,493,412,492,913,
12.4618,493,412,492,913,
12.4632,384,326,381,691,
12.4645,300,253,295,540,
12.4659,185,163,199,363,
12.4672,160,127,163,307,
12.4686,160,127,163,307,
12.4699,118,105,126,259,
12.4713,92,88,99,226,
12.4726,93,70,106,195,
12.474,94,64,100,177,
12.4753,109,78,98,162,
12.4766,106,70,96,150,
12.478,108,71,101,137,
12.4793,106,81,97,124,
12.4806,101,67,92,120,
12.482,93,63,90,118,
12.4834,83,54,85,110,
12.4847,65,48,79,97,
12.4861,56,45,73,95,
12.4874,56,45,73,95,
12.4888,41,43,39,71,
12.4902,34,38,43,78,
12.4915,46,45,52,76,
12.4929,78,44,72,92,
12.4942,78,44,72,92,
12.4956,87,51,65,88,
12.497,70,48,60,83,
12.4984,70,48,60,83,
12.4997,61,46,62,76,
12.5011,49,36,44,81,
12.5025,47,33,47,75,
12.5038,47,33,47,75,
12.5052,17,18,31,39,
12.5066,19,21,36,38,
12.5079,29,19,39,42,
12.5093,30,29,39,46,
12.5107,54,47,55,51,
12.5119,54,47,55,51,
12.5133,54,47,55,51,
12.5147,54,45,49,54,
12.516,51,45,44,59,
12.5174,41,38,46,55,
12.5187,17,34,53,44,
12.5201,23,38,41,40,
12.5214,17,35,29,42,
12.5227,-7,23,25,41,
12.5241,17,21,28,31,
12.5254,25,17,39,34,
12.5268,43,26,41,55,
12.5281,43,26,41,55,
12.5295,46,44,42,70,
12.5309,47,55,48,72,
12.5322,68,45,44,73,
12.5336,52,45,33,70,
12.5349,41,40,32,67,
12.5363,41,40,32,67,
12.5376,13,18,20,49,
12.539,1,16,15,42,
12.5403,2,26,13,26,
12.5417,14,32,29,40,
12.5431,26,27,39,52,
12.5444,26,27,39,52,
12.5458,36,41,46,51,
12.5472,41,51,51,51,
12.5485,44,48,55,59,
12.5499,43,51,54,70,
12.5512,37,35,48,68,
12.5525,16,26,36,58,
12.5538,16,26,36,58,
12.5552,6,28,46,41,
12.5565,-1,23,32,35,
12.5578,9,10,31,32,
12.5592,9,10,31,32,
12.5605,32,23,35,36,
12.5618,32,23,35,36,
12.5632,45,26,47,44,
12.5646,62,44,33,60,
12.566,62,43,37,64,
12.5673,50,39,42,52,
12.5687,44,39,48,44,
12.5701,35,24,46,37,
12.5714,13,23,45,37,
12.5728,15,17,39,43,
12.5742,3,2,27,22,
12.5755,-3,8,19,27,
12.5769,-3,8,19,27,
12.5783,11,30,16,41,
12.5796,34,26,24,50,
12.581,50,34,33,58,
12.5824,57,36,48,66,
12.5837,42,45,42,71,
12.5851,46,48,34,68,
12.5864,50,39,25,64,
12.5878,30,30,28,60,
12.5892,14,15,24,41,
12.5906,13,17,17,28,
12.592,-9,18,11,26,
12.5933,-9,11,19,19,
12.5947,11,5,30,21,
12.5961,27,21,26,30,
12.5974,45,29,28,44,
12.5988,50,23,31,47,
12.6002,57,36,45,53,
12.6015,59,33,40,58,
12.6028,48,41,42,60,
12.6042,48,41,42,60,
12.6055,38,34,39,57,
12.6069,28,28,37,44,
12.6082,-4,9,29,29,
12.6096,-12,9,24,26,
12.6109,1,6,27,25,
12.6123,1,6,27,25,
12.6137,26,26,25,35,
12.615,32,28,30,44,
12.6164,35,23,27,52,
12.6178,48,35,27,52,
12.6191,48,35,27,52,
12.6204,42,30,37,56,
12.6218,17,18,40,49,
12.6232,12,22,26,42,
12.6245,8,25,20,33,
12.6259,-7,17,16,32,
12.6273,5,16,15,31,
12.6287,5,16,15,31,
12.6301,12,21,27,25,
12.6315,51,32,32,43,
12.6328,42,40,29,43,
12.6342,42,40,29,43,
12.6355,63,48,46,54,
12.6369,44,48,44,56,
12.6383,44,48,44,56,
12.6397,22,32,31,44,
12.641,13,21,26,36,
12.6425,19,30,28,33,
12.6439,-18,5,21,29,
12.6452,-10,5,20,36,
12.6467,-10,5,20,36,
12.6481,11,7,16,32,
12.6494,34,22,21,33,
12.6508,50,26,31,42,
12.6521,62,35,44,41,
12.6534,52,45,51,41,
12.6548,33,37,54,39,
12.6561,27,36,51,44,
12.6574,18,30,46,46,
12.6588,16,28,46,41,
12.6601,18,27,26,28,
12.6614,1,16,23,14,
12.6628,-6,11,13,16,
12.6641,7,7,19,24,
12.6655,22,10,21,22,
12.6669,41,26,31,38,
12.6682,54,29,28,49,
12.6695,60,39,34,55,
12.6709,51,51,41,48,
12.6722,33,40,42,45,
12.6736,15,28,42,48,
12.675,17,14,32,32,
12.6763,13,14,23,23,
12.6777,3,14,12,26,
12.679,8,17,17,27,
12.6804,8,17,17,27,
12.6817,1,23,21,31,
12.6831,17,16,29,27,
12.6844,41,39,32,41,
12.6858,43,42,38,44,
12.6872,62,36,45,50,
12.6885,56,42,49,52,
12.6899,38,43,42,53,
12.6912,21,27,30,40,
12.6925,21,28,28,35,
12.694,-2,24,23,28,
12.6953,-2,24,23,28,
12.6967,-5,11,22,22,
12.698,4,21,30,24,
12.6994,3,17,32,32,
12.7008,21,26,23,29,
12.7022,48,37,36,45,
12.7035,48,37,36,45,
12.7048,55,44,51,51,
12.7062,45,47,44,40,
12.7075,41,26,27,43,
12.7088,26,28,32,39,
12.7102,26,28,32,39,
12.7115,3,28,31,38,
12.7129,3,20,27,27,
12.7142,5,17,21,17,
12.7156,13,15,16,10,
12.717,24,10,29,17,
12.7183,38,29,34,26,
12.7197,41,31,36,33,
12.7211,41,42,32,37,
12.7224,48,46,32,41,
12.7238,32,29,27,36,
12.7252,32,29,27,36,
12.7266,26,31,22,33,
12.7281,7,32,22,25,
12.7295,0,13,24,19,
12.7308,-2,11,14,8,
12.7321,0,14,14,4,
12.7335,0,14,14,4,
12.7349,18,9,16,16,
12.7362,31,25,32,34,
12.7376,55,39,47,34,
12.739,55,31,44,33,
12.7404,49,39,46,48,
12.7417,45,33,45,45,
12.7431,36,25,33,28,
12.7444,15,23,20,27,
12.7458,-2,29,8,23,
12.7472,-9,11,17,12,
12.7485,-6,13,14,10,
12.7499,-6,13,14,10,
12.7513,8,20,15,9,
12.7527,22,15,19,21,
12.754,40,40,25,35,
12.7553,48,33,29,40,
12.7567,68,28,40,41,
12.758,60,38,43,37,
12.7593,54,26,31,34,
12.7607,43,22,30,35,
12.762,23,12,36,38,
12.7633,15,11,14,25,
12.7647,3,9,15,28,
12.766,3,9,15,28,
12.7673,3,9,15,28,
12.7687,13,4,17,32,
12.7701,26,24,35,30,
12.7714,41,30,36,29,
12.7727,69,43,43,41,
12.7741,69,43,43,41,
12.7754,47,33,42,39,
12.7768,50,32,31,44,
12.7782,25,17,24,36,
12.7796,20,16,31,34,
12.781,7,25,36,29,
12.7824,7,25,36,29,
12.7838,-15,19,34,30,
12.7851,6,15,20,21,
12.7865,14,21,14,19,
12.7879,38,29,21,26,
12.7892,54,34,24,30,
12.7906,58,43,32,35,
12.792,47,38,38,48,
12.7934,40,39,26,46,
12.7947,12,28,30,40,
12.7961,9,15,32,43,
12.7975,9,15,32,43,
12.7988,-4,5,17,24,
12.8002,-4,5,17,24,
12.8016,-11,-3,18,22,
12.8029,7,20,23,19,
12.8043,22,36,28,33,
12.8056,41,44,25,47,
12.807,41,39,33,47,
12.8083,40,31,42,49,
12.8097,35,32,49,57,
12.811,40,35,51,45,
12.8124,34,32,38,39,
12.8137,18,29,23,36,
12.8151,10,22,15,37,
12.8165,-3,9,12,31,
12.8178,-13,8,21,25,
12.8192,-6,11,29,15,
12.8205,7,17,21,26,
12.8219,31,33,21,26,
12.8233,35,41,30,31,
12.8247,39,48,40,41,
12.8261,39,48,40,41,
12.8275,43,40,42,43,
12.8288,43,39,37,41,
12.8302,29,33,37,31,
12.8316,14,18,36,25,
12.833,4,14,26,24,
12.8344,-7,5,28,19,
12.8357,-6,15,17,19,
12.8371,-14,15,11,23,
12.8385,19,33,14,24,
12.8399,19,33,14,24,
12.8414,28,39,29,28,
12.8429,44,27,34,41,
12.8443,59,38,37,54,
12.8457,55,38,39,44,
12.847,42,30,27,37,
12.8484,11,23,20,29,
12.8497,-11,18,17,14,
12.8511,-11,18,17,14,
12.8524,-14,2,12,9,
12.8538,-14,2,12,9,
12.8551,11,22,10,17,
12.8564,33,20,15,16,
12.8577,41,31,22,27,
12.8591,53,49,37,37,
12.8604,53,49,37,37,
12.8617,47,44,36,45,
12.8632,41,45,30,39,
12.8645,27,21,21,32,
12.8658,14,22,19,28,
12.8672,8,12,19,30,
12.8685,-6,8,7,22,
12.8699,-6,8,7,22,
12.8712,-4,9,11,11,
12.8726,20,22,27,16,
12.8739,28,30,38,24,
12.8753,33,24,39,34,
12.8766,33,24,39,34,
12.878,64,50,49,38,
12.8793,52,45,47,40,
12.8807,45,41,38,39,
12.882,25,28,31,28,
12.8834,25,29,28,20,
12.8847,25,29,28,20,
12.8861,25,29,28,20,
12.8874,-9,15,21,20,
12.8888,1,8,18,21,
12.8902,-1,14,19,18,
12.8916,35,31,25,26,
12.8928,35,31,25,26,
12.8942,36,32,22,30,
12.8955,44,38,37,43,
12.8969,37,41,32,47,
12.8982,27,31,25,47,
12.8996,10,17,25,34,
12.9009,17,16,15,31,
12.9023,17,16,15,31,
12.9036,2,17,17,33,
12.905,-13,5,17,23,
12.9063,-14,8,18,25,
12.9077,5,19,18,22,
12.909,42,24,33,42,
12.9104,42,24,33,42,
12.9118,43,33,34,33,
12.9131,50,39,43,40,
12.9145,50,39,43,40,
12.9158,29,43,28,34,
12.9172,22,42,29,35,
12.9185,16,23,30,33,
12.9199,21,19,34,36,
12.9213,-10,10,22,33,
12.9226,-6,23,16,31,
12.9239,-3,12,17,24,
12.9253,10,26,30,18,
12.9266,31,42,28,29,
12.928,49,49,32,39,
12.9293,49,49,32,39,
12.9307,60,54,32,50,
12.932,35,40,35,36,
12.9334,37,41,40,41,
12.9348,24,29,35,33,
12.9361,5,27,25,22,
12.9375,-7,13,16,23,
12.9389,-16,2,16,17,
12.9402,-3,2,21,21,
12.9416,6,2,27,27,
12.9429,31,18,26,32,
12.9444,31,18,26,32,
12.9458,42,31,20,26,
12.9472,36,39,35,39,
12.9485,42,40,49,45,
12.9499,25,37,36,39,
12.9513,18,38,23,33,
12.9526,8,27,23,29,
12.954,2,23,21,24,
12.9553,-10,12,8,11,
12.9566,-8,6,10,13,
12.958,9,6,18,18,
12.9594,26,17,22,25,
12.9607,26,17,22,25,
12.9621,26,17,22,25,
12.9634,48,28,29,42,
12.9648,59,28,43,44,
12.9662,46,28,42,44,
12.9675,24,29,32,36,
12.9689,24,29,32,36,
12.9703,0,28,22,35,
12.9717,0,22,24,34,
12.973,-16,9,14,17,
12.9744,-7,7,19,11,
12.9758,4,19,23,15,
12.9771,12,21,18,18,
12.9785,12,21,18,18,
12.9798,40,27,20,31,
12.9812,44,36,29,38,
12.9826,45,34,45,46,
12.984,36,29,51,40,
12.9853,33,32,41,44,
12.9867,16,25,30,40,
12.9881,11,15,21,29,
12.9894,-10,10,16,17,
12.9908,-12,0,8,10,
12.9922,-7,11,9,8,
12.9936,-7,11,9,8,
12.9949,17,14,25,25,
12.9963,36,29,28,32,
12.9976,50,38,22,38,
12.999,47,37,30,40,
13.0003,45,26,30,41,
13.0017,46,16,23,42,
13.0031,38,29,20,43,
13.0044,23,29,20,39,
13.0058,21,25,25,24,
13.0071,-3,14,13,29,
13.0085,-7,9,18,27,
13.0099,-15,6,26,24,
13.0112,0,9,20,13,
13.0126,32,8,21,12,
13.014,48,23,24,23,
13.0154,67,28,41,41,
13.0167,55,36,46,35,
13.0181,55,36,46,35,
13.0195,35,34,33,33,
13.0208,21,28,30,39,
13.0222,3,23,28,38,
13.0236,-5,20,28,25,
13.025,-2,13,20,26,
13.0265,-2,13,20,26,
13.0279,-7,11,18,22,
13.0293,11,14,30,17,
13.0307,40,20,42,23,
13.032,63,36,33,35,
13.0334,56,50,35,37,
13.0349,56,50,35,37,
13.0362,48,48,34,40,
13.0376,48,43,33,29,
13.039,31,33,33,25,
13.0403,3,17,10,35,
13.0417,1,15,4,28,
13.0431,-7,11,13,18,
13.0445,6,20,21,19,
13.0459,6,20,21,19,
13.0472,6,20,21,19,
13.0485,42,40,20,27,
13.0499,52,37,28,32,
13.0512,50,43,40,36,
13.0525,47,42,47,43,
13.0539,34,19,39,29,
13.0553,34,19,39,29,
13.0567,14,20,30,26,
13.0581,2,30,8,21,
13.0594,-9,16,17,17,
13.0608,-9,10,22,13,
13.0621,4,12,13,18,
13.0635,4,12,13,18,
13.0649,9,18,15,21,
13.0663,31,27,31,29,
13.0676,50,21,32,41,
13.069,66,38,38,44,
13.0704,54,43,35,29,
13.0718,50,25,27,32,
13.0731,35,30,24,30,
13.0745,8,22,25,18,
13.0759,4,13,25,19,
13.0772,-7,8,25,21,
13.0787,3,8,12,12,
13.08,3,8,12,12,
13.0813,5,12,14,13,
13.0827,7,20,22,17,
13.084,29,45,20,25,
13.0854,41,45,32,32,
13.0867,37,32,38,42,
13.0881,50,27,46,39,
13.0894,34,20,42,31,
13.0908,10,25,22,25,
13.0921,7,22,24,18,
13.0935,-12,13,22,21,
13.0949,-12,13,22,21,
13.0963,1,1,19,16,
13.0976,10,10,12,15,
13.099,26,24,17,20,
13.1004,36,41,30,28,
13.1017,44,30,37,41,
13.1031,48,40,33,41,
13.1044,48,40,33,41,
13.1058,46,27,31,48,
13.1071,13,27,23,40,
13.1085,-2,23,29,31,
13.1098,10,13,25,22,
13.1112,3,-2,18,17,
13.1125,3,-2,18,17,
13.1139,-8,-11,26,9,
13.1154,18,11,15,11,
13.1167,19,21,30,26,
13.1181,35,32,27,40,
13.1195,45,39,31,46,
13.1208,45,39,31,46,
13.1223,38,41,31,52,
13.1235,16,31,31,40,
13.1249,2,28,28,38,
13.1263,8,29,24,34,
13.1276,-3,29,21,31,
13.129,-3,29,21,31,
13.1304,-8,11,19,27,
13.1317,-12,0,19,18,
13.1331,1,6,28,24,
13.1345,37,12,30,25,
13.1359,37,42,26,49,
13.1373,37,42,26,49,
13.1386,51,36,30,45,
13.14,56,27,38,46,
13.1413,33,21,36,35,
13.1427,11,22,19,28,
13.1441,0,18,18,27,
13.1454,-3,27,27,23,
13.1468,-6,23,11,15,
13.1481,-4,11,13,17,
13.1495,15,10,25,26,
13.1509,25,22,24,27,
13.1522,30,34,24,35,
13.1536,33,40,25,38,
13.155,53,40,23,33,
13.1562,44,38,24,39,
13.1576,36,34,28,37,
13.1589,35,25,20,36,
13.1602,17,17,20,26,
13.1615,17,17,20,26,
13.1629,-1,5,18,34,
13.1642,-17,-5,13,18,
13.1656,-8,-10,17,13,
13.1669,8,11,25,19,
13.1682,13,24,28,23,
13.1695,39,33,21,28,
13.1708,49,41,19,30,
13.1721,62,41,30,34,
13.1735,57,24,40,39,
13.1749,30,22,27,36,
13.1763,30,22,27,36,
13.1776,26,26,15,36,
13.179,13,13,11,23,
13.1803,-2,16,12,16,
13.1817,-16,2,24,7,
13.1831,0,3,26,6,
13.1844,0,3,26,6,
13.1858,10,4,18,10,
13.1871,43,24,40,39,
13.1884,46,31,44,35,
13.1898,48,34,48,34,
13.1912,42,34,48,38,
13.1925,42,34,48,38,
13.1938,42,34,48,38,
13.1952,0,27,23,32,
13.1965,0,11,30,25,
13.1979,-3,-2,25,23,
13.1993,-8,0,13,14,
13.2006,-3,19,14,20,
13.202,-3,19,14,20,
13.2034,14,20,26,20,
13.2047,43,42,32,32,
13.2061,48,39,34,42,
13.2074,45,37,37,38,
13.2088,48,39,33,36,
13.2101,48,39,33,36,
13.2115,37,24,33,27,
13.2129,10,8,18,20,
13.2142,0,8,12,18,
13.2156,-20,5,8,13,
13.217,-11,11,15,17,
13.2184,-1,9,12,9,
13.2198,7,18,17,22,
13.2211,30,34,30,35,
13.2225,59,32,27,35,
13.2238,59,32,27,35,
13.2252,59,32,27,35,
13.2266,34,33,25,34,
13.228,35,30,25,34,
13.2294,27,37,22,26,
13.2308,-10,29,17,23,
13.2322,-6,12,22,16,
13.2336,-6,12,22,16,
13.235,-16,-6,22,-2,
13.2364,1,11,27,0,
13.2378,10,19,20,11,
13.2391,28,25,20,31,
13.2406,47,26,31,41,
13.242,49,38,34,50,
13.2434,49,29,34,37,
13.2448,49,29,34,37,
13.2462,18,36,21,27,
13.2476,13,31,14,22,
13.249,13,17,27,16,
13.2503,1,16,26,15,
13.2517,-4,6,18,18,
13.2531,-10,8,13,14,
13.2545,4,20,13,23,
13.2558,41,32,29,33,
13.2572,41,32,29,33,
13.2585,41,32,29,33,
13.2599,55,42,38,45,
13.2613,41,43,35,38,
13.2626,45,31,32,32,
13.264,-2,12,25,33,
13.2654,3,12,21,36,
13.2667,3,12,21,36,
13.2681,-13,14,21,29,
13.2695,-5,13,20,28,
13.2708,11,17,30,26,
13.2722,11,17,30,26,
13.2735,45,28,20,29,
13.2749,46,31,33,38,
13.2762,46,31,33,38,
13.2776,55,42,40,38,
13.2789,39,42,36,39,
13.2803,25,32,32,38,
13.2816,3,13,14,22,
13.283,2,9,11,14,
13.2843,2,9,11,14,
13.2857,2,9,11,14,
13.2871,-2,-3,27,23,
13.2884,13,-1,20,29,
13.2898,26,20,14,28,
13.2911,40,30,25,42,
13.2925,56,31,23,43,
13.2939,56,31,23,43,
13.2952,41,26,31,43,
13.2966,29,35,31,28,
13.2979,17,28,28,19,
13.2993,7,26,27,20,
13.3006,-2,11,30,22,
13.302,-2,11,30,22,
13.3034,-14,6,22,13,
13.3047,-12,0,27,9,
13.3061,-8,8,22,15,
13.3074,3,24,29,30,
13.3088,30,29,24,38,
13.3102,30,29,24,38,
13.3115,41,35,25,43,
13.3128,25,33,31,35,
13.3142,25,33,31,35,
13.3156,25,21,39,34,
13.3169,22,7,18,34,
13.3184,2,13,21,24,
13.3197,2,13,21,24,
13.321,-19,14,13,20,
13.3223,-2,12,16,10,
13.3237,14,30,22,15,
13.325,35,36,28,33,
13.3264,36,31,29,45,
13.3278,36,31,29,45,
13.3291,35,44,34,49,
13.3305,35,43,25,43,
13.3319,16,38,29,40,
13.3332,14,19,23,28,
13.3346,6,19,14,24,
13.336,-4,24,14,29,
13.3373,-16,11,14,20,
13.3387,-23,8,14,14,
13.3401,2,20,12,23,
13.3414,23,19,22,24,
13.3428,34,20,33,25,
13.3441,34,20,33,25,
13.3455,26,29,26,31,
13.3469,33,31,39,35,
13.3482,35,32,39,46,
13.3496,28,28,33,35,
13.351,18,10,30,22,
13.3523,0,16,28,26,
13.3537,-5,13,26,25,
13.3551,-10,8,26,18,
13.3564,-15,1,28,18,
13.3578,7,9,23,27,
13.3591,18,29,28,40,
13.3605,18,29,28,40,
13.3619,28,31,30,38,
13.3632,33,28,30,41,
13.3646,38,28,29,45,
13.366,35,36,29,28,
13.3673,16,26,21,20,
13.3687,-5,20,19,30,
13.3701,1,16,21,23,
13.3714,-3,1,18,22,
13.3728,-6,-6,20,19,
13.3742,3,-7,22,19,
13.3756,12,10,15,30,
13.3769,34,26,13,38,
13.3783,34,26,13,38,
13.3797,51,19,34,45,
13.3811,66,36,43,47,
13.3825,52,37,39,50,
13.3839,35,27,30,42,
13.3852,35,27,30,42,
13.3866,6,18,31,33,
13.3879,-18,9,11,28,
13.3893,-8,1,10,23,
13.3906,7,-2,14,20,
13.392,5,11,8,15,
13.3936,5,11,8,15,
13.395,13,27,11,20,
13.3963,29,45,20,40,
13.3977,35,42,24,38,
13.399,28,38,33,38,
13.4004,27,35,37,25,
13.4017,27,35,37,25,
13.4031,20,28,36,27,
13.4044,2,25,24,25,
13.4058,2,25,24,25,
13.4072,-23,13,16,18,
13.4085,-8,-4,15,19,
13.4098,-8,-4,15,19,
13.4111,12,5,27,33,
13.4125,33,21,25,39,
13.4138,43,29,25,51,
13.4152,55,34,26,46,
13.4165,50,25,22,40,
13.4179,48,25,22,33,
13.4192,36,24,24,36,
13.4206,19,29,23,27,
13.4219,6,25,24,25,
13.4233,-11,6,15,16,
13.4247,-16,2,7,3,
13.4261,-16,2,7,3,
13.4274,-4,11,14,19,
13.4288,12,17,18,21,
13.4302,31,29,33,28,
13.4316,34,23,39,33,
13.4331,32,30,42,48,
13.4346,40,34,40,41,
13.436,40,34,40,41,
13.4374,29,36,33,37,
13.4388,0,14,22,34,
13.4402,5,14,14,19,
13.4417,-3,7,8,1,
13.443,2,7,-1,5,
13.4444,9,11,7,10,
13.4457,18,18,20,19,
13.4471,28,33,31,41,
13.4485,37,30,31,41,
13.4499,40,37,42,46,
13.4512,25,42,41,51,
13.4526,25,42,41,51,
13.4539,20,39,37,41,
13.4553,17,23,28,25,
13.4566,-9,15,12,11,
13.458,-6,10,12,16,
13.4593,-9,9,3,20,
13.4607,-27,6,-1,6,
13.4621,-1,8,16,14,
13.4634,24,15,21,28,
13.4648,24,23,35,27,
13.4662,35,37,38,29,
13.4675,35,37,38,29,
13.4689,25,36,35,34,
13.4703,16,41,33,36,
13.4716,10,29,32,27,
13.4731,11,16,31,29,
13.4744,-13,10,20,27,
13.4757,-16,3,10,22,
13.4771,-16,3,10,22,
13.4785,-8,-2,10,12,
13.4798,1,3,12,18,
13.4812,28,31,21,29,
13.4826,39,35,40,23,
13.484,39,35,40,23,
13.4854,39,35,40,23,
13.4867,25,28,27,41,
13.4881,17,28,33,31,
13.4894,6,32,26,26,
13.4908,1,12,25,29,
13.4921,-24,9,18,17,
13.4935,-24,9,18,17,
13.4948,-21,15,19,9,
13.4962,-10,19,24,13,
13.4975,15,25,29,22,
13.4989,17,28,36,26,
13.5002,31,30,42,34,
13.5016,31,30,42,34,
13.5029,48,35,44,31,
13.5043,40,34,34,27,
13.5057,28,15,22,26,
13.507,12,4,28,24,
13.5084,3,14,29,27,
13.5098,-9,4,24,18,
13.5112,-23,-4,15,7,
13.5126,-13,-7,11,11,
13.514,2,-2,13,15,
13.5153,15,8,22,12,
13.5167,30,25,37,12,
13.5181,45,42,30,24,
13.5194,45,42,30,24,
13.5207,41,38,36,35,
13.5221,27,30,25,38,
13.5235,17,20,17,26,
13.5248,4,14,13,26,
13.5261,0,12,17,23,
13.5275,-19,5,8,18,
13.5288,-19,5,8,18,
13.5303,-13,5,4,5,
13.5316,10,25,13,2,
13.533,24,19,13,12,
13.5344,35,35,18,24,
13.5357,37,40,33,31,
13.537,36,38,41,29,
13.5384,24,36,31,31,
13.5398,19,18,30,30,
13.5412,2,11,24,15,
13.5426,-4,10,20,9,
13.544,-10,11,11,12,
13.5453,-10,11,11,12,
13.5467,-18,7,10,5,
13.5481,-4,3,24,8,
13.5494,3,17,22,12,
13.5508,32,27,29,21,
13.5522,36,41,20,32,
13.5535,47,41,24,30,
13.5549,52,28,41,34,
13.5562,30,20,40,33,
13.5576,22,17,25,34,
13.559,8,7,23,25,
13.5603,8,7,23,25,
13.5617,-4,6,24,18,
13.5631,-13,6,13,11,
13.5644,-15,-1,10,9,
13.5658,1,25,8,17,
13.5671,18,25,19,17,
13.5685,27,30,20,30,
13.5698,27,30,20,30,
13.5711,46,30,41,35,
13.5725,24,42,46,38,
13.5738,24,42,46,38,
13.5751,17,29,24,29,
13.5764,11,17,13,21,
13.5778,11,17,13,21,
13.5792,-13,13,13,-2,
13.5805,-16,10,8,-1,
13.5819,-18,2,9,-7,
13.5833,-10,7,14,-9,
13.5846,24,31,27,8,
13.586,24,31,27,8,
13.5873,20,37,32,21,
13.5887,30,23,48,24,
13.59,30,23,48,24,
13.5913,27,23,35,33,
13.5927,20,25,28,27,
13.5941,17,27,19,29,
13.5955,-3,17,16,26,
13.5968,-15,14,14,25,
13.5982,-14,11,15,8,
13.5995,-10,7,25,1,
13.6008,11,14,34,-3,
13.6022,34,27,38,6,
13.6036,27,39,38,10,
13.6049,27,41,44,9,
13.6063,41,39,49,23,
13.6077,35,45,50,28,
13.609,35,39,39,14,
13.6104,15,34,35,11,
13.6118,12,25,30,6,
13.6131,3,13,16,-5,
13.6145,-14,7,9,-15,
13.6159,-4,2,24,-16,
13.6172,2,13,25,-7,
13.6185,2,13,25,-7,
13.6198,19,23,26,6,
13.6212,37,35,40,8,
13.6225,37,35,40,8,
13.6239,48,40,45,20,
13.6253,38,36,41,28,
13.6267,36,27,32,23,
13.6281,33,19,31,17,
13.6294,0,14,34,-2,
13.6308,-3,10,20,-6,
13.6321,-4,10,24,-11,
13.6335,-9,4,24,-6,
13.635,-15,3,25,-8,
13.6363,-3,6,26,-13,
13.6379,26,16,28,-1,
13.6392,34,19,39,12,
13.6406,53,44,42,21,
13.642,44,40,38,15,
13.6433,44,40,38,15,
13.6447,39,35,26,14,
13.6461,9,11,21,-3,
13.6475,0,6,18,-2,
13.6488,-17,0,12,-5,
13.6502,-15,8,19,-13,
13.6515,-15,8,19,-13,
13.6529,-15,8,19,-13,
13.6543,24,12,29,-6,
13.6556,34,21,35,6,
13.657,30,24,43,16,
13.6584,32,32,56,25,
13.6597,28,43,35,29,
13.6611,28,43,35,29,
13.6624,15,36,36,23,
13.6638,16,20,33,1,
13.6651,11,21,30,-4,
13.6665,-6,14,23,-4,
13.6679,-6,3,15,-12,
13.6692,-6,3,15,-12,
13.6706,2,7,15,-6,
13.6719,38,25,29,6,
13.6733,43,25,29,13,
13.6746,41,42,41,22,
13.676,42,45,41,25,
13.6773,33,44,27,29,
13.6787,15,40,31,25,
13.6801,0,34,40,18,
13.6814,-9,25,42,7,
13.6828,2,15,43,-4,
13.6841,-1,9,27,-8,
13.6854,-15,5,14,-11,
13.6868,-15,-2,17,-17,
13.6881,-1,16,24,-8,
13.6895,38,41,34,10,
13.6909,42,39,34,25,
13.6922,52,52,42,32,
13.6936,52,52,42,32,
13.6949,19,27,55,23,
13.6963,18,18,41,22,
13.6977,8,12,28,18,
13.6991,-7,6,24,14,
13.7005,-2,-1,31,-3,
13.7019,-2,-1,31,-3,
13.7032,-16,18,27,-4,
13.7046,1,21,30,-4,
13.7059,4,18,27,2,
13.7073,34,37,40,9,
13.7087,37,34,50,13,
13.71,35,42,42,29,
13.7114,35,42,42,29,
13.7127,28,44,36,26,
13.7141,23,35,44,15,
13.7154,-4,18,44,3,
13.7168,4,11,23,1,
13.7181,-21,8,25,0,
13.7194,-21,8,25,0,
13.7208,-10,5,23,4,
13.7221,9,27,22,-2,
13.7235,39,31,26,-5,
13.7249,37,31,34,7,
13.7262,62,31,40,12,
13.7276,62,31,40,12,
13.7289,62,31,40,12,
13.7303,39,41,38,21,
13.7316,23,24,29,18,
13.7329,3,14,25,6,
13.7343,6,20,20,11,
13.7356,-6,12,28,5,
13.737,-14,0,24,2,
13.7385,4,4,25,-14,
13.7398,6,9,33,-2,
13.7412,32,18,45,15,
13.7426,38,29,43,18,
13.744,38,29,43,18,
13.7453,43,44,47,18,
13.7467,40,43,51,25,
13.7481,18,32,42,25,
13.7494,15,31,30,21,
13.7508,1,24,20,10,
13.7521,-14,21,24,8,
13.7535,-24,12,28,6,
13.7549,-15,12,26,-1,
13.7562,0,23,31,-3,
13.7577,21,27,36,1,
13.7591,21,27,36,1,
13.7604,34,33,46,17,
13.7618,39,31,59,22,
13.7632,51,47,60,17,
13.7645,21,36,48,24,
13.7659,17,24,39,24,
13.7673,3,17,35,19,
13.7686,-4,13,30,18,
13.77,-9,12,29,7,
13.7714,-19,-2,25,-8,
13.7728,-13,8,20,-8,
13.7741,13,18,38,1,
13.7755,13,18,38,1,
13.7769,27,25,37,15,
13.7783,35,28,37,28,
13.7796,37,41,46,20,
13.781,46,44,53,18,
13.7824,18,23,49,26,
13.7837,18,23,49,26,
13.7851,3,28,42,25,
13.7864,5,16,31,-5,
13.7878,-16,9,20,-6,
13.7892,-7,16,26,-3,
13.7905,-8,21,39,-2,
13.7919,-8,21,39,-2,
13.7932,-8,21,39,-2,
13.7946,22,40,50,4,
13.796,31,51,50,16,
13.7973,29,42,55,29,
13.7987,30,31,54,20,
13.8001,17,28,57,25,
13.8014,5,34,59,26,
13.8028,10,30,38,15,
13.8041,-23,14,36,6,
13.8055,-30,5,22,-3,
13.8068,-30,5,22,-3,
13.8082,0,8,20,-8,
13.8096,21,14,31,8,
13.8109,35,19,27,28,
13.8123,43,37,28,23,
13.8137,63,38,31,29,
13.815,63,38,31,29,
13.8163,54,24,34,30,
13.8177,39,27,32,15,
13.8191,16,17,31,9,
13.8204,14,16,29,3,
13.8218,-8,-2,17,-5,
13.8232,-8,-2,17,-5,
13.8245,-21,13,25,-6,
13.8259,4,23,30,0,
13.8273,4,23,30,0,
13.8286,18,25,39,5,
13.83,35,33,46,19,
13.8313,41,38,44,22,
13.8327,51,36,41,20,
13.8342,49,38,49,24,
13.8355,25,20,42,7,
13.8369,23,11,30,4,
13.8383,23,11,30,4,
13.8398,-9,4,27,-5,
13.8412,-18,2,22,-4,
13.8426,-2,8,23,-1,
13.844,21,31,20,8,
13.8453,21,31,20,8,
13.8467,33,43,37,20,
13.848,38,44,55,24,
13.8494,38,44,55,24,
13.8508,33,47,55,30,
13.8521,23,24,42,18,
13.8534,23,24,42,18,
13.8548,15,15,31,5,
13.8561,8,14,19,2,
13.8575,-13,0,24,-6,
13.8588,-16,4,30,-10,
13.8601,-16,4,30,-10,
13.8615,14,12,15,-6,
13.8629,35,18,30,-2,
13.8643,40,17,38,1,
13.8657,55,45,44,16,
13.867,36,38,44,9,
13.8685,36,38,44,9,
13.8698,19,38,41,4,
13.8712,8,27,41,9,
13.8726,-5,23,42,8,
13.8739,-26,10,13,1,
13.8753,-32,6,17,-12,
13.8766,-32,6,17,-12,
13.878,-17,11,14,-20,
13.8793,14,20,18,3,
13.8807,38,23,19,1,
13.882,35,36,35,8,
13.8834,48,42,39,20,
13.8847,31,36,34,23,
13.8861,31,36,34,23,
13.8874,22,12,33,16,
13.8888,9,9,31,7,
13.8902,-2,19,25,-3,
13.8915,-23,-5,15,-20,
13.8928,-23,-5,15,-20,
13.8942,-21,-12,17,-25,
13.8955,-10,1,17,-22,
13.8968,34,26,29,-2,
13.8982,38,36,32,7,
13.8996,38,36,32,7,
13.9009,38,43,29,14,
13.9022,33,41,33,26,
13.9035,27,31,29,17,
13.9049,12,24,29,13,
13.9063,-1,10,14,12,
13.9076,-3,9,16,14,
13.909,-10,7,9,-2,
13.9103,-19,3,14,-17,
13.9117,-17,14,12,-13,
13.9131,-3,17,15,-3,
13.9144,28,25,27,3,
13.9158,32,31,33,4,
13.9171,29,30,34,13,
13.9185,29,30,34,13,
13.9198,29,33,30,11,
13.9212,14,26,34,14,
13.9226,18,22,29,11,
13.9239,8,19,14,5,
13.9252,-13,16,15,0,
13.9266,-13,16,15,0,
13.9279,-17,16,9,-8,
13.9293,-11,12,13,-8,
13.9307,-3,2,22,-10,
13.932,10,11,26,2,
13.9333,27,43,27,7,
13.9346,27,43,27,7,
13.936,33,43,29,7,
13.9373,39,39,39,19,
13.9387,24,24,32,19,
13.9401,10,16,23,6,
13.9414,3,7,24,0,
13.9428,3,7,24,0,
13.9442,3,7,24,0,
13.9455,-11,11,14,-13,
13.9469,-8,19,15,-12,
13.9482,6,22,17,-10,
13.9496,22,25,23,3,
13.951,22,32,43,22,
13.9523,22,32,43,22,
13.9536,31,39,42,27,
13.955,17,29,46,3,
13.9563,4,21,43,-1,
13.9576,-5,24,40,-11,
13.959,4,21,34,-12,
13.9603,4,21,34,-12,
13.9616,-9,12,23,-8,
13.963,-25,0,24,-12,
13.9643,6,16,27,-11,
13.9656,11,25,30,-3,
13.967,33,29,27,-2,
13.9683,36,30,23,-3,
13.9697,39,34,29,-7,
13.9711,41,34,33,-2,
13.9724,41,34,33,-2,
13.9738,21,20,34,6,
13.9751,-7,16,35,-6,
13.9764,-11,18,26,-8,
13.9777,-11,18,26,-8,
13.9791,-32,1,22,-16,
13.9804,-29,11,24,-18,
13.9817,-26,21,17,-18,
13.9831,18,37,25,4,
13.9844,18,37,25,4,
13.9857,28,32,25,5,
13.987,25,34,38,0,
13.9883,23,42,56,-8,
13.9897,23,42,56,-8,
13.991,12,29,49,-1,
13.9923,3,17,33,3,
13.9937,-5,13,30,-4,
13.995,-16,8,23,-19,
13.9963,-20,4,14,-25,
13.9976,-29,5,18,-20,
13.999,-5,15,19,-16,
14.0003,-1,19,31,-19,
14.0017,15,25,39,-10,
14.0031,21,30,32,-8,
14.0044,27,48,36,2,
14.0058,27,48,36,2,
14.0071,33,30,31,4,
14.0084,12,25,28,-1,
14.0098,6,23,28,-7,
14.0111,11,15,23,-15,
14.0124,-1,10,17,-9,
14.0138,-21,7,10,-14,
14.0152,-18,7,12,-19,
14.0165,1,24,32,-7,
14.0179,1,24,32,-7,
14.0192,34,32,44,2,
14.0206,32,34,42,12,
14.0219,27,35,40,11,
14.0232,40,36,43,13,
14.0246,41,35,44,9,
14.026,25,42,50,0,
14.0273,14,34,45,-2,
14.0287,2,24,46,0,
14.0302,-6,13,24,-3,
14.0316,-11,2,19,-4,
14.033,-13,11,16,-16,
14.0344,-1,18,20,-12,
14.0358,19,27,36,-3,
14.0372,36,33,46,7,
14.0387,38,43,38,14,
14.0401,44,42,45,25,
14.0415,35,39,46,22,
14.0429,24,35,40,11,
14.0442,5,21,32,2,
14.0456,6,21,31,-3,
14.0469,-4,16,23,-11,
14.0483,-4,16,23,-11,
14.0496,-13,11,23,-10,
14.0511,-9,4,31,-6,
14.0524,12,12,37,-6,
14.0538,38,25,55,1,
14.0551,47,24,58,7,
14.0564,61,39,60,19,
14.0578,54,44,70,18,
14.0592,24,34,68,8,
14.0605,2,32,57,-3,
14.0618,2,32,57,-3,
14.0631,3,23,44,-5,
14.0645,9,21,37,-5,
14.0658,-2,14,28,-12,
14.0671,-10,11,30,-16,
14.0685,3,39,43,4,
14.0699,18,50,62,8,
14.0713,18,50,62,8,
14.0726,33,59,83,6,
14.0739,41,55,90,17,
14.0753,35,53,88,14,
14.0766,34,56,92,12,
14.0779,26,57,89,22,
14.0792,26,57,89,22,
14.0806,17,46,81,19,
14.0819,5,37,70,6,
14.0833,-12,31,77,3,
14.0846,1,24,81,0,
14.086,24,32,84,0,
14.0873,30,45,102,-3,
14.0886,44,49,109,5,
14.09,45,66,116,10,
14.0913,65,62,123,16,
14.0927,52,74,123,19,
14.094,52,74,123,19,
14.0954,52,74,123,19,
14.0968,34,55,105,20,
14.0981,27,50,96,15,
14.0995,11,49,91,18,
14.1008,-14,40,79,5,
14.1021,-6,40,79,2,
14.1034,-6,40,79,2,
14.105,28,45,85,16,
14.1064,39,46,84,26,
14.1078,53,54,87,35,
14.1092,51,44,91,23,
14.1105,51,44,91,23,
14.1119,52,38,88,18,
14.1131,41,47,86,17,
14.1145,15,37,74,19,
14.1159,18,32,59,24,
14.1172,-9,20,56,15,
14.1186,-9,24,51,10,
14.1199,2,26,52,9,
14.1212,1,36,55,5,
14.1226,43,49,59,24,
14.124,40,58,68,31,
14.1254,53,53,72,34,
14.1268,48,56,72,37,
14.1281,48,56,72,37,
14.1294,53,49,70,31,
14.1307,33,44,63,22,
14.1321,7,44,43,19,
14.1333,6,31,34,13,
14.1347,6,31,34,13,
14.136,-9,25,30,11,
14.1373,-11,24,37,15,
14.1387,17,29,46,25,
14.1401,37,39,56,39,
14.1414,42,35,48,47,
14.1428,55,50,52,47,
14.1441,61,52,52,48,
14.1455,59,48,49,40,
14.1468,45,46,39,25,
14.1481,45,46,39,25,
14.1494,12,32,25,27,
14.1508,6,25,34,27,
14.1521,-9,25,34,19,
14.1534,2,20,23,13,
14.1547,17,31,25,6,
14.1561,31,33,31,15,
14.1576,31,33,31,15,
14.1589,42,47,52,22,
14.1602,57,52,55,30,
14.1616,59,53,48,29,
14.1629,50,49,45,28,
14.1643,38,37,37,23,
14.1656,20,32,34,21,
14.167,20,32,34,21,
14.1683,-5,8,26,18,
14.1697,-12,6,21,6,
14.1711,-12,13,13,2,
14.1724,7,21,8,4,
14.1738,13,21,14,10,
14.1752,20,40,25,18,
14.1765,27,40,33,15,
14.1779,46,44,43,21,
14.1793,53,39,39,32,
14.1807,53,39,39,32,
14.182,11,35,25,30,
14.1833,11,35,25,30,
14.1847,9,19,15,24,
14.1861,8,17,32,9,
14.1875,-14,4,30,10,
14.1889,-15,7,16,5,
14.1902,-4,18,15,1,
14.1916,22,28,27,5,
14.1929,46,48,33,17,
14.1943,56,45,40,28,
14.1957,44,50,48,29,
14.197,44,50,48,29,
14.1984,41,43,52,37,
14.1997,24,43,45,29,
14.201,10,25,34,20,
14.2024,10,26,31,20,
14.2038,-15,17,14,21,
14.2051,-15,17,14,21,
14.2064,-8,12,9,15,
14.2078,0,24,17,14,
14.2091,40,32,22,25,
14.2104,38,43,38,27,
14.2117,40,49,42,39,
14.2131,34,40,41,40,
14.2144,26,37,37,36,
14.2158,26,37,37,36,
14.2171,28,32,34,26,
14.2184,10,16,29,22,
14.2198,3,16,31,18,
14.2211,-3,7,17,18,
14.2224,-17,11,12,16,
14.2238,-10,6,9,16,
14.2251,10,12,15,23,
14.2265,25,22,27,29,
14.228,46,39,40,22,
14.2293,46,39,40,22,
14.2307,57,51,40,30,
14.2322,41,44,32,41,
14.2337,33,28,40,37,
14.2351,2,27,33,19,
14.2365,-5,17,21,14,
14.2379,-5,17,21,14,
14.2392,-9,6,14,-1,
14.2406,-2,18,9,0,
14.2421,-3,21,16,12,
14.2435,44,40,36,21,
14.2449,40,43,34,27,
14.2463,40,43,34,27,
14.2477,50,52,35,33,
14.2491,46,43,41,41,
14.2504,43,38,34,39,
14.2518,19,21,23,38,
14.2532,14,14,23,30,
14.2545,12,11,23,27,
14.2559,-6,8,21,17,
14.2572,-14,12,21,12,
14.2586,-16,13,17,18,
14.26,8,17,26,17,
14.2613,38,32,34,28,
14.2627,42,31,45,33,
14.2641,47,33,42,28,
14.2654,61,44,49,35,
14.2668,45,39,47,40,
14.2682,22,35,44,33,
14.2696,11,27,35,34,
14.2709,0,15,17,36,
14.2722,0,15,17,36,
14.2736,-10,14,11,25,
14.2749,5,16,6,29,
14.2763,5,16,6,29,
14.2777,28,36,27,26,
14.279,34,41,26,26,
14.2803,46,34,32,37,
14.2817,69,43,33,44,
14.2831,64,50,28,39,
14.2844,47,49,35,45,
14.2858,30,45,40,45,
14.2872,-5,15,19,40,
14.2885,-5,15,19,40,
14.2899,-2,21,18,31,
14.2913,-7,23,19,27,
14.2926,-13,14,22,19,
14.294,8,19,26,25,
14.2954,8,19,26,25,
14.2967,40,35,21,35,
14.2981,60,44,18,37,
14.2994,62,55,26,38,
14.3008,56,36,40,35,
14.3022,56,36,40,35,
14.3036,42,38,29,35,
14.305,21,31,18,35,
14.3063,9,17,24,33,
14.3077,-14,15,33,19,
14.3091,-6,28,30,23,
14.3105,-6,28,30,23,
14.3119,15,33,28,21,
14.3132,34,38,23,31,
14.3146,34,38,23,31,
14.3159,29,38,36,34,
14.3172,47,58,41,41,
14.3186,47,58,41,41,
14.3199,35,50,33,43,
14.3212,16,32,26,35,
14.3226,7,28,20,26,
14.324,7,14,17,17,
14.3253,-10,14,19,13,
14.3267,-17,19,17,20,
14.328,1,26,17,23,
14.3293,26,32,23,33,
14.3307,42,35,33,33,
14.3321,55,38,45,31,
14.3334,63,44,50,35,
14.3347,63,44,50,35,
14.3361,51,46,43,42,
14.3374,36,35,35,39,
14.3388,19,25,26,29,
14.3402,18,16,34,31,
14.3416,8,13,30,30,
14.3429,8,13,30,30,
14.3443,-7,20,6,15,
14.3456,9,27,21,29,
14.347,9,27,21,29,
14.3483,32,51,26,32,
14.3497,35,53,41,41,
14.3511,35,53,41,41,
14.3524,48,56,44,35,
14.3538,28,45,44,31,
14.3551,24,44,43,30,
14.3565,12,47,35,22,
14.3579,13,35,26,24,
14.3593,6,16,22,25,
14.3607,-8,9,23,16,
14.362,-13,23,23,20,
14.3634,-11,32,20,21,
14.3647,13,40,30,17,
14.3661,54,56,38,30,
14.3674,57,49,44,39,
14.3687,57,49,44,39,
14.37,44,49,42,41,
14.3714,36,42,37,20,
14.3727,27,36,33,23,
14.3741,8,31,27,21,
14.3754,1,31,22,29,
14.3768,-17,33,22,23,
14.3782,-17,33,22,23,
14.3795,3,20,20,25,
14.3809,7,26,19,20,
14.3822,26,45,25,19,
14.3836,43,52,38,23,
14.3849,44,45,40,27,
14.3863,53,61,38,33,
14.3877,57,58,35,35,
14.389,39,51,39,31,
14.3904,20,48,37,26,
14.3918,3,37,29,19,
14.3931,-5,33,12,23,
14.3944,-5,33,12,23,
14.3958,-22,24,5,9,
14.3972,-10,27,16,2,
14.3985,21,42,23,16,
14.3999,27,44,25,34,
14.4012,44,46,38,43,
14.4026,56,53,40,42,
14.404,56,53,40,42,
14.4053,54,59,37,43,
14.4067,33,40,20,30,
14.408,19,31,17,26,
14.4094,12,25,12,22,
14.4108,1,20,23,21,
14.4121,-7,21,15,15,
14.4135,-4,13,19,17,
14.4148,-12,24,14,21,
14.4161,27,35,19,27,
14.4175,39,34,23,31,
14.4188,39,34,23,31,
14.4201,39,34,23,31,
14.4215,62,60,32,28,
14.4229,50,47,32,25,
14.4242,30,42,25,30,
14.4257,8,36,15,20,
14.427,8,36,15,20,
14.4284,6,42,16,18,
14.4298,-21,9,13,20,
14.4312,-18,13,17,17,
14.4326,-4,13,18,25,
14.434,19,20,24,31,
14.4354,29,38,33,25,
14.4368,45,37,33,23,
14.4382,60,38,35,30,
14.4396,54,39,33,27,
14.4409,41,34,37,32,
14.4423,12,22,27,24,
14.4438,8,19,19,27,
14.4451,3,17,14,21,
14.4465,3,17,14,21,
14.4478,-4,5,16,13,
14.4491,-16,4,6,12,
14.4505,12,14,21,11,
14.452,32,25,22,15,
14.4533,34,36,33,23,
14.4547,37,42,34,32,
14.456,47,43,36,35,
14.4574,50,42,25,36,
14.4588,17,45,13,28,
14.4602,11,28,22,31,
14.4615,11,28,22,31,
14.4629,15,19,25,25,
14.4642,9,18,26,16,
14.4656,-13,16,21,11,
14.4669,-12,14,12,10,
14.4683,25,37,25,16,
14.4695,28,50,37,18,
14.4709,33,45,33,21,
14.4722,37,48,31,35,
14.4736,38,57,39,36,
14.4749,34,46,34,29,
14.4762,25,26,21,33,
14.4775,19,23,19,24,
14.4789,4,23,22,25,
14.4802,4,23,22,25,
14.4815,-9,18,14,14,
14.4829,-3,19,12,11,
14.4842,3,14,6,10,
14.4855,12,14,16,18,
14.4869,33,26,31,36,
14.4883,30,36,24,32,
14.4896,50,45,25,31,
14.4909,37,40,29,30,
14.4922,18,41,20,37,
14.4936,18,41,20,37,
14.495,27,31,20,25,
14.4963,22,20,16,10,
14.4976,17,15,20,15,
14.499,-10,21,12,23,
14.5003,-1,18,13,5,
14.5017,19,21,17,3,
14.503,23,32,19,8,
14.5043,23,32,19,8,
14.5057,31,36,24,18,
14.507,40,40,31,27,
14.5084,40,40,31,27,
14.5097,42,36,41,27,
14.5111,25,26,31,33,
14.5124,19,30,25,23,
14.5138,19,30,25,23,
14.5152,-4,11,9,23,
14.5165,-8,3,4,8,
14.5178,2,2,3,0,
14.5192,18,29,9,5,
14.5205,18,29,9,5,
14.522,33,39,13,28,
14.5233,32,38,20,26,
14.5246,49,44,23,34,
14.526,58,44,27,30,
14.5274,31,40,26,27,
14.5287,31,40,26,27,
14.5301,18,22,27,24,
14.5314,11,25,17,17,
14.5328,-4,14,8,18,
14.5341,-4,21,13,12,
14.5354,-7,19,12,5,
14.5368,10,15,22,15,
14.5381,35,33,35,19,
14.5395,48,46,37,24,
14.5408,48,46,37,24,
14.5421,66,40,41,32,
14.5435,57,34,42,31,
14.5448,45,36,40,22,
14.5462,25,34,33,17,
14.5475,7,23,22,15,
14.5489,8,16,15,21,
14.5502,3,16,15,28,
14.5515,-11,20,14,19,
14.5529,-11,20,14,19,
14.5543,3,27,23,22,
14.5556,36,32,14,23,
14.557,36,32,14,23,
14.5584,52,38,30,31,
14.5598,50,53,36,31,
14.5611,50,53,36,31,
14.5625,35,53,23,33,
14.5638,30,28,23,45,
14.5651,13,28,23,36,
14.5665,3,23,20,32,
14.5679,-10,23,10,14,
14.5692,-7,15,8,5,
14.5706,-3,5,2,10,
14.572,13,15,10,23,
14.5733,25,33,22,30,
14.5747,46,47,22,34,
14.5761,44,43,24,25,
14.5774,55,51,37,34,
14.5787,55,41,34,45,
14.5801,48,34,35,40,
14.5814,8,34,16,26,
14.5828,5,21,18,23,
14.5841,-5,5,11,21,
14.5855,-5,5,11,21,
14.5869,7,-7,12,20,
14.5882,7,-7,12,20,
14.5896,15,5,12,26,
14.5909,40,30,24,32,
14.5922,48,29,17,35,
14.5936,62,38,20,29,
14.5948,62,38,20,29,
14.5962,39,44,43,20,
14.5976,25,40,37,19,
14.5989,18,43,23,27,
14.6002,1,22,19,24,
14.6016,-8,12,19,26,
14.603,-8,12,19,26,
14.6043,-8,12,19,26,
14.6057,4,12,7,31,
14.6071,14,16,19,20,
14.6084,23,33,36,18,
14.6098,38,48,42,26,
14.6112,53,45,40,25,
14.6125,68,45,42,37,
14.6139,44,35,26,33,
14.6153,29,36,31,29,
14.6166,15,27,22,21,
14.618,13,28,13,18,
14.6193,7,18,3,26,
14.6207,4,9,8,23,
14.622,1,3,13,24,
14.6234,11,9,20,29,
14.6247,20,29,14,29,
14.6261,33,46,25,28,
14.6275,33,46,25,28,
14.6289,38,49,26,26,
14.6304,51,49,33,34,
14.6318,31,39,33,30,
14.6332,13,27,29,21,
14.6347,3,23,18,17,
14.6362,9,16,16,16,
14.6376,9,16,16,16,
14.639,-4,10,13,7,
14.6403,-5,23,20,12,
14.6418,29,34,18,31,
14.6431,35,43,29,29,
14.6444,39,40,26,32,
14.6458,39,40,26,32,
14.6471,49,40,25,33,
14.6484,39,33,17,35,
14.6498,30,41,13,23,
14.6511,18,30,20,34,
14.6525,6,24,9,27,
14.6539,6,24,9,27,
14.6553,-12,14,2,16,
14.6566,-11,10,17,12,
14.658,-5,11,15,4,
14.6593,8,22,22,11,
14.6607,24,28,24,20,
14.6621,40,43,29,27,
14.6634,40,43,29,27,
14.6647,45,48,17,32,
14.6661,41,44,19,34,
14.6674,34,39,23,24,
14.6688,19,32,17,17,
14.6701,-6,31,6,22,
14.6715,-6,31,6,22,
14.6729,-15,12,6,18,
14.6743,8,3,6,8,
14.6757,22,25,9,20,
14.677,41,39,17,20,
14.6784,42,44,25,22,
14.6797,42,44,25,22,
14.6811,56,42,28,32,
14.6824,53,34,36,37,
14.6837,37,41,21,34,
14.6851,25,28,10,21,
14.6864,14,31,8,12,
14.6878,7,31,19,12,
14.6892,-7,14,17,11,
14.6906,-11,9,10,3,
14.6919,-1,4,6,2,
14.6933,9,5,12,9,
14.6947,22,25,8,12,
14.696,31,33,17,22,
14.6973,30,42,27,30,
14.6987,43,47,21,37,
14.7001,38,30,26,33,
14.7014,13,29,33,31,
14.7028,3,25,30,27,
14.7042,12,25,28,27,
14.7056,2,26,24,17,
14.7069,2,26,24,17,
14.7083,-24,21,20,5,
14.7096,2,19,10,6,
14.711,11,29,17,16,
14.7123,29,40,23,26,
14.7137,30,40,29,25,
14.7151,38,43,26,37,
14.7164,43,49,37,42,
14.7178,21,41,27,23,
14.7191,28,36,28,16,
14.7205,18,29,16,21,
14.7219,18,29,16,21,
14.7232,12,20,1,29,
14.7246,-6,16,-1,15,
14.726,-3,14,10,3,
14.7274,6,26,19,6,
14.7287,23,29,20,14,
14.7301,23,29,20,14,
14.7314,43,31,32,37,
14.7328,60,48,40,35,
14.7341,54,51,35,36,
14.7355,19,32,30,26,
14.7369,19,32,30,26,
14.7383,12,27,28,26,
14.7396,15,20,26,26,
14.741,9,26,18,21,
14.7424,-7,30,8,11,
14.7438,-3,15,16,3,
14.7452,11,31,14,7,
14.7465,11,31,14,7,
14.7479,36,46,9,18,
14.7493,67,43,34,26,
14.7506,50,44,36,18,
14.752,30,40,21,22,
14.7533,23,39,17,21,
14.7547,15,40,13,16,
14.7561,15,40,13,16,
14.7574,10,17,21,9,
14.7588,-7,11,18,4,
14.7601,-4,13,7,1,
14.7616,4,18,0,10,
14.763,4,18,0,10,
14.7644,14,28,12,25,
14.7657,40,47,27,32,
14.7671,40,47,27,32,
14.7685,55,58,21,29,
14.7699,41,41,28,28,
14.7713,21,28,20,22,
14.7726,21,28,20,22,
14.774,4,34,9,18,
14.7754,-10,20,-5,5,
14.7767,-16,22,-11,-5,
14.7781,5,18,11,-3,
14.7795,12,33,17,-3,
14.7808,12,33,17,-3,
14.7822,12,33,17,-3,
14.7836,34,37,25,2,
14.785,51,41,23,6,
14.7864,58,42,21,14,
14.7877,32,30,12,19,
14.7891,32,30,12,19,
14.7905,17,31,14,18,
14.7919,5,34,1,6,
14.7932,-6,29,-8,0,
14.7946,-12,19,-2,1,
14.796,-4,19,-10,3,
14.7973,17,23,-13,-1,
14.7987,30,34,-1,8,
14.8001,41,51,3,15,
14.8014,60,42,13,21,
14.8028,68,42,15,31,
14.8042,54,37,11,27,
14.8056,44,36,13,17,
14.8069,17,35,6,7,
14.8083,8,39,10,6,
14.8098,-8,22,2,-1,
14.8111,-20,22,1,-7,
14.8125,-17,20,6,-2,
14.8138,-1,24,6,-4,
14.8152,-1,24,6,-4,
14.8165,30,35,15,-8,
14.8178,50,47,18,21,
14.8192,51,40,24,25,
14.8206,48,35,14,26,
14.8219,40,39,18,29,
14.8233,16,43,15,22,
14.8246,7,28,13,17,
14.826,0,16,11,6,
14.8274,0,16,11,6,
14.8288,-4,5,10,11,
14.8302,-16,23,5,7,
14.8317,-16,23,5,7,
14.8331,3,16,15,3,
14.8345,33,31,15,10,
14.8359,45,36,22,12,
14.8373,47,43,29,23,
14.8388,27,46,33,27,
14.8402,27,46,33,27,
14.8416,27,46,33,27,
14.843,8,29,20,29,
14.8447,2,40,23,15,
14.846,-2,10,16,11,
14.8474,0,6,17,6,
14.8487,3,29,9,1,
14.8501,13,37,18,6,
14.8515,23,40,26,15,
14.8528,25,47,18,24,
14.8541,41,51,16,29,
14.8555,39,42,25,35,
14.8569,34,42,30,30,
14.8583,26,39,23,23,
14.8596,13,21,14,29,
14.8609,4,23,15,29,
14.8623,3,25,6,21,
14.8636,-11,5,14,5,
14.865,-11,5,14,5,
14.8663,-1,12,12,6,
14.8676,37,28,34,23,
14.869,36,34,39,25,
14.8703,34,44,39,21,
14.8717,52,51,33,27,
14.873,56,47,34,34,
14.8744,56,47,34,34,
14.8758,48,42,33,23,
14.8771,8,24,29,10,
14.8784,4,26,19,20,
14.8798,-17,23,2,24,
14.8812,-14,13,13,16,
14.8826,-14,13,13,16,
14.8839,-4,20,18,13,
14.8853,12,22,16,16,
14.8867,26,41,21,19,
14.888,26,41,21,19,
14.8894,45,47,30,20,
14.8908,42,43,28,25,
14.8921,26,33,20,27,
14.8935,17,22,21,28,
14.8949,0,27,13,21,
14.8962,4,29,16,14,
14.8976,4,29,16,14,
14.8989,-12,17,15,6,
14.9002,2,13,4,3,
14.9016,20,32,8,7,
14.903,29,40,15,16,
14.9043,31,39,14,16,
14.9056,49,49,17,15,
14.907,52,48,23,29,
14.9084,45,41,27,23,
14.9097,26,25,29,22,
14.9113,25,22,15,13,
14.9126,5,11,4,6,
14.914,3,7,6,13,
14.9154,-10,12,-1,14,
14.9167,-20,7,7,6,
14.9181,-6,30,6,14,
14.9194,25,39,12,20,
14.9208,44,41,21,27,
14.9222,41,46,26,36,
14.9235,43,38,30,27,
14.9248,43,38,30,27,
14.9262,34,35,25,18,
14.9276,26,30,25,23,
14.929,16,36,27,25,
14.9303,-1,31,32,30,
14.9317,-11,26,27,22,
14.9331,-19,24,16,12,
14.9344,5,17,8,17,
14.9358,21,25,16,21,
14.9371,21,25,16,21,
14.9385,40,34,30,33,
14.9399,42,52,33,32,
14.9412,51,60,34,33,
14.9426,59,41,37,28,
14.944,59,41,37,28,
14.9453,40,37,27,30,
14.9467,28,24,24,24,
14.948,10,31,21,26,
14.9494,-5,22,18,15,
14.9507,5,21,21,7,
14.9521,10,29,19,9,
14.9534,22,26,13,19,
14.9548,35,34,28,33,
14.9562,57,49,31,42,
14.9576,64,48,31,38,
14.9589,64,48,31,38,
14.9603,60,46,37,44,
14.9616,45,54,43,41,
14.963,31,40,34,26,
14.9643,12,39,20,30,
14.9656,5,23,19,21,
14.967,-4,21,16,24,
14.9683,-4,21,16,24,
14.9697,1,26,18,29,
14.971,17,38,9,34,
14.9724,27,53,20,37,
14.9737,29,49,30,38,
14.9751,37,53,32,37,
14.9764,37,53,32,37,
14.9778,43,56,33,32,
14.9792,26,30,32,29,
14.9805,15,33,33,34,
14.9819,11,26,32,37,
14.9833,-2,13,20,23,
14.9846,-2,13,20,23,
14.986,3,14,20,21,
14.9874,2,18,15,22,
14.9887,2,18,15,22,
14.9901,24,36,22,29,
14.9915,41,42,37,28,
14.9928,56,42,36,36,
14.9941,56,42,36,36,
14.9955,42,41,34,30,
14.9969,17,25,28,27,
14.9982,8,15,17,29,
14.9996,11,19,21,29,
15.0009,-5,15,29,27,
15.0023,-5,5,21,28,
15.0037,-1,8,13,18,
15.005,14,18,17,15,
15.0064,30,22,17,29,
15.0077,46,28,23,25,
15.0092,53,42,30,24,
15.0107,45,50,47,39,
15.012,45,38,49,38,
15.0134,50,35,52,38,
15.0148,11,13,32,27,
15.0161,14,20,25,24,
15.0175,11,23,21,23,
15.0188,11,23,21,23,
15.0202,-7,17,13,23,
15.0215,-10,9,12,24,
15.0229,12,25,19,28,
15.0243,25,32,19,26,
15.0257,38,39,24,28,
15.0271,49,37,25,34,
15.0284,52,40,28,27,
15.0297,40,38,38,37,
15.031,29,30,37,38,
15.0324,8,23,28,18,
15.0337,5,17,29,23,
15.0351,5,17,29,23,
15.0365,-6,8,24,26,
15.0379,-7,-1,11,17,
15.0392,-13,-5,16,9,
15.0406,11,25,35,12,
15.042,17,41,38,20,
15.0434,17,41,38,20,
15.0447,40,48,31,32,
15.0461,36,36,33,32,
15.0474,24,35,30,27,
15.0488,15,15,22,27,
15.0501,6,14,15,21,
15.0515,6,14,15,21,
15.0528,6,14,15,21,
15.0542,-14,5,9,10,
15.0555,-10,14,7,15,
15.0569,9,4,14,16,
15.0582,11,1,14,17,
15.0596,32,27,29,23,
15.061,37,34,32,34,
15.0623,43,33,32,25,
15.0637,28,18,26,22,
15.065,25,28,31,24,
15.0664,25,28,31,34,
15.0678,8,16,30,30,
15.0691,8,16,30,30,
15.0705,5,15,24,26,
15.0719,-21,5,18,11,
15.0733,-10,15,13,9,
15.0746,0,20,15,17,
15.076,20,19,31,19,
15.0773,30,37,39,26,
15.0787,43,42,35,39,
15.08,31,32,35,34,
15.0814,31,32,35,34,
15.0827,17,32,34,36,
15.084,15,30,29,36,
15.0854,-1,17,23,35,
15.0867,-14,10,19,20,
15.0881,-24,15,11,11,
15.0895,-20,8,14,12,
15.0909,-8,9,12,17,
15.0922,-1,7,14,16,
15.0936,28,14,26,20,
15.0949,37,32,30,25,
15.0962,37,32,30,25,
15.0976,46,22,24,33,
15.099,35,26,22,26,
15.1002,22,25,27,29,
15.1016,10,7,26,24,
15.103,1,11,19,27,
15.1043,7,14,21,20,
15.1056,-6,-4,25,15,
15.107,-5,-7,21,17,
15.1083,-5,-2,10,14,
15.1097,-8,4,9,13,
15.1111,10,17,21,21,
15.1124,19,16,30,31,
15.1138,33,22,31,35,
15.1151,40,25,37,35,
15.1164,29,7,36,30,
15.1178,26,2,25,28,
15.1192,10,-2,14,29,
15.1206,2,-7,7,23,
15.1219,2,-7,7,23,
15.1233,-19,-17,8,26,
15.1246,-7,-18,4,13,
15.126,-9,-6,12,16,
15.1274,1,1,15,19,
15.1287,20,9,21,11,
15.13,33,10,23,23,
15.1314,43,15,32,24,
15.1327,47,11,36,28,
15.1341,25,9,33,24,
15.1354,6,-7,19,17,
15.1368,6,-7,19,17,
15.1381,-5,-3,19,11,
15.1395,3,0,16,9,
15.1409,-12,-14,21,10,
15.1423,-20,-21,16,14,
15.1436,20,3,34,30,
15.145,20,3,34,30,
15.1464,27,9,37,27,
15.1477,38,31,31,38,
15.149,53,43,41,44,
15.1503,46,45,38,37,
15.1517,37,36,41,35,
15.153,18,26,50,42,
15.1544,11,9,40,38,
15.1558,11,9,40,38,
15.1572,10,9,40,27,
15.1586,-8,3,31,25,
15.16,-5,4,28,20,
15.1613,6,9,36,25,
15.1626,23,26,32,34,
15.164,40,39,24,31,
15.1653,56,41,41,40,
15.1667,52,41,45,41,
15.1681,46,37,49,41,
15.1694,37,21,37,46,
15.1708,37,21,37,46,
15.1722,15,24,26,41,
15.1736,5,14,22,28,
15.175,-5,15,23,23,
15.1765,-14,11,20,20,
15.1779,-5,2,14,30,
15.1792,17,9,21,28,
15.1806,31,28,23,37,
15.1819,44,33,37,49,
15.1833,50,35,50,44,
15.1846,30,34,48,41,
15.186,30,34,48,41,
15.1874,8,30,48,41,
15.1887,8,30,48,41,
15.19,13,23,36,26,
15.1914,-14,16,32,26,
15.1927,-12,9,20,21,
15.1941,-12,9,20,21,
15.1954,-1,12,20,21,
15.1968,17,18,23,26,
15.1981,34,30,33,29,
15.1995,28,28,30,31,
15.2008,35,31,34,25,
15.2021,35,31,34,25,
15.2035,35,31,34,25,
15.2048,8,29,40,33,
15.2062,-6,12,43,27,
15.2076,2,8,36,32,
15.2089,3,14,29,24,
15.2103,-11,6,19,20,
15.2117,-12,-3,20,28,
15.213,-9,4,26,30,
15.2144,22,20,49,32,
15.2158,22,20,49,32,
15.2171,36,31,45,40,
15.2185,51,31,48,42,
15.2199,37,29,48,48,
15.2212,37,29,48,48,
15.2226,11,16,42,29,
15.224,8,19,36,25,
15.2253,-1,23,40,29,
15.2268,-13,14,32,35,
15.2281,-9,8,20,25,
15.2294,-14,6,17,23,
15.2308,-2,13,29,26,
15.2322,36,21,34,41,
15.2336,36,21,34,41,
15.235,42,20,37,38,
15.2364,38,31,50,52,
15.2377,25,35,60,49,
15.2391,25,35,60,49,
15.2405,8,9,62,43,
15.2418,5,1,52,45,
15.2432,0,3,43,38,
15.2446,-19,3,37,30,
15.246,-16,4,31,34,
15.2474,-16,4,31,34,
15.2488,10,-3,26,35,
15.2502,26,5,37,35,
15.2516,28,18,49,41,
15.253,28,17,58,47,
15.2544,25,16,66,44,
15.2558,27,23,55,39,
15.2571,6,21,42,39,
15.2585,6,21,42,39,
15.2599,-14,3,41,35,
15.2612,-11,-12,29,28,
15.2626,-23,-11,32,33,
15.264,-20,-4,30,22,
15.2654,-8,-3,32,22,
15.2667,10,4,39,30,
15.2681,15,20,39,30,
15.2694,26,20,65,43,
15.2708,16,27,66,44,
15.2721,16,27,66,44,
15.2735,13,19,65,43,
15.2748,13,5,57,43,
15.2762,6,2,51,36,
15.2775,1,0,47,25,
15.2789,-32,-18,31,19,
15.2802,-32,-18,31,19,
15.2816,-18,-23,32,12,
15.283,-1,-4,34,18,
15.2843,24,-1,37,22,
15.2857,32,17,45,22,
15.287,29,13,55,49,
15.2883,29,13,55,49,
15.2897,29,13,55,49,
15.2911,32,18,61,50,
15.2924,1,-6,46,35,
15.2938,-8,-14,42,36,
15.2952,-7,-15,28,27,
15.2965,-16,-7,16,23,
15.2978,-13,-11,17,23,
15.2992,3,-3,26,20,
15.3005,14,11,39,30,
15.3019,13,10,50,34,
15.3033,24,13,54,37,
15.3046,24,13,54,37,
15.306,35,9,46,42,
15.3074,35,9,46,42,
15.3087,29,9,47,49,
15.3101,9,11,41,44,
15.3114,3,10,26,42,
15.3127,-14,5,24,28,
15.3141,-23,-8,24,17,
15.3155,-19,-14,24,24,
15.3168,-6,-2,28,30,
15.3182,19,8,38,34,
15.3196,43,18,44,45,
15.3209,43,18,44,45,
15.3223,65,23,45,53,
15.3237,56,19,54,49,
15.325,50,7,58,51,
15.3264,28,6,53,49,
15.3277,-4,7,34,35,
15.329,0,-6,34,31,
15.3304,0,-6,34,31,
15.3318,-21,-14,23,29,
15.3331,-19,-6,28,28,
15.3345,0,2,37,30,
15.3359,19,10,40,44,
15.3372,32,15,37,52,
15.3386,32,15,37,52,
15.3399,42,13,46,48,
15.3413,42,21,46,44,
15.3427,33,10,45,43,
15.344,26,2,43,46,
15.3454,-8,-5,27,49,
15.3467,-8,-5,27,49,
15.3481,-5,-18,17,40,
15.3495,-13,-12,17,25,
15.3509,-13,-12,17,25,
15.3522,4,-16,23,36,
15.3536,32,-10,28,37,
15.355,46,14,42,43,
15.3563,41,20,48,45,
15.3577,44,34,58,52,
15.359,53,23,44,41,
15.3604,29,12,42,44,
15.3617,6,4,43,42,
15.3631,5,10,48,39,
15.3644,-4,-2,43,37,
15.3658,-6,-16,41,24,
15.3671,-6,-16,41,24,
15.3685,5,-7,21,20,
15.3699,9,0,29,34,
15.3712,26,16,37,35,
15.3726,36,30,42,34,
15.3739,35,23,45,37,
15.3753,44,23,59,50,
15.3767,17,29,55,56,
15.378,4,19,46,46,
15.3794,8,11,36,40,
15.3807,8,11,36,40,
15.3821,1,7,32,31,
15.3835,-6,4,30,31,
15.3848,-16,-9,26,29,
15.3863,4,2,28,30,
15.3876,18,16,40,34,
15.389,35,22,55,43,
15.3904,35,15,54,51,
15.3918,39,24,51,47,
15.3931,30,24,39,44,
15.3946,33,19,45,43,
15.3959,31,14,45,47,
15.3973,13,12,37,50,
15.3987,12,5,27,36,
15.4001,-5,2,24,25,
15.4015,-20,0,25,23,
15.4029,1,11,25,34,
15.4042,18,19,37,38,
15.4056,23,27,40,46,
15.4071,27,38,39,47,
15.4084,43,48,40,47,
15.4098,45,43,48,54,
15.4112,46,40,55,59,
15.4126,37,33,57,52,
15.4139,7,17,49,39,
15.4153,-5,5,34,35,
15.4167,-11,1,23,26,
15.418,-9,-5,20,29,
15.4193,-8,-5,26,25,
15.4206,2,8,29,32,
15.422,12,24,39,34,
15.4233,33,32,49,33,
15.4247,33,32,49,33,
15.426,35,29,48,36,
15.4274,42,37,49,43,
15.4288,42,32,47,47,
15.4303,17,27,34,37,
15.4317,17,27,34,37,
15.4331,-1,15,37,26,
15.4345,2,2,38,26,
15.4359,6,-1,20,20,
15.4372,6,-1,20,20,
15.4386,-3,8,25,24,
15.4399,14,6,33,29,
15.4413,32,18,36,36,
15.4428,40,21,37,43,
15.4441,44,24,39,48,
15.4456,46,23,29,48,
15.447,37,20,31,48,
15.4483,27,9,38,40,
15.4496,0,7,27,18,
15.451,0,7,27,18,
15.4523,0,7,27,18,
15.4537,-4,6,19,22,
15.455,2,-5,16,30,
15.4563,14,1,18,38,
15.4577,30,16,31,46,
15.4591,43,23,36,53,
15.4604,51,18,37,42,
15.4618,60,16,37,31,
15.4632,48,36,42,48,
15.4645,25,26,40,42,
15.4659,1,15,22,29,
15.4672,3,7,23,31,
15.4686,3,7,23,31,
15.4699,5,-3,15,29,
15.4713,-7,-5,19,29,
15.4726,-3,-1,10,34,
15.474,26,17,14,33,
15.4753,49,29,32,38,
15.4767,45,27,40,47,
15.4781,44,31,30,48,
15.4794,39,40,36,53,
15.4807,20,19,34,50,
15.4821,10,11,29,47,
15.4834,10,11,29,47,
15.4848,3,1,31,35,
15.4862,7,-3,22,27,
15.4876,-6,-8,11,30,
15.489,-4,-14,13,28,
15.4903,6,-3,17,38,
15.4917,30,23,31,41,
15.493,30,23,31,41,
15.4944,45,33,38,45,
15.4959,44,37,39,50,
15.4972,43,31,38,43,
15.4986,35,19,31,43,
15.5,28,8,30,38,
15.5013,28,8,30,38,
15.5027,3,-3,26,39,
15.5041,-10,5,21,35,
15.5055,-23,-7,11,29,
15.5069,14,-7,14,31,
15.5082,25,14,21,32,
15.5096,25,14,21,32,
15.5109,41,23,33,39,
15.5123,54,30,29,44,
15.5137,54,30,29,44,
15.515,28,18,30,31,
15.5164,14,15,32,27,
15.5177,14,15,32,27,
15.5191,1,12,26,24,
15.5204,-6,6,16,26,
15.5217,-17,5,12,27,
15.5231,-14,-10,13,28,
15.5245,-1,-8,11,25,
15.5259,19,-5,23,21,
15.5272,33,8,20,33,
15.5286,37,27,34,44,
15.5299,37,27,34,44,
15.5313,51,20,30,40,
15.5327,45,15,30,31,
15.534,30,22,34,45,
15.5354,14,22,29,37,
15.5368,10,6,14,32,
15.5382,-11,10,18,28,
15.5395,-13,1,14,22,
15.5408,-12,-12,8,28,
15.5422,9,-1,14,31,
15.5436,9,-1,14,31,
15.5449,15,18,21,38,
15.5463,25,15,32,36,
15.5476,34,30,33,49,
15.549,29,29,33,48,
15.5504,19,25,37,34,
15.5518,23,23,36,34,
15.5531,21,8,29,31,
15.5545,3,7,26,28,
15.5559,-14,-13,5,21,
15.5572,-14,-13,5,21,
15.5586,-7,-22,5,17,
15.56,2,3,16,30,
15.5613,21,10,22,26,
15.5627,39,27,13,35,
15.5641,43,31,22,45,
15.5654,43,31,22,45,
15.5667,40,19,21,46,
15.5681,34,12,16,34,
15.5694,14,9,13,35,
15.5707,-2,3,7,40,
15.5721,6,0,10,30,
15.5734,-1,-14,5,31,
15.5748,-8,-20,6,27,
15.5762,-20,-20,3,19,
15.5776,19,3,10,31,
15.5789,28,21,7,28,
15.5803,28,21,7,28,
15.5817,37,28,24,35,
15.583,37,28,24,35,
15.5844,28,19,24,41,
15.5858,22,-1,18,45,
15.587,3,-7,15,32,
15.5884,3,-7,15,32,
15.5897,3,2,12,27,
15.5911,-9,-11,4,19,
15.5924,-1,-13,4,12,
15.5937,5,-4,9,14,
15.5951,24,17,11,34,
15.5964,24,17,11,34,
15.5977,24,17,11,34,
15.5991,32,21,22,30,
15.6004,59,35,29,40,
15.6017,49,18,32,42,
15.6031,31,1,28,34,
15.6044,16,-11,18,36,
15.6058,7,-6,14,27,
15.6072,2,-10,15,23,
15.6085,-16,-6,4,18,
15.6099,-10,2,3,22,
15.6112,-7,-2,9,26,
15.6125,14,3,6,36,
15.6139,14,3,6,36,
15.6152,41,11,12,37,
15.6166,38,17,23,39,
15.6179,35,23,34,48,
15.6193,38,21,14,45,
15.6207,38,21,14,45,
15.6221,29,20,14,44,
15.6234,10,-5,23,30,
15.6248,-2,-4,17,38,
15.6261,-6,-12,7,25,
15.6275,-8,-15,0,26,
15.6289,-8,-15,0,26,
15.6302,-8,-15,0,26,
15.6316,6,0,13,36,
15.633,49,15,31,49,
15.6344,56,15,30,50,
15.6358,40,14,27,38,
15.6372,24,9,31,35,
15.6385,24,9,31,35,
15.6399,9,-14,15,45,
15.6413,4,-13,10,35,
15.6427,4,-13,10,35,
15.644,-11,-7,1,33,
15.6454,-19,-10,2,22,
15.6468,-19,-10,2,22,
15.6482,7,-14,7,25,
15.6496,27,9,34,44,
15.651,22,12,27,47,
15.6524,40,19,21,42,
15.6537,41,9,18,40,
15.6551,24,4,11,42,
15.6564,24,4,11,42,
15.6578,10,-1,15,41,
15.6591,1,1,18,28,
15.6605,-15,-11,9,23,
15.6619,0,-16,5,30,
15.6632,2,-9,7,34,
15.6645,2,-9,7,34,
15.6659,33,11,20,48,
15.6672,27,17,17,48,
15.6686,34,21,16,50,
15.67,40,16,20,47,
15.6713,42,23,19,39,
15.6727,42,23,19,39,
15.6741,32,22,14,44,
15.6755,9,7,9,34,
15.6768,6,-5,11,34,
15.6782,-13,-13,1,31,
15.6796,-14,-13,-2,26,
15.681,1,-2,5,35,
15.6824,1,-2,5,35,
15.6837,35,12,17,40,
15.6851,44,27,23,38,
15.6865,60,33,25,48,
15.6878,47,22,20,56,
15.6892,28,23,16,53,
15.6905,28,23,16,53,
15.6919,7,2,8,42,
15.6932,3,2,8,37,
15.6946,3,1,1,33,
15.696,-6,-4,6,29,
15.6973,-7,7,10,34,
15.6987,16,2,13,29,
15.7,24,9,7,30,
15.7014,27,15,22,31,
15.7028,31,22,26,39,
15.7041,42,25,27,46,
15.7055,44,13,19,46,
15.7068,33,19,14,41,
15.7081,33,19,14,41,
15.7095,27,7,15,42,
15.7109,13,1,22,40,
15.7122,-4,-12,19,37,
15.7136,4,-13,4,33,
15.7149,11,-8,13,26,
15.7163,11,-8,13,26,
15.7177,26,11,16,33,
15.719,32,30,24,50,
15.7203,39,32,35,45,
15.7217,49,25,29,53,
15.7231,47,22,27,50,
15.7244,28,28,28,52,
15.7258,27,25,30,47,
15.7271,10,18,14,47,
15.7284,11,-5,20,40,
15.7298,0,-15,11,37,
15.7311,-10,-15,13,32,
15.7324,-10,-15,13,32,
15.7338,-3,-1,13,35,
15.7352,16,10,20,48,
15.7365,27,28,23,51,
15.7379,50,25,30,68,
15.7393,50,25,30,68,
15.7407,59,30,35,73,
15.742,34,23,18,66,
15.7433,15,10,11,54,
15.7446,5,-1,0,44,
15.746,12,-9,7,41,
15.7474,2,-14,6,30,
15.7487,1,-7,-3,34,
15.7502,1,-7,-3,34,
15.7515,19,13,22,35,
15.7528,34,30,29,40,
15.7542,49,29,32,36,
15.7555,63,33,36,38,
15.7569,57,34,32,42,
15.7582,45,30,20,44,
15.7596,23,10,20,49,
15.7609,9,1,15,45,
15.7623,-3,2,4,34,
15.7636,-14,7,-3,34,
15.765,-14,7,-3,34,
15.7663,-9,8,-10,27,
15.7677,-6,4,2,22,
15.769,26,10,8,31,
15.7704,41,16,22,31,
15.7718,41,27,29,35,
15.7731,48,38,28,41,
15.7745,41,28,22,45,
15.7758,31,30,22,42,
15.7772,24,30,12,33,
15.7785,19,16,6,32,
15.7799,10,-1,7,33,
15.7812,5,-1,7,29,
15.7826,-5,-11,1,20,
15.7841,-9,-3,7,7,
15.7854,4,13,5,10,
15.7868,32,17,14,38,
15.7882,33,24,20,32,
15.7895,29,35,29,34,
15.7909,46,43,35,46,
15.7922,42,37,23,41,
15.7936,42,37,23,39,
15.795,13,9,7,45,
15.7963,4,4,13,41,
15.7977,6,4,11,33,
15.7991,6,4,11,33,
15.8004,-5,-2,-2,24,
15.8018,-10,-10,8,26,
15.8032,2,0,11,28,
15.8045,40,17,22,29,
15.8059,34,32,31,34,
15.8072,34,32,31,34,
15.8086,33,33,32,36,
15.81,31,26,20,28,
15.8113,17,32,23,41,
15.8127,17,19,10,39,
15.8141,10,12,13,28,
15.8154,10,12,13,28,
15.8167,5,11,15,22,
15.8181,-7,-1,10,18,
15.8194,5,1,8,27,
15.8208,17,2,11,31,
15.8222,43,22,21,34,
15.8236,52,30,20,45,
15.8249,52,34,25,51,
15.8263,47,24,21,46,
15.8276,46,32,24,41,
15.8289,38,27,24,40,
15.8303,33,9,14,36,
15.8316,19,10,10,30,
15.833,12,9,7,31,
15.8344,0,2,4,23,
15.8358,1,3,10,15,
15.8371,-1,2,16,19,
15.8385,24,10,22,24,
15.8399,44,16,22,28,
15.8413,44,16,22,28,
15.8428,39,28,22,31,
15.8441,27,26,28,37,
15.8455,32,19,25,42,
15.8468,21,23,17,47,
15.8482,12,11,8,41,
15.8496,14,10,4,32,
15.851,-2,5,9,30,
15.8523,-6,11,10,29,
15.8537,2,18,16,32,
15.8551,2,18,16,32,
15.8564,31,21,16,27,
15.8578,50,36,29,25,
15.8591,55,27,22,38,
15.8605,49,42,26,49,
15.8619,36,39,24,51,
15.8632,32,14,14,45,
15.8645,27,11,8,31,
15.8659,17,10,19,32,
15.8672,15,12,25,29,
15.8686,-2,13,10,24,
15.8699,-5,11,4,18,
15.8713,2,8,13,20,
15.8726,13,2,23,24,
15.874,43,20,25,35,
15.8753,51,35,24,42,
15.8767,43,36,33,38,
15.878,43,38,38,39,
15.8793,30,32,15,39,
15.8807,14,35,17,33,
15.8821,-1,19,25,28,
15.8834,-6,11,25,29,
15.8848,-6,11,25,29,
15.8861,-10,14,21,30,
15.8875,1,5,18,27,
15.8889,6,20,10,33,
15.8902,31,22,19,40,
15.8916,31,22,19,40,
15.8929,41,17,27,37,
15.8943,53,27,37,47,
15.8957,37,32,35,50,
15.897,31,31,18,42,
15.8984,31,31,18,42,
15.8997,20,17,13,37,
15.9011,11,0,8,28,
15.9025,3,10,3,29,
15.9038,-20,1,10,23,
15.9052,-23,5,7,18,
15.9065,12,23,11,19,
15.9079,12,23,11,19,
15.9093,31,24,24,30,
15.9106,54,34,30,34,
15.912,54,32,31,38,
15.9134,38,28,32,36,
15.9148,40,35,24,33,
15.9162,30,27,24,36,
15.9175,30,27,24,36,
15.9189,4,9,24,27,
15.9202,2,10,20,22,
15.9216,-5,10,14,20,
15.923,17,7,21,28,
15.9243,29,22,25,31,
15.9257,29,22,25,31,
15.9271,42,34,25,33,
15.9284,43,31,29,40,
15.9298,43,31,29,40,
15.9312,46,30,36,37,
15.9325,28,13,27,33,
15.9339,28,13,27,33,
15.9353,20,3,19,20,
15.9366,1,6,14,24,
15.938,-16,2,9,19,
15.9393,-5,12,8,14,
15.9406,27,4,26,13,
15.942,27,4,26,13,
15.9434,40,24,35,25,
15.9448,38,32,35,31,
15.9461,51,38,40,34,
15.9475,68,49,45,30,
15.9488,50,38,35,35,
15.9502,29,26,26,39,
15.9516,16,28,13,31,
15.9529,6,20,14,22,
15.9543,6,0,15,15,
15.9557,3,7,18,11,
15.9571,6,12,26,14,
15.9585,12,16,21,31,
15.9598,12,16,21,31,
15.9612,26,27,13,28,
15.9625,47,41,23,37,
15.9639,64,35,28,40,
15.9653,44,34,28,33,
15.9667,45,31,23,28,
15.968,32,30,21,30,
15.9694,10,16,26,33,
15.9708,19,13,29,25,
15.9722,2,9,6,10,
15.9735,13,10,8,20,
15.9749,13,10,8,20,
15.9763,10,11,10,18,
15.9776,25,22,20,16,
15.979,45,28,25,20,
15.9803,73,48,26,43,
15.9817,59,43,32,42,
15.983,53,31,38,37,
15.9844,53,31,38,37,
15.9858,36,11,33,37,
15.9871,9,19,16,28,
15.9885,-1,11,12,18,
15.9899,-5,-2,12,16,
15.9912,-2,-3,6,21,
15.9925,10,14,0,17,
15.9938,14,18,0,14,
15.9952,38,27,14,23,
15.9965,47,30,24,32,
15.9979,57,41,21,41,
15.9993,52,42,23,46,
16.0007,46,35,24,38,
16.002,31,24,26,37,
16.0034,31,24,26,37,
16.0048,22,11,26,22,
16.0061,10,11,32,19,
16.0075,12,24,4,4,
16.0089,16,23,15,13,
16.0103,16,23,15,13,
16.0117,25,30,13,12,
16.013,40,33,24,18,
16.0144,57,43,24,23,
16.0157,55,46,37,38,
16.0171,46,46,43,38,
16.0185,46,46,43,38,
16.0199,33,32,34,33,
16.0212,34,29,18,25,
16.0226,32,15,12,16,
16.0239,3,18,15,24,
16.0254,9,19,8,18,
16.0268,9,19,8,18,
16.0282,26,12,13,21,
16.0297,40,27,26,36,
16.0312,40,27,26,36,
16.0325,53,35,33,28,
16.0339,67,40,29,37,
16.0353,66,27,28,38,
16.0367,55,31,21,37,
16.0381,28,22,12,33,
16.0395,25,17,8,31,
16.0409,14,11,18,23,
16.0424,1,21,22,20,
16.0437,2,23,27,13,
16.0451,2,23,27,13,
16.0465,21,11,20,15,
16.0478,56,32,25,21,
16.0492,48,39,34,28,
16.0507,68,40,34,32,
16.052,59,27,34,26,
16.0534,41,25,28,23,
16.0547,41,25,28,23,
16.0561,32,18,26,20,
16.0574,22,2,28,14,
16.0587,12,5,29,15,
16.0601,5,16,18,9,
16.0614,5,16,18,9,
16.0628,8,24,11,17,
16.0641,21,20,19,26,
16.0655,38,35,30,30,
16.0668,50,41,28,34,
16.0681,50,34,37,39,
16.0694,47,24,31,33,
16.0708,49,24,37,33,
16.0722,38,18,31,25,
16.0735,14,22,27,20,
16.0748,24,30,17,21,
16.0761,-2,11,24,12,
16.0775,-2,11,24,12,
16.0789,-2,11,24,12,
16.0802,28,21,11,17,
16.0815,29,35,19,21,
16.0829,42,38,30,35,
16.0842,48,40,39,35,
16.0856,79,34,40,34,
16.0869,79,34,40,34,
16.0882,55,30,28,36,
16.0896,20,18,30,35,
16.091,10,14,18,26,
16.0923,6,21,6,14,
16.0936,-8,13,5,8,
16.095,-8,13,5,8,
16.0963,10,-1,12,10,
16.0977,14,11,12,15,
16.0991,47,18,30,28,
16.1004,57,27,25,27,
16.1018,64,34,31,26,
16.1032,68,40,43,36,
16.1045,61,45,33,38,
16.1058,57,41,18,38,
16.1072,30,12,19,25,
16.1085,23,17,20,13,
16.1099,23,17,20,13,
16.1112,7,9,8,8,
16.1127,2,6,5,9,
16.114,8,11,10,3,
16.1153,9,12,9,3,
16.1167,52,26,24,16,
16.1181,52,26,24,16,
16.1194,57,22,28,25,
16.1208,74,42,24,21,
16.1222,62,26,24,20,
16.1235,41,30,30,31,
16.1249,24,27,31,25,
16.1263,21,29,31,21,
16.1276,21,29,31,21,
16.129,16,17,13,10,
16.1304,8,21,16,6,
16.1317,10,17,13,12,
16.1331,18,20,23,18,
16.1345,53,33,35,25,
16.1358,53,33,35,25,
16.1372,53,37,35,30,
16.1386,49,41,20,22,
16.14,52,27,19,23,
16.1413,52,27,19,23,
16.1426,15,23,16,19,
16.144,15,23,16,19,
16.1453,11,20,15,21,
16.1467,-2,17,16,7,
16.148,23,7,14,1,
16.1494,38,16,8,6,
16.1509,41,20,20,15,
16.1523,51,24,29,29,
16.1536,60,29,29,35,
16.155,76,28,41,29,
16.1563,61,35,30,30,
16.1577,61,35,30,30,
16.159,31,37,28,35,
16.1604,25,32,22,25,
16.1617,30,24,22,19,
16.1631,8,20,20,27,
16.1645,2,26,17,5,
16.1658,11,18,18,0,
16.1672,29,21,16,5,
16.1685,54,33,19,20,
16.1699,64,39,29,34,
16.1713,64,39,29,34,
16.1725,72,40,32,35,
16.174,68,24,23,31,
16.1753,45,22,19,26,
16.1768,29,24,20,29,
16.1782,28,20,22,22,
16.1795,35,19,11,10,
16.1809,24,18,9,4,
16.1823,13,22,7,8,
16.1836,35,23,12,16,
16.185,50,24,13,24,
16.1864,50,24,13,24,
16.1878,53,32,27,24,
16.1892,67,37,42,36,
16.1906,85,45,39,34,
16.1919,69,34,31,38,
16.1933,54,21,24,23,
16.1946,48,17,28,18,
16.196,39,20,24,12,
16.1974,19,12,28,16,
16.1988,29,17,20,-1,
16.2001,37,14,20,-4,
16.2015,44,26,28,3,
16.2029,44,26,28,3,
16.2042,64,28,29,11,
16.2055,79,39,32,12,
16.2069,89,49,38,22,
16.2082,84,28,44,16,
16.2096,61,20,37,24,
16.211,43,25,23,21,
16.2123,42,13,10,15,
16.2137,38,10,15,19,
16.215,23,18,6,12,
16.2164,16,15,2,-5,
16.2177,26,13,6,-8,
16.2191,43,14,11,-3,
16.2204,43,14,11,-3,
16.2218,63,37,26,26,
16.2232,62,42,30,34,
16.2245,78,35,27,23,
16.2258,76,35,32,17,
16.2272,76,35,32,17,
16.2286,62,26,13,11,
16.2299,43,9,7,4,
16.2313,18,7,13,4,
16.2327,18,7,13,4,
16.2341,9,5,14,2,
16.2354,33,16,12,6,
16.2368,33,16,12,6,
16.2382,57,30,29,17,
16.2396,65,39,28,21,
16.2411,82,44,27,20,
16.2425,79,37,31,23,
16.2439,69,35,32,20,
16.2453,61,28,18,15,
16.2467,48,27,20,3,
16.2482,48,27,20,3,
16.2496,48,27,20,3,
16.251,32,20,22,-2,
16.2524,9,17,21,-6,
16.2538,25,6,20,-8,
16.2551,34,8,15,-3,
16.2565,56,23,20,-1,
16.2582,58,33,20,7,
16.2596,68,33,27,10,
16.261,72,34,26,14,
16.2625,66,39,16,12,
16.2639,59,30,22,13,
16.2653,35,11,28,3,
16.2668,14,7,15,-4,
16.2682,9,12,19,-8,
16.2696,36,15,20,-1,
16.2711,36,15,20,-1,
16.2725,36,15,20,-1,
16.274,77,22,33,8,
16.2754,86,29,20,9,
16.2768,79,45,28,14,
16.2782,72,25,20,4,
16.2796,57,23,24,1,
16.281,35,12,19,-1,
16.2824,26,10,10,-2,
16.2838,26,10,10,-2,
16.2852,14,-2,9,-3,
16.2866,15,-7,5,-5,
16.288,31,-7,3,3,
16.2893,54,25,8,5,
16.2907,55,27,22,12,
16.2921,53,35,33,9,
16.2934,61,50,36,6,
16.2948,50,52,30,5,
16.2962,50,52,30,5,
16.2975,41,36,22,-2,
16.2989,27,8,4,-3,
16.3002,20,17,2,-15,
16.3016,20,17,2,-15,
16.303,7,17,-5,-5,
16.3043,12,13,-4,-8,
16.3056,26,19,-2,-4,
16.307,57,29,13,4,
16.3083,59,22,23,1,
16.3097,59,22,23,1,
16.3111,59,22,23,1,
16.3125,62,37,35,6,
16.3139,58,38,25,7,
16.3152,50,27,16,8,
16.3166,24,15,11,-5,
16.318,21,13,10,-15,
16.3194,21,13,10,-15,
16.3207,13,14,12,-24,
16.3221,16,17,4,-14,
16.3235,28,22,15,-1,
16.3248,45,27,27,-4,
16.3262,53,35,35,-11,
16.3275,53,35,35,-11,
16.3289,66,43,28,1,
16.3303,58,36,21,-2,
16.3316,50,28,22,-2,
16.333,26,23,20,-14,
16.3344,21,24,11,-19,
16.3357,21,24,11,-19,
16.3371,7,20,8,-26,
16.3385,10,10,8,-32,
16.3398,15,16,5,-19,
16.3412,15,16,5,-19,
16.3425,38,27,18,-14,
16.3439,49,37,12,-14,
16.3453,49,37,12,-14,
16.3468,70,45,25,-9,
16.3481,67,33,22,-12,
16.3496,45,21,24,-14,
16.351,25,3,9,-24,
16.3523,25,3,9,-24,
16.3537,15,8,14,-24,
16.3551,9,10,7,-33,
16.3564,9,10,7,-33,
16.3578,22,13,-2,-25,
16.3592,45,36,5,-20,
16.3605,45,36,5,-20,
16.3619,50,45,10,-17,
16.3633,61,43,10,-3,
16.3647,52,32,18,-3,
16.366,42,21,14,-12,
16.3674,19,5,7,-26,
16.3688,19,5,7,-26,
16.3701,23,18,2,-25,
16.3715,0,12,0,-30,
16.3728,6,9,7,-41,
16.3742,18,13,6,-49,
16.3755,25,16,14,-50,
16.3769,35,36,19,-47,
16.3782,48,49,20,-36,
16.3796,71,54,12,-21,
16.3809,51,39,25,-17,
16.3823,44,36,17,-20,
16.3836,33,36,13,-21,
16.385,16,34,7,-19,
16.3864,18,35,3,-34,
16.3877,18,35,3,-34,
16.3891,6,35,7,-39,
16.3905,-11,39,10,-49,
16.3918,9,40,19,-46,
16.3932,26,39,13,-31,
16.3946,35,55,18,-19,
16.3959,46,54,27,-10,
16.3973,60,60,25,-7,
16.3987,63,65,23,-17,
16.4001,50,65,22,-25,
16.4015,38,55,27,-28,
16.4028,38,55,27,-28,
16.4042,16,53,26,-20,
16.4056,18,48,19,-15,
16.4069,15,36,17,-24,
16.4082,15,48,10,-37,
16.4096,32,45,6,-48,
16.411,48,58,23,-37,
16.4123,56,60,33,-32,
16.4137,68,53,29,-24,
16.4151,78,58,22,-24,
16.4164,64,49,30,-25,
16.4178,43,50,24,-16,
16.4191,34,55,19,-12,
16.4204,18,47,24,-18,
16.4218,27,51,23,-17,
16.4232,11,40,6,-30,
16.4245,6,30,1,-27,
16.4259,23,39,6,-22,
16.4272,50,58,7,-20,
16.4286,50,58,7,-20,
16.43,74,67,16,-11,
16.4314,79,58,23,-2,
16.4327,85,58,29,8,
16.4341,58,53,23,2,
16.4355,49,53,29,-2,
16.4368,34,52,23,-20,
16.4382,28,44,13,-24,
16.4395,17,42,17,-21,
16.4409,17,42,17,-21,
16.4423,16,38,6,-19,
16.4437,21,39,4,-17,
16.4451,31,43,18,-13,
16.4465,53,50,34,-15,
16.4479,75,51,23,3,
16.4493,75,51,23,3,
16.4508,78,54,23,6,
16.4521,59,52,13,4,
16.4535,59,52,13,4,
16.4549,35,36,10,-7,
16.4563,28,39,11,-13,
16.4577,13,23,4,-25,
16.459,16,22,2,-23,
16.4604,31,31,4,-26,
16.4617,26,38,15,-26,
16.4631,45,46,21,1,
16.4644,60,40,33,-1,
16.4659,60,40,33,-1,
16.4672,76,53,31,-3,
16.4686,55,41,16,2,
16.47,55,41,16,2,
16.4713,45,35,22,4,
16.4726,32,35,21,3,
16.474,32,35,21,3,
16.4754,14,30,11,1,
16.4767,4,14,20,4,
16.4781,8,19,19,7,
16.4795,20,32,17,3,
16.4808,48,29,15,-1,
16.4822,48,29,15,-1,
16.4835,56,38,26,15,
16.4849,56,38,26,15,
16.4863,46,45,43,14,
16.4876,28,45,35,15,
16.489,19,34,29,10,
16.4904,7,15,16,13,
16.4917,7,15,16,13,
16.4931,-4,9,18,10,
16.4944,-8,11,14,5,
16.4958,12,29,11,4,
16.4971,35,38,20,15,
16.4985,35,38,20,15,
16.4998,44,39,26,12,
16.5012,36,40,30,16,
16.5025,42,42,36,20,
16.5039,15,48,49,21,
16.5053,0,42,45,21,
16.5067,-16,30,42,14,
16.508,-4,24,35,0,
16.5094,-6,23,17,2,
16.5107,-6,24,19,-6,
16.5121,-2,30,20,-4,
16.5134,-8,23,16,-4,
16.5148,6,28,19,9,
16.5162,19,41,26,27,
16.5175,21,39,26,27,
16.5188,24,38,31,30,
16.5202,30,43,33,23,
16.5216,17,38,35,17,
16.523,-8,29,22,9,
16.5243,-12,18,12,7,
16.5257,-24,12,13,2,
16.527,-44,5,10,-1,
16.5283,-40,6,18,1,
16.5297,-32,6,9,4,
16.5311,-8,22,17,1,
16.5324,5,35,26,12,
16.5337,5,35,26,12,
16.535,21,38,12,26,
16.5364,29,40,22,22,
16.5378,19,45,34,8,
16.5391,0,21,24,9,
16.5404,0,21,24,9,
16.5417,-10,27,20,9,
16.5431,-15,32,19,1,
16.5445,-38,9,6,-4,
16.5458,-38,9,6,-4,
16.5472,-23,16,8,2,
16.5486,-8,30,22,9,
16.55,-8,30,22,9,
16.5513,9,34,30,5,
16.5527,35,45,35,7,
16.5541,37,39,34,10,
16.5554,16,30,32,11,
16.5568,-8,24,16,2,
16.5581,-8,24,16,2,
16.5595,-25,27,18,0,
16.5608,-25,27,18,0,
16.5622,-37,3,7,-4,
16.5636,-38,8,17,-7,
16.565,-23,16,19,3,
16.5664,-16,16,19,2,
16.5677,2,36,28,5,
16.5691,15,36,36,17,
16.5704,36,37,31,32,
16.5717,20,34,24,30,
16.5731,23,37,25,31,
16.5745,5,23,16,16,
16.5758,5,23,16,16,
16.5772,-3,20,16,12,
16.5785,-13,22,19,10,
16.5799,-28,7,16,-9,
16.5812,-22,9,22,-12,
16.5826,-14,8,25,-2,
16.584,-6,7,28,7,
16.5853,10,24,37,14,
16.5866,24,34,35,27,
16.588,23,45,30,32,
16.5893,29,42,26,22,
16.5907,26,44,27,9,
16.5921,6,42,32,7,
16.5934,-15,26,30,9,
16.5948,-18,25,19,14,
16.5961,-10,13,20,14,
16.5976,-30,4,9,-1,
16.5989,-24,11,14,8,
16.6002,-19,15,16,15,
16.6016,6,34,24,7,
16.6029,6,34,24,7,
16.6042,17,34,31,8,
16.6056,29,43,34,18,
16.607,13,43,35,18,
16.6083,-1,36,30,17,
16.6097,-1,26,26,17,
16.611,-21,21,15,15,
16.6123,-19,16,7,5,
16.6137,-30,14,7,7,
16.615,-40,12,21,1,
16.6163,-32,18,25,5,
16.6177,-18,24,12,3,
16.6191,-8,39,18,12,
16.6204,-2,42,27,25,
16.6217,7,34,31,14,
16.6231,25,39,32,20,
16.6244,13,39,22,14,
16.6257,8,33,29,9,
16.6271,8,33,29,9,
16.6284,-9,32,20,10,
16.6299,-28,22,6,-2,
16.6312,-28,22,6,-2,
16.6326,-35,17,6,-5,
16.634,-30,31,12,3,
16.6354,-19,34,13,6,
16.6368,-9,45,26,11,
16.6382,4,35,35,1,
16.6396,4,35,35,1,
16.641,4,35,35,1,
16.6424,-4,39,23,11,
16.6438,-14,38,25,9,
16.6453,-30,37,29,1,
16.6469,-40,38,14,-5,
16.6483,-42,38,20,-3,
16.6496,-46,19,13,-13,
16.651,-52,13,21,-3,
16.6523,-40,18,20,4,
16.6537,-6,36,22,0,
16.6551,-6,36,22,0,
16.6566,-6,36,22,0,
16.6579,3,55,32,15,
16.6592,2,43,28,18,
16.6606,-17,51,24,10,
16.6619,-29,40,16,-2,
16.6633,-48,38,16,0,
16.6647,-58,35,13,3,
16.6661,-69,29,5,-3,
16.6674,-56,33,5,-3,
16.6688,-56,33,5,-3,
16.6701,-44,39,26,11,
16.6715,-25,37,28,13,
16.6729,-20,49,21,17,
16.6743,0,58,27,23,
16.6756,-6,56,38,27,
16.677,-19,62,31,29,
16.6784,-31,63,19,30,
16.6797,-42,43,20,10,
16.6811,-45,41,19,16,
16.6824,-45,41,19,16,
16.6838,-49,43,27,12,
16.6852,-58,44,19,13,
16.6866,-58,44,19,13,
16.6879,-16,45,23,26,
16.6893,-6,51,30,29,
16.6906,-6,51,30,29,
16.692,-2,81,37,23,
16.6934,-14,74,31,27,
16.6948,-23,72,37,33,
16.6962,-32,66,37,26,
16.6976,-51,56,28,24,
16.699,-49,59,29,22,
16.7003,-46,57,22,22,
16.7017,-54,44,26,8,
16.7031,-50,53,30,4,
16.7044,-50,53,30,4,
16.7058,-22,57,40,11,
16.7072,-9,68,42,25,
16.7086,-14,72,39,28,
16.7099,13,96,40,31,
16.7113,6,93,50,35,
16.7126,6,93,50,35,
16.714,-26,75,37,25,
16.7153,-31,64,32,20,
16.7167,-38,64,27,20,
16.7181,-43,56,25,14,
16.7194,-43,54,25,13,
16.7208,-38,48,18,13,
16.7222,-38,48,18,13,
16.7235,-10,66,32,27,
16.7249,-5,83,34,34,
16.7262,8,84,39,26,
16.7276,6,70,38,31,
16.7289,6,70,38,31,
16.7304,-13,78,27,30,
16.7317,-28,74,23,27,
16.7331,-40,64,17,15,
16.7344,-59,54,24,7,
16.7358,-54,51,15,2,
16.7371,-42,53,12,12,
16.7385,-42,53,12,12,
16.7398,-34,56,15,18,
16.7411,-10,71,47,21,
16.7425,-6,78,40,13,
16.7439,3,82,41,18,
16.7452,-1,83,48,21,
16.7466,-14,83,40,20,
16.7479,-28,74,39,28,
16.7493,-39,56,27,15,
16.7506,-39,51,18,6,
16.752,-39,51,18,6,
16.7534,-47,39,26,4,
16.7547,-51,40,27,2,
16.7561,-51,50,17,8,
16.7575,-28,50,21,13,
16.7588,-1,62,41,20,
16.7602,-4,69,42,30,
16.7615,-4,69,42,30,
16.7629,5,77,26,23,
16.7642,3,75,33,12,
16.7656,-6,66,36,14,
16.7669,-24,53,30,8,
16.7682,-38,56,35,2,
16.7695,-49,44,28,1,
16.7709,-49,44,28,1,
16.7722,-49,46,26,2,
16.7736,-39,54,30,6,
16.775,-25,64,31,15,
16.7763,-10,74,28,29,
16.7777,-9,81,39,23,
16.779,-3,83,41,26,
16.7804,6,71,43,29,
16.7817,-8,67,48,31,
16.7831,-33,57,34,26,
16.7844,-40,44,26,25,
16.7858,-45,51,28,10,
16.7872,-45,51,28,10,
16.7885,-54,44,26,-9,
16.7899,-55,45,22,-11,
16.7912,-36,51,24,-2,
16.7926,-18,60,38,11,
16.7939,-18,60,38,11,
16.7952,4,65,26,14,
16.7965,13,72,29,11,
16.798,6,78,30,10,
16.7993,-28,65,37,12,
16.8007,-35,63,33,9,
16.802,-35,63,33,9,
16.8034,-35,63,33,9,
16.8047,-49,52,13,3,
16.8061,-63,49,16,-1,
16.8074,-65,54,21,-9,
16.8087,-28,48,29,3,
16.8101,-1,59,31,17,
16.8114,-1,59,31,17,
16.8128,11,81,35,23,
16.8142,6,80,25,15,
16.8155,0,74,34,12,
16.8169,-14,62,40,14,
16.8183,-18,52,34,1,
16.8196,-18,52,34,1,
16.8209,-28,52,27,5,
16.8223,-65,33,28,6,
16.8236,-59,45,24,0,
16.825,-56,55,27,-2,
16.8263,-36,66,37,-1,
16.8277,-9,70,38,10,
16.8291,-9,65,35,11,
16.8305,-5,69,27,15,
16.8318,-4,71,36,19,
16.8331,-7,81,43,21,
16.8345,-10,79,39,23,
16.8358,-37,67,23,13,
16.8372,-37,67,23,13,
16.8386,-41,65,19,14,
16.8399,-63,52,20,-1,
16.8413,-56,58,24,-3,
16.8427,-36,56,23,0,
16.8441,-24,72,24,6,
16.8454,-17,81,23,13,
16.8468,-17,81,23,13,
16.8482,6,83,44,4,
16.8495,-2,81,40,10,
16.8509,0,79,34,11,
16.8522,-13,84,26,4,
16.8535,-38,78,27,7,
16.855,-44,60,22,11,
16.8563,-49,60,22,-2,
16.8577,-52,47,22,-7,
16.8591,-34,52,30,-1,
16.8604,-35,61,36,7,
16.8618,-12,74,40,5,
16.8632,-12,74,40,5,
16.8645,2,77,44,11,
16.8659,0,87,56,17,
16.8672,-1,88,54,11,
16.8686,-4,84,42,21,
16.87,-12,72,31,26,
16.8713,-27,70,36,23,
16.8727,-35,74,40,18,
16.874,-48,57,29,13,
16.8754,-52,64,21,5,
16.8767,-52,64,21,5,
16.8781,-35,72,33,9,
16.8795,-21,81,45,21,
16.8808,-1,91,49,26,
16.8822,2,86,51,23,
16.8835,9,79,52,31,
16.8849,9,79,52,31,
16.8862,-4,77,44,29,
16.8876,-7,80,46,28,
16.8889,-31,67,57,23,
16.8903,-49,52,58,29,
16.8917,-63,55,53,22,
16.893,-56,54,50,12,
16.8944,-56,54,50,12,
16.8958,-35,59,59,19,
16.8971,1,92,68,44,
16.8985,11,97,76,46,
16.8999,14,91,77,52,
16.9012,2,67,73,50,
16.9026,2,67,73,50,
16.904,-21,58,62,34,
16.9053,-28,40,63,24,
16.9067,-36,38,48,18,
16.908,-49,30,44,8,
16.9094,-49,30,44,8,
16.9107,-61,26,36,2,
16.9121,-62,26,36,10,
16.9134,-42,34,31,26,
16.9148,-9,47,61,28,
16.9161,-2,50,65,27,
16.9175,9,52,65,36,
16.9189,7,53,74,37,
16.9202,-2,48,69,29,
16.9216,-18,42,57,23,
16.9229,-41,35,54,18,
16.9242,-63,22,48,14,
16.9256,-74,8,41,7,
16.9269,-88,-3,38,-5,
16.9283,-88,-3,38,-5,
16.9297,-59,-14,29,-3,
16.931,-46,-7,42,12,
16.9324,-14,-1,59,26,
16.9338,-2,5,62,31,
16.9352,-15,6,62,23,
16.9365,-15,6,62,23,
16.9379,-16,4,48,32,
16.9392,-14,-9,48,26,
16.9406,-14,-9,48,26,
16.942,-30,-12,44,26,
16.9433,-43,-16,34,36,
16.9447,-43,-16,34,36,
16.946,-27,-15,45,32,
16.9474,-6,-6,44,36,
16.9487,25,7,50,42,
16.9501,29,8,60,49,
16.9514,38,10,68,47,
16.9528,38,10,68,47,
16.9542,38,10,68,47,
16.9555,33,4,53,42,
16.9568,11,-2,46,40,
16.9582,-7,-9,48,44,
16.9595,-3,-12,56,32,
16.9609,-3,-12,56,32,
16.9622,-17,-21,49,34,
16.9636,-19,-9,37,40,
16.9649,8,14,29,54,
16.9663,32,18,46,48,
16.9677,31,17,50,43,
16.969,38,26,54,42,
16.9704,38,26,54,42,
16.9717,40,31,52,41,
16.9731,26,26,55,52,
16.9745,15,18,58,41,
16.9759,3,2,55,34,
16.9772,-18,-11,35,28,
16.9786,-18,-11,35,28,
16.98,-12,-6,37,27,
16.9813,-12,15,45,37,
16.9827,-7,28,53,46,
16.9841,11,31,55,47,
16.9855,36,41,64,50,
16.9869,35,39,66,50,
16.9882,35,39,66,50,
16.9897,26,29,64,48,
16.991,21,27,54,46,
16.9924,-5,24,56,42,
16.9937,-9,7,59,42,
16.9951,-14,-5,47,34,
16.9965,-20,-7,29,29,
16.9979,-17,2,40,38,
16.9992,-13,20,46,41,
17.0006,10,35,56,45,
17.002,39,43,68,57,
17.0033,38,41,80,63,
17.0047,40,43,84,70,
17.006,42,38,81,76,
17.0074,13,21,98,77,
17.0088,-12,25,94,77,
17.0102,-1,14,102,78,
17.0115,-14,1,95,79,
17.0129,-14,1,95,79,
17.0144,-34,-8,99,66,
17.0157,-26,2,92,49,
17.0171,-8,-1,96,47,
17.0185,17,2,101,61,
17.0198,17,1,100,76,
17.0212,37,6,99,85,
17.0225,45,-2,94,79,
17.0239,33,-6,97,73,
17.0253,-10,-26,94,65,
17.0268,-13,-30,89,53,
17.0281,-13,-30,89,53,
17.0294,-10,-26,78,50,
17.0309,-33,-31,63,48,
17.0322,-41,-41,53,33,
17.0337,-22,-35,74,25,
17.0351,-3,-10,82,43,
17.0364,12,-11,89,48,
17.0378,12,-19,87,44,
17.0391,11,-12,96,49,
17.0405,3,-6,91,51,
17.042,-13,-4,78,44,
17.0434,-28,-12,69,35,
17.0447,-34,-22,65,42,
17.046,-38,-34,65,35,
17.0474,-50,-38,64,27,
17.0488,-51,-55,60,26,
17.0502,-26,-47,59,27,
17.0515,-16,-28,54,31,
17.0529,11,-17,66,43,
17.0542,24,0,73,40,
17.0556,24,0,73,40,
17.0569,24,0,73,40,
17.0583,30,-8,89,55,
17.0596,15,-13,85,56,
17.061,11,-22,75,63,
17.0624,-13,-29,62,55,
17.0637,-17,-39,64,35,
17.0651,-17,-39,64,35,
17.0665,-14,-34,59,36,
17.0679,16,-32,59,45,
17.0692,16,-32,59,45,
17.0705,27,-15,67,47,
17.0719,36,-7,67,49,
17.0732,29,16,80,56,
17.0745,29,16,80,56,
17.0759,22,7,80,66,
17.0772,20,-5,76,69,
17.0786,8,-15,73,53,
17.0799,16,-18,77,43,
17.0813,-21,-30,55,49,
17.0826,-21,-30,55,49,
17.0839,-21,-30,55,49,
17.0853,-12,-24,57,46,
17.0867,12,-10,69,51,
17.0881,29,-1,74,64,
17.0894,35,16,81,71,
17.0908,47,18,76,68,
17.0921,35,12,79,61,
17.0936,24,4,79,52,
17.0949,12,-8,75,54,
17.0963,14,-18,71,46,
17.0976,14,-18,71,46,
17.099,-21,-22,41,40,
17.1004,-21,-22,41,40,
17.1018,-18,-15,38,39,
17.1031,-4,-17,48,36,
17.1045,17,-1,56,45,
17.1059,24,5,70,52,
17.1072,35,-2,74,54,
17.1086,34,9,66,55,
17.1099,33,2,63,50,
17.1113,33,2,63,50,
17.1126,18,4,69,55,
17.1139,0,-2,65,54,
17.1153,-4,-9,59,40,
17.1166,-20,-30,54,32,
17.118,-20,-30,54,32,
17.1194,-21,-33,45,39,
17.1208,-11,-17,36,42,
17.1221,25,4,68,57,
17.1235,42,18,72,64,
17.1249,58,23,65,64,
17.1263,58,15,65,65,
17.1278,44,10,75,66,
17.1291,14,10,68,59,
17.1305,10,1,65,49,
17.1319,2,-17,60,48,
17.1332,-13,-26,57,49,
17.1346,-24,-22,48,39,
17.1359,-3,-19,37,31,
17.1373,-10,-16,29,28,
17.1387,28,6,49,48,
17.1401,46,12,51,48,
17.1414,46,12,51,48,
17.1428,47,23,63,53,
17.1442,47,23,63,53,
17.1455,35,23,60,51,
17.1469,28,7,57,46,
17.1482,8,0,47,33,
17.1496,8,-13,38,25,
17.1509,8,-13,38,25,
17.1523,-7,-26,36,21,
17.1536,-4,-24,37,25,
17.155,8,-6,35,28,
17.1564,40,14,39,47,
17.1578,40,14,39,47,
17.1592,43,16,46,41,
17.1606,36,20,51,48,
17.1619,24,10,61,47,
17.1633,35,13,61,43,
17.1646,6,0,49,42,
17.166,7,1,44,33,
17.1674,2,1,37,37,
17.1687,-10,-18,21,26,
17.17,-4,-15,21,23,
17.1714,-6,-14,26,21,
17.1727,11,0,28,32,
17.1741,37,16,46,46,
17.1754,48,19,60,51,
17.1768,48,19,60,51,
17.1781,57,34,67,53,
17.1795,44,33,61,56,
17.1808,26,30,55,57,
17.1822,2,9,39,34,
17.1835,2,9,39,34,
17.1849,6,7,30,31,
17.1862,3,-9,26,36,
17.1876,1,-2,34,35,
17.189,1,-2,34,35,
17.1904,17,3,31,26,
17.1918,43,20,36,42,
17.1931,43,20,36,42,
17.1945,39,20,49,45,
17.1958,35,26,63,52,
17.1972,35,26,62,50,
17.1986,27,25,57,51,
17.1999,20,18,43,46,
17.2012,5,5,34,34,
17.2026,-5,-2,31,31,
17.204,-19,-3,21,30,
17.2054,-10,-4,29,23,
17.2067,-2,5,33,26,
17.2081,10,6,32,31,
17.2095,29,18,38,43,
17.2109,37,32,43,47,
17.2123,41,31,51,51,
17.2136,36,24,41,54,
17.215,18,14,36,52,
17.2163,10,17,29,42,
17.2177,-1,7,20,39,
17.2191,-1,7,20,39,
17.2204,-2,-3,21,34,
17.2218,-14,9,25,37,
17.2231,-15,6,29,24,
17.2245,-3,-5,36,24,
17.2258,27,14,32,27,
17.2272,32,34,43,35,
17.2286,40,34,58,46,
17.23,53,34,56,47,
17.2314,32,22,39,46,
17.2327,32,22,39,46,
17.2342,12,14,30,33,
17.2356,7,7,19,29,
17.2371,6,3,23,25,
17.2386,-9,-11,15,32,
17.2399,-7,-11,18,31,
17.2413,2,-7,23,29,
17.2427,34,31,37,38,
17.244,34,31,37,38,
17.2454,31,31,38,38,
17.2468,47,35,40,48,
17.2482,51,27,45,51,
17.2495,38,28,45,47,
17.2509,3,8,37,36,
17.2522,-5,5,32,46,
17.2536,-5,5,32,46,
17.2549,3,-4,20,33,
17.2563,-2,-3,19,29,
17.2577,0,-1,25,18,
17.2591,4,-1,23,16,
17.2604,26,24,24,29,
17.2618,33,25,21,35,
17.2631,48,31,24,46,
17.2644,55,36,32,47,
17.2658,33,29,23,40,
17.2671,23,27,19,38,
17.2685,19,25,14,26,
17.2698,15,15,17,19,
17.2711,15,15,17,19,
17.2724,0,8,19,19,
17.2738,-12,-10,9,22,
17.2752,-8,-6,21,20,
17.2765,12,10,32,20,
17.2779,18,26,37,20,
17.2792,39,35,43,25,
17.2806,51,38,40,25,
17.282,48,38,33,34,
17.2833,31,42,30,30,
17.2847,30,32,22,29,
17.2861,29,24,20,20,
17.2874,10,21,18,25,
17.2888,10,21,18,25,
17.2902,-4,11,16,20,
17.2915,0,3,8,8,
17.2928,3,7,11,12,
17.2942,14,15,18,25,
17.2956,34,27,32,33,
17.2969,33,29,25,36,
17.2984,42,31,24,35,
17.2998,48,38,23,38,
17.3011,41,24,32,32,
17.3025,27,17,35,26,
17.3039,27,17,35,26,
17.3052,17,9,29,24,
17.3066,5,12,20,30,
17.308,-16,5,16,22,
17.3094,-4,14,10,16,
17.3108,-1,24,16,17,
17.3122,17,33,34,31,
17.3135,33,42,32,31,
17.3149,37,33,26,31,
17.3163,58,40,33,31,
17.3176,29,43,39,33,
17.319,18,35,28,31,
17.3203,18,35,28,31,
17.3216,17,28,24,34,
17.323,2,27,19,35,
17.3243,-6,11,17,23,
17.3257,-11,7,10,23,
17.3271,-3,15,14,27,
17.3284,-3,15,14,27,
17.3298,12,11,26,24,
17.3312,39,28,34,33,
17.3325,50,40,29,28,
17.3338,50,51,40,30,
17.3352,45,41,43,34,
17.3365,30,42,28,34,
17.3379,30,42,28,34,
17.3392,13,24,27,25,
17.3406,1,5,20,29,
17.342,-15,-4,18,25,
17.3433,-11,-4,14,27,
17.3446,-9,2,13,16,
17.346,12,14,19,9,
17.3473,23,31,19,25,
17.3487,36,43,33,31,
17.3501,52,39,46,33,
17.3515,48,34,33,30,
17.3527,48,34,33,30,
17.3541,27,29,32,42,
17.3554,21,24,27,31,
17.3567,4,22,27,19,
17.3581,0,24,19,16,
17.3594,-20,5,12,14,
17.3607,-20,5,12,14,
17.3621,-13,-4,15,16,
17.3634,0,14,23,22,
17.3648,26,36,41,31,
17.3661,24,32,45,30,
17.3675,48,43,30,30,
17.3688,48,43,30,30,
17.3701,45,34,29,31,
17.3715,45,34,29,31,
17.3728,29,31,22,19,
17.3741,11,23,28,21,
17.3754,-3,16,33,16,
17.3767,-8,15,25,18,
17.3781,-9,16,17,20,
17.3795,-8,12,15,18,
17.3808,12,7,24,18,
17.3821,47,44,38,28,
17.3834,57,43,38,25,
17.3848,57,43,38,25,
17.3861,59,47,39,29,
17.3875,47,38,26,32,
17.3888,42,29,31,34,
17.3902,28,25,28,24,
17.3915,15,17,15,19,
17.3928,15,17,15,19,
17.3943,0,17,16,31,
17.3956,-4,17,26,8,
17.3969,4,9,15,14,
17.3983,16,22,17,19,
17.3996,43,38,28,21,
17.4009,53,41,30,29,
17.4023,63,46,32,33,
17.4036,69,46,29,34,
17.405,51,36,34,37,
17.4063,38,22,25,40,
17.4076,22,17,15,40,
17.409,16,24,13,27,
17.4104,4,11,25,26,
17.4117,-12,1,23,12,
17.4131,-19,5,19,18,
17.4145,14,7,19,17,
17.4158,14,7,19,17,
17.4171,37,21,24,25,
17.4184,45,36,33,31,
17.4198,43,39,36,39,
17.4211,40,31,40,38,
17.4225,40,31,40,38,
17.4239,41,32,39,34,
17.4252,18,32,25,23,
17.4266,-3,31,20,19,
17.428,-3,1,16,20,
17.4294,-11,-11,10,22,
17.431,-10,-3,8,20,
17.4323,-2,14,13,24,
17.4337,9,25,27,25,
17.4351,28,30,28,32,
17.4364,50,38,29,35,
17.4379,44,44,27,34,
17.4393,44,44,27,34,
17.4407,42,45,32,39,
17.4421,30,36,35,34,
17.4435,16,29,23,29,
17.4449,-11,17,14,21,
17.4463,-15,9,15,10,
17.4477,-15,9,15,10,
17.449,0,14,13,13,
17.4504,12,23,26,17,
17.4518,42,35,32,34,
17.4532,42,35,32,34,
17.4545,46,34,39,38,
17.4559,56,50,40,39,
17.4573,21,34,41,39,
17.4587,21,34,41,39,
17.46,27,19,34,32,
17.4614,3,12,27,35,
17.4629,-15,-6,22,31,
17.4642,-28,-12,13,31,
17.4656,-14,-3,18,18,
17.4669,-1,15,30,7,
17.4683,-1,15,30,7,
17.4696,38,39,34,14,
17.4709,54,39,29,30,
17.4723,60,38,33,46,
17.4737,54,43,33,40,
17.475,44,42,36,31,
17.4763,25,36,35,30,
17.4777,15,30,30,22,
17.479,2,14,29,20,
17.4803,-5,10,4,19,
17.4816,-5,10,4,19,
17.483,-6,20,25,26,
17.4843,3,21,31,19,
17.4856,3,21,31,19,
17.487,25,20,35,25,
17.4883,44,36,35,28,
17.4897,44,36,35,28,
17.4911,55,47,34,37,
17.4924,20,33,38,36,
17.4938,22,17,39,29,
17.4952,7,21,27,27,
17.4965,0,14,28,30,
17.4979,0,14,28,30,
17.4993,-11,7,27,13,
17.5006,-11,7,27,13,
17.502,14,14,16,21,
17.5033,36,20,24,15,
17.5047,48,29,28,27,
17.506,56,46,38,42,
17.5075,56,46,38,42,
17.5089,39,39,33,39,
17.5103,19,26,36,32,
17.5117,14,13,41,37,
17.513,-1,9,31,32,
17.5143,-5,12,19,21,
17.5156,-5,12,19,21,
17.517,-19,-3,4,18,
17.5184,-1,8,21,9,
17.5197,13,13,22,16,
17.521,24,28,24,25,
17.5224,32,31,31,26,
17.5238,44,36,36,38,
17.5252,48,37,47,43,
17.5266,41,40,41,36,
17.528,20,32,29,26,
17.5293,-3,32,22,27,
17.5307,-3,32,22,27,
17.5321,-11,13,18,27,
17.5335,-23,4,8,28,
17.5348,-17,12,6,15,
17.5362,-3,10,10,10,
17.5375,20,19,20,28,
17.5388,32,32,32,33,
17.5402,32,32,32,33,
17.5415,59,44,38,34,
17.5429,44,35,36,33,
17.5443,34,23,25,36,
17.5456,8,24,15,26,
17.547,8,24,15,26,
17.5484,11,27,15,28,
17.5497,-10,15,8,26,
17.5511,-20,4,9,23,
17.5524,-21,9,17,14,
17.5538,4,0,25,14,
17.5551,29,13,33,20,
17.5564,43,24,28,30,
17.5578,44,21,29,27,
17.5591,53,50,46,33,
17.5604,46,34,38,42,
17.5618,46,34,38,42,
17.5631,31,27,31,33,
17.5644,-2,20,20,25,
17.5658,-7,21,22,18,
17.5671,-16,6,15,8,
17.5685,-6,11,19,1,
17.5698,8,15,24,4,
17.5712,8,15,24,4,
17.5725,23,32,14,15,
17.5739,28,44,31,20,
17.5752,41,41,34,25,
17.5765,46,41,40,36,
17.5778,34,42,38,36,
17.5792,30,35,27,43,
17.5805,19,21,25,32,
17.5819,1,16,27,31,
17.5832,2,15,20,21,
17.5846,2,15,20,21,
17.586,-20,6,15,7,
17.5873,-14,10,17,8,
17.5888,-6,11,23,14,
17.5901,12,22,23,22,
17.5915,43,26,14,34,
17.5928,43,39,28,30,
17.5942,43,39,28,30,
17.5956,51,39,40,32,
17.5969,24,49,30,34,
17.5983,3,30,27,32,
17.5997,6,6,17,28,
17.601,6,6,17,28,
17.6024,6,6,17,28,
17.6037,-7,6,9,18,
17.6051,-6,2,10,8,
17.6065,2,8,17,19,
17.6079,40,21,21,17,
17.6092,40,21,21,17,
17.6106,47,35,36,18,
17.612,50,37,47,26,
17.6133,24,31,38,26,
17.6147,27,26,32,29,
17.6161,18,14,31,30,
17.6174,16,9,27,21,
17.6187,16,9,27,21,
17.6201,-11,-1,13,24,
17.6216,-11,19,17,24,
17.623,-7,15,14,24,
17.6244,16,13,22,29,
17.6257,49,35,29,37,
17.6271,49,35,29,37,
17.6285,63,53,35,35,
17.6298,50,43,32,34,
17.6313,36,37,34,33,
17.6327,18,34,27,31,
17.6341,-3,17,27,22,
17.6355,-3,17,27,22,
17.6369,-13,10,32,19,
17.6383,-12,8,15,13,
17.6396,-8,16,18,16,
17.641,12,32,22,23,
17.6424,34,39,26,34,
17.6438,42,50,27,34,
17.6452,34,54,22,26,
17.6466,51,45,21,33,
17.6479,46,36,24,34,
17.6493,42,28,26,32,
17.6507,0,15,25,17,
17.6521,-12,16,24,17,
17.6535,-12,16,24,17,
17.6549,-11,16,4,11,
17.6562,-10,11,13,21,
17.6576,11,6,19,17,
17.659,34,14,21,10,
17.6603,47,36,24,28,
17.6617,50,45,35,32,
17.6631,56,55,40,38,
17.6644,51,45,35,37,
17.6657,36,32,38,30,
17.667,30,27,38,35,
17.6684,13,6,22,25,
17.6698,12,15,26,22,
17.6711,12,15,26,22,
17.6725,-1,13,17,9,
17.6738,-1,13,17,9,
17.6752,2,15,22,12,
17.6765,9,15,19,23,
17.6779,36,33,25,24,
17.6792,36,33,25,24,
17.6806,45,48,27,22,
17.6819,43,30,25,34,
17.6833,29,38,31,27,
17.6846,29,39,32,20,
17.6859,15,24,23,19,
17.6872,5,22,20,17,
17.6885,-7,22,17,16,
17.6899,-12,8,7,9,
17.6913,-16,15,13,6,
17.6926,9,28,20,15,
17.694,26,32,21,17,
17.6953,31,43,29,25,
17.6966,33,35,25,25,
17.698,50,33,24,26,
17.6993,47,37,15,33,
17.7007,11,42,14,34,
17.7021,2,31,21,33,
17.7034,5,34,19,14,
17.7047,5,34,19,14,
17.7061,-8,32,10,2,
17.7074,-24,15,9,-3,
17.7088,-20,16,7,2,
17.7101,9,34,14,4,
17.7114,9,34,14,4,
17.7128,41,36,19,13,
17.7142,47,47,24,12,
17.7155,47,51,32,18,
17.7169,42,50,36,25,
17.7182,24,39,30,22,
17.7196,19,34,22,13,
17.7209,11,31,17,5,
17.7223,2,25,19,10,
17.7236,-3,15,15,8,
17.725,-11,17,5,-3,
17.7263,-15,18,-3,1,
17.7277,-7,25,2,6,
17.7291,19,33,7,15,
17.7304,38,41,20,20,
17.7318,58,44,35,31,
17.7332,43,51,34,27,
17.7345,37,46,31,25,
17.7359,18,42,20,25,
17.7373,18,42,20,25,
17.7386,5,32,12,25,
17.74,0,21,5,16,
17.7413,-23,13,1,-7,
17.7426,-17,17,-6,-2,
17.744,-6,22,-9,3,
17.7454,20,28,3,1,
17.7467,52,34,23,15,
17.7481,59,39,23,21,
17.7494,64,45,26,29,
17.7508,52,43,18,26,
17.7521,52,43,18,26,
17.7535,32,33,15,20,
17.7548,14,29,6,16,
17.7562,15,27,12,5,
17.7575,11,24,11,4,
17.7589,-20,24,7,-3,
17.7603,-13,32,5,-1,
17.7616,-13,32,5,-1,
17.763,28,31,10,2,
17.7643,36,42,9,12,
17.7657,33,48,7,22,
17.767,39,54,14,18,
17.7683,37,51,24,15,
17.7696,41,51,19,21,
17.771,41,51,19,21,
17.7723,-1,23,6,17,
17.7736,-5,14,13,6,
17.775,-2,8,10,-1,
17.7763,3,5,4,-3,
17.7777,9,17,-2,-1,
17.7791,18,22,9,1,
17.7804,21,29,13,0,
17.7818,35,47,20,22,
17.7831,35,47,20,22,
17.7845,41,51,25,17,
17.7858,36,59,16,24,
17.7871,36,59,16,24,
17.7885,19,40,6,27,
17.7899,21,33,5,17,
17.7912,11,31,9,0,
17.7926,-9,30,11,-8,
17.7939,-3,18,9,-9,
17.7953,-1,21,-2,0,
17.7966,2,43,11,7,
17.7979,2,43,11,7,
17.7992,37,56,15,11,
17.8006,50,64,15,15,
17.802,56,62,21,26,
17.8033,56,53,23,28,
17.8046,56,53,23,28,
17.8059,16,47,8,28,
17.8072,15,43,6,18,
17.8086,14,32,10,3,
17.81,-8,20,6,-3,
17.8113,-8,20,6,-3,
17.8126,-7,30,-2,-9,
17.814,11,40,17,8,
17.8153,11,40,17,8,
17.8167,33,49,20,15,
17.8182,35,50,26,19,
17.8195,51,70,33,22,
17.8209,54,70,31,18,
17.8223,38,48,21,20,
17.8236,17,47,12,21,
17.8249,-2,49,14,20,
17.8263,0,36,9,14,
17.8277,-2,30,1,-1,
17.829,-5,29,3,-4,
17.8304,-1,20,2,3,
17.8318,24,24,8,9,
17.8333,30,39,14,11,
17.8347,30,39,14,11,
17.8361,37,67,14,28,
17.8376,41,68,16,21,
17.839,26,40,20,15,
17.8403,7,35,16,7,
17.8417,3,27,4,1,
17.843,8,28,5,-1,
17.8444,5,35,13,1,
17.8458,5,35,13,1,
17.8472,-2,29,16,-7,
17.8485,20,37,-5,-10,
17.8499,26,48,3,8,
17.8513,39,63,13,10,
17.8526,43,67,18,19,
17.854,43,67,18,19,
17.8554,48,67,18,19,
17.8567,15,44,13,17,
17.8581,15,44,13,17,
17.8596,6,44,2,20,
17.8609,-6,36,7,8,
17.8623,-6,36,7,8,
17.8636,-11,28,2,9,
17.865,-1,32,3,7,
17.8663,13,39,8,5,
17.8677,44,63,7,8,
17.8689,44,63,7,8,
17.8703,52,68,7,15,
17.8717,46,64,18,19,
17.873,41,61,14,17,
17.8743,23,50,10,6,
17.8757,23,50,10,6,
17.877,8,46,-3,5,
17.8784,10,39,5,-1,
17.8798,-17,33,9,-1,
17.8811,-13,36,-1,-2,
17.8825,7,38,-2,-11,
17.8839,13,46,-3,-5,
17.8852,18,64,-2,2,
17.8866,33,66,2,2,
17.888,57,77,23,19,
17.8893,52,78,17,8,
17.8907,49,77,16,12,
17.892,41,62,13,15,
17.8934,18,62,6,8,
17.8947,4,63,1,0,
17.8961,4,63,1,0,
17.8974,-19,45,-10,-8,
17.8988,-14,38,-16,-7,
17.9002,-4,37,-8,-10,
17.9015,20,49,5,-12,
17.9029,33,57,10,7,
17.9042,25,68,6,8,
17.9056,37,71,14,2,
17.9069,26,75,6,3,
17.9082,26,75,6,3,
17.9095,21,64,13,12,
17.9109,-7,49,5,-2,
17.9122,4,50,4,-8,
17.9136,4,50,4,-8,
17.9149,-16,36,-14,-13,
17.9163,-16,36,-14,-13,
17.9176,-14,45,-9,-16,
17.9189,8,47,-1,-15,
17.9202,36,63,3,-2,
17.9216,40,80,8,-3,
17.923,40,80,8,-3,
17.9243,31,75,19,6,
17.9256,17,78,17,3,
17.927,11,77,0,-8,
17.9283,-5,66,-6,-3,
17.9296,-24,37,-3,-13,
17.9309,-24,37,-3,-13,
17.9322,-24,37,-3,-13,
17.9336,-37,50,-5,-26,
17.935,-9,53,-6,-21,
17.9363,18,64,2,-11,
17.9376,30,71,13,-7,
17.939,26,79,16,-6,
17.9403,36,89,8,7,
17.9417,38,92,12,19,
17.943,17,85,5,-4,
17.9443,9,73,14,-2,
17.9457,0,55,9,4,
17.9471,0,55,9,4,
17.9485,-11,51,2,3,
17.9499,-37,50,-1,-5,
17.9512,-44,55,8,-9,
17.9526,1,64,-3,-1,
17.954,18,71,3,-3,
17.9554,31,65,9,0,
17.9567,28,65,14,0,
17.9581,30,80,12,5,
17.9595,25,83,10,8,
17.9608,20,64,13,3,
17.9622,-2,70,11,5,
17.9635,-2,70,11,5,
17.9648,-21,72,9,1,
17.9662,-32,58,5,-5,
17.9675,-46,45,-2,-3,
17.9688,-32,44,-10,-17,
17.9702,3,66,11,-6,
17.9715,25,69,21,3,
17.9728,25,69,21,3,
17.9742,29,92,25,2,
17.9755,26,100,23,7,
17.9768,23,93,27,4,
17.9782,18,81,26,4,
17.9795,0,72,11,-1,
17.9808,0,72,11,-1,
17.9821,-14,66,13,-6,
17.9835,-14,65,20,-7,
17.9848,-27,56,4,-10,
17.9861,-17,61,5,-6,
17.9875,-3,76,18,-6,
17.9888,9,91,16,-5,
17.9902,26,93,27,3,
17.9915,34,115,36,7,
17.9928,29,130,42,14,
17.9942,3,122,39,25,
17.9955,3,122,39,25,
17.9969,5,93,27,23,
17.9982,-1,83,18,19,
17.9996,-2,86,13,5,
18.0009,-26,73,8,6,
18.0023,-23,57,-4,3,
18.0037,-7,57,11,2,
18.005,-7,57,11,2,
18.0064,8,70,21,5,
18.0077,33,93,22,3,
18.0091,47,97,20,17,
18.0104,47,97,20,17,
18.0118,22,90,25,10,
18.0131,10,77,26,3,
18.0145,10,77,26,3,
18.0158,-13,42,5,12,
18.0172,-22,48,-3,6,
18.0185,-22,44,1,1,
18.0198,-16,35,-1,-1,
18.0212,-12,37,-4,-1,
18.0225,9,50,-3,-2,
18.0239,25,66,5,4,
18.0253,25,67,24,6,
18.0267,33,69,16,4,
18.028,42,70,14,8,
18.0295,21,61,17,7,
18.0308,14,58,17,7,
18.0322,14,58,17,7,
18.0336,-7,52,4,1,
18.035,-26,46,0,-3,
18.0364,-26,46,0,-3,
18.0378,-31,37,-3,-6,
18.0392,-5,37,-4,0,
18.0406,-5,37,-4,0,
18.0425,23,58,5,5,
18.0438,25,69,20,5,
18.0456,31,67,17,7,
18.047,31,67,17,7,
18.0484,7,49,8,9,
18.0498,-4,35,3,12,
18.0512,-1,30,-3,6,
18.0525,-14,37,1,-7,
18.0539,-28,33,-5,-19,
18.0553,-12,36,-6,-12,
18.0567,-5,34,8,-8,
18.0581,22,56,19,-1,
18.0594,35,57,18,5,
18.0608,40,64,13,3,
18.0622,37,71,19,12,
18.0635,37,71,19,12,
18.0649,17,45,24,19,
18.0663,3,44,19,10,
18.0676,-10,32,6,0,
18.069,-16,36,-1,-3,
18.0703,-23,35,-7,-7,
18.0717,-26,32,1,-13,
18.0731,-21,28,12,-16,
18.0745,6,42,16,1,
18.0758,27,47,19,6,
18.0771,27,47,19,6,
18.0785,28,61,15,12,
18.0798,29,58,24,16,
18.0812,15,58,26,11,
18.0826,2,56,18,-3,
18.0841,-10,45,17,-5,
18.0854,-10,45,17,-5,
18.0868,-24,45,6,-6,
18.0882,-34,37,0,-16,
18.0896,-33,33,3,-8,
18.0909,-3,52,6,-3,
18.0922,20,61,14,2,
18.0936,20,61,14,2,
18.0949,22,64,19,4,
18.0962,33,67,17,7,
18.0976,35,60,28,12,
18.099,25,62,20,11,
18.1003,2,46,8,9,
18.1017,-18,29,5,14,
18.103,-18,29,5,14,
18.1044,-27,38,18,-7,
18.1058,-27,30,8,-10,
18.1071,-27,30,8,-10,
18.1085,-19,39,16,-1,
18.1099,8,56,19,1,
18.1112,8,56,19,1,
18.1125,21,58,25,5,
18.1139,31,72,26,6,
18.1152,20,62,25,5,
18.1165,7,61,14,2,
18.1179,2,57,19,10,
18.1192,-10,51,24,11,
18.1205,-11,39,17,8,
18.1219,-19,40,3,-2,
18.1232,-25,37,3,-2,
18.1245,-20,34,8,5,
18.1258,-20,34,8,5,
18.1272,-20,34,8,5,
18.1286,30,51,21,1,
18.1299,28,64,18,12,
18.1313,32,73,14,23,
18.1327,39,72,23,26,
18.1341,28,60,20,23,
18.1355,2,56,20,6,
18.1369,-12,52,19,-2,
18.1383,-23,46,18,3,
18.1396,-41,43,12,-5,
18.1409,-26,46,1,-2,
18.1423,-26,46,1,-2,
18.1437,-26,46,1,-2,
18.145,18,65,6,-5,
18.1464,24,64,10,1,
18.1477,25,71,20,9,
18.1491,30,79,16,12,
18.1505,30,79,16,12,
18.1518,8,73,16,14,
18.1532,-18,61,15,0,
18.1546,-30,53,16,-5,
18.156,-43,46,7,-13,
18.1574,-32,47,-1,-14,
18.1588,-26,41,1,-13,
18.1601,-26,41,1,-13,
18.1615,6,69,5,-2,
18.1629,21,77,6,-7,
18.1642,32,77,20,-3,
18.1656,33,90,22,2,
18.1669,13,87,20,7,
18.1683,13,87,20,7,
18.1697,13,87,20,7,
18.171,-14,66,2,10,
18.1724,-9,63,1,10,
18.1738,-13,58,2,3,
18.1751,-33,47,6,-7,
18.1765,-23,49,9,-7,
18.1778,-23,49,9,-7,
18.1792,-6,55,11,-2,
18.1806,16,78,24,4,
18.182,32,84,21,-1,
18.1833,35,87,22,-2,
18.1847,25,90,15,4,
18.186,25,90,15,4,
18.1874,23,72,10,1,
18.1888,-18,65,9,2,
18.1902,-21,58,4,3,
18.1916,-27,55,2,-6,
18.1929,-20,44,9,-17,
18.1943,-18,43,4,-13,
18.1956,-14,52,8,-2,
18.1969,21,67,11,0,
18.1983,18,71,16,0,
18.1997,36,84,11,7,
18.201,36,84,11,7,
18.2024,39,83,9,10,
18.2038,34,78,20,10,
18.2051,18,75,25,14,
18.2066,-5,45,17,-1,
18.208,-10,44,16,-5,
18.2093,-10,44,16,-5,
18.2107,-17,51,10,-2,
18.2121,-14,57,4,-8,
18.2134,-8,71,19,-3,
18.2148,14,86,24,2,
18.2162,34,85,23,12,
18.2176,34,85,23,12,
18.219,41,87,16,16,
18.2204,32,82,18,20,
18.2218,18,79,23,12,
18.2231,-21,43,17,5,
18.2245,-20,46,10,5,
18.2258,-34,39,1,7,
18.2272,-41,36,-1,2,
18.2285,-27,32,1,-7,
18.2299,-27,32,1,-7,
18.2313,12,56,8,4,
18.2326,30,70,18,9,
18.234,29,78,19,13,
18.2354,29,79,31,14,
18.2368,30,72,37,6,
18.2381,17,57,35,2,
18.2395,6,45,26,0,
18.2408,-8,40,12,7,
18.2422,-22,33,17,11,
18.2435,-26,37,12,3,
18.2449,-26,37,12,3,
18.2463,-16,43,3,10,
18.2476,-11,41,-3,7,
18.249,31,49,17,12,
18.2504,28,61,26,18,
18.2518,30,67,25,10,
18.2531,33,64,31,18,
18.2545,31,66,34,22,
18.2559,11,61,30,19,
18.2572,-1,46,19,9,
18.2586,-8,26,7,0,
18.26,-8,26,7,0,
18.2614,-24,23,7,8,
18.2628,-26,21,16,8,
18.2642,-32,17,15,9,
18.2656,3,17,11,14,
18.2669,28,42,28,18,
18.2682,37,45,23,24,
18.2696,37,45,23,24,
18.2709,45,41,37,37,
18.2722,35,43,31,35,
18.2735,22,43,23,29,
18.2749,-11,21,18,23,
18.2763,-11,21,18,23,
18.2776,-11,21,18,23,
18.279,-12,16,22,19,
18.2803,-9,0,19,29,
18.2816,9,8,20,30,
18.283,26,27,24,29,
18.2842,41,45,35,31,
18.2856,42,50,26,28,
18.287,54,48,20,35,
18.2883,60,50,29,39,
18.2897,19,26,26,32,
18.291,6,13,24,34,
18.2923,6,13,24,34,
18.2937,2,16,19,30,
18.295,0,13,21,30,
18.2963,-11,7,18,18,
18.2977,-9,7,19,12,
18.2991,11,12,17,13,
18.3004,35,21,17,29,
18.3018,35,21,17,29,
18.3031,29,42,34,39,
18.3044,55,37,45,45,
18.3058,45,35,44,50,
18.3071,37,38,41,34,
18.3084,29,25,39,26,
18.3098,15,21,27,22,
18.3111,15,21,27,22,
18.3124,4,20,29,23,
18.3138,-9,4,18,13,
18.3151,-10,-4,7,14,
18.3165,1,0,18,24,
18.3179,42,19,32,35,
18.3193,42,19,32,35,
18.3206,46,21,21,42,
18.322,58,36,35,32,
18.3234,36,33,32,33,
18.3247,36,33,32,33,
18.3261,4,19,28,34,
18.3274,4,19,28,34,
18.3288,-2,17,29,26,
18.3301,-17,-3,22,14,
18.3315,-7,-9,13,20,
18.3328,-5,-3,20,19,
18.3342,13,10,22,16,
18.3355,31,25,31,16,
18.3369,41,35,42,29,
18.3383,40,39,42,35,
18.3396,37,24,29,34,
18.341,37,24,29,34,
18.3424,21,15,20,22,
18.3438,13,11,14,23,
18.3451,3,6,14,26,
18.3465,-1,7,12,30,
18.3479,-7,3,8,21,
18.3492,-11,-4,5,25,
18.3506,-11,-4,5,25,
18.3519,6,10,18,23,
18.3533,42,27,26,26,
18.3547,52,32,33,20,
18.356,52,32,33,20,
18.3574,52,29,41,32,
18.3587,37,40,27,34,
18.3601,37,40,27,34,
18.3615,0,25,16,32,
18.3628,2,9,22,30,
18.3642,-8,7,13,32,
18.3655,-11,0,17,24,
18.3669,-11,0,17,24,
18.3682,-9,13,14,23,
18.3696,2,18,23,20,
18.371,26,31,28,21,
18.3723,45,40,34,23,
18.3737,40,44,36,24,
18.3751,35,50,29,35,
18.3764,35,50,29,35,
18.3778,26,38,32,30,
18.3791,-8,29,28,22,
18.3805,3,21,25,17,
18.3819,-6,8,19,17,
18.3832,-1,1,8,8,
18.3846,-1,1,8,8,
18.386,-1,1,8,8,
18.3873,26,21,19,21,
18.3887,40,26,24,29,
18.3901,43,30,26,30,
18.3914,51,38,23,33,
18.3928,47,35,28,37,
18.3941,47,35,28,37,
18.3955,41,21,29,32,
18.3969,7,13,26,31,
18.3982,-6,-1,14,33,
18.3996,-20,6,14,15,
18.4009,-13,0,16,7,
18.4023,-13,0,16,7,
18.4036,5,4,13,9,
18.4049,14,22,21,17,
18.4063,35,35,43,31,
18.4077,40,42,49,37,
18.409,48,44,55,33,
18.4103,41,45,48,34,
18.4117,25,36,37,35,
18.4131,7,17,29,35,
18.4144,-8,8,16,24,
18.4158,6,14,20,23,
18.4171,-14,5,16,24,
18.4185,-21,-10,8,21,
18.4199,-23,-9,17,22,
18.4213,-1,9,21,27,
18.4226,23,15,22,27,
18.424,43,24,34,39,
18.4253,52,35,34,42,
18.4267,37,43,31,32,
18.4281,33,44,30,34,
18.4295,33,44,30,34,
18.4309,31,30,28,32,
18.4322,14,14,31,26,
18.4337,4,8,24,16,
18.435,-5,6,8,6,
18.4364,0,18,11,18,
18.4378,1,7,10,23,
18.4392,13,6,13,22,
18.4405,39,36,25,34,
18.4419,51,40,24,38,
18.4433,47,42,26,36,
18.4447,47,42,26,36,
18.4461,23,40,26,35,
18.4475,27,37,32,28,
18.4488,1,8,30,22,
18.4502,9,10,28,15,
18.4515,-5,9,9,8,
18.4529,-11,7,13,11,
18.4543,-9,4,9,15,
18.4557,2,8,14,15,
18.4571,27,21,26,18,
18.4585,32,35,39,28,
18.4599,29,38,33,38,
18.4612,47,46,34,31,
18.4625,43,39,38,34,
18.4639,43,34,35,38,
18.4652,27,26,29,23,
18.4666,14,20,25,24,
18.468,-1,3,24,22,
18.4693,-1,3,24,22,
18.4706,-6,2,16,6,
18.472,-1,15,13,2,
18.4733,24,19,25,11,
18.4746,43,29,26,18,
18.4759,55,24,30,18,
18.4773,57,39,35,25,
18.4787,57,39,35,25,
18.48,46,46,36,31,
18.4813,22,36,32,31,
18.4826,8,28,29,25,
18.484,-1,29,22,33,
18.4853,-5,15,20,25,
18.4867,-14,1,8,22,
18.488,-20,-6,4,14,
18.4894,15,21,22,23,
18.4907,34,42,25,24,
18.4921,34,42,25,24,
18.4934,37,33,20,26,
18.4948,34,34,22,24,
18.4961,38,41,30,31,
18.4975,33,38,40,40,
18.4988,7,31,16,36,
18.5002,-7,24,26,32,
18.5016,-6,23,16,32,
18.503,-11,10,13,21,
18.5043,-11,10,13,21,
18.5057,-26,-2,22,9,
18.507,-5,19,11,24,
18.5084,25,24,19,30,
18.5098,45,37,24,27,
18.5111,44,39,30,21,
18.5124,48,46,41,20,
18.5138,56,42,36,20,
18.5152,44,43,27,30,
18.5165,24,36,26,32,
18.5179,6,26,26,26,
18.5193,4,20,25,17,
18.5206,4,20,25,17,
18.522,0,4,21,12,
18.5233,-12,-6,14,13,
18.5247,-12,1,15,13,
18.526,37,27,26,18,
18.5274,38,43,22,26,
18.5287,36,35,23,33,
18.5301,46,33,36,33,
18.5314,48,30,41,31,
18.5327,40,30,34,31,
18.5341,9,25,24,26,
18.5354,9,25,24,26,
18.5368,3,11,16,25,
18.5381,3,11,16,25,
18.5394,-15,8,16,14,
18.5408,-10,9,12,9,
18.5421,0,13,19,7,
18.5434,28,38,30,27,
18.5448,28,38,30,27,
18.5462,37,43,39,28,
18.5476,52,38,43,38,
18.5489,33,27,48,35,
18.5503,23,25,38,39,
18.5516,-1,14,25,30,
18.553,-1,14,25,30,
18.5543,3,14,29,25,
18.5557,-3,17,24,17,
18.557,-2,2,13,2,
18.5584,0,6,14,6,
18.5597,19,4,20,13,
18.5611,19,4,20,13,
18.5624,32,18,23,24,
18.5638,53,38,25,34,
18.5651,67,49,33,33,
18.5664,27,28,32,37,
18.5678,27,28,32,37,
18.5691,9,23,22,20,
18.5705,9,23,22,20,
18.5718,-4,6,10,29,
18.5731,-15,12,8,31,
18.5745,-12,9,12,22,
18.5759,6,8,24,31,
18.5772,6,8,24,31,
18.5786,25,23,27,26,
18.58,31,36,24,43,
18.5813,47,35,25,41,
18.5827,57,33,29,33,
18.584,41,29,29,34,
18.5854,11,23,24,28,
18.5867,11,23,24,28,
18.5881,0,13,22,29,
18.5894,3,11,25,31,
18.5908,-9,2,19,26,
18.5921,-10,2,15,21,
18.5935,2,2,15,19,
18.5948,29,9,18,14,
18.5962,39,35,22,29,
18.5975,60,42,20,42,
18.5989,60,42,20,42,
18.6002,40,41,32,42,
18.6016,25,40,26,42,
18.6029,16,25,32,37,
18.6042,19,13,35,28,
18.6055,-4,9,25,20,
18.6068,-2,15,18,17,
18.6082,-13,-5,27,13,
18.6095,-8,1,25,11,
18.6109,-8,1,25,11,
18.6122,32,34,26,28,
18.6135,52,33,35,37,
18.6149,52,33,35,37,
18.6162,63,30,37,42,
18.6176,57,42,29,32,
18.619,40,30,34,31,
18.6203,40,30,34,31,
18.6216,12,19,37,32,
18.6229,3,21,22,27,
18.6242,-7,19,18,26,
18.6256,-14,15,15,23,
18.627,-3,19,20,27,
18.6284,6,20,12,17,
18.6298,6,20,12,17,
18.6312,39,37,18,21,
18.6325,40,40,28,30,
18.634,48,48,40,30,
18.6354,58,38,41,37,
18.6368,47,33,23,30,
18.6382,29,23,18,16,
18.6395,5,24,19,25,
18.6409,-2,16,26,30,
18.6423,-11,8,12,24,
18.6436,-16,3,3,15,
18.645,-3,6,12,15,
18.6465,-3,6,12,15,
18.6478,38,19,13,22,
18.6491,49,42,28,26,
18.6505,46,41,39,24,
18.6519,43,32,42,26,
18.6532,37,28,29,23,
18.6546,37,28,29,23,
18.6559,30,23,14,24,
18.6573,8,11,12,31,
18.6595,-14,6,13,14,
18.6609,-29,2,10,19,
18.6622,-1,14,15,18,
18.6636,-1,14,15,18,
18.6649,30,27,21,13,
18.6663,37,47,39,27,
18.6677,43,54,42,33,
18.669,37,49,32,34,
18.6704,29,47,31,35,
18.6717,29,47,31,35,
18.6731,18,36,33,30,
18.6744,11,22,16,25,
18.6758,-1,16,29,27,
18.6771,-15,16,22,13,
18.6785,-7,9,18,14,
18.6798,16,22,21,10,
18.6812,16,22,21,10,
18.6826,34,29,27,10,
18.684,34,45,26,25,
18.6853,30,54,25,26,
18.6868,40,56,26,34,
18.6881,31,42,30,36,
18.6894,31,42,30,36,
18.6908,10,43,26,37,
18.6922,-3,25,30,22,
18.6935,-3,0,17,12,
18.6949,-7,-4,18,13,
18.6962,-10,15,22,19,
18.6976,9,21,19,17,
18.699,9,21,19,17,
18.7003,20,33,23,24,
18.7017,36,47,26,22,
18.703,63,57,30,30,
18.7043,58,44,29,33,
18.7057,40,41,28,26,
18.707,18,38,33,20,
18.7084,6,28,31,15,
18.7097,-1,22,15,15,
18.711,-5,7,13,19,
18.7123,3,13,15,15,
18.7137,3,13,15,15,
18.7151,14,9,15,19,
18.7164,19,18,22,22,
18.7178,39,29,18,28,
18.7192,38,38,28,24,
18.7206,43,54,23,32,
18.7219,35,58,20,28,
18.7233,35,58,20,28,
18.7246,27,34,13,25,
18.726,-1,23,13,21,
18.7273,6,28,16,17,
18.7287,-5,18,15,17,
18.73,-25,-1,9,7,
18.7313,-23,-1,6,7,
18.7326,-23,-1,6,7,
18.734,23,27,13,27,
18.7354,48,36,27,25,
18.7368,51,38,24,35,
18.7381,36,41,32,28,
18.7395,35,45,24,35,
18.7408,35,45,24,35,
18.7422,24,42,17,34,
18.7436,-3,27,24,27,
18.7448,-3,27,24,27,
18.7462,-8,24,20,24,
18.7476,-9,11,22,21,
18.7489,-9,11,22,21,
18.7503,-13,19,20,27,
18.7516,32,22,23,26,
18.753,39,29,23,28,
18.7543,52,47,23,25,
18.7557,50,47,34,30,
18.757,36,38,30,27,
18.7584,34,32,27,28,
18.7598,34,32,27,28,
18.7611,8,13,14,32,
18.7625,2,6,10,23,
18.7639,-4,-11,4,20,
18.7652,-4,8,16,21,
18.7666,-4,8,16,21,
18.768,4,11,21,17,
18.7693,19,17,24,23,
18.7707,35,24,24,32,
18.772,30,23,27,35,
18.7734,39,20,39,37,
18.7748,25,12,26,33,
18.7762,25,12,26,33,
18.7775,19,0,17,20,
18.7789,8,2,19,21,
18.7802,4,-7,20,18,
18.7816,-15,-14,26,14,
18.7829,-16,-22,22,16,
18.7843,-6,-16,8,15,
18.7857,16,2,26,22,
18.787,21,10,39,32,
18.7884,32,15,31,28,
18.7897,41,21,34,23,
18.7912,37,9,37,28,
18.7925,28,1,31,29,
18.7938,23,3,21,33,
18.7952,16,-2,11,26,
18.7965,-5,-33,18,27,
18.7979,-15,-57,18,18,
18.7992,-8,-57,14,7,
18.8006,-16,-52,-3,2,
18.8019,-16,-52,-3,2,
18.8033,-3,-60,6,4,
18.8047,16,-29,2,8,
18.806,11,-27,0,2,
18.8074,16,-33,-6,-17,
18.8088,-8,-36,-23,-35,
18.8101,-22,-25,-43,-55,
18.8115,-68,6,-81,-98,
18.8128,-156,-74,-166,-180,
18.8142,-343,-787,-365,-428,
18.8155,-425,-1139,-438,-525,
18.8169,-425,-1139,-438,-525,
18.8183,-462,-1384,-478,-588,
18.8196,-464,-1499,-485,-618,
18.821,-448,-1535,-471,-608,
18.8224,-432,-1492,-447,-588,
18.8237,-355,-1346,-411,-516,
18.8251,-339,-1252,-369,-479,
18.8265,-308,-1158,-339,-444,
18.8278,-292,-1062,-307,-415,
18.8292,-286,-995,-284,-389,
18.8306,-286,-931,-261,-349,
18.8319,-241,-860,-239,-320,
18.8333,-231,-798,-228,-289,
18.8347,-212,-731,-205,-269,
18.8361,-190,-662,-186,-254,
18.8374,-163,-614,-173,-230,
18.8388,-125,-568,-153,-209,
18.8402,-107,-481,-122,-183,
18.8416,-83,-454,-107,-165,
18.843,-96,-438,-102,-143,
18.8443,-96,-438,-102,-143,
18.8457,-104,-409,-102,-139,
18.8471,-107,-395,-101,-142,
18.8484,-112,-383,-99,-135,
18.8498,-126,-361,-96,-120,
18.8513,-126,-340,-94,-115,
18.8526,-119,-317,-83,-115,
18.8541,-104,-296,-76,-106,
18.8555,-104,-296,-76,-106,
18.8569,-65,-265,-62,-89,
18.8583,-55,-246,-55,-88,
18.8597,-39,-227,-47,-89,
18.861,-54,-211,-44,-70,
18.8623,-71,-204,-45,-76,
18.8637,-71,-204,-45,-76,
18.865,-76,-204,-49,-68,
18.8664,-67,-180,-52,-60,
18.8678,-80,-199,-63,-73,
18.8692,-80,-188,-55,-78,
18.8706,-67,-180,-45,-66,
18.8719,-45,-174,-42,-52,
18.8733,-45,-174,-42,-52,
18.8746,-27,-126,-43,-39,
18.876,-16,-124,-40,-44,
18.8774,-20,-104,-27,-49,
18.8788,-43,-114,-22,-53,
18.8801,-43,-114,-22,-53,
18.8815,-45,-112,-16,-52,
18.8829,-60,-108,-32,-49,
18.8842,-63,-108,-34,-40,
18.8856,-63,-108,-34,-40,
18.887,-55,-120,-28,-40,
18.8883,-44,-109,-34,-37,
18.8896,-44,-109,-34,-37,
18.891,-39,-95,-26,-37,
18.8923,-5,-66,-15,-35,
18.8937,3,-61,-9,-21,
18.895,-16,-54,-3,-20,
18.8963,-26,-72,0,-26,
18.8977,-26,-72,0,-26,
18.899,-26,-72,0,-26,
18.9004,-34,-74,-14,-29,
18.9017,-38,-78,-16,-31,
18.9031,-36,-74,-16,-33,
18.9045,-39,-72,-22,-31,
18.9058,-38,-65,-18,-16,
18.9072,-24,-49,-9,-9,
18.9085,-16,-32,-7,0,
18.9099,5,-24,-7,-1,
18.9112,17,-27,-5,-2,
18.9125,6,-28,-6,-4,
18.9139,-9,-26,1,-6,
18.9152,-9,-26,1,-6,
18.9165,-18,-32,4,-12,
18.9181,-29,-33,-1,-10,
18.9194,-35,-32,0,-10,
18.9208,-45,-36,0,-4,
18.9222,-31,-29,-9,-13,
18.9235,-24,-22,-6,-14,
18.9249,-6,-11,-1,-1,
18.9262,12,-9,4,9,
18.9275,14,-7,7,13,
18.9288,14,-7,7,13,
18.9302,6,-2,13,9,
18.9315,2,-3,8,9,
18.9329,-1,-12,13,16,
18.9343,-4,-17,5,3,
18.9356,-17,-14,-5,-3,
18.937,-28,-18,0,1,
18.9384,-16,-25,0,8,
18.9398,-9,-8,1,2,
18.9411,-12,-3,3,7,
18.9424,-12,-3,3,7,
18.9438,8,-8,17,13,
18.9451,10,3,15,17,
18.9466,28,17,22,13,
18.9479,19,-1,7,12,
18.9492,12,5,15,6,
18.9506,5,17,13,0,
18.952,-6,11,3,8,
18.9533,-17,3,2,12,
18.9547,-14,-22,-7,-2,
18.956,-5,-17,7,-5,
18.9573,-5,-17,7,-5,
18.9587,-5,-17,7,-5,
18.9601,20,11,17,11,
18.9614,26,19,13,23,
18.9628,24,11,9,20,
18.9642,12,15,16,16,
18.9655,15,13,13,14,
18.9669,15,13,13,14,
18.9682,8,-1,16,6,
18.9696,-5,1,12,4,
18.9709,-14,7,4,8,
18.9722,-14,7,4,8,
18.9736,-9,12,12,4,
18.975,-7,6,16,9,
18.9763,-7,6,16,9,
18.9778,21,20,27,5,
18.9791,24,26,29,13,
18.9804,24,31,32,29,
18.9818,31,16,15,34,
18.9831,14,11,8,25,
18.9845,14,11,8,25,
18.9858,12,16,7,19,
18.9872,9,1,9,11,
18.9885,8,1,4,19,
18.9899,-3,1,2,19,
18.9913,-6,10,13,18,
18.9926,-6,5,22,22,
18.9939,-6,5,22,22,
18.9952,29,23,31,8,
18.9966,19,32,22,18,
18.9979,25,22,23,27,
18.9993,31,19,28,32,
19.0006,19,12,25,19,
19.0019,19,12,25,19,
19.0033,7,14,28,16,
19.0046,5,1,4,18,
19.006,-3,2,14,15,
19.0074,-10,-11,13,12,
19.0087,5,3,8,10,
19.01,5,3,8,10,
19.0113,14,16,18,15,
19.0127,17,13,23,24,
19.0141,24,13,24,31,
19.0155,30,22,18,27,
19.0168,27,24,20,26,
19.0182,19,20,22,31,
19.0196,19,20,22,31,
19.0209,11,23,28,21,
19.0223,-8,6,15,14,
19.0237,-12,5,13,8,
19.0251,2,4,8,12,
19.0264,4,6,11,15,
19.0279,12,20,25,14,
19.0292,22,26,21,21,
19.0307,33,20,20,36,
19.0322,37,17,31,32,
19.0337,36,30,25,30,
19.035,16,19,15,25,
19.0364,16,19,15,25,
19.0378,21,17,13,28,
19.0392,6,23,16,25,
19.0405,6,5,18,14,
19.0419,-4,-3,17,10,
19.0433,-9,11,27,17,
19.0446,-5,11,30,21,
19.0461,-5,11,30,21,
19.0474,18,27,12,23,
19.0487,28,21,19,29,
19.0501,37,21,22,30,
19.0515,13,25,35,33,
19.0528,18,10,27,32,
19.0541,18,10,27,32,
19.0555,21,11,28,23,
19.0568,8,18,18,14,
19.0582,-4,10,11,18,
19.0596,-5,9,10,15,
19.0609,3,15,7,15,
19.0622,3,15,7,15,
19.0636,8,27,12,16,
19.0649,29,27,28,21,
19.0663,23,29,27,22,
19.0676,25,29,31,20,
19.0689,32,19,21,21,
19.0703,17,23,20,23,
19.0716,1,14,11,30,
19.073,1,14,11,30,
19.0744,7,12,11,27,
19.0758,-1,12,16,28,
19.0771,-12,2,17,23,
19.0785,6,15,30,13,
19.0799,6,15,30,13,
19.0812,22,27,28,27,
19.0826,33,31,20,34,
19.084,31,31,24,29,
19.0853,28,19,30,22,
19.0867,27,27,41,24,
19.0881,27,27,41,24,
19.0894,28,32,25,20,
19.0908,19,25,20,28,
19.0921,6,16,22,17,
19.0934,4,19,16,11,
19.0948,4,16,15,15,
19.0961,-2,17,18,15,
19.0974,18,26,26,21,
19.0988,27,19,25,25,
19.1001,25,13,24,32,
19.1015,27,10,24,30,
19.1029,27,28,21,24,
19.1042,28,30,15,23,
19.1055,24,33,23,22,
19.1069,14,30,27,19,
19.1082,5,14,21,16,
19.1096,5,15,11,23,
19.111,-8,12,9,20,
19.1124,1,17,10,23,
19.1137,3,16,20,30,
19.1151,3,16,20,30,
19.1164,16,23,16,37,
19.1178,36,30,18,42,
19.1192,36,37,36,41,
19.1205,35,28,27,31,
19.1218,32,19,26,29,
19.1232,19,25,31,22,
19.1245,11,28,27,25,
19.1259,6,21,30,23,
19.1273,3,22,26,14,
19.1286,7,5,23,10,
19.1299,7,5,23,10,
19.1313,7,5,23,10,
19.1326,31,27,19,31,
19.134,29,33,31,27,
19.1354,31,34,29,32,
19.1367,40,34,35,37,
19.1382,21,25,42,35,
19.1396,21,25,42,35,
19.1409,20,26,26,32,
19.1423,7,15,27,23,
19.1436,7,20,29,12,
19.145,8,19,21,6,
19.1464,12,20,21,13,
19.1477,1,12,27,16,
19.149,1,12,27,16,
19.1504,22,8,24,22,
19.1518,26,10,25,25,
19.1531,32,19,35,24,
19.1544,34,36,39,26,
19.1558,40,22,31,23,
19.1571,40,22,31,23,
19.1585,32,20,19,29,
19.1599,22,18,9,34,
19.1612,12,15,10,28,
19.1626,-4,3,14,21,
19.164,5,7,16,6,
19.1653,5,7,16,6,
19.1667,0,12,21,16,
19.1681,31,17,29,32,
19.1694,25,23,32,30,
19.1708,35,39,31,27,
19.1721,31,26,26,34,
19.1735,31,26,26,34,
19.1748,31,26,26,34,
19.1762,7,16,27,30,
19.1776,6,10,26,29,
19.1789,3,4,18,33,
19.1802,-6,13,18,24,
19.1815,6,22,15,23,
19.1829,15,16,24,24,
19.1842,22,6,26,30,
19.1855,32,10,26,26,
19.1869,38,34,31,40,
19.1882,31,38,27,33,
19.1895,31,38,27,33,
19.1909,16,40,32,32,
19.1922,29,29,32,32,
19.1936,9,21,28,29,
19.1949,0,15,30,31,
19.1963,7,25,21,21,
19.1977,-1,17,22,16,
19.199,2,22,22,19,
19.2003,8,25,13,20,
19.2017,7,33,15,32,
19.2031,34,30,21,31,
19.2044,38,32,20,32,
19.2058,30,37,31,26,
19.2071,22,39,27,31,
19.2085,32,30,27,38,
19.2099,28,17,22,23,
19.2112,19,16,15,16,
19.2125,11,16,11,28,
19.2139,-1,17,9,14,
19.2152,2,1,16,11,
19.2166,2,1,16,11,
19.2179,13,6,19,5,
19.2193,25,18,16,23,
19.2208,27,19,23,36,
19.2221,34,25,33,36,
19.2234,39,25,27,33,
19.2248,20,22,25,34,
19.2261,22,33,27,36,
19.2275,25,25,20,33,
19.2288,14,19,12,30,
19.2302,24,20,13,30,
19.2316,4,14,15,31,
19.2329,0,10,10,23,
19.2344,6,19,17,14,
19.2358,6,24,17,11,
19.2371,4,21,32,18,
19.2385,26,27,39,26,
19.2399,39,38,30,25,
19.2412,35,44,36,22,
19.2426,35,44,36,22,
19.244,6,36,32,32,
19.2454,16,32,20,28,
19.2467,12,25,10,33,
19.2481,2,18,22,29,
19.2494,-9,3,17,20,
19.2508,-9,3,17,20,
19.2522,-1,17,14,26,
19.2536,17,21,25,26,
19.2549,25,31,29,27,
19.2564,28,32,33,30,
19.2577,26,35,30,29,
19.2591,35,37,29,33,
19.2604,36,31,24,30,
19.2617,22,17,28,26,
19.2631,7,16,24,17,
19.2644,7,16,24,17,
19.2658,-1,12,11,17,
19.2672,-1,12,11,17,
19.2685,-6,14,13,23,
19.2699,2,6,28,31,
19.2712,27,8,30,34,
19.2725,38,22,30,34,
19.2739,32,34,20,35,
19.2753,25,38,23,30,
19.2766,29,23,24,27,
19.2781,22,26,27,23,
19.2794,24,30,23,24,
19.2807,17,19,18,25,
19.2821,8,19,22,25,
19.2834,0,22,13,21,
19.2848,-5,15,8,24,
19.2862,-2,10,19,30,
19.2875,11,19,19,30,
19.2889,27,25,30,25,
19.2902,31,26,30,22,
19.2915,38,31,33,19,
19.2929,39,33,22,23,
19.2942,39,33,22,23,
19.2955,42,30,31,31,
19.2969,30,29,25,31,
19.2983,5,18,24,23,
19.2996,0,20,30,21,
19.301,-4,22,22,19,
19.3023,7,14,9,15,
19.3036,7,14,9,15,
19.305,-5,14,15,14,
19.3064,10,34,19,26,
19.3077,23,32,23,26,
19.3091,29,27,31,33,
19.3104,36,34,41,27,
19.3118,32,30,36,27,
19.3131,26,31,24,32,
19.3145,18,22,22,29,
19.3159,13,14,17,24,
19.3173,7,10,14,16,
19.3186,8,13,14,8,
19.3199,8,13,14,8,
19.3213,3,17,19,8,
19.3227,6,12,19,8,
19.324,31,32,22,34,
19.3254,30,36,25,33,
19.3267,28,41,27,38,
19.3282,31,43,21,36,
19.3295,23,32,22,28,
19.3309,21,15,28,19,
19.3323,16,16,32,23,
19.3337,13,15,22,21,
19.335,6,20,17,20,
19.3364,-6,17,14,17,
19.3378,-3,16,14,14,
19.3391,3,14,22,7,
19.3405,13,5,18,18,
19.3419,17,25,36,37,
19.3433,18,29,29,41,
19.3446,34,25,36,42,
19.3459,24,15,35,43,
19.3473,24,22,31,34,
19.3486,24,22,31,34,
19.35,29,16,32,22,
19.3514,12,20,13,22,
19.3527,15,9,20,27,
19.354,6,3,19,22,
19.3554,7,4,8,18,
19.3567,12,14,9,20,
19.3581,16,22,20,27,
19.3594,39,22,32,37,
19.3608,39,31,43,33,
19.3622,29,37,48,29,
19.3635,29,37,48,29,
19.3649,32,27,38,26,
19.3662,22,28,31,23,
19.3676,15,19,32,31,
19.3689,10,20,19,26,
19.3703,6,13,15,19,
19.3716,6,13,15,19,
19.373,9,10,14,5,
19.3744,15,25,19,18,
19.3757,23,28,28,32,
19.377,32,41,23,31,
19.3784,29,26,20,33,
19.3799,29,26,20,33,
19.3812,41,19,28,34,
19.3826,34,25,35,36,
19.384,13,19,31,36,
19.3853,11,22,19,31,
19.3867,6,14,21,22,
19.3881,1,7,18,25,
19.3894,-2,8,8,21,
19.3908,5,13,19,18,
19.3922,19,13,28,18,
19.3935,24,26,31,30,
19.3949,23,29,31,29,
19.3962,23,29,31,29,
19.3975,31,23,26,25,
19.3989,45,24,17,23,
19.4002,10,37,27,23,
19.4016,15,19,15,24,
19.4029,19,18,7,34,
19.4042,11,21,19,24,
19.4056,-3,18,24,11,
19.4069,-4,9,20,13,
19.4082,4,13,10,20,
19.4096,17,19,16,19,
19.411,30,19,21,33,
19.4122,28,15,21,35,
19.4136,31,16,29,30,
19.415,43,24,33,27,
19.4163,25,34,28,30,
19.4176,18,28,24,20,
19.419,17,21,14,28,
19.4204,17,21,14,28,
19.4218,9,14,19,31,
19.4232,9,15,22,24,
19.4245,-5,16,20,19,
19.4258,2,24,23,21,
19.4272,21,30,32,30,
19.4286,21,30,32,30,
19.43,36,27,28,32,
19.4313,38,36,39,38,
19.4327,29,27,35,37,
19.4341,35,27,25,36,
19.4355,26,25,16,27,
19.4369,18,30,19,27,
19.4383,9,21,27,17,
19.4397,-5,16,20,18,
19.4411,1,15,12,21,
19.4424,-2,18,12,19,
19.4438,18,17,16,25,
19.4452,18,17,16,25,
19.4466,23,31,26,33,
19.448,45,24,31,32,
19.4494,50,19,32,31,
19.4508,34,25,25,29,
19.4521,21,16,27,32,
19.4535,10,8,23,24,
19.4549,12,17,20,24,
19.4562,2,21,22,24,
19.4576,1,14,21,19,
19.459,1,14,21,19,
19.4603,-8,17,15,20,
19.4617,0,16,15,22,
19.4631,27,23,18,35,
19.4643,39,33,22,31,
19.4657,33,38,27,24,
19.4671,31,43,32,26,
19.4684,38,26,28,28,
19.4698,37,23,27,27,
19.4711,26,30,16,18,
19.4725,25,22,23,27,
19.4739,16,22,31,23,
19.4752,8,23,18,18,
19.4766,16,9,8,17,
19.478,19,9,26,17,
19.4794,12,21,19,24,
19.4808,36,30,27,26,
19.4822,33,29,27,33,
19.4835,36,39,26,28,
19.4848,24,35,20,25,
19.4862,24,35,20,25,
19.4875,15,17,29,21,
19.4888,14,15,26,24,
19.4902,7,14,22,19,
19.4915,7,14,22,19,
19.4929,6,12,23,21,
19.4942,6,12,23,21,
19.4956,1,10,20,17,
19.4969,29,21,22,26,
19.4982,26,26,18,22,
19.4996,22,35,18,21,
19.501,37,40,37,22,
19.5024,37,40,37,22,
19.5037,40,42,28,20,
19.5051,24,23,30,23,
19.5065,3,15,24,22,
19.5078,9,13,18,23,
19.5092,3,4,24,31,
19.5106,-18,1,25,30,
19.512,-3,18,17,27,
19.5133,3,19,21,26,
19.5147,30,25,37,22,
19.516,28,29,36,26,
19.5174,27,36,32,27,
19.5188,33,33,24,25,
19.5201,26,26,24,22,
19.5215,16,20,26,21,
19.5229,7,28,20,26,
19.5242,2,19,11,24,
19.5256,3,21,22,21,
19.527,-7,11,14,17,
19.5283,-6,11,8,21,
19.5296,-1,19,22,30,
19.531,17,18,24,33,
19.5324,24,27,20,19,
19.5338,26,38,25,25,
19.5352,34,44,27,26,
19.5365,34,44,27,26,
19.5379,34,36,28,26,
19.5393,31,27,24,34,
19.5406,22,11,11,34,
19.542,10,14,18,30,
19.5433,0,14,29,22,
19.5447,0,10,25,12,
19.546,10,14,21,15,
19.5474,14,20,23,21,
19.5488,27,25,19,31,
19.5501,35,19,36,40,
19.5515,35,19,36,40,
19.5528,36,28,32,39,
19.5542,26,29,31,39,
19.5555,27,20,26,27,
19.5569,22,28,24,32,
19.5583,7,15,28,31,
19.5596,9,24,25,27,
19.5609,9,24,25,27,
19.5623,-11,8,9,18,
19.5637,0,8,13,25,
19.565,17,7,25,29,
19.5664,17,7,25,29,
19.5678,25,34,29,32,
19.5691,25,34,20,34,
19.5705,25,34,20,34,
19.5719,41,42,26,28,
19.5732,33,24,31,34,
19.5745,25,15,30,34,
19.5759,0,10,19,29,
19.5772,0,10,19,29,
19.5786,-12,9,22,20,
19.58,12,13,17,20,
19.5814,11,18,24,22,
19.5827,11,18,24,22,
19.5841,14,23,29,33,
19.5854,25,16,35,34,
19.5868,33,20,36,31,
19.5882,40,34,28,40,
19.5896,28,26,24,31,
19.5909,18,32,11,29,
19.5922,17,29,20,22,
19.5936,3,20,27,27,
19.5949,3,22,23,27,
19.5963,2,18,18,20,
19.5976,8,22,21,18,
19.5989,27,24,13,22,
19.6002,27,24,13,22,
19.6015,27,24,13,22,
19.6029,31,17,14,23,
19.6043,47,35,28,31,
19.6057,33,32,25,40,
19.607,30,31,23,34,
19.6083,27,17,30,36,
19.6096,15,28,32,26,
19.611,13,20,35,28,
19.6124,7,18,12,29,
19.6137,-1,10,17,31,
19.6151,-2,16,27,26,
19.6165,10,17,28,30,
19.618,15,15,29,32,
19.6193,15,15,29,32,
19.6207,28,17,25,25,
19.622,31,28,31,38,
19.6233,40,33,35,31,
19.6247,40,33,35,31,
19.6261,24,34,21,27,
19.6274,15,25,25,30,
19.6288,10,13,21,30,
19.6302,-9,13,22,24,
19.6315,-9,15,20,15,
19.6329,-9,15,20,15,
19.6342,-7,19,26,17,
19.6355,14,26,22,20,
19.6369,26,22,34,24,
19.6383,39,31,44,37,
19.6397,37,23,45,29,
19.6411,37,23,45,29,
19.6424,20,31,36,24,
19.6438,13,14,23,22,
19.6452,10,22,10,25,
19.6465,15,20,21,28,
19.6479,14,10,27,27,
19.6492,14,10,27,27,
19.6506,10,11,29,25,
19.6521,6,18,22,26,
19.6536,29,14,21,24,
19.6557,31,30,31,36,
19.6571,38,38,28,37,
19.6584,36,39,22,37,
19.6598,29,41,22,28,
19.6611,15,33,18,32,
19.6626,12,19,24,28,
19.664,1,22,33,25,
19.6653,5,15,36,19,
19.6667,0,17,20,21,
19.668,3,23,23,22,
19.6694,3,23,23,22,
19.6707,27,35,35,29,
19.672,27,21,40,34,
19.6734,27,21,40,34,
19.6748,22,26,44,28,
19.6762,33,27,35,32,
19.6776,34,24,20,34,
19.6789,16,10,17,31,
19.6803,16,10,17,31,
19.6816,8,9,21,23,
19.683,3,20,23,16,
19.6843,6,19,14,18,
19.6857,12,12,12,27,
19.687,17,28,14,27,
19.6884,19,34,20,24,
19.6897,34,35,21,25,
19.6911,30,28,24,29,
19.6924,41,26,31,30,
19.6938,31,23,26,33,
19.6952,31,23,26,33,
19.6965,12,15,24,29,
19.6979,11,20,33,25,
19.6992,2,10,29,30,
19.7005,-2,8,21,19,
19.7019,13,16,10,7,
19.7033,13,16,10,7,
19.7046,13,16,10,7,
19.706,27,38,32,34,
19.7073,22,39,35,31,
19.7086,26,39,36,36,
19.71,36,30,38,36,
19.7113,39,24,36,33,
19.7127,34,19,33,26,
19.7141,21,27,24,19,
19.7154,6,15,22,21,
19.7168,-3,15,15,21,
19.7181,6,22,18,27,
19.7195,8,24,20,31,
19.7209,8,24,20,31,
19.7222,27,26,28,24,
19.7236,30,36,31,31,
19.725,27,43,36,30,
19.7263,27,43,36,30,
19.7277,46,38,36,29,
19.7291,19,26,32,37,
19.7304,21,25,27,37,
19.7318,16,11,29,30,
19.7332,16,12,19,34,
19.7346,9,7,16,29,
19.7359,-9,8,8,22,
19.7372,4,6,21,16,
19.7386,27,18,34,34,
19.74,35,26,45,37,
19.7413,35,26,45,37,
19.7427,39,26,44,34,
19.7441,48,42,34,31,
19.7455,53,36,29,35,
19.7468,19,15,31,21,
19.7482,4,14,32,23,
19.7495,9,8,23,32,
19.7508,5,17,17,24,
19.7521,-5,8,19,19,
19.7535,6,8,29,10,
19.7549,5,34,26,19,
19.7562,25,39,33,32,
19.7576,25,39,33,32,
19.7589,25,39,33,32,
19.7602,40,26,34,36,
19.7616,36,28,46,41,
19.7629,27,33,39,35,
19.7643,31,13,29,31,
19.7656,31,13,29,31,
19.767,22,19,32,22,
19.7683,7,19,24,19,
19.7697,0,9,15,24,
19.7711,11,9,14,26,
19.7724,11,23,23,24,
19.7738,11,23,23,24,
19.7751,33,23,39,25,
19.7765,33,23,39,25,
19.7778,46,39,27,32,
19.7791,49,43,25,38,
19.7804,27,34,27,38,
19.7818,27,34,27,38,
19.7831,15,20,35,36,
19.7844,6,11,33,26,
19.7857,-8,19,32,31,
19.7871,-6,12,22,27,
19.7884,6,14,14,31,
19.7898,3,15,17,38,
19.7911,3,15,17,38,
19.7925,32,36,35,41,
19.7938,47,37,37,38,
19.7952,54,34,35,37,
19.7965,41,22,33,37,
19.7979,36,24,32,32,
19.7993,33,25,31,35,
19.8007,12,20,25,24,
19.802,12,12,24,27,
19.8033,-1,9,26,19,
19.8047,-8,12,23,10,
19.8061,5,17,13,15,
19.8074,5,17,13,15,
19.8087,18,19,13,24,
19.8101,36,36,28,39,
19.8114,35,26,32,34,
19.8128,37,38,32,43,
19.8141,37,45,33,41,
19.8155,31,40,39,32,
19.8168,25,40,36,26,
19.8182,21,34,23,20,
19.8196,12,10,18,29,
19.821,12,10,18,29,
19.8223,6,19,16,29,
19.8236,5,19,25,23,
19.8249,8,12,28,23,
19.8263,25,8,25,21,
19.8276,28,18,33,36,
19.829,50,47,33,40,
19.8305,39,41,24,32,
19.8319,39,41,24,32,
19.8333,21,28,22,35,
19.8348,26,30,20,38,
19.8362,6,21,16,31,
19.8377,-1,24,15,25,
19.839,3,13,17,25,
19.8403,-8,15,18,28,
19.8418,-8,15,18,28,
19.8432,20,20,25,30,
19.8446,40,29,29,26,
19.846,30,30,36,30,
19.8474,22,31,44,25,
19.8487,30,33,41,47,
19.85,24,23,29,45,
19.8514,24,23,29,45,
19.8527,10,28,21,39,
19.8541,16,19,25,27,
19.8554,22,10,22,28,
19.8568,0,3,27,22,
19.8581,3,14,19,27,
19.8595,3,14,19,27,
19.8608,3,14,19,27,
19.8622,28,19,23,35,
19.8635,40,33,24,35,
19.8649,45,41,27,46,
19.8662,35,26,37,32,
19.8676,35,26,37,32,
19.8689,21,27,39,30,
19.8703,14,20,37,23,
19.8717,13,12,25,36,
19.873,4,12,22,27,
19.8744,7,17,17,20,
19.8758,8,15,23,20,
19.8771,8,15,23,20,
19.8785,19,17,25,21,
19.8798,31,35,27,34,
19.8812,31,40,32,34,
19.8826,42,40,37,36,
19.8839,39,28,42,45,
19.8853,31,24,31,38,
19.8866,29,24,33,33,
19.8879,7,21,36,35,
19.8892,9,12,26,31,
19.8906,-3,8,23,21,
19.892,-15,13,26,18,
19.8934,10,26,19,22,
19.8947,10,26,19,22,
19.8961,34,25,25,28,
19.8975,35,34,27,39,
19.8988,46,35,29,27,
19.9001,49,39,25,25,
19.9014,36,30,17,33,
19.9028,21,21,16,33,
19.9042,25,27,24,37,
19.9055,25,27,24,37,
19.9069,14,13,17,30,
19.9083,1,16,8,33,
19.9097,-8,8,19,26,
19.911,-8,8,19,26,
19.9123,20,10,19,24,
19.9137,34,17,24,34,
19.915,46,23,32,42,
19.9163,57,34,31,39,
19.9177,35,36,31,35,
19.9191,35,36,31,35,
19.9204,23,34,37,39,
19.9218,21,29,26,35,
19.9232,11,25,28,28,
19.9245,0,19,33,22,
19.926,1,5,13,16,
19.9273,1,5,13,16,
19.9287,15,23,27,33,
19.9301,18,21,26,33,
19.9314,29,27,33,34,
19.9328,34,30,28,41,
19.9341,48,46,28,42,
19.9355,60,48,30,31,
19.9369,60,48,30,31,
19.9382,37,36,22,30,
19.9395,23,28,27,33,
19.9409,15,13,27,32,
19.9422,1,18,25,27,
19.9436,11,11,23,26,
19.9449,11,11,23,26,
19.9463,1,7,15,31,
19.9477,30,25,42,38,
19.9491,35,39,47,37,
19.9505,41,48,46,38,
19.9518,53,37,32,40,
19.9532,53,37,32,40,
19.9546,58,26,32,45,
19.9559,32,14,29,43,
19.9573,25,9,31,41,
19.9587,25,23,28,32,
19.9601,3,22,30,25,
19.9614,-10,13,34,24,
19.9628,8,5,33,29,
19.9641,27,32,29,39,
19.9655,45,40,35,48,
19.9669,44,36,38,46,
19.9682,44,36,38,46,
19.9696,52,44,48,47,
19.9709,57,41,56,40,
19.9724,46,36,49,30,
19.9737,13,21,35,23,
19.9751,3,18,31,21,
19.9764,6,15,20,18,
19.9777,9,5,22,31,
19.9791,12,3,28,32,
19.9805,8,5,24,35,
19.9819,18,17,33,26,
19.9832,39,35,42,29,
19.9846,33,39,41,28,
19.986,31,32,36,31,
19.9873,51,41,32,29,
19.9886,40,33,30,39,
19.9901,25,32,30,40,
19.9914,12,16,29,33,
19.9927,10,27,34,20,
19.9941,10,27,34,20,
19.9954,2,7,18,18,
19.9968,-2,11,18,26,
19.9982,3,30,23,27,
19.9995,24,30,34,27,
20.0009,24,30,34,27,
20.0022,26,29,41,37,
20.0036,53,37,47,35,
20.0049,36,36,44,38,
20.0063,30,35,44,48,
20.0077,32,31,39,43,
20.009,14,23,24,40,
20.0104,21,21,17,31,
20.0118,20,12,14,34,
20.0131,9,2,28,33,
20.0145,17,21,28,25,
20.0159,22,22,23,23,
20.0172,22,22,23,23,
20.0186,44,23,30,35,
20.02,59,35,35,47,
20.0213,62,33,37,42,
20.0227,24,28,25,35,
20.024,21,24,19,44,
20.0253,21,24,19,44,
20.0266,5,22,22,30,
20.028,12,26,24,32,
20.0294,15,12,14,24,
20.0308,4,15,23,26,
20.0322,4,15,23,26,
20.0337,4,15,23,26,
20.0351,27,31,32,30,
20.0365,42,25,44,36,
20.0381,45,32,46,43,
20.0395,44,40,43,36,
20.0408,37,44,41,28,
20.0422,21,44,30,29,
20.0436,13,32,16,38,
20.045,13,32,16,38,
20.0463,5,14,18,24,
20.0477,-6,9,8,25,
20.0491,11,11,16,25,
20.0504,9,12,13,30,
20.0517,29,20,16,26,
20.053,36,33,24,36,
20.0544,43,35,31,38,
20.0557,40,29,41,35,
20.057,22,31,31,27,
20.0584,22,31,31,27,
20.0598,20,32,23,37,
20.0612,17,33,30,41,
20.0625,10,19,24,39,
20.0639,-1,15,20,30,
20.0653,-6,24,15,22,
20.0666,4,15,25,31,
20.0679,16,29,30,33,
20.0692,32,33,23,36,
20.0706,42,35,23,45,
20.0719,51,33,26,45,
20.0733,55,39,35,48,
20.0746,50,41,36,38,
20.0759,37,40,31,27,
20.0772,17,25,26,36,
20.0786,17,25,26,36,
20.0799,9,12,30,38,
20.0812,11,12,28,29,
20.0825,0,12,16,29,
20.0838,4,16,9,20,
20.0852,5,30,20,25,
20.0865,8,21,25,31,
20.0878,28,26,27,29,
20.0892,39,25,36,52,
20.0905,33,31,46,40,
20.0919,33,31,46,40,
20.0932,35,37,47,28,
20.0945,31,34,39,23,
20.0959,17,26,34,23,
20.0973,19,18,23,25,
20.0986,-19,13,17,30,
20.1,-19,13,17,30,
20.1013,-9,7,21,30,
20.1028,21,25,11,28,
20.1041,39,26,31,35,
20.1055,32,20,33,38,
20.1068,32,30,30,42,
20.1081,32,30,30,42,
20.1095,32,30,30,42,
20.1109,34,34,32,45,
20.1122,24,18,26,36,
20.1136,21,13,30,25,
20.1149,12,18,26,22,
20.1163,-16,11,24,30,
20.1176,-16,11,24,30,
20.119,-6,9,18,21,
20.1204,15,18,19,30,
20.1217,37,35,17,29,
20.1231,37,35,17,29,
20.1244,48,32,28,25,
20.1257,55,29,30,41,
20.1271,49,28,27,48,
20.1284,28,28,18,38,
20.1296,16,14,21,36,
20.131,6,14,26,27,
20.1323,9,12,22,29,
20.1336,2,10,17,16,
20.1349,-2,1,24,13,
20.1363,6,4,29,15,
20.1376,6,4,29,15,
20.1389,26,17,42,30,
20.1403,33,27,34,40,
20.1417,32,31,25,43,
20.143,32,31,25,43,
20.1443,31,22,31,30,
20.1457,22,30,35,39,
20.1471,16,26,29,44,
20.1484,-5,16,23,28,
20.1498,-5,16,23,28,
20.1512,-5,10,24,22,
20.1525,-10,10,6,18,
20.1539,-2,10,21,32,
20.1553,-2,10,21,32,
20.1567,34,26,32,28,
20.158,38,22,25,30,
20.1594,38,22,25,30,
20.1607,45,23,42,34,
20.1621,28,24,28,35,
20.1634,26,14,30,40,
20.1648,15,10,33,29,
20.1662,12,-5,27,24,
20.1675,12,-5,27,24,
20.1688,-1,-8,22,28,
20.1702,9,-7,19,32,
20.1716,6,-3,12,32,
20.173,7,19,10,26,
20.1744,32,24,23,25,
20.1757,42,23,28,25,
20.1771,42,23,28,25,
20.1785,50,24,39,29,
20.1798,43,28,23,27,
20.1812,25,10,19,25,
20.1825,5,17,20,23,
20.1839,-2,21,27,21,
20.1852,-2,21,27,21,
20.1866,1,10,24,29,
20.188,-14,0,18,24,
20.1893,2,10,30,25,
20.1907,17,26,28,36,
20.192,34,28,27,37,
20.1934,30,32,30,35,
20.1948,42,30,31,44,
20.1961,34,26,35,47,
20.1975,19,13,25,35,
20.1989,19,13,25,35,
20.2003,19,9,31,24,
20.2017,16,8,33,21,
20.203,5,18,26,14,
20.2044,-13,4,22,9,
20.2058,2,14,23,20,
20.2071,14,14,35,17,
20.2085,29,31,33,27,
20.2099,25,32,25,39,
20.2112,38,33,26,36,
20.2126,51,30,26,33,
20.2139,21,31,24,36,
20.2153,13,23,30,34,
20.2167,13,23,30,34,
20.218,4,23,32,27,
20.2194,11,21,21,21,
20.2207,2,19,18,26,
20.2221,4,10,10,25,
20.2234,19,7,25,30,
20.2248,19,7,25,30,
20.2262,31,13,24,32,
20.2276,47,20,38,38,
20.2289,60,22,40,43,
20.2303,60,22,40,43,
20.2316,46,23,27,37,
20.233,16,23,33,29,
20.2344,3,16,31,27,
20.2358,3,16,31,27,
20.2374,-7,3,17,26,
20.2389,-6,15,9,28,
20.2403,6,22,18,34,
20.2417,27,19,15,30,
20.2431,41,16,19,33,
20.2445,41,16,19,33,
20.2459,58,36,24,48,
20.2473,50,36,23,42,
20.2486,38,26,21,35,
20.25,29,24,25,28,
20.2514,7,30,30,20,
20.2527,-3,18,30,25,
20.2541,1,14,16,31,
20.2554,-4,7,14,18,
20.2568,-4,7,14,18,
20.2582,-2,6,19,20,
20.2595,18,22,27,18,
20.2609,37,34,34,17,
20.2623,33,33,30,32,
20.2636,40,29,27,40,
20.265,32,31,24,27,
20.2663,32,21,20,32,
20.2677,20,9,23,35,
20.269,6,3,18,26,
20.2704,0,12,20,23,
20.2718,-3,12,11,17,
20.2731,-3,12,11,17,
20.2746,-3,14,12,19,
20.2759,7,21,23,28,
20.2772,23,18,27,20,
20.2786,32,32,30,24,
20.2799,42,35,35,25,
20.2813,37,37,30,35,
20.2826,33,24,30,37,
20.284,22,33,26,34,
20.2853,11,15,28,27,
20.2867,7,9,26,24,
20.288,7,9,26,24,
20.2894,-4,12,26,26,
20.2908,-18,5,26,17,
20.2921,6,13,11,20,
20.2935,10,11,21,26,
20.2949,10,11,21,26,
20.2962,37,30,26,35,
20.2976,47,35,25,32,
20.299,57,33,23,31,
20.3003,23,24,24,22,
20.3017,21,23,26,20,
20.303,21,23,26,20,
20.3043,21,23,26,20,
20.3056,11,16,19,18,
20.307,6,7,16,13,
20.3084,0,-8,6,16,
20.3097,2,2,8,15,
20.311,24,8,17,23,
20.3123,24,8,17,23,
20.3137,37,26,34,32,
20.3151,48,30,41,33,
20.3164,44,25,37,24,
20.3177,44,25,37,24,
20.3191,24,30,21,30,
20.3204,24,30,21,30,
20.3218,13,24,14,25,
20.3232,-11,19,20,12,
20.3245,-11,7,17,8,
20.3259,-4,6,14,9,
20.3272,-2,6,14,14,
20.3286,15,6,24,18,
20.3299,25,13,26,18,
20.3313,32,24,23,19,
20.3326,43,30,23,31,
20.334,42,35,26,30,
20.3354,39,40,20,27,
20.3367,15,16,18,32,
20.3381,15,16,18,32,
20.3395,7,18,22,17,
20.3408,-7,13,18,16,
20.3422,-10,-1,6,17,
20.3435,-7,7,5,23,
20.3449,3,11,17,28,
20.3463,3,11,17,28,
20.3476,18,12,20,21,
20.349,31,19,26,28,
20.3504,52,30,27,36,
20.3518,30,38,31,27,
20.3533,21,27,37,33,
20.3547,20,14,35,37,
20.3561,8,19,14,33,
20.3575,3,15,9,26,
20.3588,-4,4,5,29,
20.3602,-17,11,17,30,
20.3616,4,9,21,30,
20.3629,15,16,30,28,
20.3643,15,16,30,28,
20.3657,29,28,31,26,
20.367,33,36,28,32,
20.3684,28,30,18,37,
20.3697,23,32,18,31,
20.3711,24,32,18,26,
20.3724,12,26,14,25,
20.3738,0,18,15,33,
20.3751,-5,9,22,37,
20.3765,-12,15,19,24,
20.3779,-12,9,21,22,
20.3793,-7,9,21,22,
20.3806,11,4,24,31,
20.3819,21,14,29,28,
20.3832,22,30,37,31,
20.3845,55,31,40,35,
20.3859,46,31,28,38,
20.3873,46,31,28,38,
20.3887,37,29,29,31,
20.39,11,24,24,28,
20.3914,9,17,14,19,
20.3927,-3,12,10,18,
20.394,-14,6,20,13,
20.3954,-14,6,20,13,
20.3968,-1,-1,27,8,
20.3981,11,14,20,16,
20.3994,24,21,20,22,
20.4008,38,24,19,30,
20.4021,42,32,33,32,
20.4034,42,33,30,39,
20.4048,35,29,34,41,
20.4061,12,25,39,38,
20.4075,20,11,20,24,
20.4089,17,18,19,17,
20.4102,17,18,19,17,
20.4116,-5,22,22,16,
20.413,2,12,18,19,
20.4143,4,9,10,17,
20.4156,5,17,18,24,
20.417,31,39,27,25,
20.4184,47,35,33,29,
20.4197,47,35,33,29,
20.4211,47,41,35,37,
20.4225,44,30,28,28,
20.4239,25,23,20,23,
20.4252,11,20,21,30,
20.4266,7,16,15,25,
20.428,8,14,12,18,
20.4294,5,4,14,18,
20.4307,4,13,8,17,
20.4321,12,16,10,20,
20.4334,20,24,23,27,
20.4347,40,19,40,28,
20.4361,40,19,40,28,
20.4375,48,25,41,36,
20.4389,38,42,31,42,
20.4403,14,28,23,37,
20.4417,14,28,23,37,
20.443,-1,11,18,21,
20.4444,-1,11,18,21,
20.4459,-1,23,18,15,
20.4472,-9,17,19,13,
20.4486,-1,26,25,22,
20.45,16,29,30,27,
20.4514,33,34,26,46,
20.4527,33,34,26,46,
20.4541,41,25,29,37,
20.4556,38,35,35,37,
20.4571,46,44,38,40,
20.4585,24,34,31,26,
20.4599,21,16,23,22,
20.4613,16,17,19,21,
20.4627,10,7,18,24,
20.4641,1,-4,10,21,
20.4655,-4,-1,13,19,
20.4668,22,14,19,32,
20.4682,39,25,28,29,
20.4696,39,25,28,29,
20.4709,60,42,34,44,
20.4723,53,39,34,41,
20.4736,53,39,34,41,
20.475,36,22,35,40,
20.4763,16,21,19,37,
20.4777,16,21,19,37,
20.4791,14,21,14,26,
20.4804,-1,13,13,27,
20.4817,-6,11,16,21,
20.4831,-3,7,21,20,
20.4844,4,21,29,30,
20.4858,20,41,29,35,
20.4872,33,49,24,36,
20.4885,38,45,36,29,
20.4899,51,41,39,32,
20.4912,49,35,34,37,
20.4926,31,27,35,37,
20.4939,26,33,28,35,
20.4953,18,27,15,35,
20.4967,1,16,14,29,
20.498,-2,10,21,30,
20.4994,6,11,27,20,
20.5008,15,14,16,17,
20.5021,23,18,30,26,
20.5035,25,21,30,32,
20.5048,32,31,29,40,
20.5062,43,38,35,51,
20.5075,51,26,38,53,
20.5089,53,21,33,43,
20.5103,41,22,34,36,
20.5117,22,15,30,36,
20.513,6,4,17,34,
20.5143,-5,12,20,31,
20.5157,-8,14,10,14,
20.517,-8,14,10,14,
20.5184,4,16,22,21,
20.5198,28,22,31,28,
20.5211,41,32,37,24,
20.5226,39,37,37,31,
20.524,30,39,40,32,
20.5254,25,38,42,41,
20.5267,25,38,42,41,
20.5281,28,25,23,36,
20.5295,14,23,27,26,
20.5309,12,23,20,17,
20.5322,-6,16,25,17,
20.5336,8,1,14,19,
20.5349,8,1,14,19,
20.5364,6,9,20,24,
20.5377,33,15,19,32,
20.5391,44,23,32,39,
20.5405,35,32,37,52,
20.5419,40,38,37,52,
20.5433,40,38,37,52,
20.5446,28,32,39,46,
20.546,19,28,30,36,
20.5473,22,21,21,33,
20.5487,6,19,17,34,
20.55,3,13,20,23,
20.5514,10,10,24,16,
20.5527,22,3,17,25,
20.5541,30,12,9,25,
20.5555,42,34,23,45,
20.5568,42,34,23,45,
20.5582,42,34,23,45,
20.5596,35,36,33,48,
20.5609,38,45,30,46,
20.5623,37,28,32,37,
20.5637,10,20,26,32,
20.565,-2,16,17,24,
20.5664,-2,16,17,24,
20.5677,0,16,12,31,
20.5691,6,23,16,29,
20.5705,15,20,18,36,
20.5718,27,32,18,31,
20.5732,35,42,30,29,
20.5746,35,42,30,29,
20.5759,44,44,44,38,
20.5773,39,27,39,50,
20.5787,32,26,34,42,
20.5801,15,28,38,37,
20.5814,8,20,25,29,
20.5828,13,18,18,32,
20.5842,6,20,23,31,
20.5855,5,23,16,20,
20.5869,5,23,16,20,
20.5882,7,18,20,19,
20.5896,44,38,19,44,
20.591,44,38,19,44,
20.5923,44,44,26,41,
20.5937,32,46,34,41,
20.5951,41,38,29,43,
20.5964,25,23,30,40,
20.5977,16,30,30,40,
20.5991,6,26,17,42,
20.6005,6,26,17,42,
20.6018,13,14,14,42,
20.6032,10,11,6,26,
20.6045,6,5,11,25,
20.6059,21,17,29,25,
20.6073,38,37,36,37,
20.6087,38,37,36,37,
20.6101,47,47,39,44,
20.6114,34,28,30,40,
20.6128,28,29,27,40,
20.6142,14,26,19,27,
20.6156,16,20,24,31,
20.6169,16,20,24,31,
20.6182,9,17,23,27,
20.6196,-3,6,20,15,
20.621,-3,0,16,28,
20.6224,10,4,20,34,
20.6238,27,20,26,42,
20.6251,46,45,32,36,
20.6265,46,45,32,36,
20.6279,53,39,28,44,
20.6292,44,33,30,44,
20.6307,39,28,28,43,
20.6321,38,29,23,37,
20.6335,6,20,17,34,
20.635,6,20,17,34,
20.6363,0,16,5,28,
20.6377,-2,9,10,23,
20.639,8,13,8,27,
20.6404,17,10,16,30,
20.6418,33,19,24,34,
20.6432,33,19,24,34,
20.6445,33,19,24,34,
20.6459,49,42,45,51,
20.6472,32,44,41,44,
20.6486,35,41,32,36,
20.65,13,22,16,38,
20.6513,13,22,16,38,
20.6527,6,22,15,25,
20.654,5,15,13,22,
20.6553,-4,25,18,26,
20.6567,7,24,15,31,
20.6581,26,17,19,33,
20.6594,32,23,26,30,
20.6608,32,23,26,30,
20.6622,37,35,25,34,
20.6635,32,48,30,29,
20.6648,39,47,23,33,
20.6662,32,38,18,39,
20.6675,15,23,14,28,
20.6689,17,22,19,22,
20.6703,3,16,19,23,
20.6716,-10,19,21,23,
20.673,-12,10,11,29,
20.6743,-4,17,10,31,
20.6757,14,19,15,24,
20.6771,37,28,26,24,
20.6784,42,30,34,32,
20.6798,33,30,35,41,
20.6812,31,33,48,32,
20.6825,22,26,41,32,
20.6839,22,13,32,28,
20.6852,12,14,30,31,
20.6866,6,12,29,35,
20.688,6,12,29,35,
20.6893,-10,-3,22,29,
20.6907,-1,13,7,13,
20.6921,8,12,15,22,
20.6935,23,15,23,38,
20.6948,28,23,21,49,
20.6962,35,32,25,45,
20.6975,55,31,30,48,
20.6989,29,40,26,33,
20.7002,27,36,32,35,
20.7016,27,36,32,35,
20.7029,8,14,39,31,
20.7043,8,14,39,31,
20.7057,12,19,31,20,
20.707,-3,10,19,12,
20.7084,10,14,21,25,
20.7098,22,31,25,26,
20.7112,22,31,25,26,
20.7125,41,46,37,28,
20.7139,56,48,37,27,
20.7152,52,41,40,32,
20.7166,26,19,32,39,
20.7179,19,12,26,28,
20.7193,19,12,26,28,
20.7206,19,12,26,28,
20.7221,12,22,23,27,
20.7234,12,1,20,17,
20.7247,4,2,22,14,
20.7261,3,13,21,31,
20.7274,3,13,21,31,
20.7288,18,25,26,36,
20.7301,43,37,37,35,
20.7314,54,31,41,39,
20.7328,51,25,41,32,
20.7341,53,32,38,38,
20.7355,53,32,38,38,
20.7368,28,28,31,31,
20.7382,-1,19,23,28,
20.7396,5,9,17,18,
20.7409,-12,8,14,15,
20.7429,-19,10,24,24,
20.7442,-2,18,23,24,
20.7456,17,22,24,20,
20.747,35,28,28,26,
20.7482,49,31,20,35,
20.7496,52,31,24,36,
20.7509,39,39,30,36,
20.7522,39,39,30,36,
20.7536,31,23,34,39,
20.7549,19,26,35,33,
20.7563,-2,19,17,25,
20.7577,-3,16,2,21,
20.759,-4,13,0,21,
20.7604,1,18,13,28,
20.7618,21,31,29,20,
20.7632,35,37,35,15,
20.7645,41,21,23,35,
20.7659,46,27,23,33,
20.7673,46,27,23,33,
20.7686,34,29,26,38,
20.77,21,34,30,39,
20.7714,16,19,30,32,
20.7728,5,11,23,23,
20.7741,-6,8,10,21,
20.7755,-6,8,10,21,
20.7768,-5,-1,17,13,
20.7782,4,11,14,18,
20.7795,7,22,24,30,
20.7809,21,25,24,35,
20.7823,34,31,24,29,
20.7836,49,30,25,32,
20.7849,52,29,31,34,
20.7862,42,20,29,40,
20.7876,21,17,22,39,
20.7889,12,22,19,32,
20.7904,3,14,25,24,
20.7917,8,20,25,24,
20.793,3,9,10,23,
20.7944,3,3,22,22,
20.7958,16,14,8,20,
20.7971,26,23,23,22,
20.7985,26,23,23,22,
20.7998,31,30,38,29,
20.8011,49,32,51,41,
20.8025,49,32,51,41,
20.8039,45,32,42,38,
20.8052,9,22,23,20,
20.8066,-9,22,17,29,
20.808,-9,22,17,29,
20.8093,-5,16,15,22,
20.8107,-4,11,18,26,
20.812,-5,9,23,23,
20.8134,16,32,14,35,
20.8148,16,32,14,35,
20.8161,23,47,18,39,
20.8175,36,50,29,37,
20.8189,36,50,29,37,
20.8202,40,42,33,37,
20.8216,34,34,37,39,
20.823,15,26,29,30,
20.8242,15,26,29,30,
20.8256,7,18,17,29,
20.827,0,11,13,31,
20.8283,0,9,20,35,
20.8296,7,1,27,33,
20.831,38,35,33,40,
20.8324,38,35,33,40,
20.8338,38,35,33,40,
20.8353,61,36,38,40,
20.8367,55,48,56,43,
20.8383,56,43,49,55,
20.8396,14,14,31,48,
20.8411,-2,20,32,38,
20.8425,13,16,26,34,
20.8438,13,16,26,34,
20.8453,22,13,19,27,
20.8468,-2,25,17,41,
20.8483,8,28,26,42,
20.8497,52,38,41,52,
20.8512,52,38,41,52,
20.8525,34,37,47,52,
20.854,56,36,46,59,
20.8553,56,43,37,60,
20.8566,36,32,42,57,
20.858,20,31,44,52,
20.8594,32,23,43,43,
20.8608,32,23,43,43,
20.8621,26,26,43,52,
20.8634,29,16,27,57,
20.8648,33,22,31,60,
20.8662,44,22,32,67,
20.8676,63,30,33,69,
20.8689,65,41,47,69,
20.8703,65,46,66,74,
20.8716,69,50,69,97,
20.873,65,52,58,94,
20.8743,59,36,53,92,
20.8757,59,36,53,92,
20.877,38,27,57,87,
20.8784,42,30,59,86,
20.8798,39,34,58,88,
20.8812,30,30,45,101,
20.8825,55,44,49,109,
20.8839,71,54,56,116,
20.8852,87,55,68,121,
20.8866,99,68,77,132,
20.8879,110,71,86,131,
20.8892,101,65,92,129,
20.8906,97,67,92,140,
20.892,85,62,87,140,
20.8933,85,62,87,140,
20.8947,88,68,85,144,
20.896,86,53,90,150,
20.8973,73,59,84,163,
20.8986,76,65,89,189,
20.9,122,80,111,231,
20.9013,122,80,111,231,
20.9028,177,124,122,294,
20.9042,177,124,122,294,
20.9056,190,141,136,337,
20.9069,216,147,167,369,
20.9082,234,166,200,478,
20.9096,252,181,229,560,
20.9109,252,181,229,560,
20.9123,359,245,320,912,
20.9136,464,280,426,1703,
20.915,710,426,609,1772,
20.9163,497,410,469,940,
20.9177,497,410,469,940,
20.919,392,335,367,721,
20.9203,303,270,299,555,
20.9216,228,181,200,344,
20.9229,228,181,200,344,
20.9243,189,147,160,290,
20.9256,160,144,130,252,
20.927,120,129,106,225,
20.9283,91,95,100,191,
20.9297,79,75,99,157,
20.9311,58,48,85,115,
20.9324,52,49,72,112,
20.9338,67,53,68,102,
20.9351,68,61,66,108,
20.9364,68,61,66,108,
20.9378,76,68,75,112,
20.9391,92,58,76,119,
20.9404,104,71,80,111,
20.9418,88,57,75,109,
20.9431,88,57,75,109,
20.9444,70,46,74,107,
20.9458,40,28,58,74,
20.9471,27,34,60,69,
20.9485,28,21,49,51,
20.9499,29,26,37,35,
20.9512,29,35,35,37,
20.9525,38,41,35,38,
20.9539,48,44,45,47,
20.9553,63,51,51,54,
20.9566,70,61,47,62,
20.958,81,62,51,75,
20.9593,77,55,52,76,
20.9606,61,55,55,73,
20.962,50,38,56,64,
20.9633,14,25,54,49,
20.9646,11,25,48,44,
20.966,11,25,48,44,
20.9673,-5,15,43,46,
20.9687,15,21,38,50,
20.97,32,26,38,59,
20.9713,32,26,38,59,
20.9728,59,44,58,69,
20.9742,60,47,62,71,
20.9756,60,47,62,71,
20.977,47,41,47,73,
20.9783,33,44,42,79,
20.9797,30,40,31,77,
20.9811,14,29,32,63,
20.9825,14,29,32,63,
20.9839,2,21,29,45,
20.9853,1,15,25,36,
20.9867,14,20,22,44,
20.9881,7,35,23,52,
20.9894,55,45,42,63,
20.9908,60,44,58,66,
20.9922,65,43,64,79,
20.9936,50,34,61,82,
20.995,51,41,48,84,
20.9962,51,41,48,84,
20.9976,15,23,44,81,
20.9991,9,18,42,75,
21.0004,0,19,31,67,
21.0018,-9,21,27,53,
21.0032,-5,21,24,48,
21.0046,12,17,34,46,
21.006,51,43,44,57,
21.0074,61,47,50,69,
21.0089,62,48,46,76,
21.0103,53,43,53,68,
21.0116,53,43,53,68,
21.0129,47,46,45,66,
21.0144,31,30,45,72,
21.0157,25,27,31,64,
21.017,1,14,22,57,
21.0184,-9,12,22,46,
21.0199,-9,12,22,46,
21.0212,12,12,34,36,
21.0226,42,35,43,42,
21.024,60,50,52,43,
21.0253,55,42,50,53,
21.0267,45,48,44,63,
21.0281,45,48,44,63,
21.0295,40,49,48,73,
21.0309,25,40,36,55,
21.0323,14,30,34,49,
21.0336,21,22,31,34,
21.035,3,22,23,35,
21.0363,-4,16,22,30,
21.0378,-9,19,15,27,
21.0392,36,35,25,33,
21.0406,38,39,36,38,
21.0419,38,39,36,38,
21.0432,43,39,49,42,
21.0445,65,43,50,47,
21.0459,64,49,43,60,
21.0473,61,50,46,62,
21.0487,12,27,27,44,
21.0501,14,13,31,33,
21.0515,19,19,29,28,
21.0531,-10,27,27,19,
21.0548,12,15,28,23,
21.0561,12,15,28,23,
21.0576,19,23,24,31,
21.0589,45,34,26,37,
21.0603,53,49,51,43,
21.0616,66,48,50,47,
21.063,52,43,39,47,
21.0643,43,36,40,55,
21.0657,43,36,40,55,
21.067,28,33,31,48,
21.0684,-7,25,27,29,
21.0697,-10,20,14,25,
21.0711,-4,13,12,31,
21.0724,4,15,20,33,
21.0738,4,15,20,33,
21.0751,13,38,34,37,
21.0764,39,36,34,37,
21.0778,35,45,34,37,
21.0791,39,52,44,45,
21.0804,31,46,39,49,
21.0818,41,35,33,52,
21.0831,30,24,37,48,
21.0844,20,21,41,42,
21.0858,24,21,42,32,
21.0871,-12,6,24,24,
21.0885,-8,14,31,33,
21.0898,9,17,20,25,
21.0912,9,17,20,25,
21.0925,41,32,42,38,
21.0939,41,32,42,38,
21.0952,53,45,52,47,
21.0966,50,51,55,56,
21.0979,49,43,49,43,
21.0993,49,43,49,43,
21.1006,17,27,35,36,
21.102,18,23,29,31,
21.1034,19,15,29,31,
21.1047,-6,9,30,25,
21.1061,7,16,23,21,
21.1075,7,16,23,21,
21.1088,20,24,25,18,
21.1102,43,28,34,37,
21.1115,55,35,33,47,
21.1128,48,34,36,49,
21.1142,37,40,44,58,
21.1155,37,40,44,58,
21.1169,44,37,32,49,
21.1182,24,26,35,45,
21.1196,8,18,30,36,
21.121,8,24,32,21,
21.1223,2,15,30,26,
21.1236,0,19,16,26,
21.125,-3,15,25,25,
21.1263,7,24,37,35,
21.1277,35,40,31,49,
21.129,48,38,39,56,
21.1304,57,42,47,53,
21.1318,51,45,45,53,
21.133,43,39,38,51,
21.1344,39,38,42,50,
21.1357,30,35,42,44,
21.1371,16,14,28,20,
21.1385,16,14,28,20,
21.1399,8,18,21,21,
21.1412,4,17,15,15,
21.1426,14,22,17,17,
21.144,34,22,31,23,
21.1454,43,24,32,34,
21.1467,43,24,32,34,
21.148,49,35,28,49,
21.1493,50,33,36,51,
21.1507,45,41,26,44,
21.1521,37,36,35,45,
21.1534,27,29,42,39,
21.1548,26,23,41,28,
21.1561,17,11,28,25,
21.1575,-2,15,12,20,
21.1589,0,19,21,21,
21.1602,11,17,32,23,
21.1616,27,29,32,32,
21.1629,27,29,32,32,
21.1643,44,34,26,42,
21.1657,64,36,34,39,
21.167,46,41,45,38,
21.1684,38,37,54,28,
21.1697,20,18,49,33,
21.171,20,18,49,33,
21.1723,18,29,46,37,
21.1737,5,19,15,22,
21.175,1,3,9,18,
21.1764,-6,-5,9,23,
21.1777,6,12,11,33,
21.1791,6,12,11,33,
21.1804,30,24,32,32,
21.1817,45,49,40,49,
21.1831,48,47,45,57,
21.1844,33,36,46,48,
21.1858,43,29,44,35,
21.1872,27,22,36,27,
21.1885,4,15,31,26,
21.1899,-1,24,36,36,
21.1913,0,11,18,10,
21.1926,5,7,20,6,
21.1939,5,7,20,6,
21.1953,11,7,32,15,
21.1966,27,19,38,32,
21.198,51,33,40,42,
21.1993,50,38,35,45,
21.2006,59,41,47,57,
21.202,58,42,47,55,
21.2034,58,42,47,55,
21.2047,21,27,32,28,
21.2061,16,20,33,25,
21.2074,12,9,39,16,
21.2088,0,8,23,18,
21.2102,0,8,23,18,
21.2115,0,8,23,18,
21.2129,5,12,13,16,
21.2143,24,41,36,41,
21.2156,29,36,30,44,
21.217,44,37,27,43,
21.2184,60,39,41,40,
21.2197,62,44,43,31,
21.2211,36,40,31,41,
21.2225,11,13,20,37,
21.2238,4,15,20,31,
21.2252,-4,5,17,17,
21.2266,2,12,15,15,
21.228,2,12,15,15,
21.2293,-6,19,22,19,
21.2307,33,33,33,33,
21.232,48,41,36,36,
21.2334,54,44,26,38,
21.2348,59,34,27,43,
21.2361,50,25,27,45,
21.2375,46,19,33,46,
21.2389,37,25,32,41,
21.2403,13,21,19,18,
21.2416,-6,13,15,20,
21.2429,-6,13,15,20,
21.2443,-4,8,7,15,
21.2456,-3,10,11,14,
21.247,-4,14,22,27,
21.2483,50,24,20,36,
21.2496,50,42,27,44,
21.251,47,53,39,55,
21.2524,47,53,39,55,
21.2537,31,36,27,63,
21.2551,31,30,23,52,
21.2565,30,14,21,42,
21.2578,11,17,14,30,
21.2592,13,23,25,20,
21.2605,13,23,25,20,
21.2618,-8,25,30,15,
21.2632,-7,22,27,15,
21.2645,3,24,19,20,
21.2659,28,23,24,23,
21.2672,43,38,33,38,
21.2686,43,38,33,38,
21.27,52,48,46,42,
21.2713,48,33,41,36,
21.2726,48,33,41,36,
21.274,21,23,36,38,
21.2753,7,24,20,43,
21.2766,5,25,15,27,
21.278,-5,20,22,28,
21.2793,-15,12,26,21,
21.2807,-12,22,28,17,
21.282,8,27,36,18,
21.2834,38,31,40,27,
21.2848,42,38,45,44,
21.2861,42,38,45,44,
21.2875,42,38,45,44,
21.2888,42,35,44,55,
21.2903,35,36,47,42,
21.2916,15,29,35,35,
21.293,7,15,19,29,
21.2944,-13,16,28,13,
21.2958,-13,16,28,13,
21.2971,-4,16,22,15,
21.2985,18,24,32,16,
21.2998,18,24,32,16,
21.3011,25,30,28,27,
21.3025,42,27,33,37,
21.3038,51,42,34,48,
21.3052,51,42,34,48,
21.3066,45,36,47,38,
21.3079,17,28,34,35,
21.3092,4,14,22,35,
21.3107,2,10,19,27,
21.3121,-4,7,20,27,
21.3134,-12,11,20,20,
21.3148,-12,11,20,20,
21.3161,6,8,25,22,
21.3174,9,26,27,31,
21.3187,37,31,37,35,
21.3201,44,30,34,34,
21.3214,52,38,28,41,
21.3228,55,38,27,36,
21.3241,49,43,27,29,
21.3254,22,32,32,32,
21.3267,8,21,23,32,
21.3281,9,16,26,32,
21.3294,9,16,26,32,
21.3308,-7,8,19,23,
21.3321,-1,6,15,21,
21.3335,10,-2,14,15,
21.3348,32,21,32,21,
21.3362,39,38,32,26,
21.3375,57,40,27,30,
21.3389,59,40,38,38,
21.3402,47,32,43,36,
21.3415,35,27,39,28,
21.3429,28,23,30,22,
21.3442,6,23,24,26,
21.3456,6,23,24,26,
21.3469,6,23,24,26,
21.3483,-8,19,21,5,
21.3496,-12,14,18,7,
21.351,4,8,18,20,
21.3523,29,17,21,26,
21.3537,42,34,24,28,
21.355,41,42,25,39,
21.3563,38,49,43,52,
21.3577,35,33,44,48,
21.359,22,35,29,41,
21.3604,22,35,29,41,
21.3618,21,18,24,24,
21.3632,21,18,24,24,
21.3646,3,13,17,22,
21.366,0,0,12,26,
21.3674,-4,9,15,17,
21.3688,15,13,23,11,
21.3701,36,20,31,20,
21.3715,39,27,27,26,
21.3728,42,39,28,34,
21.3742,52,50,30,40,
21.3756,22,30,17,48,
21.3769,22,30,17,48,
21.3783,17,15,15,39,
21.3796,6,10,19,30,
21.3809,-1,2,25,23,
21.3823,-13,1,26,23,
21.3836,-2,-2,27,8,
21.385,1,-4,23,13,
21.3864,30,23,20,27,
21.3877,30,23,20,27,
21.3891,37,25,36,33,
21.3905,47,40,39,31,
21.3918,47,40,39,31,
21.3931,43,48,44,47,
21.3946,29,29,29,43,
21.3959,17,18,30,36,
21.3973,6,20,29,30,
21.3986,-7,16,27,23,
21.4,-15,9,27,23,
21.4013,12,17,18,19,
21.4027,14,22,21,23,
21.4041,14,22,21,23,
21.4054,27,34,46,35,
21.4068,27,34,46,35,
21.4082,46,38,48,35,
21.4095,52,50,46,39,
21.4109,39,33,33,42,
21.4122,39,33,33,42,
21.4136,22,23,32,34,
21.4149,-10,14,17,32,
21.4163,-14,11,15,23,
21.4176,-11,12,24,16,
21.419,1,4,30,14,
21.4203,10,13,30,12,
21.4217,37,26,33,21,
21.423,38,27,37,38,
21.4244,34,34,39,51,
21.4258,50,43,45,50,
21.4271,37,34,46,45,
21.4285,27,22,40,48,
21.4298,16,31,28,38,
21.4312,3,26,24,36,
21.4326,3,-1,21,25,
21.4341,1,-9,21,20,
21.4356,5,3,13,20,
21.437,13,14,8,19,
21.4384,16,20,18,25,
21.4398,16,20,18,25,
21.4412,30,39,27,38,
21.4426,40,36,34,45,
21.4441,42,34,47,55,
21.4455,36,32,36,48,
21.447,36,32,36,48,
21.4484,16,17,16,32,
21.4498,15,21,11,23,
21.4513,4,4,12,22,
21.4528,-17,-5,16,27,
21.4541,-11,7,29,26,
21.4555,-2,18,27,24,
21.4568,19,25,19,30,
21.4581,23,35,25,39,
21.4595,36,43,25,39,
21.4608,47,30,27,40,
21.4622,21,28,31,40,
21.4635,21,28,36,38,
21.4649,21,28,36,38,
21.4662,21,20,34,39,
21.4675,8,16,35,32,
21.4689,-5,10,25,21,
21.4702,-12,20,11,23,
21.4715,2,12,26,30,
21.4728,2,12,26,30,
21.4742,29,41,26,35,
21.4756,21,50,31,30,
21.4769,42,47,36,35,
21.4783,43,32,24,33,
21.4796,43,32,24,33,
21.481,43,32,24,33,
21.4823,33,20,20,35,
21.4836,10,15,25,28,
21.485,15,19,29,25,
21.4864,4,9,24,27,
21.4877,0,18,28,12,
21.4891,0,18,28,12,
21.4904,0,27,21,22,
21.4917,30,37,26,28,
21.493,55,42,31,36,
21.4944,58,42,37,40,
21.4958,47,34,31,41,
21.4971,29,37,31,44,
21.4985,29,37,31,44,
21.4998,18,36,37,37,
21.5012,5,31,36,36,
21.5026,-3,12,18,21,
21.5039,-17,18,12,8,
21.5053,-17,18,12,8,
21.5066,2,19,15,17,
21.508,6,28,23,24,
21.5094,30,28,32,28,
21.5107,48,39,34,47,
21.5121,45,42,38,48,
21.5135,45,42,38,48,
21.5148,41,37,30,48,
21.5162,22,21,31,38,
21.5175,24,19,24,18,
21.5189,17,21,29,17,
21.5202,-6,9,20,17,
21.5215,-6,9,20,17,
21.5228,-1,13,20,12,
21.5241,13,16,18,19,
21.5255,25,25,24,34,
21.5268,28,40,36,39,
21.5282,34,40,47,42,
21.5296,43,49,47,43,
21.5309,39,46,35,39,
21.5322,39,46,35,39,
21.5336,25,20,31,28,
21.535,17,20,23,21,
21.5363,11,15,19,28,
21.5376,11,15,19,28,
21.5389,-2,-8,13,19,
21.5403,0,4,14,12,
21.5417,8,22,11,10,
21.543,33,40,29,33,
21.5444,36,44,31,35,
21.5458,36,44,31,35,
21.5471,44,40,33,45,
21.5485,42,36,24,43,
21.5499,38,41,29,45,
21.5513,29,31,27,35,
21.5526,17,22,18,23,
21.554,17,22,18,23,
21.5554,4,7,17,18,
21.5568,-13,6,14,11,
21.5581,-15,12,15,13,
21.5594,6,22,17,16,
21.5608,21,21,39,39,
21.5622,26,24,39,39,
21.5635,26,24,39,39,
21.5648,61,39,39,40,
21.5662,38,38,43,36,
21.5675,37,29,47,31,
21.5689,21,30,40,31,
21.5702,7,21,35,29,
21.5716,9,17,24,22,
21.5729,-5,2,24,17,
21.5743,-10,12,12,13,
21.5756,5,9,8,17,
21.577,5,9,8,17,
21.5784,42,37,26,30,
21.5798,42,37,26,30,
21.5811,52,35,35,39,
21.5825,49,37,40,42,
21.5839,34,44,40,40,
21.5852,27,39,36,31,
21.5867,14,18,32,26,
21.588,7,14,27,30,
21.5894,0,10,19,19,
21.5907,-10,4,11,3,
21.5921,-5,13,10,-2,
21.5934,-3,21,18,-4,
21.5948,6,22,22,18,
21.5961,22,35,28,26,
21.5974,32,35,39,25,
21.5988,35,32,49,38,
21.6001,36,45,43,43,
21.6015,29,40,49,32,
21.6028,14,29,33,17,
21.6041,11,20,18,20,
21.6055,11,20,18,20,
21.6069,0,15,20,22,
21.6082,-15,12,8,21,
21.6095,-3,3,21,21,
21.6109,5,15,25,30,
21.6122,28,24,30,28,
21.6136,28,24,30,28,
21.6149,36,33,40,38,
21.6163,38,45,34,44,
21.6176,25,29,39,37,
21.619,26,20,36,37,
21.6203,26,20,36,37,
21.6217,26,20,36,37,
21.6231,10,17,19,31,
21.6244,4,8,12,23,
21.6258,-6,14,13,18,
21.6271,-4,26,14,15,
21.6284,21,20,16,20,
21.6299,21,20,16,20,
21.6313,45,32,16,33,
21.6327,63,48,40,49,
21.6341,45,41,40,46,
21.6355,25,45,34,49,
21.6369,23,33,26,33,
21.6384,7,19,32,26,
21.6397,0,10,35,31,
21.6411,0,18,24,25,
21.6425,-1,18,7,28,
21.6439,-4,15,13,19,
21.6453,7,25,17,17,
21.6466,7,25,17,17,
21.648,45,35,22,38,
21.6495,35,43,35,38,
21.651,45,43,43,39,
21.6524,32,43,41,42,
21.6539,18,39,33,50,
21.6552,18,39,33,50,
21.6566,9,6,30,31,
21.658,12,8,36,23,
21.6593,3,17,26,22,
21.6607,-18,10,20,21,
21.662,-4,13,17,23,
21.6634,-4,13,17,23,
21.6648,29,34,30,31,
21.6662,29,34,30,31,
21.6675,39,31,27,42,
21.6689,59,47,44,46,
21.6702,52,36,34,40,
21.6716,27,32,29,34,
21.6729,12,26,33,27,
21.6743,12,10,33,30,
21.6757,5,11,22,25,
21.677,-5,6,13,13,
21.6784,3,14,20,16,
21.6798,3,14,20,16,
21.6811,21,18,20,20,
21.6825,25,33,27,32,
21.6839,27,39,34,41,
21.6852,45,34,33,47,
21.6866,57,33,37,38,
21.688,36,38,37,48,
21.6894,36,38,37,48,
21.6907,-1,26,28,27,
21.6922,-5,23,31,32,
21.6935,0,10,26,31,
21.6949,3,0,16,23,
21.6963,3,0,16,23,
21.6976,3,0,16,23,
21.6989,0,3,28,18,
21.7002,37,32,25,28,
21.7015,42,37,34,39,
21.7029,61,40,45,49,
21.7043,27,42,43,40,
21.7056,27,42,43,40,
21.707,28,34,38,36,
21.7084,8,10,15,29,
21.7098,-5,11,8,34,
21.7111,-11,14,14,26,
21.7125,-11,14,14,26,
21.7138,-1,13,20,16,
21.7152,-1,13,20,16,
21.7166,15,30,25,20,
21.718,34,23,39,45,
21.7193,39,28,39,51,
21.7206,53,38,32,43,
21.722,45,35,35,43,
21.7233,32,35,39,32,
21.7247,28,34,28,21,
21.7261,5,29,23,29,
21.7274,1,17,21,29,
21.7288,1,17,21,29,
21.7302,-7,6,14,21,
21.7315,-4,5,11,13,
21.7329,8,20,11,22,
21.7342,35,33,22,31,
21.7356,36,27,32,35,
21.737,40,33,32,40,
21.7384,40,33,32,40,
21.7397,47,26,25,43,
21.7411,42,19,23,34,
21.7424,15,21,25,26,
21.7439,8,16,29,22,
21.7452,8,16,29,22,
21.7467,8,16,29,22,
21.7481,-8,-2,29,18,
21.7494,-2,0,15,14,
21.7508,8,5,18,22,
21.7521,37,41,34,38,
21.7535,37,41,34,38,
21.7549,55,48,35,48,
21.7562,49,45,44,42,
21.7576,29,28,33,27,
21.7589,20,25,27,29,
21.7602,10,22,33,20,
21.7616,12,10,29,22,
21.763,12,10,29,22,
21.7643,-17,0,23,28,
21.7657,4,2,11,16,
21.7671,12,15,22,24,
21.7684,20,36,22,31,
21.7698,33,33,25,40,
21.7711,31,30,30,42,
21.7725,45,46,38,47,
21.7738,43,48,43,52,
21.7752,25,39,21,31,
21.7766,10,29,30,34,
21.7779,10,29,30,34,
21.7793,10,21,23,27,
21.7806,1,8,27,29,
21.782,-8,2,21,18,
21.7834,7,11,26,19,
21.7847,12,22,22,18,
21.786,24,28,29,25,
21.7874,29,31,36,33,
21.7887,41,46,31,46,
21.7901,44,42,39,50,
21.7914,37,39,36,52,
21.7927,41,24,38,47,
21.7942,19,25,30,42,
21.7956,19,25,30,42,
21.7969,11,6,21,13,
21.7983,-5,-3,21,9,
21.7996,-10,6,18,12,
21.801,16,21,11,21,
21.8024,22,23,26,31,
21.8037,22,23,26,31,
21.8051,57,31,38,38,
21.8064,61,31,43,42,
21.8078,61,31,43,42,
21.8092,40,30,37,41,
21.8105,30,31,32,33,
21.8119,23,15,23,32,
21.8132,23,15,23,32,
21.8145,9,19,13,21,
21.8158,-15,12,17,13,
21.8172,-6,4,12,12,
21.8185,12,2,18,21,
21.8198,11,10,27,32,
21.8211,31,24,35,32,
21.8225,48,24,40,33,
21.8239,64,35,43,44,
21.8252,63,45,39,38,
21.8265,42,45,33,38,
21.8279,20,38,29,31,
21.8292,14,28,33,32,
21.8306,9,10,39,23,
21.832,-3,7,29,23,
21.8333,-12,-3,20,27,
21.8347,-16,6,22,9,
21.836,6,16,24,15,
21.8373,6,16,24,15,
21.8387,6,16,24,15,
21.8401,27,39,24,28,
21.8415,32,41,29,34,
21.8429,45,29,37,40,
21.8442,52,38,40,42,
21.8456,52,38,40,42,
21.847,2,18,18,30,
21.8484,3,28,11,29,
21.8498,-10,16,21,21,
21.8512,-3,14,21,24,
21.8526,-3,14,21,24,
21.854,11,19,19,30,
21.8554,36,23,21,23,
21.8567,51,29,27,27,
21.8582,50,40,35,35,
21.8595,32,35,42,37,
21.8608,31,31,35,33,
21.8621,21,31,24,35,
21.8635,24,25,15,28,
21.8648,16,10,14,26,
21.8662,16,10,14,26,
21.8676,-13,9,16,18,
21.8689,-18,6,23,24,
21.8703,-8,2,26,18,
21.8717,15,18,22,23,
21.873,33,29,25,30,
21.8744,48,41,36,34,
21.8757,61,37,39,37,
21.8771,37,32,33,48,
21.8784,27,40,25,46,
21.8798,25,41,21,32,
21.8811,25,41,21,32,
21.8827,12,22,14,29,
21.884,9,18,13,32,
21.8854,-5,5,20,13,
21.8867,-12,10,21,17,
21.888,-12,10,21,17,
21.8894,6,10,21,18,
21.8907,40,27,29,38,
21.8921,50,27,28,47,
21.8934,49,42,26,55,
21.8947,24,36,25,44,
21.8961,24,36,25,44,
21.8974,20,43,25,30,
21.8988,12,34,33,25,
21.9001,-1,16,29,18,
21.9014,-5,11,14,16,
21.9028,-8,13,9,15,
21.9041,-8,9,18,11,
21.9054,-2,8,14,8,
21.9068,10,25,24,16,
21.9081,38,37,30,26,
21.9095,57,40,39,43,
21.9109,47,41,39,36,
21.9122,47,41,39,36,
21.9136,34,28,24,29,
21.915,24,25,22,33,
21.9163,24,25,22,33,
21.9176,9,12,12,18,
21.919,-5,-3,16,12,
21.9203,-5,-3,16,12,
21.9217,-6,8,11,10,
21.923,-3,11,13,18,
21.9243,16,19,15,23,
21.9257,34,32,29,28,
21.9271,53,39,26,27,
21.9284,66,43,30,40,
21.9298,44,38,31,35,
21.9312,39,27,27,33,
21.9325,21,23,25,38,
21.9338,9,23,30,22,
21.9352,7,13,34,14,
21.9365,12,3,22,19,
21.9379,-11,6,15,18,
21.9393,-7,16,19,14,
21.9406,8,24,22,10,
21.9419,33,33,30,26,
21.9432,33,33,30,26,
21.9446,50,39,41,44,
21.946,42,35,44,51,
21.9473,25,20,41,52,
21.9486,20,24,45,44,
21.9499,28,30,43,26,
21.9513,20,29,39,17,
21.9527,20,29,39,17,
21.954,-7,17,19,27,
21.9554,-2,13,11,26,
21.9567,1,9,10,19,
21.9581,9,8,12,25,
21.9595,19,15,25,30,
21.9608,36,26,33,36,
21.9622,46,32,39,33,
21.9635,45,43,52,30,
21.9649,45,43,52,30,
21.9663,32,35,45,29,
21.9676,23,16,17,24,
21.969,23,16,17,24,
21.9703,9,19,19,15,
21.9717,-7,6,18,14,
21.973,-13,8,19,5,
21.9743,-9,5,12,14,
21.9756,-9,5,12,14,
21.977,34,40,27,30,
21.9784,39,32,32,27,
21.9797,54,31,31,38,
21.9811,46,46,21,35,
21.9824,37,44,25,30,
21.9838,37,44,25,30,
21.9851,37,44,25,30,
21.9865,1,14,28,25,
21.9879,-4,14,21,20,
21.9892,-3,8,21,15,
21.9906,6,16,19,8,
21.9919,9,14,26,12,
21.9933,9,14,26,12,
21.9946,22,33,36,18,
21.996,30,27,32,34,
21.9974,30,27,32,34,
21.9988,27,37,44,31,
22.0001,24,41,44,39,
22.0015,24,41,44,39,
22.0028,1,19,33,21,
22.0042,1,12,24,19,
22.0056,-1,9,20,9,
22.007,-2,9,19,2,
22.0083,6,7,25,-1,
22.0097,5,7,28,-1,
22.0111,27,19,27,11,
22.0124,30,37,45,8,
22.0138,37,34,41,20,
22.0152,37,34,41,20,
22.0165,29,38,38,28,
22.0179,29,43,31,30,
22.0193,18,37,25,27,
22.0206,7,9,17,8,
22.022,9,6,25,-1,
22.0233,-11,2,14,-8,
22.0247,-28,5,10,0,
22.026,-8,13,9,2,
22.0274,11,27,12,9,
22.0288,35,31,24,22,
22.0301,38,34,31,28,
22.0315,31,41,30,22,
22.0329,35,51,37,30,
22.0343,31,43,37,24,
22.0357,37,33,28,18,
22.037,26,25,32,10,
22.0384,-5,8,22,10,
22.0398,-5,0,16,-2,
22.0412,-5,2,18,-10,
22.0426,-7,8,19,-12,
22.044,11,17,28,-5,
22.0453,11,17,28,-5,
22.0467,28,38,28,9,
22.0481,30,42,26,21,
22.0494,50,43,31,28,
22.0508,50,41,32,27,
22.0521,39,33,31,28,
22.0534,26,26,33,22,
22.0548,9,26,32,10,
22.0561,-5,9,22,-2,
22.0574,-5,9,22,-2,
22.0588,-17,5,23,-7,
22.0602,-16,19,18,-13,
22.0615,6,12,25,-7,
22.0629,27,29,25,5,
22.0642,27,29,25,5,
22.0656,33,36,36,2,
22.067,44,38,48,0,
22.0683,45,40,44,1,
22.0696,41,36,48,6,
22.0709,17,21,39,-4,
22.0722,3,22,32,-2,
22.0736,3,22,32,-2,
22.0749,-6,3,17,-15,
22.0763,-10,11,8,-14,
22.0777,0,8,14,-7,
22.079,8,5,11,-4,
22.0803,32,9,27,-6,
22.0817,35,24,34,2,
22.083,40,33,35,0,
22.0843,45,40,46,4,
22.0857,33,44,36,7,
22.087,22,35,30,13,
22.0884,8,23,32,5,
22.0897,8,23,32,5,
22.0911,10,11,32,-1,
22.0924,-17,1,28,-12,
22.0937,-9,-1,23,-14,
22.0951,-9,-1,23,-14,
22.0964,5,-3,27,-14,
22.0978,16,10,37,-17,
22.0991,33,26,39,-8,
22.1004,33,30,31,-7,
22.1017,39,45,31,20,
22.1031,31,45,41,16,
22.1044,26,42,48,11,
22.1057,26,42,48,11,
22.107,4,32,34,0,
22.1083,8,30,29,-8,
22.1097,1,17,23,-19,
22.1111,1,17,23,-19,
22.1124,-15,12,16,-29,
22.1137,-6,19,12,-21,
22.1151,-6,19,12,-21,
22.1164,38,39,31,-13,
22.1177,35,42,33,-8,
22.1191,49,45,30,-7,
22.1205,20,45,46,10,
22.1218,20,45,46,10,
22.1232,21,23,36,7,
22.1245,3,21,32,4,
22.1258,3,21,30,-5,
22.1271,3,21,30,-5,
22.1285,-13,14,32,-16,
22.1299,-12,15,28,-27,
22.1312,-1,19,29,-21,
22.1326,12,13,29,-14,
22.1339,38,24,29,-12,
22.1353,42,41,42,6,
22.1366,41,35,55,4,
22.1379,41,35,55,4,
22.1393,32,30,47,9,
22.1407,1,34,34,10,
22.142,-7,22,19,1,
22.1434,-15,16,20,-9,
22.1448,-18,10,21,-14,
22.1461,-5,7,24,-12,
22.1475,-5,7,24,-12,
22.1488,6,14,32,-1,
22.1502,7,24,35,3,
22.1515,31,34,40,8,
22.1528,38,42,59,8,
22.1542,39,47,54,3,
22.1556,39,47,54,3,
22.1569,10,30,47,11,
22.1583,10,30,47,11,
22.1597,-11,13,32,2,
22.161,-14,16,22,-3,
22.1624,-29,15,20,-8,
22.1637,-29,15,20,-8,
22.1651,-18,18,27,-14,
22.1665,-1,22,17,-1,
22.1678,16,26,36,3,
22.1692,33,35,38,5,
22.1706,32,47,40,10,
22.1719,18,42,48,14,
22.1733,20,37,44,10,
22.1746,11,27,39,12,
22.176,3,20,27,12,
22.1774,-8,17,19,-1,
22.1787,-13,17,25,-12,
22.1801,-15,11,25,-6,
22.1814,-16,5,10,-8,
22.1828,-11,-2,17,-8,
22.1841,14,29,34,4,
22.1855,32,32,32,18,
22.1868,36,30,43,25,
22.1882,34,28,55,19,
22.1895,34,28,55,19,
22.1909,26,35,40,10,
22.1922,4,28,37,-1,
22.1936,-4,31,32,-1,
22.1949,-11,23,22,2,
22.1963,-21,18,19,-9,
22.1976,-19,13,13,-12,
22.199,-20,10,19,-10,
22.2004,-5,25,19,-4,
22.2018,31,36,36,7,
22.2031,36,40,37,10,
22.2044,36,40,37,10,
22.2058,36,40,37,10,
22.2071,41,38,51,34,
22.2084,31,34,51,30,
22.2098,16,34,43,24,
22.2112,6,12,21,15,
22.2125,-1,6,14,2,
22.2139,-1,6,14,2,
22.2153,-20,6,10,-16,
22.2166,-14,5,19,-20,
22.218,0,12,27,-11,
22.2194,31,35,31,10,
22.2207,31,35,31,10,
22.2221,31,35,31,10,
22.2234,40,42,34,14,
22.2247,26,22,27,32,
22.2261,28,22,24,20,
22.2274,20,14,29,9,
22.2288,-4,16,25,4,
22.2302,-2,23,22,1,
22.2316,-6,24,22,3,
22.2329,-12,22,18,-10,
22.2343,-2,9,30,-4,
22.2357,13,25,35,8,
22.237,13,25,35,8,
22.2383,27,38,43,17,
22.2396,33,38,45,25,
22.241,43,46,48,24,
22.2424,42,34,47,21,
22.2437,14,25,46,16,
22.2451,14,25,46,16,
22.2464,-2,13,26,6,
22.2478,-16,14,13,0,
22.2492,-33,5,10,-10,
22.2505,-5,2,16,-19,
22.2519,8,16,32,-10,
22.2532,8,16,32,-10,
22.2546,18,38,34,0,
22.256,16,36,37,1,
22.2574,27,38,40,-4,
22.2588,39,29,38,-7,
22.2601,16,26,34,8,
22.2615,16,26,34,8,
22.2628,12,30,38,-10,
22.2642,-5,11,38,-9,
22.2656,-24,5,23,-21,
22.2669,-40,5,22,-24,
22.2683,-26,9,23,-15,
22.2696,-8,9,31,-19,
22.271,-8,9,31,-19,
22.2722,1,20,35,-12,
22.2736,19,34,34,3,
22.2749,38,37,38,-1,
22.2763,40,29,45,7,
22.2776,27,33,51,9,
22.279,6,29,54,5,
22.2803,-6,15,34,-13,
22.2817,-12,15,23,-20,
22.283,-20,-3,25,-34,
22.2844,-17,0,20,-37,
22.2858,-17,0,20,-37,
22.2871,-17,4,8,-30,
22.2885,2,11,17,-21,
22.2899,25,31,27,-7,
22.2913,30,38,36,1,
22.2926,31,38,33,-7,
22.294,17,25,35,-8,
22.2953,16,32,39,-17,
22.2967,-6,22,30,-29,
22.2981,-20,9,23,-35,
22.2994,-24,13,28,-28,
22.3008,-27,3,29,-31,
22.3022,-28,3,16,-40,
22.3035,-31,15,17,-40,
22.3048,-26,24,33,-37,
22.3062,-10,19,30,-40,
22.3075,6,28,30,-42,
22.3089,34,34,39,-29,
22.3102,23,44,38,-18,
22.3115,23,44,38,-18,
22.3128,21,42,41,-18,
22.3142,-5,13,39,-33,
22.3156,-5,13,39,-33,
22.3169,-4,10,43,-34,
22.3182,-40,10,32,-63,
22.3196,-28,15,31,-65,
22.3209,-28,15,31,-65,
22.3223,-4,30,45,-42,
22.3236,25,43,57,-30,
22.325,17,50,54,-33,
22.3263,26,49,48,-26,
22.3277,32,55,52,-31,
22.329,21,52,53,-32,
22.3304,21,52,53,-32,
22.3317,-6,32,50,-47,
22.3331,-18,27,49,-63,
22.3344,-24,28,53,-66,
22.3358,-34,16,37,-67,
22.3372,-27,12,24,-78,
22.3386,-20,11,24,-78,
22.3399,-18,23,38,-73,
22.3413,-1,47,67,-59,
22.3426,11,58,62,-51,
22.344,24,57,65,-45,
22.3453,24,57,65,-45,
22.3466,8,57,67,-53,
22.348,2,46,65,-59,
22.3493,-1,52,59,-54,
22.3507,-10,39,73,-65,
22.352,-17,29,68,-78,
22.3534,-17,29,68,-78,
22.3547,-26,27,69,-79,
22.3561,-27,37,80,-76,
22.3574,-1,41,86,-73,
22.3588,21,75,105,-55,
22.3602,30,84,116,-51,
22.3615,30,84,116,-51,
22.3629,30,84,116,-51,
22.3642,26,87,122,-51,
22.3656,21,85,121,-50,
22.367,5,81,130,-52,
22.3683,-1,84,161,-49,
22.3696,-7,82,171,-45,
22.3709,-9,82,161,-50,
22.3723,-8,75,162,-52,
22.3736,22,69,154,-40,
22.375,29,88,159,-22,
22.3764,40,98,155,-20,
22.3777,36,95,157,-15,
22.3791,36,95,157,-15,
22.3804,43,106,149,-12,
22.3818,31,103,129,-47,
22.3831,9,84,124,-55,
22.3845,-11,63,110,-65,
22.3859,-25,50,108,-81,
22.3872,-44,55,110,-89,
22.3885,-46,50,110,-93,
22.3899,-45,41,109,-99,
22.3912,-13,63,106,-77,
22.3925,-13,63,106,-77,
22.3938,17,64,117,-80,
22.3952,8,66,112,-81,
22.3965,10,60,115,-64,
22.398,10,60,115,-64,
22.3993,0,58,115,-70,
22.4007,-1,60,113,-76,
22.4021,-27,43,111,-75,
22.4034,-35,30,111,-77,
22.4047,-55,22,111,-79,
22.406,-47,17,102,-79,
22.4073,-49,25,106,-81,
22.4087,-29,27,110,-83,
22.41,9,36,115,-69,
22.4113,13,51,111,-48,
22.4127,13,51,111,-48,
22.414,32,60,104,-37,
22.4154,18,48,105,-32,
22.4168,0,32,102,-29,
22.4181,-11,23,96,-37,
22.4195,-18,29,96,-45,
22.4208,-21,29,91,-41,
22.4222,-26,23,79,-43,
22.4236,-32,7,56,-47,
22.4249,-32,7,56,-47,
22.4263,-13,13,56,-44,
22.4277,0,25,61,-35,
22.429,20,45,76,-18,
22.4304,21,53,88,-6,
22.4318,25,42,76,-11,
22.4331,25,42,76,-11,
22.4345,9,35,69,-2,
22.4358,10,37,62,-5,
22.4372,-2,23,62,-24,
22.4387,-8,9,63,-34,
22.4401,-26,14,58,-33,
22.4416,-26,14,58,-33,
22.443,-29,19,53,-31,
22.4443,-16,23,47,-31,
22.4457,17,45,58,-12,
22.447,34,42,74,-8,
22.4484,35,46,70,0,
22.4498,24,38,63,-6,
22.4511,24,38,63,-6,
22.4525,4,41,57,-7,
22.4539,-2,21,62,-5,
22.4553,-15,5,56,-17,
22.4566,-20,-7,47,-24,
22.458,-26,-10,46,-21,
22.4594,-28,9,38,-23,
22.4607,-28,9,38,-23,
22.4621,0,22,61,-20,
22.4635,15,36,68,-13,
22.4648,29,33,61,-10,
22.4662,32,48,62,3,
22.4675,32,48,62,3,
22.4688,23,43,56,0,
22.4702,-1,26,55,-7,
22.4716,-7,20,53,-5,
22.4729,-7,20,53,-5,
22.4743,-22,12,45,-5,
22.4756,-23,12,36,-8,
22.477,-23,12,36,-8,
22.4784,-7,17,31,-9,
22.4797,28,37,63,-1,
22.4811,26,40,59,0,
22.4826,39,40,62,-3,
22.484,35,32,68,4,
22.4852,18,43,75,-2,
22.4866,15,35,65,1,
22.488,-6,6,49,-14,
22.4893,-18,14,49,-17,
22.4907,-18,14,49,-17,
22.4921,-33,17,48,-21,
22.4934,-39,11,34,-23,
22.4948,-33,7,27,-28,
22.4962,19,21,48,-6,
22.4975,37,21,62,-10,
22.4989,32,31,74,-11,
22.5002,32,31,74,-11,
22.5016,28,29,78,1,
22.503,23,28,67,3,
22.5043,14,29,60,-3,
22.5057,5,23,56,-1,
22.507,-1,13,50,0,
22.5083,-15,2,55,-10,
22.5097,-25,3,50,-20,
22.5111,-25,9,49,-19,
22.5124,-7,4,42,-19,
22.5138,13,9,49,-11,
22.5151,29,33,61,-4,
22.5165,29,33,61,-4,
22.5179,49,28,62,9,
22.5193,36,31,73,6,
22.5206,18,22,74,9,
22.522,18,22,74,9,
22.5234,-20,18,42,1,
22.5247,-20,18,42,1,
22.5261,-15,8,35,5,
22.5274,-20,-6,34,-9,
22.5288,-6,-11,32,-5,
22.5302,9,7,42,-1,
22.5315,28,39,45,8,
22.5329,28,39,45,8,
22.5342,30,43,58,12,
22.5355,48,35,75,22,
22.5368,34,27,56,24,
22.5382,8,22,49,12,
22.5395,8,22,49,12,
22.5408,5,15,49,5,
22.5422,0,9,55,12,
22.5436,-10,7,43,6,
22.5449,-29,3,31,-1,
22.5464,-15,6,41,0,
22.5478,4,17,41,4,
22.5491,4,17,41,4,
22.5505,43,30,55,18,
22.5519,62,40,63,22,
22.5532,55,33,55,25,
22.5546,22,23,48,20,
22.556,22,23,48,20,
22.5573,22,23,48,20,
22.5587,-3,16,38,10,
22.5601,-3,20,34,16,
22.5613,-10,6,32,15,
22.5627,-5,-2,30,3,
22.5641,-6,-7,26,3,
22.5655,6,8,28,13,
22.5669,45,36,38,22,
22.5683,57,37,50,24,
22.5697,56,44,70,31,
22.5711,35,46,69,34,
22.5724,30,36,65,38,
22.5737,30,36,65,38,
22.5751,20,17,50,33,
22.5764,-5,15,30,14,
22.5778,-12,9,23,7,
22.5792,-11,0,16,5,
22.5805,-19,-9,25,10,
22.5819,-16,3,39,7,
22.5832,6,16,46,9,
22.5845,29,22,45,20,
22.586,33,43,52,27,
22.5873,30,32,55,31,
22.5887,30,32,55,31,
22.59,39,34,58,21,
22.5914,14,32,53,20,
22.5927,0,19,52,16,
22.5941,1,8,42,3,
22.5956,-8,1,39,6,
22.5969,-8,1,39,6,
22.5983,2,5,48,6,
22.5996,-2,2,49,12,
22.601,22,25,46,22,
22.6024,36,33,54,25,
22.6037,46,42,61,25,
22.6051,39,37,69,37,
22.6064,39,37,69,37,
22.6078,22,21,43,27,
22.6092,3,23,42,20,
22.6106,-1,20,51,14,
22.6119,-16,4,34,14,
22.6133,-16,4,34,14,
22.6147,-28,0,28,4,
22.6161,-7,10,37,12,
22.6174,-7,10,37,12,
22.6188,17,20,55,13,
22.6201,36,34,62,29,
22.6215,39,33,63,36,
22.6228,34,33,64,34,
22.6241,34,33,64,34,
22.6255,12,26,56,32,
22.6268,6,16,56,28,
22.6282,6,10,49,16,
22.6296,-5,1,32,9,
22.631,-5,1,32,9,
22.6324,-6,9,29,6,
22.6338,-7,10,27,1,
22.6352,7,6,41,2,
22.6365,40,25,46,20,
22.6379,46,52,59,33,
22.6393,46,52,59,33,
22.6406,38,56,56,34,
22.642,33,26,35,27,
22.6434,23,13,35,24,
22.6448,-5,13,27,20,
22.6462,-7,8,29,16,
22.6475,-22,-7,27,12,
22.6488,-22,-7,27,12,
22.6502,-27,2,25,5,
22.6516,5,8,13,29,
22.6529,18,10,26,26,
22.6543,25,16,27,34,
22.6557,39,30,32,36,
22.657,50,40,47,47,
22.6585,34,35,56,44,
22.6598,31,30,33,31,
22.6612,14,23,15,30,
22.6626,14,23,15,30,
22.664,-16,17,19,23,
22.6653,-16,17,19,23,
22.6667,-17,3,11,18,
22.668,5,15,14,17,
22.6694,12,30,19,19,
22.6708,25,30,33,26,
22.6721,45,35,32,37,
22.6735,45,35,32,37,
22.6749,57,31,25,40,
22.6762,29,19,19,40,
22.6776,13,27,24,28,
22.6789,13,27,24,28,
22.6803,2,29,26,22,
22.6816,7,21,17,22,
22.683,-12,-4,10,22,
22.6844,-17,2,4,22,
22.6858,4,12,11,28,
22.6872,31,31,23,27,
22.6885,41,33,34,25,
22.6899,53,45,31,29,
22.6913,64,52,23,31,
22.6926,46,52,30,37,
22.694,23,29,19,24,
22.6954,23,29,19,24,
22.6967,5,12,7,18,
22.6981,14,17,18,21,
22.6994,-1,23,14,27,
22.7008,-15,10,10,17,
22.7021,-6,17,13,10,
22.7035,19,27,8,16,
22.7048,19,27,8,16,
22.7062,35,30,21,31,
22.7076,43,33,35,44,
22.7089,48,37,33,37,
22.7103,39,41,35,35,
22.7117,27,28,33,28,
22.713,20,16,25,31,
22.7144,14,11,23,30,
22.7157,3,17,11,16,
22.7171,-7,0,6,5,
22.7185,1,-1,17,-1,
22.7199,-5,4,18,14,
22.7212,8,2,25,28,
22.7226,38,25,29,25,
22.724,39,37,24,29,
22.7254,65,36,40,33,
22.7268,42,33,49,36,
22.7281,42,33,49,36,
22.7295,11,20,32,31,
22.7309,11,20,32,31,
22.7322,-13,12,24,23,
22.7336,-5,17,26,12,
22.7349,-21,4,27,1,
22.7363,-13,2,15,11,
22.7376,8,2,12,13,
22.739,24,9,25,12,
22.7404,50,25,28,26,
22.7418,49,37,33,36,
22.7432,52,34,28,47,
22.7445,52,34,28,47,
22.7459,40,33,35,36,
22.7472,28,30,35,32,
22.7486,10,21,31,24,
22.7499,10,20,22,21,
22.7513,-13,7,3,14,
22.7526,-13,7,3,14,
22.754,-1,4,9,11,
22.7554,20,23,19,9,
22.7567,43,37,24,25,
22.7581,33,35,23,37,
22.7595,39,39,36,44,
22.7608,55,41,39,35,
22.7622,38,30,44,30,
22.7635,37,24,51,33,
22.7649,16,24,43,34,
22.7662,-7,21,27,20,
22.7676,1,26,20,26,
22.7689,-12,18,14,17,
22.7703,-25,11,17,18,
22.7716,-22,3,21,19,
22.773,10,4,25,27,
22.7744,42,29,27,29,
22.7758,42,29,27,29,
22.7771,46,36,27,28,
22.7785,34,49,38,37,
22.7798,36,36,35,43,
22.7812,36,36,35,43,
22.7826,1,26,25,30,
22.7839,-8,22,27,29,
22.7852,-8,22,27,29,
22.7866,-25,4,16,16,
22.7879,-15,9,9,2,
22.7893,-1,10,9,4,
22.7907,39,31,22,14,
22.7921,31,42,24,25,
22.7934,31,42,24,25,
22.7948,48,51,25,32,
22.7961,57,41,33,37,
22.7975,46,35,38,39,
22.7989,29,32,30,31,
22.8002,-4,12,18,24,
22.8016,2,20,11,19,
22.8029,2,20,11,19,
22.8042,-3,18,5,18,
22.8056,-10,8,8,10,
22.8069,7,7,9,14,
22.8082,24,11,24,13,
22.8096,44,30,37,16,
22.8109,44,30,37,16,
22.8122,47,39,33,34,
22.8136,41,42,35,35,
22.8149,26,31,29,29,
22.8163,23,31,20,18,
22.8176,1,22,25,20,
22.819,-1,19,23,30,
22.8203,5,9,18,24,
22.8216,-9,-2,17,13,
22.823,-2,-4,17,14,
22.8243,0,10,18,16,
22.8257,16,19,20,17,
22.827,25,26,21,29,
22.8283,26,44,24,35,
22.8297,46,46,29,30,
22.8311,51,48,34,36,
22.8324,34,31,23,32,
22.8338,15,19,27,24,
22.8351,15,19,27,24,
22.8364,-3,11,29,26,
22.8378,-18,1,10,15,
22.8392,-14,-1,9,19,
22.8405,-10,13,16,17,
22.8419,6,27,13,21,
22.8432,6,27,13,21,
22.8446,22,29,17,26,
22.846,31,51,32,33,
22.8474,41,53,34,34,
22.8487,38,44,31,36,
22.85,27,37,30,32,
22.8514,16,17,33,30,
22.8527,4,13,30,20,
22.8541,8,0,19,9,
22.8554,-2,0,5,5,
22.8567,-3,7,5,3,
22.8581,3,-1,5,3,
22.8594,-8,1,13,4,
22.8607,11,24,11,16,
22.8621,33,36,15,33,
22.8634,39,32,26,37,
22.8647,50,44,24,41,
22.866,51,40,24,39,
22.8674,51,40,24,39,
22.8687,31,34,21,39,
22.8701,16,17,16,18,
22.8714,10,3,23,27,
22.8727,-15,2,11,23,
22.8741,-19,7,1,19,
22.8754,-19,7,1,19,
22.8768,-5,7,2,15,
22.8781,36,27,28,28,
22.8795,40,38,26,28,
22.8809,43,44,31,37,
22.8822,64,41,29,50,
22.8836,59,29,23,40,
22.885,33,23,20,35,
22.8864,19,27,21,32,
22.8877,8,25,27,16,
22.8891,8,5,22,21,
22.8905,8,5,22,21,
22.8918,-10,12,19,20,
22.8931,-10,12,19,20,
22.8945,6,16,18,11,
22.8958,36,31,29,25,
22.8972,43,33,30,30,
22.8986,43,33,30,30,
22.8999,57,39,41,39,
22.9013,31,34,39,45,
22.9026,15,21,21,44,
22.904,-3,13,16,40,
22.9053,2,7,20,27,
22.9068,2,7,20,27,
22.9082,-20,3,15,15,
22.9095,-22,8,10,12,
22.9109,-12,10,12,13,
22.9122,0,16,15,23,
22.9135,34,27,24,24,
22.9148,38,28,23,31,
22.9161,41,36,25,39,
22.9175,56,44,27,32,
22.9188,32,33,24,33,
22.9203,24,15,20,32,
22.9216,15,15,20,25,
22.923,14,8,26,28,
22.9243,14,8,26,28,
22.9256,-5,-6,16,29,
22.927,2,-4,19,28,
22.9284,7,5,11,21,
22.9297,19,20,15,26,
22.9311,37,24,27,31,
22.9324,41,25,32,27,
22.9338,51,41,37,39,
22.9351,43,33,36,37,
22.9364,25,36,28,31,
22.9378,16,23,15,30,
22.9392,16,23,15,30,
22.9406,2,12,17,19,
22.9419,-8,14,11,25,
22.9433,-8,14,9,24,
22.9446,-11,7,10,28,
22.946,6,6,17,20,
22.9473,31,26,21,24,
22.9487,31,26,21,24,
22.95,53,38,30,25,
22.9514,63,27,28,38,
22.9527,39,20,30,38,
22.9541,4,17,32,23,
22.9555,4,17,32,23,
22.9568,4,17,32,23,
22.9582,1,16,23,25,
22.9595,-17,0,17,23,
22.9608,-13,4,13,14,
22.9622,-18,3,12,16,
22.9635,27,15,27,32,
22.9649,41,26,31,26,
22.9662,41,26,31,26,
22.9675,41,26,31,26,
22.9688,70,35,40,40,
22.9702,63,35,37,33,
22.9716,47,28,27,31,
22.9729,11,18,16,25,
22.9743,13,18,9,21,
22.9756,13,18,9,21,
22.9769,1,12,12,23,
22.9782,-4,16,10,12,
22.9796,-6,11,16,15,
22.981,6,7,22,20,
22.9823,27,29,26,29,
22.9836,27,29,26,29,
22.985,45,39,26,31,
22.9864,52,47,26,36,
22.9877,34,33,28,29,
22.9891,26,38,24,35,
22.9905,24,22,22,34,
22.9918,13,17,8,37,
22.9932,8,25,5,29,
22.9946,-8,12,8,26,
22.996,-8,5,18,14,
22.9973,-8,5,18,14,
22.9987,6,22,24,12,
23.0001,35,33,35,21,
23.0014,35,33,35,21,
23.0028,32,40,38,35,
23.0041,50,40,36,31,
23.0056,52,34,26,34,
23.007,21,25,21,37,
23.0083,0,22,12,23,
23.0097,7,13,14,21,
23.0111,-7,8,8,23,
23.0124,-14,9,6,18,
23.0137,-6,-1,10,16,
23.0151,5,-3,11,25,
23.0164,24,19,16,27,
23.0177,42,34,28,32,
23.0191,30,27,32,37,
23.0205,36,42,27,42,
23.0218,46,31,25,41,
23.0232,19,34,31,33,
23.0245,19,34,31,33,
23.026,8,15,9,26,
23.0274,8,15,9,26,
23.0287,1,17,5,15,
23.0301,-10,10,0,12,
23.0314,-9,10,11,13,
23.0328,3,13,21,14,
23.0341,3,13,21,14,
23.0355,49,39,28,22,
23.0369,50,29,34,35,
23.0383,50,27,36,42,
23.0397,38,39,24,34,
23.041,38,39,24,34,
23.0424,38,39,24,34,
23.0438,14,20,15,27,
23.0453,7,17,10,22,
23.0467,-9,5,14,27,
23.0481,-8,10,4,20,
23.0494,-10,12,7,14,
23.0508,14,29,19,13,
23.0522,34,31,36,26,
23.0535,40,36,45,37,
23.055,47,42,54,29,
23.0564,47,42,54,29,
23.0577,24,43,24,36,
23.0591,18,34,22,34,
23.0604,16,23,20,33,
23.0618,-2,19,19,24,
23.0632,-10,9,17,21,
23.0645,-10,6,3,13,
23.0659,-3,12,14,11,
23.0672,1,16,23,21,
23.0686,24,23,24,28,
23.07,24,23,24,28,
23.0713,36,28,25,28,
23.0727,48,53,38,40,
23.0741,29,46,29,42,
23.0754,31,31,29,42,
23.0769,33,23,25,25,
23.0782,18,13,22,30,
23.0796,6,19,21,28,
23.081,-13,13,8,20,
23.0824,-3,2,10,23,
23.0838,8,9,9,24,
23.0851,25,14,5,26,
23.0865,25,14,5,26,
23.0879,38,19,19,23,
23.0892,27,27,20,32,
23.0905,34,41,33,34,
23.0919,48,37,37,37,
23.0933,25,32,37,34,
23.0946,6,16,19,23,
23.0959,6,16,19,23,
23.0973,6,16,19,23,
23.0987,-7,19,9,22,
23.1,-16,-2,0,11,
23.1013,-12,11,7,13,
23.1027,0,13,13,20,
23.1041,39,18,20,27,
23.1054,41,27,19,34,
23.1068,34,42,24,36,
23.1082,54,30,31,31,
23.1095,25,21,29,32,
23.1109,12,16,24,27,
23.1122,12,16,24,27,
23.1136,4,10,13,25,
23.1149,-9,6,13,22,
23.1162,-22,8,1,12,
23.1175,-2,14,-1,15,
23.1188,12,11,11,14,
23.1201,12,11,11,14,
23.1215,28,29,22,13,
23.1228,49,40,32,42,
23.1242,64,43,40,50,
23.1256,51,39,31,43,
23.1269,34,41,18,26,
23.1282,34,41,18,26,
23.1296,34,41,18,26,
23.131,23,28,17,25,
23.1323,-8,12,2,19,
23.1336,-8,7,4,13,
23.135,-13,10,-1,16,
23.1363,13,26,-4,26,
23.1377,13,26,-4,26,
23.1391,39,34,4,21,
23.1404,47,32,13,35,
23.1418,49,41,10,41,
23.1431,44,49,10,37,
23.1445,44,49,10,37,
23.1459,30,42,17,31,
23.1472,27,21,12,39,
23.1485,16,19,-6,35,
23.1499,-7,10,-9,34,
23.1512,-16,1,-18,27,
23.1525,-3,3,-8,26,
23.1539,18,11,5,25,
23.1553,43,23,1,32,
23.1566,62,34,18,33,
23.158,53,31,14,33,
23.1593,63,44,21,46,
23.1607,58,54,11,49,
23.1621,55,40,7,41,
23.1634,36,18,10,42,
23.1648,14,18,10,39,
23.1661,-2,19,1,29,
23.1675,-2,2,-15,29,
23.1688,6,10,-12,32,
23.1702,7,20,-8,31,
23.1716,21,25,-11,25,
23.1729,21,25,-11,25,
23.1743,32,40,6,37,
23.1756,38,40,15,44,
23.177,40,48,21,48,
23.1784,34,38,23,46,
23.1798,24,38,24,33,
23.1811,12,34,15,35,
23.1825,-3,23,2,44,
23.1838,-2,28,-6,31,
23.1852,3,7,-1,27,
23.1866,17,18,2,27,
23.188,17,18,2,27,
23.1893,10,26,6,22,
23.1907,20,28,9,25,
23.192,47,26,6,33,
23.1933,67,35,17,35,
23.1947,55,52,19,45,
23.196,50,39,21,40,
23.1974,50,39,21,40,
23.1987,8,23,3,32,
23.2,16,16,1,25,
23.2014,2,20,-3,32,
23.2027,-9,7,-12,37,
23.2041,-1,10,-5,35,
23.2054,-1,10,-5,35,
23.2067,0,21,-5,34,
23.208,48,30,1,30,
23.2093,62,40,6,32,
23.2107,74,48,18,34,
23.212,57,52,21,48,
23.2134,40,34,17,51,
23.2147,33,28,12,42,
23.2161,17,20,3,45,
23.2174,14,16,-5,35,
23.2187,14,16,-5,35,
23.2201,-2,14,-12,35,
23.2214,-5,8,-14,33,
23.2228,6,8,-9,29,
23.2241,19,9,4,33,
23.2254,35,33,14,41,
23.2268,60,54,15,51,
23.2281,72,50,19,44,
23.2295,62,43,20,46,
23.2308,62,43,20,46,
23.2322,32,38,4,48,
23.2336,32,38,4,48,
23.235,15,28,3,48,
23.2363,-4,21,-2,41,
23.2377,-5,12,-1,43,
23.2391,-5,12,-1,43,
23.2406,14,20,1,34,
23.242,28,31,4,32,
23.2434,46,28,16,45,
23.2447,65,48,24,53,
23.2461,60,47,23,55,
23.2474,60,47,23,55,
23.249,48,39,17,54,
23.2506,42,30,17,50,
23.252,9,18,5,44,
23.2534,4,26,-1,44,
23.2548,-4,17,-3,43,
23.2563,0,3,-3,34,
23.2576,9,17,-9,29,
23.259,37,47,3,53,
23.2603,48,49,7,59,
23.2617,48,49,7,59,
23.2631,65,54,6,71,
23.2644,83,54,8,69,
23.2658,76,53,4,66,
23.2671,56,50,17,80,
23.2685,37,31,15,73,
23.2699,30,28,3,69,
23.2712,19,25,-6,57,
23.2726,10,7,-12,49,
23.274,12,2,-9,53,
23.2753,22,28,-8,58,
23.2767,22,28,-8,58,
23.2781,66,42,20,68,
23.2794,81,53,29,75,
23.2808,88,47,20,77,
23.2821,79,53,22,74,
23.2834,62,48,17,66,
23.2847,44,37,14,64,
23.2861,33,26,18,68,
23.2874,20,17,16,64,
23.2889,-2,5,7,51,
23.2903,4,16,8,34,
23.2916,20,16,2,42,
23.293,20,16,2,42,
23.2943,39,16,2,47,
23.2957,62,42,20,51,
23.297,70,35,29,67,
23.2984,70,35,29,67,
23.2997,64,45,22,80,
23.3011,43,33,18,75,
23.3024,27,22,16,63,
23.3038,18,15,6,41,
23.3052,18,15,6,41,
23.3066,-5,11,-2,34,
23.3079,-10,4,1,32,
23.3093,14,23,4,36,
23.3106,14,23,4,36,
23.312,37,36,21,47,
23.3134,53,49,14,62,
23.3147,53,49,14,62,
23.3161,63,54,17,71,
23.3174,43,44,18,59,
23.3188,24,31,13,60,
23.3202,19,25,8,55,
23.3216,14,21,13,38,
23.3229,8,10,12,29,
23.3242,6,4,-7,28,
23.3256,14,11,-9,31,
23.3269,12,10,-3,35,
23.3283,27,16,5,39,
23.3296,50,29,17,44,
23.331,52,32,17,46,
23.3322,61,45,19,50,
23.3336,63,40,19,59,
23.3349,58,41,13,56,
23.3362,40,29,25,38,
23.3376,28,12,13,31,
23.3389,28,12,13,31,
23.3402,11,0,11,37,
23.3415,9,1,-2,34,
23.3429,9,1,-2,34,
23.3443,16,9,-13,36,
23.3456,38,32,4,42,
23.347,38,32,4,42,
23.3483,51,37,13,40,
23.3496,73,43,29,47,
23.351,63,39,20,45,
23.3523,51,30,17,43,
23.3537,30,24,20,44,
23.3551,22,18,23,35,
23.3564,23,14,13,33,
23.3578,3,11,-2,34,
23.3591,-6,5,-7,19,
23.3605,6,0,-6,18,
23.3619,23,-4,-7,29,
23.3632,19,-1,-1,29,
23.3645,33,29,16,30,
23.3659,33,27,22,38,
23.3673,41,33,27,48,
23.3686,43,48,19,48,
23.37,46,46,17,40,
23.3713,46,46,17,40,
23.3727,24,20,18,28,
23.3741,6,7,16,24,
23.3755,10,10,-2,21,
23.3768,1,9,-5,18,
23.3782,18,4,-6,20,
23.3796,29,9,-6,28,
23.3809,35,15,3,40,
23.3823,49,22,6,35,
23.3836,69,29,15,40,
23.385,70,48,21,40,
23.3864,70,48,21,40,
23.3878,54,33,9,50,
23.3891,42,14,3,42,
23.3905,30,7,-3,36,
23.3918,17,13,5,39,
23.3932,9,14,0,26,
23.3945,-2,5,-12,25,
23.3959,14,16,1,26,
23.3972,41,17,3,26,
23.3986,66,31,16,47,
23.3999,66,31,16,47,
23.4013,67,30,23,45,
23.4027,73,38,24,55,
23.404,70,42,14,50,
23.4054,54,35,13,43,
23.4068,23,22,13,41,
23.4081,27,19,10,43,
23.4094,14,25,-1,43,
23.4108,0,12,-10,36,
23.4121,4,7,-17,35,
23.4135,5,5,-17,27,
23.4149,33,12,-4,20,
23.4162,39,36,8,36,
23.4176,39,36,8,36,
23.419,45,39,8,49,
23.4204,62,33,25,57,
23.4218,60,24,19,51,
23.4231,48,21,14,44,
23.4245,28,8,-4,45,
23.4258,17,15,-8,30,
23.4272,17,15,-8,30,
23.4285,0,11,-7,20,
23.4299,11,-9,-7,21,
23.4313,31,-5,-7,26,
23.4326,41,13,0,37,
23.434,55,19,11,49,
23.4354,67,23,14,49,
23.4367,71,17,12,53,
23.4381,61,23,6,52,
23.4395,46,9,6,52,
23.4408,34,-10,5,49,
23.4422,34,-10,5,49,
23.4436,18,-12,-12,47,
23.4449,21,-14,-20,35,
23.4464,10,-22,-25,35,
23.4477,21,-8,-28,38,
23.4491,40,-12,-14,42,
23.4505,54,9,7,53,
23.4519,54,9,7,53,
23.4533,69,17,11,55,
23.4547,78,16,16,53,
23.456,63,21,9,54,
23.4574,54,19,-2,62,
23.4589,39,0,4,41,
23.4603,29,1,5,42,
23.4617,29,1,5,42,
23.463,11,-15,-6,29,
23.4644,24,-15,1,29,
23.4657,25,-12,8,33,
23.4671,46,-1,10,40,
23.4685,59,4,6,40,
23.4698,58,27,18,42,
23.4714,72,37,25,51,
23.4728,76,37,22,60,
23.4741,65,32,26,52,
23.4755,31,14,14,57,
23.4768,27,9,6,57,
23.4782,27,9,6,57,
23.4795,27,15,-6,47,
23.4809,32,6,-2,21,
23.4822,32,6,-2,21,
23.4836,42,3,-3,35,
23.485,67,29,13,56,
23.4863,85,29,19,53,
23.4877,85,29,19,53,
23.489,92,48,23,55,
23.4904,80,45,15,58,
23.4917,73,42,8,57,
23.4931,50,30,11,54,
23.4945,34,16,-1,43,
23.4958,33,23,1,40,
23.4972,20,15,0,28,
23.4984,28,2,-6,17,
23.4998,33,12,0,26,
23.5012,45,16,9,33,
23.5026,66,17,12,34,
23.5039,81,33,12,29,
23.5053,78,38,12,33,
23.5067,79,43,17,37,
23.508,81,40,16,30,
23.5094,70,34,10,29,
23.5107,44,18,1,31,
23.5121,32,14,2,30,
23.5134,32,14,2,30,
23.5148,29,24,-1,18,
23.5162,34,9,-5,-4,
23.5175,43,8,-4,0,
23.5189,55,10,-3,11,
23.5202,70,22,2,25,
23.5216,73,28,6,29,
23.5229,89,38,12,30,
23.5243,101,35,12,36,
23.5256,97,36,15,38,
23.527,79,25,19,35,
23.5283,59,16,5,21,
23.5297,55,8,-6,17,
23.5311,48,11,3,17,
23.5324,25,6,3,15,
23.5339,23,8,-1,18,
23.5352,36,11,-5,23,
23.5366,56,21,-1,21,
23.538,67,37,8,35,
23.5393,67,37,8,35,
23.5406,67,37,8,35,
23.5421,83,45,17,27,
23.5434,66,38,18,19,
23.5448,56,36,8,18,
23.5463,30,16,6,19,
23.5477,24,0,4,8,
23.5491,24,0,4,8,
23.5504,6,-11,0,4,
23.5518,4,7,7,7,
23.5531,34,16,2,1,
23.5546,50,25,-1,3,
23.5559,78,24,6,32,
23.5573,90,24,24,33,
23.5587,90,24,24,33,
23.5601,63,38,18,34,
23.5614,55,39,17,34,
23.5628,43,34,15,33,
23.5642,29,18,21,15,
23.5656,29,18,21,15,
23.567,10,15,8,13,
23.5683,11,6,-3,3,
23.5697,23,6,-7,2,
23.5711,24,19,8,9,
23.5724,73,31,16,20,
23.5738,90,34,25,23,
23.5752,90,34,25,23,
23.5766,82,41,18,24,
23.5779,69,39,20,32,
23.5793,58,26,21,34,
23.5806,42,21,10,30,
23.582,42,21,10,30,
23.5833,26,16,16,20,
23.5847,26,16,16,20,
23.5861,28,13,5,8,
23.5875,40,22,9,13,
23.5888,46,37,16,20,
23.5902,73,41,23,32,
23.5916,73,41,23,32,
23.5929,83,47,28,36,
23.5943,87,49,29,26,
23.5957,62,39,19,17,
23.597,34,30,21,12,
23.5984,39,25,25,9,
23.5997,39,25,25,9,
23.6011,39,22,26,2,
23.6024,29,18,24,8,
23.6038,30,34,5,4,
23.6052,29,38,4,5,
23.6066,56,45,13,12,
23.6079,78,39,11,8,
23.6093,80,40,18,10,
23.6106,75,53,27,10,
23.612,60,36,21,22,
23.6133,43,31,16,21,
23.6147,43,31,16,21,
23.6161,35,24,25,21,
23.6174,30,16,15,10,
23.6187,16,15,5,-6,
23.62,26,8,11,0,
23.6214,24,17,13,-7,
23.6228,40,31,10,-4,
23.6242,40,31,10,-4,
23.6255,71,36,36,13,
23.6268,83,43,27,20,
23.6282,69,48,25,26,
23.6296,54,51,27,25,
23.631,32,39,19,25,
23.6324,32,39,19,25,
23.6338,25,17,20,18,
23.6352,16,16,15,13,
23.6366,3,14,11,9,
23.638,6,22,-4,15,
23.6393,36,27,9,20,
23.6407,36,27,9,20,
23.6421,65,37,20,27,
23.6434,71,33,22,24,
23.6448,71,33,22,24,
23.6462,61,22,29,27,
23.6476,54,22,25,35,
23.649,29,27,27,36,
23.6504,24,15,16,28,
23.6518,26,17,23,20,
23.6531,3,12,25,14,
23.6545,6,3,12,6,
23.6559,4,11,17,6,
23.6573,22,15,27,10,
23.6677,15,6,26,39,
23.6691,15,6,26,39,
23.6705,3,10,18,31,
23.6719,5,11,9,26,
23.6733,24,-1,6,33,
23.6746,35,1,15,37,
23.676,58,5,26,38,
23.6773,58,5,26,38,
23.6787,72,22,30,43,
23.6801,61,23,41,45,
23.6814,56,21,38,53,
23.6828,23,14,20,32,
23.6841,3,5,13,24,
23.6854,3,5,13,24,
23.6867,3,5,13,24,
23.6881,7,-1,5,25,
23.6895,6,-10,6,15,
23.6909,32,-20,2,18,
23.6923,32,-20,2,18,
23.6937,43,-8,13,27,
23.695,59,7,17,34,
23.6964,79,17,28,31,
23.6978,61,10,27,42,
23.6991,53,9,22,48,
23.7005,46,5,13,50,
23.7019,32,-1,10,43,
23.7032,32,-1,10,43,
23.7045,26,-6,18,32,
23.7059,1,-5,-5,10,
23.7072,-3,-4,-4,11,
23.7086,-2,0,6,22,
23.7099,11,-4,12,28,
23.7112,25,-7,14,31,
23.7125,30,7,21,30,
23.7139,35,11,33,20,
23.7153,29,13,21,21,
23.7166,23,5,18,20,
23.718,23,5,18,20,
23.7193,20,2,14,19,
23.7207,13,5,6,14,
23.7221,15,-8,3,11,
23.7234,2,-26,5,9,
23.7247,1,-26,-3,11,
23.7261,14,-19,0,12,
23.7275,24,-1,10,27,
23.7288,39,20,13,24,
23.7302,39,20,13,24,
23.7315,62,18,24,36,
23.7329,50,20,26,37,
23.7342,35,16,14,38,
23.7355,25,-3,12,25,
23.7369,17,-4,17,25,
23.7383,23,5,9,26,
23.7396,4,0,3,11,
23.741,2,-7,5,12,
23.7423,6,-9,2,11,
23.7437,16,-6,12,13,
23.7451,16,-6,12,13,
23.7464,37,17,16,23,
23.7478,50,28,13,24,
23.7491,71,27,21,26,
23.7506,55,5,23,44,
23.7519,37,8,27,41,
23.7532,37,8,27,41,
23.7546,27,5,19,19,
23.756,24,5,19,19,
23.7574,8,-10,9,19,
23.7587,9,3,15,13,
23.7601,19,10,19,16,
23.7614,19,10,19,16,
23.7628,40,12,19,18,
23.7642,53,21,13,22,
23.7655,53,27,22,28,
23.7669,60,29,35,25,
23.7682,64,21,42,23,
23.7696,64,21,42,23,
23.771,54,14,31,32,
23.7723,27,8,18,21,
23.7737,13,7,11,15,
23.7751,5,-5,9,9,
23.7764,17,-14,18,5,
23.7778,17,-14,18,5,
23.7791,32,-4,20,8,
23.7805,66,21,25,30,
23.7818,62,26,30,25,
23.7832,76,27,27,27,
23.7845,62,28,27,39,
23.7859,60,18,27,44,
23.7873,57,18,23,40,
23.7886,26,7,24,20,
23.79,31,10,9,13,
23.7914,31,10,9,13,
23.7927,13,7,3,10,
23.7941,28,0,8,14,
23.7954,28,0,8,14,
23.7968,40,15,14,17,
23.7982,49,15,30,34,
23.7995,66,29,24,30,
23.8009,79,25,21,34,
23.8022,67,14,30,30,
23.8036,55,15,28,35,
23.8049,41,14,24,35,
23.8063,25,16,20,32,
23.8076,29,17,9,23,
23.809,19,6,16,19,
23.8104,11,-4,15,13,
23.8118,10,-10,18,17,
23.8131,22,4,19,22,
23.8145,43,11,27,30,
23.8159,67,24,22,38,
23.8172,82,28,30,32,
23.8186,83,25,30,40,
23.82,75,19,32,41,
23.8214,75,19,32,41,
23.8227,67,15,35,35,
23.8241,36,11,13,21,
23.8254,25,12,19,13,
23.8268,18,4,16,16,
23.8281,24,9,11,27,
23.8295,28,0,14,25,
23.8308,42,-1,19,19,
23.8322,67,24,24,23,
23.8335,72,32,21,30,
23.8349,74,29,30,34,
23.8363,74,29,30,34,
23.8377,74,29,30,34,
23.8392,63,30,41,36,
23.8405,50,18,42,33,
23.8419,15,11,29,27,
23.8433,8,-1,27,29,
23.8447,2,-9,27,21,
23.8461,5,-1,21,16,
23.8475,36,8,26,19,
23.8489,41,14,26,23,
23.8503,45,30,25,35,
23.8516,54,35,20,37,
23.853,70,37,34,42,
23.8544,73,37,40,27,
23.8557,50,22,37,26,
23.8571,40,27,27,27,
23.8585,34,23,13,26,
23.8598,15,12,28,24,
23.8612,11,10,21,26,
23.8626,5,2,9,21,
23.864,11,13,10,18,
23.8654,11,13,10,18,
23.8668,28,21,9,22,
23.8681,47,31,26,33,
23.8695,65,28,40,36,
23.8709,67,42,45,38,
23.8722,53,49,32,42,
23.8736,38,27,30,39,
23.8749,21,10,34,22,
23.8761,16,13,36,25,
23.8775,2,7,20,21,
23.8788,2,7,20,21,
23.8801,-3,-1,16,15,
23.8815,3,1,11,16,
23.8829,9,11,17,17,
23.8842,17,16,26,27,
23.8856,37,31,25,38,
23.887,43,37,27,35,
23.8883,45,25,20,27,
23.8897,54,22,34,32,
23.891,38,15,44,29,
23.8924,14,7,31,33,
23.8937,14,7,31,33,
23.8952,-9,16,24,22,
23.8965,-14,18,20,25,
23.8979,1,21,12,18,
23.8992,10,16,7,16,
23.9006,20,21,14,20,
23.902,38,32,29,29,
23.9034,54,33,44,35,
23.9047,53,33,44,40,
23.906,53,33,44,40,
23.9074,47,29,30,41,
23.9087,26,20,30,33,
23.9101,12,20,28,32,
23.9115,11,21,27,32,
23.9128,-16,9,19,17,
23.9141,-6,2,23,16,
23.9155,-12,-1,17,10,
23.9168,-12,-1,17,10,
23.9182,26,19,32,26,
23.9196,38,26,32,30,
23.9209,38,26,32,30,
23.9222,33,38,38,39,
23.9236,29,31,43,29,
23.9249,29,31,43,29,
23.9263,17,22,28,23,
23.9276,3,22,21,25,
23.929,2,24,23,24,
23.9304,-5,14,14,24,
23.9317,-4,14,12,15,
23.9331,-4,14,12,15,
23.9345,14,17,19,19,
23.9359,14,17,19,19,
23.9372,31,16,23,25,
23.9386,34,31,24,28,
23.9399,40,36,17,36,
23.9413,40,36,17,36,
23.9426,30,39,23,38,
23.944,7,12,17,37,
23.9453,2,19,14,25,
23.9467,-8,13,16,22,
23.948,-5,3,18,14,
23.9494,-5,3,18,14,
23.9508,-4,19,21,21,
23.9521,-4,19,21,21,
23.9535,27,28,27,31,
23.9549,45,35,30,25,
23.9562,49,44,37,28,
23.9576,66,35,35,34,
23.959,51,22,32,33,
23.9603,28,29,24,37,
23.9617,14,24,31,28,
23.9631,1,23,34,29,
23.9644,1,23,34,29,
23.9658,-2,12,30,14,
23.9672,-5,14,26,10,
23.9685,-5,14,26,10,
23.9698,11,22,33,18,
23.9712,26,34,38,29,
23.9726,32,31,35,39,
23.974,32,31,35,39,
23.9753,42,47,29,43,
23.9766,34,48,36,42,
23.9779,26,41,34,32,
23.9792,14,3,21,26,
23.9806,14,3,21,26,
23.9819,-7,2,21,25,
23.9833,-26,-5,25,14,
23.9846,5,14,21,20,
23.986,12,20,32,33,
23.9874,12,20,32,33,
23.9887,38,30,32,35,
23.9901,38,30,32,35,
23.9914,40,35,41,43,
23.9928,37,32,29,51,
23.9941,37,32,29,51,
23.9955,24,37,24,35,
23.9968,16,35,27,26,
23.9982,-2,25,29,22,
23.9996,-9,19,17,18,
24.0009,-9,19,17,18,
24.0023,-15,23,13,9,
24.0037,-8,19,17,10,
24.005,11,14,26,23,
24.0064,31,29,31,33,
24.0078,28,44,37,36,
24.0091,28,44,37,36,
24.0104,33,43,38,39,
24.0118,40,41,33,46,
24.0131,35,35,34,44,
24.0145,8,24,29,35,
24.0159,-6,20,23,31,
24.0173,-6,20,23,31,
24.0186,-7,16,19,29,
24.02,-15,15,25,16,
24.0213,-2,23,30,18,
24.0227,23,35,26,25,
24.024,40,44,41,34,
24.0254,40,44,41,34,
24.0268,40,44,41,34,
24.0281,38,34,31,33,
24.0295,40,24,30,34,
24.0309,23,18,26,27,
24.0323,11,23,23,32,
24.0337,5,24,26,26,
24.035,-10,23,24,22,
24.0364,-3,7,24,18,
24.0377,5,20,23,22,
24.039,33,34,32,28,
24.0404,44,30,44,29,
24.0418,41,35,35,26,
24.0431,41,35,35,26,
24.0445,44,45,31,31,
24.0459,26,36,36,34,
24.0473,20,37,38,27,
24.0487,17,29,33,24,
24.0501,8,28,17,23,
24.0515,4,30,18,29,
24.053,-4,25,28,14,
24.0544,-3,18,22,25,
24.0557,-3,18,22,25,
24.0571,25,30,32,29,
24.0585,42,41,41,29,
24.0599,42,41,41,29,
24.0612,46,47,42,27,
24.0626,32,32,37,29,
24.064,23,28,41,36,
24.0653,3,34,24,28,
24.0667,0,29,14,26,
24.0681,-1,30,14,25,
24.0695,-4,24,22,19,
24.0708,-15,23,16,10,
24.0722,-15,23,16,10,
24.0735,6,34,25,5,
24.0749,21,34,25,14,
24.0762,28,36,25,27,
24.0775,20,32,24,31,
24.0789,29,34,31,23,
24.0802,26,39,33,27,
24.0815,6,30,32,18,
24.0829,2,42,18,24,
24.0842,2,42,18,24,
24.0856,-11,29,16,13,
24.087,-18,16,14,12,
24.0883,-18,16,14,12,
24.0896,1,29,25,8,
24.091,1,35,35,8,
24.0924,20,42,34,24,
24.0937,18,56,42,30,
24.0951,35,60,46,29,
24.0964,34,66,50,20,
24.0978,29,65,47,17,
24.0991,17,63,43,14,
24.1004,-6,46,36,4,
24.1018,-6,42,27,6,
24.1031,-35,29,19,-7,
24.1045,-35,29,19,-7,
24.1058,-35,29,24,-4,
24.1072,-26,33,26,-1,
24.1085,-12,39,34,-5,
24.1098,13,56,37,-1,
24.1113,17,61,33,3,
24.1127,31,62,29,17,
24.1141,23,53,27,18,
24.1154,8,53,36,21,
24.1168,11,56,44,12,
24.1182,-6,56,31,9,
24.1195,-6,56,31,9,
24.1209,-27,31,25,6,
24.1222,-36,39,24,-7,
24.1236,-20,40,21,-4,
24.1249,0,47,19,3,
24.1263,7,60,22,6,
24.1276,23,65,24,12,
24.129,24,63,21,8,
24.1304,28,73,26,10,
24.1317,22,65,30,11,
24.1331,16,63,23,16,
24.1345,16,63,23,16,
24.1359,-5,51,26,8,
24.1373,-9,37,26,1,
24.1386,-29,38,29,-2,
24.1399,-13,36,18,-3,
24.1413,-12,42,13,-8,
24.1426,-12,42,13,-8,
24.144,23,57,29,-9,
24.1453,31,60,33,-4,
24.1467,27,67,32,4,
24.1481,30,65,36,6,
24.1494,21,64,33,8,
24.1508,17,66,36,2,
24.1522,20,57,30,6,
24.1535,15,47,18,6,
24.1549,15,41,21,-2,
24.1562,1,30,18,-5,
24.1575,-6,29,14,-6,
24.1589,-6,29,14,-6,
24.1602,4,44,23,1,
24.1616,32,52,33,11,
24.1629,27,53,39,25,
24.1643,27,53,39,25,
24.1657,30,51,42,19,
24.167,25,50,37,15,
24.1683,25,50,37,15,
24.1697,7,43,30,4,
24.1711,1,26,29,0,
24.1724,-8,32,34,-4,
24.1738,-14,23,33,2,
24.1751,-4,16,28,3,
24.1765,-2,15,29,4,
24.1779,8,20,31,4,
24.1793,33,42,33,18,
24.1806,32,46,34,25,
24.182,39,51,35,32,
24.1833,39,51,35,32,
24.1847,24,48,29,25,
24.1861,28,45,28,20,
24.1874,-5,28,32,29,
24.1888,-15,13,34,28,
24.1901,-13,13,26,17,
24.1915,-13,13,26,17,
24.1928,-6,21,13,6,
24.1942,12,23,19,21,
24.1956,29,20,23,22,
24.1969,30,33,28,26,
24.1983,28,38,28,28,
24.1997,44,45,39,34,
24.2011,36,35,36,31,
24.2025,27,30,23,18,
24.2038,9,28,24,14,
24.2052,-7,19,25,14,
24.2066,-7,19,25,14,
24.208,-16,18,19,11,
24.2093,-12,16,7,6,
24.2107,3,20,16,9,
24.2121,6,25,20,4,
24.2134,28,28,25,3,
24.2148,43,40,30,13,
24.2161,43,40,30,13,
24.2176,46,40,33,22,
24.219,23,39,28,22,
24.2203,18,36,30,25,
24.2217,5,29,18,13,
24.2231,-7,19,26,21,
24.2244,-7,19,26,21,
24.2258,-27,13,13,12,
24.2272,-10,13,12,3,
24.2285,4,14,9,5,
24.2299,4,14,9,5,
24.2312,18,45,39,18,
24.2326,18,45,39,18,
24.234,36,45,46,23,
24.2354,31,46,29,16,
24.2367,15,34,33,10,
24.2381,6,20,30,13,
24.2395,-18,19,25,18,
24.241,-21,29,24,11,
24.2424,-14,12,18,3,
24.2438,-17,6,14,0,
24.2452,-24,13,12,6,
24.2466,-22,12,8,11,
24.248,14,25,22,12,
24.2493,23,35,16,15,
24.2507,24,51,24,20,
24.2521,21,49,36,24,
24.2534,19,38,37,17,
24.2548,12,23,33,14,
24.2562,10,17,30,17,
24.2576,-12,19,30,9,
24.2589,-29,19,31,1,
24.2603,-26,18,28,-1,
24.2617,-32,21,13,-8,
24.263,-29,14,15,-9,
24.2644,-3,26,21,-1,
24.2657,18,44,18,13,
24.2671,18,44,18,13,
24.2684,17,49,29,22,
24.2698,19,48,32,15,
24.2712,25,42,34,5,
24.2725,22,33,33,5,
24.2739,-14,32,24,10,
24.2752,-26,30,16,3,
24.2765,-24,20,8,-2,
24.2779,-26,9,13,-11,
24.2792,-28,13,17,-11,
24.2806,-19,29,26,-4,
24.282,-7,33,33,-5,
24.2833,6,39,35,12,
24.2846,6,39,35,12,
24.286,6,39,35,12,
24.2874,9,56,37,13,
24.2887,13,52,36,10,
24.2901,3,37,21,4,
24.2915,-12,38,20,0,
24.2928,-27,28,20,-2,
24.2942,-27,28,20,-2,
24.2955,-41,21,15,-3,
24.2969,-41,28,14,-2,
24.2983,-35,40,21,-4,
24.2996,-35,40,21,-4,
24.301,0,49,39,7,
24.3023,13,46,25,16,
24.3037,13,46,25,16,
24.305,5,40,25,14,
24.3064,7,43,28,18,
24.3078,-9,35,23,9,
24.3092,-36,44,20,3,
24.3105,-56,38,11,-9,
24.3118,-56,38,11,-9,
24.3132,-56,38,11,-9,
24.3145,-47,33,26,-10,
24.3159,-42,34,14,-6,
24.3173,-26,39,22,-8,
24.3187,-12,57,37,4,
24.32,7,60,39,13,
24.3214,7,60,39,13,
24.3227,0,51,39,-4,
24.324,-10,44,36,3,
24.3254,-20,41,28,2,
24.3267,-34,40,18,-10,
24.328,-41,35,11,-14,
24.3293,-41,35,11,-14,
24.3307,-49,29,13,-15,
24.332,-56,32,21,-16,
24.3333,-23,54,17,-10,
24.3347,-18,71,33,0,
24.336,-8,72,32,10,
24.3374,-4,74,41,17,
24.3387,-6,81,50,26,
24.3401,-8,82,40,28,
24.3415,-39,76,52,17,
24.3427,-54,70,48,13,
24.3441,-54,70,48,13,
24.3455,-54,70,48,13,
24.3468,-44,69,43,-2,
24.3482,-50,63,32,0,
24.3496,-59,58,36,-2,
24.3509,-27,80,44,11,
24.3523,-3,88,50,13,
24.3536,-3,88,50,13,
24.3549,7,107,66,13,
24.3562,-5,96,69,12,
24.3576,-18,78,70,10,
24.3589,-27,81,57,4,
24.3603,-37,83,50,-5,
24.3617,-37,83,50,-5,
24.363,-44,71,56,-6,
24.3643,-54,48,43,-5,
24.3657,-55,52,37,-7,
24.367,-48,51,36,0,
24.3684,-48,51,36,0,
24.3697,3,75,48,7,
24.3711,10,80,41,13,
24.3724,12,77,44,18,
24.3738,4,97,53,16,
24.3751,-1,90,52,12,
24.3765,-1,90,52,12,
24.3779,-12,78,50,1,
24.3793,-34,73,45,2,
24.3806,-40,77,45,7,
24.382,-48,67,29,4,
24.3834,-48,67,28,-10,
24.3847,-31,72,26,-9,
24.3861,-31,72,26,-9,
24.3874,7,84,41,5,
24.3888,4,87,42,1,
24.3901,0,104,58,-7,
24.3915,-13,108,64,-2,
24.3928,-13,108,64,-2,
24.3942,-13,108,64,-2,
24.3955,-37,87,49,-1,
24.3969,-41,83,41,-3,
24.3982,-52,78,31,-14,
24.3995,-60,86,38,-18,
24.4009,-51,92,46,-20,
24.4022,-53,92,46,-10,
24.4036,-37,102,49,-2,
24.4049,-5,142,60,5,
24.4063,-4,148,57,8,
24.4076,-1,143,63,13,
24.409,-9,147,60,10,
24.4104,-9,147,60,10,
24.4117,-17,137,57,7,
24.4131,-24,131,61,6,
24.4145,-35,110,50,2,
24.4158,-45,97,39,-2,
24.4171,-41,94,35,1,
24.4185,-39,88,35,-3,
24.4198,-40,89,29,0,
24.4211,-15,102,26,6,
24.4225,1,109,33,6,
24.4239,5,102,39,4,
24.4253,11,109,41,9,
24.4266,14,107,40,3,
24.428,5,110,39,-5,
24.4293,-18,108,43,-6,
24.4307,-30,91,33,-7,
24.432,-33,76,32,-12,
24.4334,-47,67,22,-22,
24.4348,-47,67,22,-22,
24.4362,-44,71,22,-21,
24.4377,-17,87,26,-11,
24.4391,-17,87,26,-11,
24.4404,3,110,45,2,
24.4418,9,111,41,4,
24.4432,5,111,38,0,
24.4445,-2,109,45,4,
24.4459,0,98,42,-2,
24.4472,-8,93,32,-13,
24.4486,-11,97,23,-12,
24.4501,-56,73,11,-8,
24.4514,-51,65,7,-12,
24.4528,-51,65,7,-12,
24.4542,-34,66,9,-18,
24.4556,-19,82,10,-6,
24.4569,0,98,40,-8,
24.4583,13,116,45,6,
24.4597,26,116,44,12,
24.4609,16,130,46,11,
24.4623,5,120,39,-5,
24.4636,-16,113,35,-8,
24.465,-31,94,30,-1,
24.4663,-37,81,23,-3,
24.4676,-37,81,23,-3,
24.469,-37,75,23,-10,
24.4704,-37,75,23,-10,
24.4717,-29,67,22,-11,
24.473,-15,85,18,-7,
24.4744,0,98,27,-3,
24.4757,18,98,28,1,
24.4771,18,98,28,1,
24.4784,11,88,29,5,
24.4798,13,81,32,8,
24.4812,-12,65,23,2,
24.4826,-14,59,13,-4,
24.4839,-34,54,14,0,
24.4852,-34,54,14,0,
24.4866,-39,51,8,1,
24.488,-33,45,8,5,
24.4893,-6,51,21,-7,
24.4907,13,71,34,8,
24.492,10,81,45,13,
24.4933,19,86,39,9,
24.4947,20,79,46,16,
24.496,20,64,38,23,
24.4974,15,55,34,19,
24.4987,-7,43,11,10,
24.5001,-11,35,13,3,
24.5014,-11,35,13,3,
24.5027,-11,35,13,3,
24.504,-32,36,21,-3,
24.5054,-34,32,19,-3,
24.5068,-13,33,22,-3,
24.5081,11,36,30,5,
24.5095,33,52,37,15,
24.5109,27,57,46,16,
24.5122,34,63,33,28,
24.5136,26,59,39,30,
24.5149,17,43,40,32,
24.5162,-6,32,32,22,
24.5177,-17,34,28,18,
24.519,-6,24,15,23,
24.5204,-10,29,16,26,
24.5217,-9,27,18,20,
24.5231,-9,31,17,13,
24.5244,7,31,29,14,
24.5258,27,39,31,22,
24.5272,33,36,22,19,
24.5284,36,37,24,31,
24.5298,27,55,37,30,
24.5311,24,46,30,32,
24.5324,24,46,30,32,
24.5338,24,29,25,24,
24.5352,4,23,13,16,
24.5365,4,23,13,16,
24.538,-16,16,2,16,
24.5393,-11,15,14,10,
24.5407,1,21,23,9,
24.5421,1,21,23,9,
24.5434,31,47,19,23,
24.5447,38,46,24,28,
24.5462,48,47,26,35,
24.5476,40,33,29,29,
24.5489,40,33,29,29,
24.5503,29,41,24,27,
24.5516,-6,29,17,23,
24.5529,-4,21,18,19,
24.5543,7,10,12,26,
24.5556,-1,7,8,22,
24.557,-6,9,18,19,
24.5584,-6,9,18,19,
24.5598,11,29,12,21,
24.5611,30,38,35,38,
24.5625,51,37,37,29,
24.5638,51,37,37,29,
24.5652,39,46,38,21,
24.5666,16,50,32,28,
24.5679,16,50,32,28,
24.5692,3,39,28,27,
24.5706,-2,26,32,20,
24.572,-23,18,19,14,
24.5733,-16,20,14,12,
24.5747,-1,24,13,14,
24.5761,10,25,19,23,
24.5774,39,28,27,23,
24.5787,44,37,32,35,
24.5801,44,37,32,35,
24.5814,54,31,37,46,
24.5827,34,36,40,45,
24.584,32,38,41,38,
24.5854,23,28,27,30,
24.5867,0,28,19,31,
24.588,-6,23,20,34,
24.5894,-5,5,20,23,
24.5907,-8,9,14,26,
24.5921,-8,9,14,26,
24.5934,3,17,17,34,
24.5948,3,17,17,34,
24.5961,34,34,28,38,
24.5975,55,40,40,35,
24.5989,47,40,34,29,
24.6002,47,40,34,29,
24.6016,36,34,33,35,
24.603,20,18,27,28,
24.6043,7,17,22,22,
24.6057,5,16,17,20,
24.6071,-23,10,24,17,
24.6084,-23,10,24,17,
24.6098,-16,3,21,21,
24.6112,28,30,30,27,
24.6125,28,30,30,27,
24.6139,34,33,40,29,
24.6154,32,45,40,36,
24.6167,53,45,27,34,
24.618,53,45,27,34,
24.6194,19,26,31,30,
24.6208,2,15,34,28,
24.6221,14,9,32,30,
24.6234,1,6,23,31,
24.6248,-4,5,19,20,
24.6262,-3,5,27,14,
24.6275,-3,5,27,14,
24.6289,18,32,17,20,
24.6302,30,36,29,26,
24.6316,27,42,44,24,
24.6329,60,36,32,48,
24.6343,60,36,32,48,
24.6356,46,30,38,41,
24.637,23,22,34,30,
24.6384,22,15,20,17,
24.6397,22,15,20,17,
24.6411,19,15,19,18,
24.6424,-4,9,16,21,
24.6438,-5,17,8,25,
24.6452,-2,11,19,23,
24.6468,32,14,39,26,
24.6481,46,20,36,35,
24.6496,54,32,33,31,
24.651,51,47,36,32,
24.6523,44,51,39,40,
24.6537,35,44,37,42,
24.6551,30,25,31,41,
24.6565,5,16,24,38,
24.658,-2,16,14,16,
24.6595,3,8,7,8,
24.6609,0,11,5,19,
24.6622,3,16,18,23,
24.6636,3,16,18,23,
24.665,25,21,24,28,
24.6663,31,36,47,36,
24.6677,41,52,51,33,
24.6691,48,55,47,38,
24.6704,32,40,28,37,
24.6717,32,40,28,37,
24.6731,19,24,24,30,
24.6745,4,5,15,19,
24.6759,-22,8,16,12,
24.6773,-15,11,10,12,
24.6787,-11,17,7,21,
24.68,-11,17,7,21,
24.6814,1,23,16,22,
24.6827,34,33,24,24,
24.6841,46,47,34,34,
24.6854,45,46,43,31,
24.6868,48,31,34,32,
24.6882,39,18,23,26,
24.6895,26,27,23,22,
24.6908,4,14,27,28,
24.6922,-3,-2,30,29,
24.6936,-3,-2,30,29,
24.6949,-9,-9,17,14,
24.6963,-4,-4,16,10,
24.6976,13,10,21,14,
24.699,33,19,34,31,
24.7003,40,18,43,36,
24.7017,52,46,41,38,
24.703,45,40,40,32,
24.7044,45,26,34,34,
24.7057,40,25,24,39,
24.7071,40,25,24,39,
24.7084,11,26,21,35,
24.7097,-2,23,20,21,
24.7111,1,6,14,23,
24.7124,-2,5,14,21,
24.7137,-2,6,15,28,
24.7151,14,25,22,27,
24.7165,38,35,18,33,
24.7178,45,36,20,34,
24.7192,51,44,30,41,
24.7206,51,44,30,41,
24.7219,45,50,34,43,
24.7233,25,47,38,38,
24.7246,7,26,38,28,
24.726,0,3,29,31,
24.7274,-3,7,27,35,
24.7287,-13,10,13,9,
24.73,-4,4,7,15,
24.7314,10,8,23,26,
24.7328,37,24,38,28,
24.7342,53,35,37,29,
24.7355,54,29,33,29,
24.7369,61,41,33,28,
24.7382,57,51,37,35,
24.7396,37,49,32,26,
24.741,37,49,32,26,
24.7423,13,13,14,26,
24.7436,4,12,16,19,
24.7449,-1,9,15,15,
24.7463,-2,10,7,19,
24.7477,-2,10,7,19,
24.7491,7,24,13,25,
24.7505,36,39,24,27,
24.7518,38,41,36,34,
24.7531,43,38,39,30,
24.7544,43,38,39,30,
24.7558,45,36,25,36,
24.7571,45,36,25,36,
24.7585,32,31,32,43,
24.7599,17,22,34,37,
24.7612,6,26,21,28,
24.7626,-5,23,10,29,
24.7639,-9,16,19,30,
24.7653,0,9,18,22,
24.7666,5,11,25,29,
24.768,32,20,36,32,
24.7693,49,34,31,41,
24.7706,56,39,35,42,
24.772,66,52,38,39,
24.7734,52,45,32,43,
24.7747,40,49,37,31,
24.7761,28,36,38,35,
24.7774,5,14,25,25,
24.7789,-5,19,29,26,
24.7802,-5,19,29,26,
24.7816,-10,13,19,22,
24.7829,-4,20,21,16,
24.7842,14,18,22,20,
24.7856,32,22,25,33,
24.7869,45,35,31,30,
24.7882,45,35,31,30,
24.7896,58,52,30,31,
24.7909,52,44,43,22,
24.7922,50,32,31,30,
24.7936,23,20,32,23,
24.795,16,8,37,18,
24.7963,4,10,25,18,
24.7978,-10,8,23,16,
24.7991,-5,-2,27,10,
24.8005,27,24,12,17,
24.8019,27,24,12,17,
24.8033,38,38,20,27,
24.8046,48,46,35,33,
24.806,50,36,45,40,
24.8074,53,38,37,40,
24.8088,25,42,24,43,
24.8102,9,27,22,32,
24.8115,9,15,18,32,
24.8128,10,21,19,28,
24.8142,1,8,23,20,
24.8155,-14,-3,13,15,
24.8168,-14,-3,13,15,
24.8181,-11,14,25,12,
24.8195,7,15,30,22,
24.8208,31,33,40,28,
24.8222,38,41,40,32,
24.8235,55,43,32,34,
24.8249,53,34,30,37,
24.8263,45,36,31,35,
24.8276,16,24,28,28,
24.829,1,11,22,28,
24.8303,1,11,22,28,
24.8317,-13,-1,14,25,
24.8331,-24,-7,16,18,
24.8344,-22,-3,17,14,
24.8358,16,21,24,25,
24.8372,28,31,27,31,
24.8385,28,31,27,31,
24.8399,38,33,34,20,
24.8412,50,33,37,27,
24.8427,44,33,32,29,
24.844,36,35,32,31,
24.8454,28,21,33,28,
24.8469,20,14,26,34,
24.8483,0,10,30,25,
24.8497,-1,10,24,17,
24.8511,-13,10,16,16,
24.8525,9,15,20,18,
24.8539,22,21,19,25,
24.8552,22,21,19,25,
24.8566,31,29,25,34,
24.858,53,48,29,29,
24.8594,54,42,19,40,
24.8607,46,45,22,34,
24.8622,23,37,29,30,
24.8635,18,20,22,32,
24.8649,18,20,22,32,
24.8663,-13,13,26,37,
24.8677,-20,5,27,23,
24.869,2,13,21,16,
24.8704,9,27,8,23,
24.8718,39,27,18,25,
24.8731,39,27,18,25,
24.8744,68,44,34,39,
24.8758,60,52,36,36,
24.8771,48,43,29,38,
24.8785,41,30,20,36,
24.8798,15,21,16,40,
24.8811,15,21,16,40,
24.8825,3,19,17,35,
24.8838,-2,4,27,22,
24.8852,-9,-3,26,25,
24.8865,-6,-4,26,26,
24.8879,38,24,37,27,
24.8892,38,24,37,27,
24.8906,39,37,37,25,
24.892,37,39,26,37,
24.8934,52,41,35,41,
24.8947,47,36,40,40,
24.8961,18,27,32,19,
24.8974,18,27,32,19,
24.8988,14,26,12,21,
24.9001,8,28,15,30,
24.9015,-18,8,6,16,
24.9028,-18,16,14,15,
24.9042,-6,21,16,12,
24.9055,14,28,17,18,
24.9069,42,23,20,31,
24.9082,51,28,31,30,
24.9095,55,37,38,28,
24.9108,57,49,42,31,
24.9122,42,51,33,33,
24.9135,42,51,33,33,
24.9149,26,34,28,32,
24.9162,15,30,29,34,
24.9176,-2,15,20,26,
24.919,-18,10,15,15,
24.9203,-18,10,15,15,
24.9217,-19,13,7,13,
24.923,5,21,14,10,
24.9244,42,25,23,30,
24.9258,51,31,35,30,
24.9272,51,31,35,30,
24.9285,53,41,33,30,
24.9299,47,42,30,29,
24.9312,43,41,34,33,
24.9326,10,25,14,24,
24.9339,6,25,23,26,
24.9353,3,20,22,20,
24.9366,-8,10,11,10,
24.938,-3,7,13,10,
24.9393,1,6,9,15,
24.9407,9,18,24,21,
24.9421,30,36,38,33,
24.9435,28,38,40,35,
24.9448,39,40,34,28,
24.9461,34,37,30,34,
24.9474,30,37,27,49,
24.9488,22,36,31,40,
24.9502,5,31,22,30,
24.9515,0,17,15,19,
24.9528,-8,22,12,14,
24.9542,-8,22,12,14,
24.9555,0,11,13,17,
24.9569,0,11,13,17,
24.9582,13,10,15,17,
24.9596,29,33,30,30,
24.961,48,28,34,28,
24.9624,48,28,34,28,
24.9637,42,43,43,34,
24.9651,36,40,33,39,
24.9664,30,32,29,34,
24.9678,12,29,20,20,
24.9692,-4,11,25,5,
24.9706,-4,11,25,5,
24.9719,-10,-7,18,6,
24.9733,-3,0,11,6,
24.9747,4,8,8,11,
24.976,5,22,25,14,
24.9773,35,44,30,30,
24.9787,35,44,30,30,
24.9801,45,51,40,38,
24.9814,43,38,34,32,
24.9828,32,29,20,31,
24.9841,14,22,22,35,
24.9855,-3,18,19,34,
24.9869,1,6,12,21,
24.9882,1,6,12,21,
24.9896,4,-5,7,15,
24.991,1,0,16,15,
24.9923,8,16,14,24,
24.9937,32,22,18,33,
24.995,28,30,21,30,
24.9964,31,39,21,30,
24.9977,53,47,32,35,
24.9991,37,35,29,40,
25.0004,28,21,27,22,
25.0018,17,22,25,28,
25.0032,17,22,25,28,
25.0046,-12,21,18,10,
25.006,-25,15,15,12,
25.0073,-25,15,15,12,
25.0087,0,3,15,15,
25.01,12,14,17,15,
25.0113,12,14,17,15,
25.0127,37,48,24,26,
25.014,61,44,35,26,
25.0153,52,36,37,28,
25.0167,46,47,42,38,
25.018,40,30,30,38,
25.0193,17,22,28,26,
25.0207,12,21,30,21,
25.022,-19,6,20,16,
25.0235,-19,6,20,16,
25.0248,-18,8,17,9,
25.0262,-3,12,18,16,
25.0275,25,18,23,32,
25.0288,47,33,35,38,
25.0303,50,34,36,32,
25.0316,45,48,43,39,
25.033,45,44,35,28,
25.0343,39,44,37,26,
25.0357,20,36,31,27,
25.0371,14,27,24,20,
25.0385,14,27,24,20,
25.0399,2,3,31,20,
25.0412,2,7,25,10,
25.0426,-6,16,15,18,
25.0439,-1,19,15,21,
25.0452,25,30,26,27,
25.0466,35,41,32,26,
25.048,40,51,36,20,
25.0493,47,53,48,34,
25.0506,35,42,43,43,
25.052,35,42,43,43,
25.0533,24,26,25,33,
25.0546,6,12,22,31,
25.0559,3,13,23,23,
25.0573,8,24,14,13,
25.0587,-8,1,18,23,
25.0601,-8,1,18,23,
25.0615,8,-1,10,22,
25.0629,52,20,34,34,
25.0642,42,35,41,29,
25.0655,51,37,43,33,
25.0669,50,33,37,32,
25.0682,32,35,37,32,
25.0696,32,35,37,32,
25.0709,19,32,35,25,
25.0723,0,24,16,33,
25.0736,-1,28,18,22,
25.075,-2,19,12,20,
25.0764,-7,14,0,9,
25.0777,-7,14,0,9,
25.0791,2,18,8,11,
25.0804,27,29,28,18,
25.0817,40,31,29,20,
25.0831,40,31,29,20,
25.0845,61,45,32,27,
25.0859,50,37,33,34,
25.0872,40,28,26,31,
25.0885,32,26,26,33,
25.0899,14,21,11,22,
25.0913,0,24,21,25,
25.0926,-6,15,11,28,
25.094,-15,16,12,29,
25.0953,-7,13,17,16,
25.0967,15,27,22,12,
25.0981,32,34,31,17,
25.0994,35,33,30,26,
25.1007,47,49,32,30,
25.1021,43,56,41,35,
25.1035,27,42,38,37,
25.1048,30,22,26,28,
25.1063,21,26,14,25,
25.1077,19,10,20,23,
25.109,-3,2,17,15,
25.1104,-17,12,10,4,
25.1118,-5,14,20,1,
25.1132,10,21,28,4,
25.1146,10,21,28,4,
25.116,35,31,28,23,
25.1173,40,28,19,25,
25.1186,63,41,24,32,
25.12,57,38,19,35,
25.1214,44,31,20,29,
25.1228,33,32,28,28,
25.1241,11,8,40,32,
25.1254,0,-2,34,23,
25.1268,-13,-4,22,16,
25.1281,-13,-4,22,16,
25.1294,-5,4,16,19,
25.1308,0,13,16,18,
25.1322,23,18,23,31,
25.1335,33,28,24,24,
25.1348,38,34,34,34,
25.1361,38,34,34,34,
25.1375,29,32,29,33,
25.1388,24,37,24,38,
25.1402,10,28,28,31,
25.1415,4,12,15,22,
25.1429,-3,-1,12,17,
25.1442,-20,-3,7,16,
25.1456,-20,-3,7,16,
25.1469,-14,2,18,13,
25.1482,8,11,16,17,
25.1495,24,17,24,22,
25.1509,27,26,22,29,
25.1522,47,40,23,35,
25.1536,47,40,23,35,
25.1549,33,40,20,37,
25.1562,28,42,16,33,
25.1576,25,37,29,23,
25.1589,7,14,25,27,
25.1602,0,12,13,31,
25.1616,-11,18,16,20,
25.1629,-16,9,19,8,
25.1642,-7,3,10,10,
25.1655,6,2,15,18,
25.1668,21,27,37,31,
25.1683,31,41,44,25,
25.1696,31,41,44,25,
25.171,34,47,39,33,
25.1723,26,34,34,34,
25.1736,19,23,28,28,
25.175,7,20,23,20,
25.1763,0,9,22,25,
25.1777,0,9,22,25,
25.1791,-2,2,21,28,
25.1804,-20,-15,8,3,
25.1818,-7,-11,10,-3,
25.1831,10,3,18,14,
25.1845,29,17,26,22,
25.1859,41,22,27,25,
25.1872,44,31,20,31,
25.1886,40,39,30,25,
25.1899,40,21,36,26,
25.1913,22,14,32,23,
25.1926,22,14,32,23,
25.194,6,0,28,28,
25.1953,-3,-1,15,27,
25.1966,-11,-4,16,14,
25.1979,-25,-13,20,3,
25.1993,-4,-12,12,13,
25.2006,14,-10,19,9,
25.202,14,-10,19,9,
25.2034,26,12,29,31,
25.2047,24,15,32,25,
25.2061,19,12,40,23,
25.2075,29,0,37,33,
25.2088,18,-12,24,30,
25.2102,-6,-17,18,18,
25.2116,-16,-19,16,6,
25.213,-20,-25,9,6,
25.2143,-31,-45,-3,-4,
25.2157,-19,-27,-8,-7,
25.217,-9,-10,2,2,
25.2183,-9,-10,2,2,
25.2197,6,-7,10,14,
25.221,30,10,4,-3,
25.2224,30,10,4,-3,
25.2237,27,0,-12,-19,
25.2251,-57,-22,-114,-110,
25.2265,-140,-189,-204,-200,
25.2278,-140,-189,-204,-200,
25.2292,-281,-567,-324,-374,
25.2305,-350,-691,-354,-437,
25.2319,-382,-750,-360,-457,
25.2333,-369,-764,-365,-472,
25.2346,-340,-744,-358,-473,
25.2359,-310,-715,-344,-460,
25.2374,-310,-715,-344,-460,
25.2388,-288,-624,-293,-404,
25.2402,-261,-580,-266,-365,
25.2416,-222,-511,-228,-311,
25.243,-218,-482,-203,-286,
25.2443,-212,-449,-198,-267,
25.2457,-212,-449,-198,-267,
25.2471,-193,-386,-165,-231,
25.2484,-193,-386,-165,-231,
25.2498,-189,-377,-151,-224,
25.2512,-158,-339,-125,-189,
25.2525,-132,-317,-125,-173,
25.2539,-105,-296,-124,-155,
25.2552,-92,-286,-102,-141,
25.2566,-81,-260,-89,-136,
25.258,-65,-253,-88,-122,
25.2593,-78,-247,-78,-114,
25.2606,-90,-233,-98,-124,
25.262,-90,-233,-98,-124,
25.2634,-93,-234,-88,-119,
25.2647,-92,-221,-83,-117,
25.2661,-97,-215,-77,-119,
25.2674,-112,-197,-74,-116,
25.2688,-85,-171,-61,-99,
25.2702,-60,-155,-56,-85,
25.2716,-42,-144,-45,-73,
25.2729,-37,-143,-45,-68,
25.2743,-35,-126,-45,-71,
25.2757,-39,-117,-44,-70,
25.2771,-48,-114,-31,-68,
25.2786,-66,-103,-32,-73,
25.28,-72,-113,-38,-73,
25.2813,-64,-113,-39,-62,
25.2827,-55,-111,-37,-50,
25.2841,-67,-114,-38,-59,
25.2854,-47,-104,-39,-59,
25.2868,-46,-91,-36,-57,
25.2881,-35,-80,-36,-47,
25.2895,-26,-63,-35,-47,
25.2908,-26,-63,-35,-47,
25.2921,-21,-51,-28,-43,
25.2935,-12,-49,-19,-39,
25.2949,-18,-69,-17,-31,
25.2962,-26,-74,-20,-26,
25.2975,-38,-67,-10,-24,
25.2988,-39,-64,-15,-28,
25.3002,-51,-70,-19,-31,
25.3016,-59,-72,-24,-34,
25.3029,-61,-67,-29,-36,
25.3043,-31,-44,-23,-32,
25.3057,-5,-31,-16,-24,
25.307,-9,-38,-11,-24,
25.3084,-15,-34,-2,-20,
25.3097,-8,-23,5,-19,
25.3111,-5,-25,-3,-18,
25.3124,-2,-21,-15,-12,
25.3138,-25,-34,-10,-12,
25.3152,-30,-40,-1,-14,
25.3165,-33,-45,-2,-16,
25.3179,-33,-45,-2,-16,
25.3192,-38,-52,-9,-18,
25.3207,-26,-35,-9,-10,
25.3221,-16,-22,-1,-11,
25.3235,-4,-17,-1,-11,
25.3249,-3,-12,10,-4,
25.3262,10,0,21,-4,
25.3276,11,1,26,-11,
25.329,14,-2,16,-8,
25.3303,-1,-7,6,-10,
25.3317,-19,-11,10,-11,
25.333,-23,-24,4,-9,
25.3344,-26,-24,8,-10,
25.3358,-30,-31,1,-8,
25.3371,-21,-25,-2,-8,
25.3385,-4,-14,-6,3,
25.3399,1,-12,4,9,
25.3412,12,-3,12,18,
25.3425,21,4,8,9,
25.3439,28,12,11,3,
25.3451,10,3,20,3,
25.3465,10,3,20,3,
25.3478,-7,-11,18,5,
25.3492,-20,-1,11,3,
25.3506,-10,2,11,1,
25.352,-10,2,11,1,
25.3533,-10,5,0,4,
25.3546,-16,-3,10,-3,
25.356,-16,-11,6,-1,
25.3574,18,10,18,18,
25.3588,18,10,18,18,
25.3602,10,15,19,11,
25.3615,24,20,12,13,
25.3629,31,14,15,14,
25.3642,19,24,16,23,
25.3656,5,6,7,19,
25.367,8,3,10,13,
25.3683,8,3,10,13,
25.3697,-14,6,14,-3,
25.3711,3,7,12,0,
25.3724,2,-4,15,15,
25.3738,18,6,27,19,
25.3751,29,23,19,6,
25.3765,29,23,19,6,
25.3779,29,23,19,6,
25.3792,35,23,28,19,
25.3806,24,16,17,15,
25.3819,8,27,17,16,
25.3833,-4,5,13,12,
25.3846,2,10,10,11,
25.386,2,10,10,11,
25.3873,-4,3,8,14,
25.3887,0,0,16,4,
25.39,7,13,20,3,
25.3914,7,13,20,3,
25.3927,26,27,21,24,
25.394,26,27,21,24,
25.3954,33,20,26,29,
25.3967,35,24,33,31,
25.3981,24,27,25,22,
25.3995,8,22,17,17,
25.4008,10,18,15,17,
25.4022,14,16,13,15,
25.4036,-6,23,9,13,
25.405,-15,13,3,15,
25.4064,-7,17,4,16,
25.4077,8,11,6,20,
25.4091,8,14,14,18,
25.4105,21,16,27,17,
25.4119,31,20,32,20,
25.4132,39,29,30,22,
25.4146,27,27,25,31,
25.416,21,24,29,28,
25.4173,8,17,23,22,
25.4187,12,0,18,24,
25.4201,11,5,22,16,
25.4215,6,8,9,10,
25.4228,1,6,4,16,
25.4242,-3,7,7,11,
25.4256,4,17,7,2,
25.4269,29,25,14,13,
25.4282,34,27,19,22,
25.4296,39,30,20,22,
25.431,33,27,21,21,
25.4323,26,25,24,25,
25.4337,26,25,24,25,
25.4351,7,26,28,28,
25.4365,2,20,14,18,
25.4378,4,6,12,19,
25.4391,4,6,12,19,
25.4406,-3,9,15,29,
25.442,5,7,18,19,
25.4435,12,0,15,16,
25.4449,31,34,32,31,
25.4463,33,30,36,28,
25.4477,38,36,26,23,
25.4491,25,31,23,32,
25.4506,25,25,23,36,
25.4518,29,13,18,23,
25.4532,15,14,15,25,
25.4546,10,17,21,25,
25.456,14,19,20,21,
25.4573,-7,-5,9,20,
25.4586,-7,0,11,17,
25.46,13,3,19,24,
25.4613,21,23,23,23,
25.4627,29,35,18,31,
25.464,39,39,28,32,
25.4653,36,40,29,24,
25.4667,23,24,29,32,
25.468,21,25,38,28,
25.4693,11,32,37,18,
25.4707,3,25,21,16,
25.472,12,17,19,15,
25.4733,5,-1,27,19,
25.4747,-2,3,20,12,
25.476,0,30,23,8,
25.4774,0,30,23,8,
25.4787,12,22,22,14,
25.4801,26,24,28,28,
25.4814,26,24,28,28,
25.4828,39,40,28,31,
25.4842,46,25,30,25,
25.4856,42,18,31,27,
25.487,42,18,31,27,
25.4883,19,9,20,19,
25.4896,11,19,16,18,
25.491,-11,28,17,15,
25.4923,-6,18,19,19,
25.4936,-5,17,22,25,
25.495,7,14,22,27,
25.4963,7,14,22,27,
25.4977,29,29,23,28,
25.4991,39,36,24,27,
25.5004,53,42,30,36,
25.5017,34,30,39,39,
25.5031,25,32,31,31,
25.5044,12,27,30,28,
25.5058,8,6,26,31,
25.5071,15,10,23,21,
25.5084,-3,11,10,19,
25.5098,2,23,21,24,
25.5111,2,23,21,24,
25.5124,12,29,29,30,
25.5138,24,15,31,26,
25.5151,34,33,25,28,
25.5165,37,25,31,28,
25.5179,40,37,36,37,
25.5192,39,47,29,38,
25.5206,19,25,29,39,
25.5219,8,15,30,37,
25.5233,5,27,33,28,
25.5246,10,30,23,23,
25.5259,11,4,27,26,
25.5273,11,4,27,26,
25.5287,11,4,27,26,
25.53,6,11,18,38,
25.5313,37,32,24,33,
25.5326,34,33,31,26,
25.534,31,35,32,22,
25.5354,42,31,40,23,
25.5367,31,39,43,22,
25.538,22,46,31,21,
25.5393,23,35,28,24,
25.5407,10,14,29,18,
25.542,9,14,22,15,
25.5433,9,14,22,15,
25.5446,4,6,13,31,
25.546,4,6,13,31,
25.5474,19,22,29,24,
25.5487,31,38,24,27,
25.55,31,43,22,26,
25.5513,31,51,34,20,
25.5527,31,51,34,20,
25.554,31,36,24,32,
25.5554,21,27,17,31,
25.5567,12,29,30,22,
25.558,3,7,29,26,
25.5594,3,7,29,26,
25.5607,0,6,27,25,
25.5621,-2,3,23,27,
25.5634,13,2,22,16,
25.5648,13,10,19,14,
25.5661,29,26,24,19,
25.5674,34,32,32,26,
25.5688,35,39,40,40,
25.5701,37,34,35,40,
25.5714,28,36,32,39,
25.5728,33,26,32,26,
25.5742,19,21,22,25,
25.5755,19,21,22,25,
25.5768,17,22,10,27,
25.5781,8,18,11,32,
25.5795,-4,13,18,26,
25.5809,2,18,22,26,
25.5822,21,21,20,33,
25.5835,22,26,33,42,
25.5849,22,26,33,42,
25.5862,43,41,34,38,
25.5875,38,34,45,36,
25.5889,22,35,38,35,
25.5903,11,13,21,27,
25.5916,11,13,21,27,
25.5929,0,7,18,32,
25.5943,0,7,18,32,
25.5956,9,4,9,21,
25.597,12,15,19,13,
25.5984,21,25,14,19,
25.5997,22,20,19,24,
25.601,36,32,23,21,
25.6024,29,41,24,22,
25.6038,38,37,27,28,
25.6051,27,43,36,29,
25.6065,36,43,29,34,
25.6079,36,43,29,34,
25.6092,12,32,20,28,
25.6105,12,32,20,28,
25.6119,20,23,13,22,
25.6133,5,20,21,23,
25.6147,5,20,21,23,
25.6161,2,11,16,23,
25.6174,29,27,20,34,
25.6188,32,31,34,37,
25.6201,35,41,40,28,
25.6215,34,39,31,29,
25.6229,34,39,31,29,
25.6242,30,37,27,32,
25.6256,28,31,34,37,
25.6269,14,21,35,35,
25.6283,-2,30,24,28,
25.6296,-7,20,25,25,
25.631,10,15,9,22,
25.6324,15,31,15,28,
25.6338,15,31,15,28,
25.6351,38,27,26,29,
25.6365,37,31,23,30,
25.6379,44,35,25,29,
25.6392,30,33,24,35,
25.6406,35,35,25,29,
25.6419,40,39,21,20,
25.6433,33,30,14,25,
25.6447,20,23,26,23,
25.646,22,12,21,22,
25.6474,11,1,12,20,
25.6488,15,4,17,12,
25.6501,14,18,27,19,
25.6515,14,18,27,19,
25.6529,20,22,32,24,
25.6543,32,30,28,32,
25.6557,34,41,27,33,
25.6571,36,30,39,32,
25.6585,27,32,38,38,
25.6598,29,23,30,25,
25.6612,21,27,30,28,
25.6626,21,27,30,34,
25.664,12,34,36,34,
25.6653,-7,24,27,22,
25.6667,-1,25,29,17,
25.668,-2,29,27,18,
25.6693,16,29,30,27,
25.6707,43,34,31,36,
25.672,41,32,30,33,
25.6734,33,50,35,38,
25.6748,44,24,37,35,
25.6761,24,24,30,38,
25.6775,4,16,21,29,
25.6789,13,15,23,23,
25.6802,13,15,23,23,
25.6816,14,21,29,16,
25.6829,6,25,21,32,
25.6842,0,21,22,36,
25.6856,25,25,21,28,
25.6869,41,33,32,33,
25.6883,43,32,32,35,
25.6896,40,26,23,35,
25.6909,44,41,24,37,
25.6923,26,28,28,44,
25.6936,18,27,22,31,
25.695,18,27,22,31,
25.6963,18,27,22,31,
25.6977,9,15,32,26,
25.699,-1,13,35,19,
25.7004,-5,9,36,29,
25.7017,0,19,21,28,
25.7031,24,20,33,25,
25.7044,24,20,33,25,
25.7057,40,29,38,24,
25.7071,62,35,43,23,
25.7084,45,36,40,30,
25.7098,31,43,32,24,
25.7111,34,34,32,22,
25.7125,34,34,32,22,
25.7138,31,19,23,28,
25.7151,19,14,23,31,
25.7165,1,7,19,28,
25.7178,-7,-1,30,20,
25.7192,-7,-1,30,20,
25.7205,9,28,32,37,
25.7218,41,30,24,46,
25.7232,42,29,31,41,
25.7245,39,45,50,39,
25.7259,43,33,41,36,
25.7272,43,33,41,36,
25.7285,43,33,41,36,
25.7298,19,17,19,33,
25.7311,13,14,13,35,
25.7324,15,11,26,24,
25.7338,7,1,25,21,
25.7352,2,1,11,22,
25.7365,-2,11,16,26,
25.7379,7,19,17,34,
25.7392,44,32,26,31,
25.7405,35,28,30,42,
25.7418,35,28,30,42,
25.7432,43,43,40,46,
25.7445,37,33,44,34,
25.7458,27,34,32,29,
25.7471,27,34,32,29,
25.7485,11,27,19,33,
25.7498,1,9,27,37,
25.7512,1,9,27,37,
25.7525,-5,9,14,25,
25.7539,15,11,16,21,
25.7552,22,23,30,26,
25.7566,41,39,34,43,
25.758,36,43,46,53,
25.7594,50,48,42,52,
25.7607,61,42,45,36,
25.7621,27,22,37,31,
25.7634,27,22,37,31,
25.7648,24,24,24,27,
25.7661,17,21,16,26,
25.7675,17,22,17,32,
25.7688,-5,18,13,21,
25.7702,3,16,4,23,
25.7715,18,9,28,22,
25.7728,24,25,38,28,
25.7742,27,43,42,34,
25.7755,34,36,43,30,
25.7768,43,33,36,38,
25.7782,47,31,26,34,
25.7796,47,31,26,34,
25.7809,26,24,24,28,
25.7822,16,13,18,35,
25.7836,16,13,18,35,
25.7849,5,17,16,31,
25.7863,-11,9,17,19,
25.7876,-8,2,17,16,
25.789,8,2,24,22,
25.7903,22,18,24,32,
25.7917,36,40,28,37,
25.7929,37,33,28,44,
25.7943,51,34,33,39,
25.7956,35,27,40,46,
25.797,23,26,28,35,
25.7984,23,26,28,35,
25.7998,17,28,20,33,
25.8011,6,27,19,26,
25.8025,-2,23,20,25,
25.8038,-10,6,25,15,
25.8051,11,13,23,24,
25.8065,11,13,23,24,
25.8078,39,29,26,38,
25.8092,37,32,30,44,
25.8105,38,35,40,40,
25.8118,37,40,40,42,
25.8131,34,32,33,38,
25.8144,34,32,33,38,
25.8158,32,33,26,30,
25.8171,23,26,22,24,
25.8185,6,9,20,27,
25.8199,-3,8,27,32,
25.8212,-12,10,15,22,
25.8226,-6,20,11,17,
25.824,1,14,17,18,
25.8253,14,21,20,33,
25.8266,34,35,35,36,
25.828,39,29,38,31,
25.8294,39,29,38,31,
25.8307,32,26,38,31,
25.8321,24,32,26,41,
25.8335,20,23,30,39,
25.8349,17,22,29,35,
25.8363,9,17,28,25,
25.8377,8,1,16,28,
25.839,0,5,19,21,
25.8403,6,23,23,19,
25.8417,24,23,26,19,
25.843,24,32,32,26,
25.8443,41,26,34,31,
25.8457,50,37,41,37,
25.847,58,45,43,42,
25.8484,44,34,33,36,
25.8498,36,22,35,31,
25.8511,31,22,37,36,
25.8525,11,23,26,27,
25.8539,6,10,22,20,
25.8553,-1,17,16,17,
25.8567,-1,17,16,17,
25.858,15,12,26,31,
25.8593,15,12,26,31,
25.8607,26,16,32,39,
25.8621,46,28,35,45,
25.8635,50,38,47,46,
25.8648,50,38,47,46,
25.8662,24,35,36,29,
25.8676,13,22,34,34,
25.869,7,19,19,31,
25.8703,5,13,23,22,
25.8717,5,13,23,22,
25.873,-1,12,9,18,
25.8744,-8,15,18,22,
25.8758,2,15,27,21,
25.8771,13,10,20,23,
25.8784,43,16,32,34,
25.8797,54,36,32,27,
25.8811,54,36,32,27,
25.8824,57,42,26,37,
25.8838,43,41,36,39,
25.8852,26,25,21,26,
25.8865,22,28,24,24,
25.8879,20,29,31,27,
25.8892,4,25,30,28,
25.8906,-6,13,27,30,
25.892,-6,13,27,30,
25.8933,5,19,19,22,
25.8947,16,25,24,29,
25.8961,21,35,24,35,
25.8975,40,39,27,45,
25.8988,52,45,30,39,
25.9003,51,35,39,33,
25.9016,22,36,24,39,
25.903,20,30,21,28,
25.9044,18,22,14,26,
25.9057,11,17,18,26,
25.907,-9,-1,15,16,
25.9084,-9,-1,15,16,
25.9097,7,4,21,24,
25.9111,12,23,23,27,
25.9125,27,29,36,41,
25.9139,27,29,36,41,
25.9152,46,26,26,36,
25.9166,45,38,32,34,
25.9179,38,34,33,34,
25.9193,37,20,31,41,
25.9206,9,16,25,36,
25.922,9,16,25,36,
25.9234,6,21,30,30,
25.9247,-3,6,20,33,
25.9261,-8,10,13,26,
25.9275,9,34,13,32,
25.9289,19,24,18,37,
25.9302,19,24,18,37,
25.9316,29,24,29,37,
25.933,46,32,25,41,
25.9343,51,28,33,48,
25.9357,55,33,26,41,
25.937,17,31,26,27,
25.9384,17,31,26,27,
25.9398,17,31,26,27,
25.9412,5,14,25,30,
25.9425,-7,16,20,28,
25.9439,-3,13,18,30,
25.9453,12,22,14,33,
25.9467,21,22,20,34,
25.948,33,32,34,33,
25.9494,54,36,23,40,
25.9507,50,36,32,39,
25.952,38,40,30,36,
25.9533,32,31,30,40,
25.9547,18,18,30,32,
25.9561,18,18,30,32,
25.9575,6,19,26,32,
25.9589,5,3,29,27,
25.9602,5,3,29,27,
25.9615,-5,6,25,24,
25.9629,17,27,16,30,
25.9643,36,35,27,37,
25.9656,51,28,31,40,
25.967,46,38,28,42,
25.9682,37,39,32,45,
25.9695,37,39,32,45,
25.9709,37,42,32,35,
25.9722,11,18,10,37,
25.9735,12,6,20,38,
25.9749,11,7,22,30,
25.9762,11,7,22,30,
25.9776,1,10,16,19,
25.9789,2,15,14,15,
25.9802,0,12,13,24,
25.9816,25,22,16,29,
25.9829,47,38,27,36,
25.9842,47,38,27,36,
25.9855,61,46,35,32,
25.9869,54,31,35,31,
25.9883,45,38,32,26,
25.9896,13,25,24,28,
25.991,10,11,13,26,
25.9923,0,7,22,25,
25.9937,-18,6,26,24,
25.9951,-18,6,26,24,
25.9963,12,9,20,27,
25.9977,11,15,23,34,
25.9991,29,22,30,35,
26.0004,37,25,30,44,
26.0017,37,25,30,44,
26.0031,38,32,30,34,
26.0044,36,32,23,25,
26.0058,38,39,31,34,
26.0071,30,36,28,40,
26.0084,8,22,27,24,
26.0098,2,-1,22,19,
26.0112,2,-1,22,19,
26.0125,-4,-3,18,27,
26.0139,4,10,17,13,
26.0152,15,9,24,16,
26.0166,25,29,23,25,
26.0179,35,35,34,28,
26.0193,35,35,34,28,
26.0206,38,31,40,28,
26.0219,24,32,38,33,
26.0233,23,25,22,27,
26.0247,19,9,18,31,
26.026,11,1,15,19,
26.0273,11,1,15,19,
26.0287,-6,7,20,15,
26.0301,-12,2,14,19,
26.0314,-6,7,22,18,
26.0328,39,38,26,29,
26.0342,39,38,26,29,
26.0355,40,43,29,38,
26.0369,33,48,36,39,
26.0383,30,37,37,39,
26.0398,34,29,32,34,
26.0412,34,22,28,25,
26.0427,27,19,29,26,
26.0441,12,13,11,23,
26.0455,0,15,13,16,
26.0468,6,22,7,23,
26.0482,13,9,8,29,
26.0495,16,2,14,30,
26.0509,24,18,19,32,
26.0522,24,18,19,32,
26.0536,41,32,28,43,
26.055,48,37,26,42,
26.0563,31,27,26,45,
26.0577,32,21,33,41,
26.0591,32,21,33,41,
26.0605,16,13,27,27,
26.0619,1,11,29,29,
26.0633,-8,8,22,21,
26.0647,-2,4,29,22,
26.066,16,17,30,27,
26.0674,19,15,23,23,
26.0687,31,21,23,23,
26.0701,35,16,27,32,
26.0714,46,19,28,33,
26.0727,55,27,32,38,
26.0741,35,29,31,31,
26.0754,24,33,27,29,
26.0768,12,28,25,27,
26.0782,2,22,17,17,
26.0796,-4,9,13,25,
26.081,-4,13,21,28,
26.0824,1,8,27,20,
26.0837,-2,7,26,27,
26.0851,18,10,22,34,
26.0864,35,20,33,45,
26.0878,31,33,42,34,
26.0891,43,38,40,33,
26.0904,39,33,30,40,
26.0918,39,33,30,40,
26.0931,19,24,26,40,
26.0945,9,16,30,25,
26.0958,8,23,24,17,
26.0972,0,15,14,18,
26.0986,-9,7,5,25,
26.0999,-1,9,5,30,
26.1012,7,13,9,20,
26.1026,34,25,37,34,
26.104,33,19,45,40,
26.1053,33,19,45,40,
26.1067,46,27,39,31,
26.1081,45,27,27,42,
26.1094,40,25,21,42,
26.1107,25,24,26,41,
26.1121,7,18,22,24,
26.1135,7,10,22,30,
26.1148,7,10,22,30,
26.1162,-2,3,2,23,
26.1176,-7,1,13,17,
26.119,5,18,19,28,
26.1203,27,20,22,33,
26.1217,34,28,24,32,
26.123,34,28,24,32,
26.1244,38,27,24,35,
26.1258,32,28,27,33,
26.1272,19,27,33,29,
26.1285,18,13,32,25,
26.1299,18,13,32,25,
26.1312,5,19,18,17,
26.1326,-10,9,6,5,
26.1339,9,9,5,9,
26.1353,4,10,14,20,
26.1366,15,15,30,32,
26.138,32,19,37,34,
26.1393,32,19,37,34,
26.1406,44,28,42,31,
26.142,37,39,36,33,
26.1433,30,24,33,25,
26.1447,22,29,31,28,
26.1461,6,34,25,24,
26.1474,0,19,21,22,
26.1487,-6,11,13,23,
26.1501,-15,17,10,23,
26.1515,6,6,15,19,
26.1528,11,19,16,19,
26.1541,11,19,16,19,
26.1554,29,25,28,29,
26.1568,29,25,28,29,
26.1581,33,29,26,25,
26.1594,39,25,34,24,
26.1607,18,24,30,37,
26.1621,18,24,30,37,
26.1634,9,29,33,34,
26.1648,3,25,25,27,
26.1662,8,17,19,22,
26.1675,0,19,21,22,
26.1689,3,7,18,26,
26.1702,14,9,19,21,
26.1715,14,18,19,26,
26.1729,14,18,19,26,
26.1743,46,28,25,27,
26.1757,50,41,25,29,
26.1771,35,43,26,32,
26.1786,35,39,30,37,
26.18,18,25,22,25,
26.1814,4,16,24,18,
26.1827,4,16,22,17,
26.1841,-15,13,17,14,
26.1855,-15,13,17,14,
26.1868,13,10,9,14,
26.1881,22,28,10,18,
26.1895,40,34,13,20,
26.1909,44,24,28,21,
26.1922,37,24,39,20,
26.1936,41,32,40,26,
26.1949,41,32,40,26,
26.1964,18,36,36,35,
26.1979,13,39,35,37,
26.1993,5,20,19,27,
26.2006,-4,6,23,19,
26.202,-4,6,23,19,
26.2034,-21,11,12,6,
26.2047,-21,11,12,6,
26.2061,-9,11,17,14,
26.2075,11,18,32,29,
26.2088,32,36,31,33,
26.2102,37,40,33,35,
26.2115,37,40,33,35,
26.2129,34,40,37,39,
26.2142,32,32,30,28,
26.2155,19,23,21,31,
26.2168,0,19,22,27,
26.2182,0,19,22,27,
26.2195,-15,13,21,26,
26.2208,-18,8,27,16,
26.2221,-7,2,23,13,
26.2235,11,12,13,15,
26.2248,34,25,15,29,
26.2261,34,25,15,29,
26.2275,30,40,33,32,
26.2288,49,42,31,36,
26.2302,43,38,25,27,
26.2315,23,19,35,25,
26.2329,11,5,21,19,
26.2343,11,5,21,19,
26.2356,-5,-2,25,16,
26.2369,-11,-3,25,18,
26.2383,-11,-3,25,18,
26.2397,3,17,22,25,
26.2411,10,32,32,28,
26.2426,10,32,32,28,
26.2442,47,31,29,30,
26.2456,51,36,28,35,
26.247,25,29,26,33,
26.2484,20,21,20,30,
26.2498,1,12,24,20,
26.2512,-1,14,20,20,
26.2525,-1,14,20,20,
26.2539,-10,7,15,29,
26.2552,-7,6,15,16,
26.2566,-7,5,4,21,
26.258,12,28,10,33,
26.2593,25,30,22,38,
26.2606,26,37,33,38,
26.262,40,36,43,32,
26.2634,41,28,41,39,
26.2647,26,31,25,32,
26.2661,26,31,25,32,
26.2675,8,22,29,23,
26.2689,-4,22,30,12,
26.2703,0,17,32,8,
26.2716,1,0,20,5,
26.273,4,3,11,10,
26.2744,11,23,14,20,
26.2757,26,17,26,18,
26.277,30,31,29,25,
26.2784,27,33,33,24,
26.2798,31,40,32,25,
26.2811,31,40,32,25,
26.2826,20,34,37,30,
26.284,27,21,41,27,
26.2854,21,24,29,35,
26.2868,4,28,25,22,
26.2882,-3,23,24,17,
26.2895,-12,14,13,19,
26.2909,-7,21,27,18,
26.2922,17,21,19,24,
26.2936,33,26,23,29,
26.2949,33,26,23,29,
26.2962,39,21,28,29,
26.2976,38,23,34,37,
26.2989,33,36,40,35,
26.3003,32,30,24,23,
26.3016,21,17,19,24,
26.3029,14,12,18,27,
26.3042,12,8,20,28,
26.3055,-4,13,14,16,
26.3069,-6,7,8,12,
26.3082,12,11,10,14,
26.3095,20,16,10,18,
26.3109,36,17,25,31,
26.3122,36,17,25,31,
26.3135,36,33,36,31,
26.3149,40,45,32,42,
26.3162,25,42,32,46,
26.3176,25,26,37,38,
26.319,15,23,30,35,
26.3203,5,13,20,21,
26.3217,5,13,20,21,
26.323,-3,9,8,23,
26.3243,0,5,7,15,
26.3257,-5,15,16,10,
26.3271,1,18,21,16,
26.3285,27,30,33,36,
26.3299,27,30,33,36,
26.3312,20,32,39,38,
26.3326,43,21,47,36,
26.3339,44,18,36,32,
26.3352,35,23,28,30,
26.3365,12,15,30,30,
26.3379,12,15,30,30,
26.3392,12,15,30,30,
26.3406,6,12,30,28,
26.3419,5,7,16,16,
26.3432,0,0,19,16,
26.3446,14,6,21,21,
26.3459,25,29,36,22,
26.3473,25,29,36,22,
26.3486,35,31,35,21,
26.35,35,37,44,22,
26.3513,29,26,26,21,
26.3527,29,26,26,21,
26.3541,17,14,32,21,
26.3554,1,22,35,27,
26.3567,6,18,26,23,
26.3581,9,18,25,19,
26.3594,-11,10,10,18,
26.3608,-11,21,19,16,
26.3621,10,22,33,28,
26.3634,32,20,31,40,
26.3648,38,30,34,31,
26.3661,38,30,34,31,
26.3674,35,28,40,27,
26.3688,35,42,25,39,
26.3702,28,31,15,33,
26.3715,5,20,16,33,
26.3729,2,11,28,28,
26.3742,-1,7,31,29,
26.3755,-10,11,19,20,
26.3769,-11,13,8,12,
26.3782,-5,10,21,24,
26.3796,21,28,29,30,
26.381,21,28,29,30,
26.3823,37,39,34,34,
26.3836,50,39,31,38,
26.385,42,41,26,36,
26.3864,27,30,29,26,
26.3877,26,26,31,26,
26.3891,26,26,31,26,
26.3904,21,24,31,25,
26.3918,5,19,25,23,
26.3931,7,17,27,8,
26.3945,4,13,18,9,
26.3958,5,17,16,20,
26.3971,10,23,12,27,
26.3985,36,30,22,26,
26.3999,36,30,22,26,
26.4013,55,29,37,31,
26.4027,42,29,30,31,
26.4041,22,30,30,24,
26.4054,11,24,23,23,
26.4067,4,23,13,24,
26.4081,5,15,11,23,
26.4094,-7,2,10,16,
26.4108,0,-1,14,8,
26.4121,1,4,10,10,
26.4135,8,15,19,11,
26.4149,8,15,19,11,
26.4162,36,30,24,25,
26.4176,45,37,19,26,
26.4189,37,23,30,37,
26.4203,22,22,34,28,
26.4216,22,22,34,28,
26.423,15,8,19,26,
26.4243,6,3,18,18,
26.4257,17,14,18,15,
26.427,-9,9,23,8,
26.4283,-9,9,23,8,
26.4297,-5,17,17,4,
26.4311,10,25,23,1,
26.4324,14,33,31,21,
26.4338,21,33,31,35,
26.4352,35,30,32,34,
26.4365,31,32,32,33,
26.4378,31,32,32,33,
26.4392,36,36,25,28,
26.4405,29,37,22,22,
26.4418,9,22,19,31,
26.4432,10,16,24,30,
26.4446,-6,11,25,25,
26.4459,-2,2,23,16,
26.4473,-2,2,23,16,
26.4487,7,-3,18,13,
26.4502,20,27,31,22,
26.4515,36,23,39,30,
26.4529,46,35,43,32,
26.4543,54,30,33,37,
26.4557,55,33,37,38,
26.457,38,31,30,28,
26.4586,1,10,21,31,
26.46,-1,18,18,31,
26.4614,-1,18,18,31,
26.4628,1,13,18,26,
26.4643,-1,3,21,30,
26.4657,19,6,27,19,
26.4671,33,19,24,22,
26.4685,39,21,25,32,
26.4698,47,36,34,32,
26.4712,47,36,34,32,
26.4726,25,36,33,23,
26.474,12,19,28,33,
26.4754,3,15,17,25,
26.4767,-4,18,9,16,
26.4781,-12,17,7,11,
26.4794,-12,17,7,11,
26.4808,-23,13,13,15,
26.4822,7,3,16,18,
26.4836,14,20,21,25,
26.4849,32,35,19,34,
26.4863,32,35,19,34,
26.4876,39,45,39,25,
26.4889,39,33,29,33,
26.4903,34,27,27,28,
26.4916,29,26,16,36,
26.493,12,18,27,26,
26.4943,12,18,27,26,
26.4957,-7,10,28,32,
26.497,-7,-1,18,24,
26.4984,2,-7,8,27,
26.4998,1,10,17,20,
26.5011,22,19,27,22,
26.5025,22,19,27,22,
26.5039,39,23,30,25,
26.5053,48,32,33,42,
26.5066,34,40,37,41,
26.508,35,32,39,35,
26.5094,27,24,34,37,
26.5108,8,17,29,35,
26.5121,12,22,24,21,
26.5135,-3,16,18,16,
26.5149,3,25,23,19,
26.5162,3,25,23,19,
26.5176,14,18,28,26,
26.5189,16,23,23,29,
26.5203,22,30,31,27,
26.5217,34,31,38,29,
26.5231,47,28,45,36,
26.5244,47,28,45,36,
26.5258,34,32,30,33,
26.5272,12,20,25,30,
26.5285,4,18,22,23,
26.5299,0,21,14,22,
26.5312,-3,16,19,15,
26.5325,-4,22,17,11,
26.534,-7,13,22,11,
26.5353,21,19,33,34,
26.5367,21,19,33,34,
26.5381,34,27,38,37,
26.5394,34,27,38,37,
26.5407,51,32,31,37,
26.5421,45,27,25,29,
26.5435,39,20,21,28,
26.5448,2,30,29,34,
26.5462,4,33,28,26,
26.5476,4,33,28,26,
26.5489,-6,17,16,23,
26.5503,-12,16,18,16,
26.5517,2,25,28,18,
26.553,16,31,22,27,
26.5543,39,23,21,29,
26.5557,39,23,21,29,
26.557,41,33,25,25,
26.5584,47,38,36,35,
26.5597,36,25,36,31,
26.561,32,22,37,28,
26.5624,18,16,35,21,
26.5638,1,12,28,16,
26.5651,0,8,20,25,
26.5665,7,1,10,17,
26.5678,7,1,10,17,
26.5691,-2,10,17,9,
26.5705,3,14,19,13,
26.5719,18,35,19,20,
26.5733,22,38,23,28,
26.5747,34,28,31,31,
26.576,34,32,43,35,
26.5773,24,25,29,28,
26.5787,17,17,23,30,
26.58,10,11,30,30,
26.5814,10,11,30,30,
26.5827,0,8,30,28,
26.584,1,18,19,29,
26.5853,-3,-2,14,19,
26.5867,9,3,18,27,
26.5881,14,14,22,24,
26.5894,29,25,29,19,
26.5907,29,28,35,30,
26.5922,43,44,32,29,
26.5935,34,37,28,39,
26.5949,34,37,28,39,
26.5963,35,25,23,31,
26.5976,19,18,20,24,
26.599,16,12,21,24,
26.6004,3,6,18,17,
26.6018,-7,2,8,16,
26.6031,6,22,25,20,
26.6045,15,29,32,27,
26.6059,21,37,27,34,
26.6072,30,39,22,36,
26.6086,30,39,22,36,
26.61,48,37,27,33,
26.6113,34,28,31,34,
26.6127,13,20,31,31,
26.614,22,16,29,33,
26.6154,12,28,22,25,
26.6168,12,28,22,25,
26.6181,-11,22,24,22,
26.6195,0,9,23,26,
26.6208,18,20,30,27,
26.6222,38,27,39,23,
26.6235,38,27,39,23,
26.6249,48,32,33,26,
26.6263,51,36,28,35,
26.6276,50,43,31,40,
26.629,36,36,26,31,
26.6304,23,34,25,33,
26.6317,4,29,19,25,
26.6331,5,21,18,20,
26.6344,6,13,18,11,
26.6358,5,10,20,14,
26.6371,-1,13,23,9,
26.6385,0,12,16,11,
26.6399,18,14,19,28,
26.6413,31,25,21,30,
26.6426,35,36,25,34,
26.644,36,44,38,28,
26.6454,35,35,39,33,
26.6468,27,30,36,24,
26.6482,5,29,31,26,
26.6495,4,15,27,26,
26.6509,0,13,17,23,
26.6522,0,13,17,23,
26.6536,-12,9,19,25,
26.655,-5,11,28,14,
26.6563,5,26,25,23,
26.6576,21,23,33,24,
26.659,38,20,32,24,
26.6603,42,22,26,27,
26.6617,49,30,37,30,
26.6631,40,42,45,31,
26.6644,21,17,37,21,
26.6658,21,17,37,21,
26.6671,1,21,36,16,
26.6685,-7,12,28,26,
26.6699,-9,8,19,18,
26.6713,-17,18,13,10,
26.6726,3,16,12,28,
26.674,23,18,23,31,
26.6753,44,27,30,31,
26.6767,44,27,30,31,
26.6781,40,35,34,30,
26.6794,46,38,35,38,
26.6808,47,36,39,43,
26.6822,9,25,35,32,
26.6835,9,25,35,32,
26.6849,9,25,35,32,
26.6863,0,25,21,36,
26.6876,1,21,13,28,
26.689,1,23,12,29,
26.6904,-2,24,23,32,
26.6918,36,40,35,27,
26.6931,36,40,35,27,
26.6945,51,38,41,24,
26.6959,48,35,44,39,
26.6973,50,28,43,41,
26.6987,50,28,43,41,
26.7,34,34,30,31,
26.7014,14,25,21,38,
26.7027,14,25,21,38,
26.7041,5,29,38,32,
26.7054,-6,12,24,30,
26.7068,0,14,21,31,
26.7082,29,17,23,34,
26.7096,54,30,33,40,
26.7109,54,30,33,40,
26.7123,53,47,25,35,
26.7136,48,41,27,37,
26.715,41,30,34,36,
26.7163,43,26,32,51,
26.7177,26,34,29,39,
26.7191,26,34,29,39,
26.7205,12,34,24,33,
26.7218,-6,13,29,24,
26.7232,-10,19,26,22,
26.7245,4,29,27,29,
26.7259,23,27,24,40,
26.7273,23,27,24,40,
26.7286,46,42,37,51,
26.73,57,47,40,54,
26.7313,64,51,40,54,
26.7326,52,53,32,55,
26.734,45,50,30,53,
26.7354,38,36,34,63,
26.7367,35,26,34,60,
26.7381,28,28,24,52,
26.7395,20,24,19,41,
26.7408,22,19,29,46,
26.7422,19,21,32,58,
26.7436,19,21,32,58,
26.7449,27,37,31,70,
26.7463,55,42,41,75,
26.7477,90,58,63,86,
26.749,86,48,62,87,
26.7504,76,46,61,92,
26.7518,66,49,62,95,
26.7531,62,41,52,87,
26.7545,48,34,46,87,
26.7558,44,34,44,89,
26.7572,29,22,41,83,
26.7586,29,22,41,83,
26.7599,41,30,39,87,
26.7613,56,45,47,94,
26.7627,80,56,61,111,
26.764,91,58,66,126,
26.7654,106,84,80,132,
26.7668,106,68,78,131,
26.7681,106,68,78,131,
26.7695,104,63,89,141,
26.7709,98,62,97,146,
26.7724,107,72,93,170,
26.7737,108,71,91,195,
26.7751,113,68,100,209,
26.7765,112,74,106,228,
26.7778,138,83,113,259,
26.7792,180,123,127,311,
26.7806,217,150,151,374,
26.782,334,190,237,625,
26.7833,410,213,329,1116,
26.7846,410,213,329,1116,
26.786,634,321,529,1401,
26.7873,431,342,412,771,
26.7886,325,264,319,565,
26.79,248,198,251,430,
26.7914,182,157,194,335,
26.7927,152,141,157,274,
26.7941,152,141,157,274,
26.7954,127,129,126,232,
26.7967,122,106,109,180,
26.7981,127,96,104,168,
26.7994,123,86,104,169,
26.8008,126,82,107,161,
26.8021,112,75,91,146,
26.8035,106,72,78,126,
26.8049,91,65,66,112,
26.8063,69,58,69,106,
26.8077,69,44,77,104,
26.809,53,37,64,86,
26.8104,37,26,49,73,
26.8119,33,27,43,70,
26.8133,70,38,51,64,
26.8147,78,47,60,75,
26.8161,76,53,65,83,
26.8175,85,49,65,72,
26.8189,85,49,65,72,
26.8202,85,49,65,72,
26.8216,67,33,45,74,
26.823,51,28,40,64,
26.8243,38,21,32,59,
26.8257,8,21,23,39,
26.8271,12,20,22,40,
26.8285,25,27,27,41,
26.8299,25,27,27,41,
26.8314,44,29,27,48,
26.8327,58,39,30,51,
26.8341,64,57,48,57,
26.8355,63,54,45,56,
26.8369,48,57,45,57,
26.8383,38,35,39,62,
26.8397,25,26,38,63,
26.8411,21,33,32,53,
26.8425,8,19,21,35,
26.8439,8,19,21,35,
26.8453,9,18,14,32,
26.8467,8,16,21,31,
26.848,19,23,26,34,
26.8494,36,23,26,37,
26.8509,44,39,35,62,
26.8523,65,41,29,55,
26.8538,68,39,25,53,
26.8552,63,42,43,61,
26.8566,58,42,51,54,
26.858,36,26,38,49,
26.8594,13,19,24,46,
26.8608,0,13,26,31,
26.8623,-6,13,20,33,
26.8637,-2,22,21,38,
26.865,11,22,34,33,
26.8664,40,37,30,47,
26.8678,40,37,30,47,
26.8692,60,33,53,43,
26.8707,58,37,56,51,
26.8721,49,39,57,56,
26.8734,46,43,49,52,
26.8749,24,30,43,48,
26.8763,24,30,43,48,
26.8777,15,28,32,32,
26.8791,5,7,21,24,
26.8805,5,7,21,24,
26.8819,23,22,25,31,
26.8833,39,36,29,40,
26.8847,54,51,29,41,
26.8861,61,41,35,52,
26.8875,57,37,44,51,
26.8888,43,43,45,47,
26.8902,15,35,54,42,
26.8917,2,18,32,40,
26.893,13,17,25,38,
26.8945,13,17,25,38,
26.8958,0,6,19,40,
26.8973,-13,6,13,31,
26.8988,1,17,34,35,
26.9002,27,24,35,41,
26.9016,39,38,31,47,
26.903,50,44,31,55,
26.9043,65,37,31,55,
26.9057,56,27,38,44,
26.9071,38,25,36,44,
26.9084,38,25,36,44,
26.9098,18,30,36,37,
26.9112,10,37,30,40,
26.9125,1,32,35,40,
26.9139,2,16,22,33,
26.9153,9,19,21,27,
26.9167,16,19,20,35,
26.9182,33,26,33,36,
26.9196,47,36,39,41,
26.921,47,48,36,43,
26.9224,50,51,37,47,
26.9238,42,39,41,42,
26.9251,39,34,36,48,
26.9265,23,25,27,43,
26.9279,-1,19,31,34,
26.9292,-1,19,31,34,
26.9306,-10,9,25,29,
26.9319,-16,14,23,29,
26.9333,7,12,34,28,
26.9347,34,16,32,25,
26.9361,50,32,33,34,
26.9375,45,37,35,41,
26.9389,45,37,35,41,
26.9403,54,44,55,44,
26.9417,49,47,49,49,
26.9431,26,36,37,51,
26.9445,11,20,31,38,
26.9459,11,20,31,38,
26.9473,-9,15,27,31,
26.9487,-4,14,14,9,
26.9501,1,12,25,17,
26.9514,-1,25,33,33,
26.9528,25,33,33,38,
26.9542,42,30,29,38,
26.9555,42,30,29,38,
26.9569,55,39,35,47,
26.9583,37,42,43,48,
26.9596,33,30,37,47,
26.961,10,19,36,34,
26.9624,18,19,29,30,
26.9637,18,19,29,30,
26.965,15,23,19,23,
26.9665,-7,20,23,20,
26.9679,-4,21,23,26,
26.9692,19,29,30,18,
26.9706,30,32,35,37,
26.972,30,32,35,37,
26.9733,36,29,42,44,
26.9747,40,34,31,44,
26.976,31,24,36,44,
26.9774,24,27,40,37,
26.9788,16,22,27,39,
26.9801,16,22,27,39,
26.9815,14,13,24,32,
26.9828,6,12,11,17,
26.9842,8,7,20,6,
26.9856,16,10,22,14,
26.9869,37,29,35,25,
26.9882,40,27,31,32,
26.9896,40,27,31,32,
26.9909,45,33,33,48,
26.9922,44,43,36,54,
26.9936,38,41,43,49,
26.995,38,41,43,49,
26.9963,13,20,20,41,
26.9976,6,21,19,31,
26.999,6,21,19,31,
27.0003,-3,22,29,19,
27.0017,-4,13,11,16,
27.003,8,32,13,27,
27.0044,34,31,31,39,
27.0057,44,36,28,34,
27.007,44,48,37,32,
27.0083,48,48,52,33,
27.0097,43,33,57,34,
27.011,36,23,38,35,
27.0124,33,16,36,28,
27.0137,23,12,40,24,
27.0151,13,10,30,19,
27.0164,-2,9,27,23,
27.0178,-16,4,20,16,
27.0192,-6,4,17,12,
27.0205,19,21,25,13,
27.0219,36,34,24,33,
27.0233,36,34,24,33,
27.0246,46,44,26,35,
27.0259,50,49,34,31,
27.0273,48,35,33,40,
27.0287,32,23,34,46,
27.03,16,21,38,40,
27.0314,9,12,23,31,
27.0327,5,10,18,33,
27.0341,-14,9,19,30,
27.0354,1,9,9,27,
27.0367,-8,11,22,19,
27.0381,39,20,29,25,
27.0395,39,20,29,25,
27.0408,41,28,32,28,
27.0422,42,47,36,37,
27.0435,54,46,32,40,
27.0449,54,46,32,40,
27.0463,42,27,26,42,
27.0476,35,22,25,32,
27.049,28,26,19,32,
27.0504,15,16,11,31,
27.0518,3,8,16,21,
27.0532,11,5,14,26,
27.0546,7,2,15,28,
27.0559,23,16,29,28,
27.0573,43,31,41,36,
27.0588,43,31,41,36,
27.0602,59,37,30,48,
27.0616,56,33,25,53,
27.063,44,29,29,45,
27.0643,23,23,31,34,
27.0657,15,24,21,33,
27.067,16,21,28,25,
27.0683,-7,23,23,24,
27.0697,-9,15,12,14,
27.071,2,19,12,15,
27.0724,9,22,19,25,
27.0737,9,22,19,25,
27.0751,35,30,33,39,
27.0764,45,32,39,40,
27.0778,47,35,47,39,
27.079,45,30,41,37,
27.0804,47,30,41,43,
27.0818,38,28,35,41,
27.0831,8,20,21,23,
27.0845,0,16,29,19,
27.0858,-5,26,17,22,
27.0872,-9,16,11,19,
27.0885,-9,16,11,19,
27.09,2,22,13,17,
27.0913,25,23,17,17,
27.0927,45,37,32,34,
27.0941,47,33,35,38,
27.0954,46,45,42,38,
27.0968,35,41,43,33,
27.0982,35,41,43,33,
27.0995,26,19,25,38,
27.1008,16,25,16,30,
27.1022,14,12,19,24,
27.1035,2,10,25,23,
27.1049,3,10,17,16,
27.1062,-12,10,8,8,
27.1076,-12,10,8,8,
27.1089,33,28,36,26,
27.1104,49,28,36,28,
27.1118,63,35,40,33,
27.1132,49,32,28,36,
27.1145,49,32,28,36,
27.1159,37,36,25,35,
27.1172,6,14,27,40,
27.1186,4,15,14,27,
27.1199,4,15,14,27,
27.1213,-16,8,12,11,
27.1227,-7,15,14,17,
27.124,-7,15,14,17,
27.1254,17,34,33,38,
27.1267,28,31,27,41,
27.1281,30,42,36,41,
27.1295,53,42,48,44,
27.1309,56,41,44,41,
27.1322,43,33,46,45,
27.1336,37,21,37,42,
27.1349,15,18,23,27,
27.1363,15,18,23,27,
27.1377,-4,17,18,18,
27.139,-8,11,7,13,
27.1404,-7,17,16,18,
27.1417,10,21,20,28,
27.1431,37,29,24,37,
27.1444,55,40,28,40,
27.1458,58,44,36,36,
27.1471,58,44,36,36,
27.1485,43,50,38,48,
27.1499,42,37,35,39,
27.1513,25,29,33,24,
27.1527,2,14,38,30,
27.1541,7,19,27,29,
27.1555,-2,9,17,29,
27.1567,-4,9,7,22,
27.1581,-8,19,18,13,
27.1595,6,17,14,18,
27.1608,27,43,27,23,
27.1622,47,39,26,23,
27.1635,47,39,26,23,
27.1649,61,42,31,30,
27.1662,35,32,32,33,
27.1676,30,20,28,34,
27.1689,30,20,28,34,
27.1703,8,14,21,24,
27.1717,8,14,21,24,
27.173,9,13,19,26,
27.1744,-14,4,18,16,
27.1757,6,11,12,25,
27.177,19,31,12,27,
27.1784,26,47,22,31,
27.1798,34,46,29,35,
27.1811,55,45,28,40,
27.1825,54,35,25,48,
27.1839,37,30,35,37,
27.1853,37,30,35,37,
27.1867,15,19,27,25,
27.188,13,20,19,18,
27.1894,5,28,24,17,
27.1908,-6,19,14,17,
27.1922,-13,7,16,24,
27.1935,0,11,21,24,
27.1948,0,11,21,24,
27.1962,28,24,26,38,
27.1975,38,38,28,38,
27.1989,60,38,30,53,
27.2002,44,32,39,50,
27.2016,44,28,41,35,
27.2029,44,28,41,35,
27.2043,34,20,32,30,
27.2056,7,17,28,27,
27.207,-3,13,21,26,
27.2083,-3,6,23,14,
27.2097,-8,4,24,21,
27.211,-8,4,24,21,
27.2124,0,20,21,22,
27.2137,36,29,29,30,
27.215,53,43,29,37,
27.2164,53,43,29,37,
27.2177,38,34,29,41,
27.2191,29,33,17,35,
27.2204,29,33,17,35,
27.2217,15,27,27,36,
27.2231,3,17,33,26,
27.2244,-12,14,18,15,
27.2258,0,11,20,11,
27.2272,-5,16,23,12,
27.2285,0,22,30,15,
27.2298,19,41,33,19,
27.2311,37,34,36,26,
27.2325,50,32,43,30,
27.2339,68,35,42,43,
27.2352,61,26,33,37,
27.2366,61,26,33,37,
27.238,22,25,26,28,
27.2394,8,19,20,27,
27.2407,7,9,23,26,
27.2422,-5,8,15,20,
27.2437,-6,9,15,14,
27.2451,3,17,24,13,
27.2465,28,16,27,18,
27.2479,43,25,36,37,
27.2492,55,30,41,40,
27.2506,58,43,43,39,
27.252,55,33,44,41,
27.2533,55,33,44,41,
27.2548,27,32,31,25,
27.2562,13,20,32,28,
27.2576,19,11,32,22,
27.2589,-4,12,28,9,
27.2604,-7,13,29,11,
27.2618,-7,13,29,11,
27.2631,0,11,19,21,
27.2645,7,18,25,26,
27.2658,22,33,33,26,
27.2672,42,25,50,36,
27.2685,37,34,46,44,
27.2699,30,27,35,41,
27.2713,37,22,28,35,
27.2726,20,18,28,36,
27.274,-3,12,27,26,
27.2753,-1,5,22,20,
27.2767,-1,5,22,20,
27.2781,-10,7,7,12,
27.2794,-8,13,14,10,
27.2808,4,12,22,13,
27.2822,15,19,16,25,
27.2836,44,31,26,37,
27.2849,56,42,40,46,
27.2863,46,41,35,42,
27.2876,46,41,35,42,
27.289,27,21,23,31,
27.2904,16,24,26,30,
27.2917,8,11,22,24,
27.2931,1,-2,20,16,
27.2944,-7,3,17,12,
27.2958,-7,3,17,12,
27.2972,-2,12,18,16,
27.2985,13,23,25,9,
27.2999,28,30,25,33,
27.3013,40,40,31,35,
27.3026,47,42,49,44,
27.304,47,42,49,44,
27.3053,42,36,51,44,
27.3067,29,29,42,27,
27.3081,14,26,31,25,
27.3094,1,12,33,26,
27.3108,-4,17,21,23,
27.3122,-4,17,21,23,
27.3136,-10,13,28,17,
27.3149,0,13,17,21,
27.3163,31,16,30,37,
27.3177,51,33,40,44,
27.319,55,44,43,38,
27.3204,55,44,43,38,
27.3217,44,40,40,37,
27.3231,44,40,40,37,
27.3244,18,27,39,39,
27.3258,5,21,29,32,
27.3272,12,26,18,27,
27.3285,-1,14,24,30,
27.3299,-17,5,12,19,
27.3313,-11,1,12,12,
27.3326,4,22,24,24,
27.334,23,32,26,31,
27.3353,28,36,33,28,
27.3367,34,48,46,38,
27.338,37,48,48,39,
27.3394,37,48,48,39,
27.3407,35,41,50,30,
27.3421,9,30,42,22,
27.3435,5,23,25,22,
27.3449,5,11,22,13,
27.3463,-5,16,20,10,
27.3476,-8,12,13,13,
27.349,6,1,10,23,
27.3503,27,7,19,24,
27.3517,34,25,28,35,
27.3531,34,25,28,35,
27.3544,40,37,33,36,
27.3558,43,34,33,42,
27.3571,32,32,31,34,
27.3585,22,42,37,32,
27.3599,22,28,23,23,
27.3612,22,20,17,23,
27.3626,22,20,17,23,
27.3639,7,3,14,11,
27.3653,2,3,8,9,
27.3666,10,19,14,17,
27.368,40,36,15,38,
27.3693,40,36,15,38,
27.3707,40,36,15,38,
27.3721,38,48,33,39,
27.3734,44,42,49,37,
27.3748,46,36,44,35,
27.3762,29,25,31,43,
27.3775,25,21,30,37,
27.3789,8,21,29,32,
27.3803,0,12,25,24,
27.3817,-8,10,14,22,
27.383,-8,10,8,22,
27.3844,10,7,14,23,
27.3858,25,12,20,20,
27.3871,25,12,20,20,
27.3885,29,30,27,23,
27.3899,49,49,32,37,
27.3912,37,50,26,43,
27.3926,39,36,24,42,
27.3939,35,28,24,36,
27.3953,19,32,24,22,
27.3967,5,26,15,18,
27.398,-12,-7,15,26,
27.3994,-1,1,25,23,
27.4007,4,16,24,27,
27.402,4,16,24,27,
27.4034,31,17,24,22,
27.4047,43,26,24,32,
27.4061,48,34,25,26,
27.4074,59,33,41,34,
27.4087,43,35,43,31,
27.4101,43,35,43,31,
27.4115,27,27,42,29,
27.4128,3,17,17,30,
27.4142,-4,17,13,26,
27.4156,-10,6,13,15,
27.4169,1,-2,16,5,
27.4183,3,14,18,5,
27.4196,5,23,19,8,
27.421,30,28,19,14,
27.4224,41,28,25,26,
27.4237,45,36,29,38,
27.4251,61,38,37,36,
27.4265,44,34,30,35,
27.4278,28,33,33,33,
27.4291,26,35,33,34,
27.4305,4,25,20,19,
27.4319,-5,22,23,17,
27.4333,-7,9,17,4,
27.4347,-8,10,9,9,
27.436,-8,10,9,9,
27.4373,6,12,15,22,
27.4387,35,32,30,28,
27.4401,42,39,32,37,
27.4415,53,46,37,51,
27.4429,49,34,30,50,
27.4442,38,29,35,46,
27.4456,28,23,44,41,
27.4469,19,21,38,28,
27.4483,1,15,18,21,
27.4497,1,15,18,21,
27.451,-20,15,22,18,
27.4524,-8,9,26,9,
27.4538,0,7,23,6,
27.4551,9,7,18,13,
27.4565,32,31,18,27,
27.4578,36,30,35,36,
27.4592,43,44,40,41,
27.4605,39,40,36,45,
27.4619,43,30,30,34,
27.4632,30,34,36,24,
27.4645,6,29,37,33,
27.4659,-1,15,22,22,
27.4672,-16,9,14,13,
27.4685,-16,9,14,13,
27.4699,-1,10,15,3,
27.4712,9,5,17,9,
27.4725,18,16,30,24,
27.4738,30,33,29,27,
27.4752,38,32,22,36,
27.4766,63,35,26,46,
27.478,53,39,28,42,
27.4793,17,27,19,34,
27.4807,20,16,21,26,
27.482,20,16,21,26,
27.4833,24,10,25,17,
27.4846,11,18,28,14,
27.486,-9,22,19,10,
27.4874,-15,12,18,11,
27.4887,15,21,17,9,
27.4901,37,37,23,19,
27.4914,37,37,23,19,
27.4927,42,40,32,34,
27.4941,56,40,26,31,
27.4956,44,32,33,35,
27.4969,14,17,21,28,
27.4983,18,14,21,28,
27.4996,18,14,21,28,
27.501,18,14,21,28,
27.5023,-24,9,15,19,
27.5037,-13,1,12,15,
27.5051,-11,3,15,16,
27.5065,30,25,31,25,
27.5079,30,25,31,25,
27.5093,30,44,30,33,
27.5106,42,50,48,43,
27.5119,34,50,46,46,
27.5133,34,47,34,45,
27.5146,29,44,33,39,
27.516,12,30,31,34,
27.5174,12,30,31,34,
27.5187,5,23,16,34,
27.52,-11,9,16,16,
27.5214,-12,11,13,18,
27.5227,2,19,14,16,
27.5241,26,26,26,33,
27.5254,26,26,26,33,
27.5268,26,25,32,38,
27.5282,51,44,25,38,
27.5295,51,44,25,38,
27.5309,46,38,28,36,
27.5322,27,32,29,28,
27.5336,11,18,31,28,
27.5349,-8,15,29,21,
27.5363,-10,17,20,23,
27.5376,-6,-4,13,11,
27.539,-12,6,9,19,
27.5403,-1,13,14,26,
27.5417,16,22,19,23,
27.543,29,26,26,31,
27.5443,29,26,26,31,
27.5457,49,33,37,32,
27.5471,46,32,41,41,
27.5484,32,34,30,29,
27.5497,20,20,20,30,
27.5511,5,6,15,32,
27.5524,12,16,17,32,
27.5538,-1,16,15,27,
27.5551,-18,6,9,21,
27.5564,13,14,21,21,
27.5578,28,22,32,26,
27.5592,28,22,32,26,
27.5605,45,29,41,29,
27.5619,40,23,30,29,
27.5632,52,30,34,43,
27.5645,31,30,31,35,
27.5659,24,32,29,28,
27.5672,13,27,18,28,
27.5686,13,27,18,28,
27.5699,-6,22,23,26,
27.5713,-7,13,27,26,
27.5727,6,10,28,20,
27.574,-9,6,16,12,
27.5753,-3,11,24,24,
27.5767,-3,11,24,24,
27.5781,26,24,34,25,
27.5794,39,37,37,21,
27.5808,48,42,31,31,
27.5821,37,29,38,36,
27.5834,22,26,38,31,
27.5848,13,20,35,33,
27.5862,13,20,35,33,
27.5875,9,15,28,22,
27.5889,-2,13,28,24,
27.5902,0,10,25,21,
27.5916,7,6,25,16,
27.5929,31,32,27,31,
27.5942,31,32,27,31,
27.5956,34,30,31,33,
27.5969,40,43,41,29,
27.5983,42,35,47,44,
27.5996,41,27,47,41,
27.6009,33,17,40,41,
27.6023,13,7,30,27,
27.6036,13,7,30,27,
27.6049,13,4,25,22,
27.6063,-12,4,13,25,
27.6077,-6,5,12,20,
27.609,-5,2,21,22,
27.6104,3,2,27,29,
27.6119,23,22,37,25,
27.6132,35,28,43,27,
27.6145,44,36,43,30,
27.6159,51,36,39,28,
27.6173,38,29,43,38,
27.6186,25,37,49,32,
27.62,19,37,42,30,
27.6214,2,34,23,27,
27.6228,-8,23,12,20,
27.6241,-7,3,18,0,
27.6255,-8,8,23,0,
27.6268,0,19,24,7,
27.6282,13,24,23,21,
27.6296,13,24,23,21,
27.6309,27,21,25,29,
27.6323,51,42,44,37,
27.6337,48,34,46,36,
27.635,37,30,41,35,
27.6364,31,30,34,34,
27.6377,15,12,22,35,
27.6391,8,11,20,31,
27.6405,8,11,29,23,
27.6419,-11,3,16,11,
27.6433,6,17,22,17,
27.6448,6,17,22,17,
27.6462,11,26,30,24,
27.6475,26,30,25,32,
27.6489,34,32,34,27,
27.6503,55,33,43,29,
27.6516,44,21,39,35,
27.653,37,24,31,36,
27.6544,26,25,29,32,
27.6558,11,18,27,31,
27.6572,-4,12,27,28,
27.6586,-3,8,22,13,
27.6599,-3,8,22,13,
27.6613,6,6,17,19,
27.6627,3,13,29,24,
27.664,12,32,32,27,
27.6653,36,26,38,33,
27.6667,47,38,38,44,
27.668,43,38,30,40,
27.6694,26,32,34,40,
27.6707,27,25,33,46,
27.672,11,20,30,45,
27.6734,11,20,30,45,
27.6748,5,11,32,28,
27.6761,-12,7,6,8,
27.6775,-21,2,9,3,
27.6789,-4,0,7,13,
27.6802,20,14,19,25,
27.6816,38,25,22,25,
27.6829,39,34,30,33,
27.6843,64,26,40,38,
27.6856,61,26,46,33,
27.687,50,18,40,37,
27.6884,50,18,40,37,
27.6897,26,15,40,37,
27.6911,5,21,28,35,
27.6924,5,28,23,34,
27.6938,-10,14,25,19,
27.6952,-14,7,15,16,
27.6965,-1,10,13,20,
27.6979,30,19,29,30,
27.6992,49,30,33,34,
27.7006,46,38,26,35,
27.702,48,29,21,36,
27.7033,33,38,25,35,
27.7046,33,38,25,35,
27.706,33,38,25,35,
27.7074,25,16,20,35,
27.7087,7,22,10,31,
27.7101,-12,14,21,23,
27.7114,-12,12,14,16,
27.7128,-12,12,14,16,
27.7142,-2,8,8,21,
27.7155,28,28,29,34,
27.7168,34,30,28,27,
27.7182,55,41,33,36,
27.7195,53,36,29,49,
27.7209,33,22,33,40,
27.7222,33,22,33,40,
27.7235,32,23,21,33,
27.7249,12,29,14,20,
27.7263,10,21,16,20,
27.7276,7,0,13,19,
27.729,7,7,19,11,
27.7303,9,12,17,9,
27.7317,7,17,18,11,
27.733,21,25,24,25,
27.7344,38,20,24,39,
27.7358,44,32,40,35,
27.7372,51,34,49,47,
27.7385,39,29,48,51,
27.7399,36,35,48,47,
27.7413,28,39,41,42,
27.7426,3,17,19,18,
27.744,-6,14,18,18,
27.7454,-8,11,22,19,
27.7467,-10,17,23,21,
27.7481,-1,9,19,18,
27.7494,-1,9,19,18,
27.7508,18,10,29,15,
27.7522,42,33,28,34,
27.7536,47,44,31,36,
27.7549,45,53,41,34,
27.7563,34,41,45,32,
27.7576,32,34,38,33,
27.759,29,19,27,38,
27.7604,-1,0,19,17,
27.7618,-20,-2,9,10,
27.7631,-20,-2,9,10,
27.7645,-1,3,11,5,
27.7658,-2,-2,15,9,
27.7672,7,16,11,27,
27.7686,28,25,38,39,
27.7699,47,40,42,41,
27.7712,59,47,34,48,
27.7726,44,32,29,40,
27.7739,35,33,29,27,
27.7753,27,32,22,25,
27.7766,9,19,31,27,
27.7779,3,12,28,22,
27.7793,1,11,29,14,
27.7807,-1,-1,29,14,
27.7821,-4,3,21,12,
27.7834,-1,13,11,11,
27.7847,25,18,19,19,
27.7861,39,23,24,28,
27.7874,60,40,35,42,
27.7888,60,40,41,40,
27.7901,60,40,41,40,
27.7915,33,40,39,38,
27.7928,16,40,24,32,
27.7942,16,40,24,32,
27.7956,-1,38,24,30,
27.7969,1,22,14,24,
27.7983,-3,13,6,18,
27.7996,-3,13,6,18,
27.801,7,27,22,28,
27.8023,28,37,32,39,
27.8037,36,37,43,43,
27.8051,48,38,41,44,
27.8064,47,51,36,37,
27.8078,40,39,34,37,
27.8092,23,22,32,30,
27.8105,6,25,31,27,
27.8119,6,25,31,27,
27.8132,6,25,18,27,
27.8145,9,9,14,15,
27.8159,-1,9,23,9,
27.8172,-11,9,14,14,
27.8185,25,27,23,25,
27.8199,40,37,28,36,
27.8212,52,35,26,33,
27.8225,52,35,26,33,
27.8239,47,32,44,33,
27.8252,47,32,44,33,
27.8265,44,34,49,29,
27.8279,10,23,35,24,
27.8292,12,22,32,24,
27.8306,12,22,32,24,
27.832,10,18,15,18,
27.8334,7,2,19,13,
27.8348,2,11,13,24,
27.8361,14,18,28,32,
27.8375,29,31,30,35,
27.8389,41,35,29,35,
27.8403,53,46,39,29,
27.8416,51,30,39,32,
27.843,51,30,39,32,
27.8444,43,33,32,29,
27.8458,27,28,27,26,
27.8472,12,16,28,21,
27.8485,5,16,21,20,
27.8499,-1,-3,6,2,
27.8513,0,2,11,2,
27.8527,8,5,13,4,
27.8542,12,25,24,21,
27.8556,24,35,38,29,
27.8569,37,31,47,39,
27.8583,49,41,53,47,
27.8596,54,33,46,40,
27.861,42,20,43,37,
27.8624,2,25,31,26,
27.8638,2,25,31,26,
27.8651,4,30,23,27,
27.8665,-20,-5,5,18,
27.8679,-11,9,17,12,
27.8692,9,24,24,8,
27.8706,42,20,28,18,
27.8719,42,20,28,18,
27.8733,42,20,28,18,
27.8747,60,41,38,35,
27.8761,60,44,36,30,
27.8775,52,41,38,39,
27.8789,30,38,32,42,
27.8802,16,35,28,39,
27.8815,1,25,28,32,
27.8829,-3,21,21,22,
27.8842,-12,2,10,11,
27.8856,-7,7,14,14,
27.8869,12,19,24,18,
27.8882,12,19,24,18,
27.8896,35,26,28,30,
27.8909,37,29,27,37,
27.8923,40,30,38,34,
27.8936,49,29,38,45,
27.895,25,39,34,33,
27.8963,18,44,32,35,
27.8977,14,28,31,32,
27.899,7,17,20,24,
27.9004,-7,2,22,21,
27.9017,-21,-1,20,16,
27.9031,-12,4,18,10,
27.9044,-2,2,24,13,
27.9058,17,6,16,16,
27.9071,33,25,27,20,
27.9085,39,33,36,34,
27.9098,44,37,33,46,
27.9112,33,34,40,39,
27.9125,33,34,40,39,
27.9139,19,25,36,30,
27.9152,20,17,27,30,
27.9166,4,20,31,27,
27.918,-11,7,15,24,
27.9194,-11,7,15,24,
27.9207,-13,12,12,21,
27.9221,9,8,22,21,
27.9234,9,8,22,21,
27.9248,33,17,28,31,
27.9262,37,32,35,27,
27.9276,51,46,31,34,
27.9289,42,29,32,44,
27.9303,25,20,32,38,
27.9317,25,20,32,38,
27.9331,14,20,25,28,
27.9345,2,13,20,31,
27.9358,-4,4,19,26,
27.9371,-2,10,14,13,
27.9385,3,6,18,16,
27.9399,15,11,24,18,
27.9413,15,11,24,18,
27.9427,28,39,25,30,
27.944,43,43,27,28,
27.9453,43,43,27,28,
27.9467,27,36,43,34,
27.948,27,35,46,24,
27.9494,21,20,36,21,
27.9508,4,7,26,16,
27.9521,-15,6,28,17,
27.9535,-14,5,19,10,
27.9549,-5,4,12,7,
27.9562,7,8,26,8,
27.9576,25,24,35,20,
27.959,25,24,35,20,
27.9603,29,26,39,32,
27.9617,49,23,38,26,
27.9631,54,28,35,22,
27.9644,25,36,24,36,
27.9658,17,30,21,30,
27.9672,17,30,21,30,
27.9685,16,20,23,28,
27.9699,-8,11,14,12,
27.9713,-8,4,8,5,
27.9727,-3,8,12,9,
27.9741,6,22,13,18,
27.9755,27,18,14,17,
27.9768,38,31,33,22,
27.9782,43,31,35,34,
27.9795,61,37,34,47,
27.9809,52,37,40,33,
27.9822,25,36,20,36,
27.9836,25,36,20,36,
27.985,17,24,25,29,
27.9863,3,13,23,20,
27.9877,-18,9,19,6,
27.9891,-9,11,20,8,
27.9904,-8,11,16,11,
27.9918,-8,11,16,11,
27.9932,12,15,26,19,
27.9945,35,39,36,32,
27.9958,36,48,33,38,
27.9972,38,39,34,43,
27.9986,36,23,27,40,
28,36,30,26,27,
28.0013,21,27,21,22,
28.0027,11,18,18,20,
28.004,-9,8,16,8,
28.0054,-17,9,11,10,
28.0068,-6,6,14,6,
28.0081,-6,6,14,6,
28.0095,10,11,17,8,
28.0109,35,23,20,17,
28.0123,31,31,41,24,
28.0136,48,43,38,36,
28.015,52,40,34,34,
28.0163,33,29,29,37,
28.0177,27,24,22,27,
28.0191,9,25,27,17,
28.0204,7,27,24,18,
28.0218,-8,4,23,19,
28.0231,-8,4,23,19,
28.0244,-8,4,23,19,
28.0258,-4,10,27,7,
28.0271,14,22,22,15,
28.0285,24,27,31,30,
28.0298,42,54,45,21,
28.0312,43,42,39,23,
28.0325,43,42,39,23,
28.0339,38,35,32,22,
28.0352,14,27,24,28,
28.0365,9,24,26,29,
28.0379,9,24,26,29,
28.0393,-18,11,25,18,
28.0406,-18,11,25,18,
28.042,-25,-1,22,4,
28.0434,0,26,19,3,
28.0448,0,26,19,3,
28.0463,0,26,19,3,
28.0477,0,26,19,3,
28.0491,0,26,19,3,
28.0505,0,26,19,3,
28.0519,25,30,32,19,
28.0533,30,35,31,25,
28.0547,30,35,31,25,
28.0561,51,45,32,27,
28.0577,42,44,38,32,
28.0591,25,37,29,14,
28.0604,5,27,31,5,
28.0618,-7,13,26,4,
28.0632,-21,13,20,-9,
28.0646,-14,11,17,-1,
28.0662,1,19,13,13,
28.0676,9,30,24,13,
28.0691,32,30,25,11,
28.0706,39,32,40,21,
28.072,40,40,40,24,
28.0734,40,37,37,18,
28.075,13,20,23,24,
28.0765,12,25,29,25,
28.0779,-16,14,16,12,
28.0793,-18,8,20,19,
28.0807,-18,8,20,19,
28.0821,14,21,18,3,
28.0835,32,31,30,14,
28.0849,33,31,35,18,
28.0863,46,37,29,24,
28.0877,33,29,32,20,
28.0891,24,37,28,20,
28.0906,15,29,22,11,
28.0921,14,19,18,7,
28.0934,-7,7,18,1,
28.0948,-9,6,21,1,
28.0961,-14,9,23,-1,
28.0975,19,15,20,8,
28.0989,34,31,26,11,
28.1003,34,43,25,13,
28.1016,28,39,33,15,
28.103,27,34,35,18,
28.1043,12,39,29,26,
28.1057,-3,36,17,20,
28.1071,-5,27,24,8,
28.1085,-2,24,17,7,
28.11,-21,20,18,1,
28.1114,-6,17,19,0,
28.1127,16,24,28,-1,
28.1141,30,31,21,7,
28.1155,30,31,21,7,
28.1168,37,38,27,15,
28.1182,33,38,28,20,
28.1196,24,42,32,19,
28.1209,14,32,35,14,
28.1224,4,27,27,11,
28.1238,0,17,20,2,
28.1254,-7,17,15,-4,
28.1269,-16,14,14,-4,
28.1283,0,13,17,0,
28.1297,0,13,17,0,
28.131,25,29,26,2,
28.1324,35,36,31,7,
28.1338,35,36,31,7,
28.1352,53,44,27,14,
28.1365,51,52,30,16,
28.1379,46,45,30,21,
28.1392,20,38,23,18,
28.1406,15,31,24,8,
28.1419,15,31,24,8,
28.1433,4,22,13,0,
28.1446,-3,18,6,-3,
28.1459,-11,18,5,-3,
28.1473,5,21,13,-3,
28.1486,33,42,27,1,
28.15,33,42,27,1,
28.1513,45,48,28,9,
28.1526,41,43,17,10,
28.154,32,47,20,14,
28.1554,25,36,34,10,
28.1567,-2,34,28,-8,
28.1581,-2,34,28,-8,
28.1594,-2,34,28,-8,
28.1608,-7,37,16,-10,
28.1622,-9,21,14,-9,
28.1635,-2,12,7,-7,
28.1648,0,23,14,-15,
28.1662,27,28,22,-11,
28.1676,47,26,24,2,
28.1689,61,34,29,8,
28.1702,51,51,25,14,
28.1716,35,54,31,12,
28.1729,20,44,28,1,
28.1742,20,44,28,1,
28.1755,9,25,31,-17,
28.1768,9,25,31,-17,
28.1782,11,23,21,-20,
28.1795,-4,11,19,-16,
28.1809,-7,16,13,-12,
28.1822,-7,16,13,-12,
28.1836,3,21,12,-10,
28.1849,34,42,35,-3,
28.1863,50,47,41,-2,
28.1877,48,41,45,9,
28.189,35,31,49,3,
28.1904,23,42,45,-3,
28.1917,17,41,38,1,
28.1931,11,29,20,-8,
28.1945,10,30,16,-8,
28.1958,-11,29,15,-11,
28.1972,-13,18,8,-20,
28.1986,-8,14,19,-24,
28.2,12,26,22,-21,
28.2013,35,33,18,-9,
28.2027,52,45,31,-2,
28.2041,57,48,26,3,
28.2054,57,48,26,3,
28.2068,33,38,26,-1,
28.2082,14,29,20,1,
28.2096,-2,38,14,-5,
28.2109,-8,38,8,-7,
28.2122,-18,39,8,-14,
28.2136,-22,34,6,-19,
28.215,-22,34,6,-19,
28.2163,-1,38,5,-20,
28.2176,9,32,13,-26,
28.2191,37,42,32,-18,
28.2204,45,54,31,-8,
28.2217,45,54,31,-8,
28.2231,45,61,38,-8,
28.2244,48,47,45,-3,
28.2258,44,40,31,-9,
28.2271,30,35,22,-12,
28.2285,13,42,19,-11,
28.2298,-7,17,19,-28,
28.2311,-7,17,19,-28,
28.2324,1,22,21,-25,
28.2338,11,45,21,-16,
28.2351,24,45,27,0,
28.2365,26,45,36,2,
28.2379,39,39,38,-1,
28.2393,50,45,31,1,
28.2407,44,49,27,-3,
28.2423,43,51,33,-2,
28.2437,18,48,39,-11,
28.2451,5,34,35,-8,
28.2465,-9,22,9,-18,
28.2479,-17,22,11,-25,
28.2492,-20,25,9,-26,
28.2506,0,37,16,-26,
28.252,0,37,16,-26,
28.2534,6,46,26,-14,
28.2549,16,53,35,-1,
28.2562,25,53,31,6,
28.2576,28,44,38,12,
28.2589,7,48,50,9,
28.2603,7,48,50,9,
28.2616,5,36,41,11,
28.2629,-17,28,35,-2,
28.2642,-29,23,25,-10,
28.2656,-20,21,23,-10,
28.2669,-20,21,23,-10,
28.2682,-16,27,30,-12,
28.2696,-11,30,32,-6,
28.2709,-2,38,37,7,
28.2722,3,40,52,11,
28.2736,19,60,66,7,
28.2749,7,56,63,11,
28.2762,7,56,63,11,
28.2776,1,54,50,7,
28.2789,-11,34,42,0,
28.2803,-33,39,34,-4,
28.2816,-52,36,39,-16,
28.283,-60,22,38,-27,
28.2843,-60,22,38,-27,
28.2856,-57,32,30,-26,
28.287,-28,54,49,-17,
28.2883,-7,66,64,-17,
28.2897,-3,75,62,-21,
28.2911,4,88,69,-25,
28.2924,4,88,69,-25,
28.2938,-1,80,62,-27,
28.2952,-25,67,56,-32,
28.2965,-37,59,60,-39,
28.2979,-36,62,59,-37,
28.2992,-50,57,54,-43,
28.3006,-68,45,40,-47,
28.3019,-69,62,38,-60,
28.3032,-63,67,49,-71,
28.3046,-39,89,69,-58,
28.3059,-27,96,85,-47,
28.3073,-14,104,99,-44,
28.3086,-16,112,105,-37,
28.31,-16,112,105,-37,
28.3113,-25,108,100,-41,
28.3126,-40,108,96,-49,
28.314,-69,85,84,-53,
28.3153,-67,83,69,-55,
28.3166,-88,82,58,-53,
28.318,-82,77,67,-53,
28.3193,-78,81,70,-59,
28.3207,-73,90,70,-57,
28.3221,-42,90,80,-51,
28.3234,-20,94,91,-50,
28.3247,-20,94,91,-50,
28.3261,-12,116,100,-44,
28.3274,-18,114,90,-48,
28.3287,-21,96,92,-44,
28.3301,-31,96,99,-48,
28.3314,-41,92,95,-50,
28.3327,-50,60,74,-53,
28.3342,-50,60,74,-53,
28.3355,-65,60,61,-62,
28.3368,-52,64,70,-65,
28.3382,-47,70,70,-48,
28.3396,-32,80,78,-37,
28.3409,-20,79,72,-26,
28.3423,-1,92,78,-28,
28.3436,-1,92,80,-31,
28.3449,-4,79,77,-20,
28.3462,-4,79,77,-20,
28.3476,-20,66,56,-20,
28.3489,-38,52,48,-16,
28.3503,-38,52,48,-16,
28.3516,-48,39,46,-21,
28.3529,-46,33,45,-26,
28.3543,-50,36,48,-29,
28.3556,1,55,55,-12,
28.3569,1,55,55,-12,
28.3583,3,59,60,-14,
28.3596,10,61,61,-1,
28.361,8,56,62,0,
28.3624,8,56,62,0,
28.3638,3,43,55,1,
28.3651,-5,41,48,-5,
28.3665,-30,35,45,-9,
28.3679,-36,35,51,-12,
28.3692,-45,10,36,-15,
28.3706,-48,27,31,-18,
28.3719,-35,21,25,-20,
28.3734,-28,27,23,-15,
28.3748,-13,39,28,-6,
28.3763,5,39,46,1,
28.3777,21,52,58,4,
28.379,24,50,59,-2,
28.3804,5,55,60,0,
28.3818,-21,43,50,0,
28.3832,-25,30,40,-16,
28.3846,-19,23,37,-17,
28.3859,-35,22,38,-21,
28.3873,-43,23,30,-21,
28.3886,-49,22,22,-23,
28.39,-31,26,27,-26,
28.3913,-31,26,27,-26,
28.3926,-9,39,39,-24,
28.394,1,49,44,-12,
28.3954,17,60,50,-1,
28.3967,2,55,46,-2,
28.3981,1,54,42,-4,
28.3994,-10,46,47,-8,
28.4008,-25,39,58,-10,
28.4021,-19,36,54,-6,
28.4035,-32,37,32,-10,
28.4048,-26,22,26,-9,
28.4062,-26,22,26,-9,
28.4075,-21,17,25,-12,
28.4089,0,32,36,-7,
28.4103,20,41,52,8,
28.4116,10,53,58,15,
28.413,24,53,70,16,
28.4144,18,51,66,7,
28.4157,18,51,66,7,
28.4171,-7,39,45,0,
28.4184,-23,28,34,-2,
28.4198,-18,29,29,-2,
28.4211,-30,13,32,-3,
28.4225,-30,13,32,-3,
28.4239,-30,13,32,-3,
28.4253,-29,20,41,-11,
28.4266,16,34,43,-3,
28.4279,29,38,56,10,
28.4292,38,42,53,24,
28.4306,38,53,58,25,
28.4319,34,50,62,23,
28.4333,20,40,56,29,
28.4346,-4,26,55,8,
28.436,-20,17,52,7,
28.4374,-20,17,52,7,
28.4388,-24,17,33,1,
28.4402,-15,19,31,2,
28.4416,-15,19,31,2,
28.443,2,30,51,11,
28.4443,34,38,52,13,
28.4457,29,46,56,25,
28.4471,35,60,71,30,
28.4485,32,44,66,24,
28.4498,26,41,72,21,
28.4512,24,37,71,22,
28.4526,10,39,56,31,
28.4542,-1,38,52,23,
28.4557,-1,38,52,23,
28.457,-22,20,36,24,
28.4584,-14,20,35,14,
28.4598,12,22,40,17,
28.4611,25,34,53,24,
28.4625,22,30,66,32,
28.4638,52,40,61,36,
28.4651,52,40,61,36,
28.4665,39,36,65,36,
28.4679,32,33,61,28,
28.4692,25,26,55,19,
28.4706,2,20,46,18,
28.472,-12,19,38,13,
28.4733,-31,8,32,9,
28.4747,-31,8,32,9,
28.476,-18,7,35,14,
28.4774,4,20,30,26,
28.4787,23,34,46,29,
28.4801,32,36,66,25,
28.4814,32,36,66,25,
28.4828,44,40,68,40,
28.4842,44,40,68,40,
28.4856,19,33,58,18,
28.4869,-3,19,54,17,
28.4882,-7,11,48,28,
28.4896,-9,11,45,24,
28.4909,-24,14,39,14,
28.4923,-30,3,42,15,
28.4936,-16,-3,53,21,
28.495,2,10,58,22,
28.4964,20,26,59,24,
28.4977,38,41,55,21,
28.4991,40,51,57,18,
28.5004,37,45,52,32,
28.5018,41,46,43,38,
28.5031,29,39,49,39,
28.5045,-6,25,41,30,
28.5058,-11,18,47,23,
28.5072,-24,7,55,23,
28.5084,-16,5,43,17,
28.5098,-16,10,39,18,
28.5112,-16,10,39,18,
28.5124,-12,15,42,23,
28.5138,32,30,34,28,
28.5151,31,30,43,23,
28.5164,40,34,53,31,
28.5178,29,35,54,32,
28.5191,33,20,50,24,
28.5204,29,20,43,23,
28.5218,14,7,38,20,
28.5231,-7,4,25,14,
28.5244,-7,4,25,14,
28.5258,-18,-8,25,8,
28.5272,-14,-1,31,-4,
28.5285,-14,10,29,-6,
28.5299,-2,12,28,4,
28.5312,32,31,33,21,
28.5326,38,33,44,35,
28.534,63,34,53,34,
28.5353,63,34,53,34,
28.5367,32,24,44,33,
28.5381,20,11,40,24,
28.5394,20,11,40,24,
28.5407,-6,-5,40,20,
28.5421,-17,4,24,13,
28.5434,-15,9,23,18,
28.5447,-15,9,23,18,
28.5461,-2,10,18,11,
28.5474,22,21,20,20,
28.5487,30,24,26,33,
28.5501,34,21,41,27,
28.5514,28,25,50,37,
28.5527,28,25,50,37,
28.5541,28,25,50,37,
28.5554,20,29,55,25,
28.5568,9,12,47,28,
28.5581,9,5,37,17,
28.5595,-9,-2,20,21,
28.5608,-9,-3,16,10,
28.5621,-9,-3,16,10,
28.5635,-9,0,30,17,
28.5648,27,17,25,18,
28.5661,27,17,25,18,
28.5674,33,17,34,23,
28.5687,38,28,41,25,
28.57,34,24,43,32,
28.5714,34,24,43,32,
28.5727,26,18,36,39,
28.574,6,2,29,36,
28.5754,-11,-9,30,12,
28.5767,-17,-4,26,7,
28.578,-3,7,23,4,
28.5794,-12,-7,21,0,
28.5807,1,-4,20,14,
28.5821,31,16,28,25,
28.5834,40,22,32,28,
28.5848,43,18,27,30,
28.5861,49,36,38,25,
28.5874,45,32,36,32,
28.5888,39,32,36,34,
28.5901,24,27,29,27,
28.5915,9,0,20,28,
28.5928,-5,-4,32,26,
28.5942,-14,-14,33,15,
28.5956,-14,-14,33,15,
28.5969,-14,-14,33,15,
28.5983,1,-16,21,21,
28.5997,25,1,34,21,
28.6011,44,15,36,31,
28.6024,48,36,35,42,
28.6038,53,38,42,45,
28.6051,53,38,42,45,
28.6065,33,16,38,34,
28.6078,8,15,25,31,
28.6091,-8,1,29,32,
28.6105,-25,-16,17,17,
28.6119,-25,-16,17,17,
28.6132,-25,-16,17,17,
28.6146,-8,-2,23,15,
28.616,11,11,24,16,
28.6173,18,11,21,29,
28.6187,33,23,19,27,
28.62,35,29,26,26,
28.6214,52,24,40,31,
28.6227,46,15,42,33,
28.6241,33,26,34,39,
28.6254,25,13,25,24,
28.6268,13,7,27,22,
28.6281,13,7,27,22,
28.6294,-17,-2,10,22,
28.6307,-17,-2,10,22,
28.6321,-20,-5,9,17,
28.6334,9,2,32,36,
28.6348,33,16,45,41,
28.6362,33,16,45,41,
28.6376,53,24,33,57,
28.6389,50,29,36,50,
28.6403,41,25,37,42,
28.6416,29,20,25,44,
28.643,16,9,19,37,
28.6443,11,1,8,35,
28.6458,2,-13,13,37,
28.6472,-11,-18,14,22,
28.6485,1,-15,11,29,
28.65,1,-15,11,29,
28.6513,7,-13,23,34,
28.6527,32,4,34,34,
28.6541,43,26,30,35,
28.6555,55,26,33,40,
28.6568,44,29,34,41,
28.667,-2,-9,15,15,
28.6684,-2,-9,15,15,
28.6697,17,8,28,18,
28.6711,40,17,34,33,
28.6724,48,20,38,33,
28.6737,40,5,33,34,
28.6751,32,-5,32,34,
28.6764,15,-13,23,24,
28.6778,3,-12,15,20,
28.6791,-12,-8,11,17,
28.6803,-27,-14,11,19,
28.6817,-23,-23,16,8,
28.683,-16,-23,13,3,
28.6843,-18,-23,9,11,
28.6857,2,-14,12,11,
28.6871,35,-8,21,17,
28.6885,42,0,30,23,
28.6899,47,15,32,25,
28.6913,26,2,30,31,
28.6926,26,2,30,31,
28.694,18,7,32,21,
28.6954,-6,1,25,25,
28.6967,-6,1,25,25,
28.6981,-21,-23,15,16,
28.6995,-19,-22,9,7,
28.7008,-23,-23,13,1,
28.7022,-3,-20,11,9,
28.7035,14,-7,24,16,
28.7048,24,-4,30,22,
28.7062,24,15,36,24,
28.7076,31,21,30,26,
28.709,30,14,24,25,
28.7104,37,14,19,22,
28.7118,12,2,10,28,
28.7131,-8,-8,16,28,
28.7145,-3,-11,21,22,
28.7158,-19,-41,5,14,
28.7172,-15,-30,-1,9,
28.7186,-15,-30,-1,9,
28.7199,11,-11,4,15,
28.7213,40,-6,19,31,
28.7226,33,9,30,40,
28.724,34,9,39,37,
28.7253,34,9,39,37,
28.7267,34,9,39,37,
28.7281,30,7,35,43,
28.7295,13,-18,33,29,
28.7308,5,-31,28,35,
28.7322,2,-37,18,32,
28.7336,-9,-32,6,31,
28.7349,-21,-29,-3,29,
28.7362,-23,-25,-4,19,
28.7376,9,-6,9,32,
28.739,18,-1,24,45,
28.7403,20,-2,30,50,
28.7417,34,1,38,52,
28.743,34,1,38,52,
28.7443,41,-4,37,41,
28.7456,40,-6,24,34,
28.747,1,-12,13,33,
28.7483,-3,-25,7,23,
28.7497,-12,-27,7,25,
28.751,-26,-35,4,31,
28.7523,-10,-33,9,33,
28.7536,-6,-18,10,33,
28.755,9,-11,13,27,
28.7563,27,21,30,27,
28.7576,27,21,30,27,
28.759,27,21,30,27,
28.7603,35,27,31,39,
28.7616,35,9,15,49,
28.7629,23,7,22,40,
28.7642,6,-13,28,35,
28.7656,-4,-21,11,40,
28.7669,-8,-28,11,32,
28.7682,-20,-24,-2,23,
28.7696,-14,-34,-5,24,
28.771,8,-35,10,35,
28.7723,37,-16,17,47,
28.7736,34,-3,22,49,
28.7749,34,-3,22,49,
28.7762,51,3,25,52,
28.7776,59,15,26,47,
28.779,45,22,21,41,
28.7803,7,0,8,34,
28.7817,7,0,8,34,
28.7831,-7,-17,12,36,
28.7845,-2,-20,-8,32,
28.7859,-18,-26,-2,34,
28.7873,-14,-26,2,27,
28.7887,6,-24,6,33,
28.7901,13,-8,2,43,
28.7915,37,17,20,44,
28.7928,53,10,18,52,
28.7942,53,5,20,60,
28.7956,38,19,24,55,
28.7969,28,0,28,52,
28.7983,28,0,28,52,
28.7997,9,3,18,47,
28.8011,7,-13,7,52,
28.8025,-12,-29,8,42,
28.8038,-8,-26,11,29,
28.8052,-4,-7,7,38,
28.8066,4,2,14,40,
28.808,35,7,26,50,
28.8093,62,15,26,57,
28.8107,51,12,32,63,
28.812,51,12,32,63,
28.8134,39,6,29,59,
28.8148,34,4,15,69,
28.8161,20,3,17,69,
28.8175,5,-7,14,59,
28.8189,-5,-16,0,34,
28.8202,-7,-17,0,37,
28.8215,-7,-17,0,37,
28.8229,20,0,4,31,
28.8242,38,7,14,48,
28.8256,53,11,23,52,
28.8269,65,12,16,57,
28.8282,65,12,16,57,
28.8295,68,26,22,76,
28.8308,54,29,37,81,
28.8322,29,16,23,66,
28.8335,12,0,15,61,
28.8349,4,-2,5,57,
28.8363,4,-2,5,57,
28.8376,-4,-12,6,47,
28.839,-10,-21,-5,52,
28.8404,2,-13,-8,46,
28.8418,46,12,13,57,
28.8432,63,13,20,73,
28.8445,63,13,20,73,
28.8459,79,23,20,73,
28.8473,79,21,26,75,
28.8486,73,21,16,81,
28.85,25,2,26,66,
28.8514,9,-5,19,55,
28.8527,10,5,15,49,
28.8541,-7,0,9,49,
28.8554,-7,-13,4,52,
28.8567,-9,-16,-4,54,
28.8581,0,4,0,62,
28.8595,23,14,2,66,
28.8608,32,23,23,74,
28.8622,38,24,29,84,
28.8635,65,33,32,81,
28.8649,57,35,29,77,
28.8663,40,27,14,78,
28.8676,27,10,5,69,
28.869,12,7,3,72,
28.8704,12,7,3,72,
28.8717,5,1,-2,58,
28.8731,12,1,0,47,
28.8745,5,-2,-8,51,
28.8758,5,-2,-8,51,
28.8772,47,27,13,63,
28.8785,47,27,13,63,
28.8799,55,22,23,63,
28.8813,60,45,22,73,
28.8827,40,38,28,84,
28.884,22,25,24,84,
28.8853,25,19,18,77,
28.8867,17,11,19,67,
28.888,8,-4,10,61,
28.8894,-5,7,-16,52,
28.8908,1,-4,-13,46,
28.8921,19,0,-4,50,
28.8935,19,0,-4,50,
28.8948,27,24,9,55,
28.8962,38,23,18,56,
28.8976,49,29,13,59,
28.899,71,34,19,81,
28.9003,55,30,11,75,
28.9017,55,30,11,75,
28.903,29,10,3,82,
28.9044,16,-4,-1,76,
28.9057,3,-10,3,76,
28.907,-2,-13,-5,67,
28.9084,11,-10,-14,50,
28.9098,16,-1,-8,59,
28.9112,16,-1,-8,59,
28.9125,55,27,7,83,
28.9139,52,33,1,91,
28.9152,49,30,5,90,
28.9165,48,36,5,80,
28.918,40,17,7,74,
28.9193,40,17,7,74,
28.9206,17,12,-3,72,
28.922,21,5,-5,76,
28.9233,21,5,-5,76,
28.9247,3,-11,-10,67,
28.9261,4,-13,-13,70,
28.9274,24,0,-6,79,
28.9287,24,0,-6,79,
28.93,46,18,-6,94,
28.9313,48,16,3,94,
28.9326,63,29,18,88,
28.934,52,20,13,84,
28.9354,49,13,4,81,
28.9367,48,14,-1,77,
28.9381,48,14,-1,77,
28.9395,23,3,-17,63,
28.9409,11,-10,-15,68,
28.9422,4,-10,-11,61,
28.9436,4,4,-27,54,
28.9449,4,4,-27,54,
28.9463,25,14,-22,62,
28.9476,38,23,-11,70,
28.949,59,23,-2,80,
28.9504,60,28,8,89,
28.9517,50,30,8,90,
28.9531,35,12,-1,87,
28.9544,35,12,-1,87,
28.9558,31,12,-10,82,
28.9571,8,-6,-16,63,
28.9584,0,-9,-23,65,
28.9598,-6,-18,-22,60,
28.9611,-6,-18,-22,60,
28.9624,6,-8,-15,51,
28.9638,37,2,-16,59,
28.9651,53,3,-15,55,
28.9665,49,26,-2,65,
28.9678,39,10,0,71,
28.9692,39,10,0,71,
28.9705,39,10,0,71,
28.9719,23,-4,-10,75,
28.9732,6,-17,-14,65,
28.9746,12,-7,-20,60,
28.976,-19,-19,-27,49,
28.9773,-19,-19,-27,49,
28.9787,-13,-22,-30,39,
28.98,12,-6,-21,50,
28.9813,25,7,-1,58,
28.9826,31,12,1,60,
28.984,54,28,6,63,
28.9853,49,21,11,56,
28.9867,49,21,11,56,
28.988,34,21,12,51,
28.9893,23,7,0,51,
28.9906,8,2,-13,41,
28.992,2,-9,-12,34,
28.9933,-9,-18,-20,34,
28.9947,-17,-8,-14,33,
28.996,-10,-4,-9,36,
28.9973,-3,3,-7,31,
28.9986,20,10,-6,38,
28.9999,42,14,1,39,
29.0013,45,23,1,51,
29.0027,45,23,1,51,
29.004,50,26,7,48,
29.0053,41,28,6,47,
29.0067,33,23,-2,44,
29.008,27,10,-8,38,
29.0094,-7,0,-5,36,
29.0107,-7,0,-5,36,
29.012,-10,-9,-5,46,
29.0134,3,-12,-1,34,
29.0147,3,-12,-1,34,
29.0161,16,14,0,40,
29.0174,57,26,10,51,
29.0188,66,25,15,62,
29.0201,66,25,15,62,
29.0215,66,23,19,76,
29.0228,30,25,15,70,
29.0241,25,17,7,65,
29.0255,17,-1,9,60,
29.0268,-3,-3,7,41,
29.0282,-3,-3,7,41,
29.0295,-3,-3,7,41,
29.0309,-5,1,8,40,
29.0323,17,16,14,33,
29.0337,50,23,19,43,
29.0351,49,23,22,62,
29.0366,53,36,13,78,
29.038,63,26,19,78,
29.0394,53,14,17,68,
29.0407,39,19,6,73,
29.0422,20,8,10,67,
29.0435,9,5,13,62,
29.0448,-5,-6,4,57,
29.0462,-14,-11,2,44,
29.0478,-14,-11,2,44,
29.0493,13,0,-1,45,
29.0508,40,30,20,64,
29.0522,40,30,20,64,
29.0536,49,35,27,64,
29.055,67,29,38,73,
29.0563,51,38,37,64,
29.0577,36,33,31,50,
29.0594,6,3,26,42,
29.0607,6,3,26,42,
29.0622,6,3,26,42,
29.0636,3,4,15,44,
29.0649,-9,9,13,46,
29.0663,9,8,10,43,
29.0676,49,33,22,59,
29.069,49,33,22,59,
29.0703,54,37,26,62,
29.0716,68,43,16,69,
29.073,55,40,18,67,
29.0743,49,26,18,63,
29.0757,29,22,16,55,
29.077,1,14,23,47,
29.0784,1,14,23,47,
29.0798,5,11,25,44,
29.0811,11,10,4,37,
29.0825,1,13,8,42,
29.0838,17,12,8,41,
29.0852,34,17,14,39,
29.0865,50,22,22,42,
29.0878,65,21,29,47,
29.0892,71,36,38,62,
29.0906,57,34,40,78,
29.0919,57,34,40,78,
29.0933,42,39,23,68,
29.0946,28,26,12,49,
29.096,12,14,-1,44,
29.0974,-2,6,2,31,
29.0988,6,9,11,35,
29.1001,6,9,11,35,
29.1015,9,0,14,44,
29.1029,49,17,20,58,
29.1043,56,36,23,71,
29.1057,60,30,33,75,
29.1071,66,34,25,75,
29.1084,50,39,19,66,
29.1098,28,30,23,52,
29.1112,2,19,13,51,
29.1126,2,19,13,51,
29.1139,4,27,12,47,
29.1153,-6,12,5,38,
29.1166,-9,16,-2,34,
29.118,-2,13,4,41,
29.1194,18,20,6,44,
29.1207,60,26,28,52,
29.1221,68,41,24,55,
29.1235,78,40,25,73,
29.1249,71,42,29,69,
29.1263,49,32,32,54,
29.1276,49,32,23,52,
29.129,6,11,20,40,
29.1303,17,18,27,41,
29.1317,5,5,11,41,
29.1331,-6,-3,-2,32,
29.1345,-2,7,1,22,
29.1359,8,2,11,35,
29.1372,54,35,31,50,
29.1386,49,39,37,54,
29.1399,63,54,44,60,
29.1413,64,34,36,70,
29.1426,62,30,25,75,
29.144,34,29,20,64,
29.1453,25,17,26,50,
29.1467,30,12,22,52,
29.1481,30,12,22,52,
29.1495,20,16,9,49,
29.1508,-14,14,-3,35,
29.1522,-5,16,-6,28,
29.1535,12,20,0,29,
29.1549,29,25,18,38,
29.1563,43,33,36,47,
29.1576,60,36,38,49,
29.159,47,34,25,43,
29.1603,40,36,16,51,
29.1617,26,34,18,51,
29.1631,26,34,18,51,
29.1644,8,17,4,33,
29.1659,-8,-2,1,22,
29.1672,-8,-2,1,22,
29.1686,0,8,10,32,
29.17,21,8,6,34,
29.1713,21,8,6,34,
29.1727,61,32,32,44,
29.174,71,25,26,43,
29.1754,84,36,26,52,
29.1768,63,40,28,63,
29.1781,51,42,23,60,
29.1795,34,35,21,42,
29.1808,6,19,13,32,
29.1822,4,16,2,25,
29.1835,-4,5,5,10,
29.1849,4,-3,2,6,
29.1862,4,-3,2,6,
29.1877,9,5,-4,14,
29.189,15,16,6,29,
29.1904,48,29,12,35,
29.1918,53,28,23,40,
29.1931,56,30,29,49,
29.1945,55,36,27,40,
29.1959,47,29,27,33,
29.1972,27,29,17,38,
29.1986,14,15,9,24,
29.1999,6,17,3,19,
29.2013,6,17,3,19,
29.2027,-3,13,8,19,
29.204,-6,12,2,9,
29.2054,4,13,7,13,
29.2068,27,23,13,24,
29.2082,58,21,17,47,
29.2095,58,21,17,47,
29.2109,74,26,18,48,
29.2122,52,29,14,41,
29.2136,34,15,16,36,
29.2149,19,20,2,22,
29.2163,19,11,-8,18,
29.2177,16,10,1,19,
29.219,16,10,1,19,
29.2204,8,-4,9,17,
29.2217,9,3,-6,24,
29.2231,28,11,-3,27,
29.2244,47,24,5,38,
29.2257,39,28,12,35,
29.2271,51,31,10,32,
29.2284,60,28,15,39,
29.2298,48,25,14,35,
29.2312,48,23,10,34,
29.2325,35,26,8,37,
29.2339,35,26,8,37,
29.2353,31,11,0,33,
29.2366,12,1,3,30,
29.2379,4,6,0,26,
29.2393,32,17,3,25,
29.2406,45,25,15,37,
29.2421,47,32,18,41,
29.2435,47,32,18,41,
29.2449,58,41,14,47,
29.2463,58,42,18,38,
29.2477,50,26,14,37,
29.249,46,15,14,40,
29.2505,27,11,18,39,
29.2519,18,11,8,32,
29.2533,13,5,1,28,
29.2547,-5,1,-4,31,
29.2562,8,16,14,29,
29.2576,25,15,8,33,
29.259,45,28,18,39,
29.2603,55,33,15,36,
29.2616,73,45,28,42,
29.263,73,45,28,42,
29.2643,46,38,30,49,
29.2657,40,35,31,48,
29.2671,22,23,24,49,
29.2684,10,18,16,28,
29.2698,10,18,16,28,
29.2712,-4,-1,11,20,
29.2725,2,-3,-1,17,
29.2739,2,-3,-1,17,
29.2753,7,6,0,17,
29.2767,39,20,17,44,
29.278,39,24,22,39,
29.2794,39,24,22,39,
29.2807,62,39,30,34,
29.2821,52,31,21,42,
29.2835,46,22,16,46,
29.2849,36,19,9,39,
29.2862,21,15,12,32,
29.2876,3,10,9,26,
29.2889,-10,4,4,22,
29.2903,1,0,2,15,
29.2916,19,-5,12,13,
29.293,32,9,15,22,
29.2943,51,36,28,35,
29.2956,51,36,28,35,
29.2969,70,48,36,40,
29.2983,71,40,27,43,
29.2996,59,18,25,34,
29.301,38,17,20,26,
29.3023,38,17,20,26,
29.3037,9,18,17,22,
29.305,-2,10,12,11,
29.3064,-2,10,12,11,
29.3077,3,-7,9,13,
29.3091,16,11,16,18,
29.3104,29,28,17,20,
29.3118,29,28,17,20,
29.3131,51,33,24,31,
29.3145,70,37,21,39,
29.3158,66,35,17,40,
29.3172,43,24,25,27,
29.3185,43,24,25,27,
29.3199,20,16,13,18,
29.3212,15,14,4,14,
29.3226,4,0,3,13,
29.324,1,-7,11,9,
29.3254,1,4,14,9,
29.3267,35,26,23,21,
29.3281,35,26,23,21,
29.3294,55,33,22,24,
29.3308,69,37,31,40,
29.3321,66,37,26,41,
29.3334,66,38,29,40,
29.3347,39,30,29,39,
29.3361,27,25,27,31,
29.3374,27,25,27,31,
29.3388,22,25,19,29,
29.3401,8,22,13,10,
29.3415,2,17,7,-1,
29.3429,5,25,-1,-5,
29.3442,19,26,11,7,
29.3456,39,30,25,23,
29.347,56,27,32,29,
29.3483,67,37,28,39,
29.3497,69,42,23,43,
29.351,58,38,19,39,
29.3523,58,38,19,39,
29.3537,21,20,18,24,
29.3551,21,20,18,24,
29.3564,19,11,15,21,
29.3577,2,9,5,19,
29.3591,4,4,13,1,
29.3604,4,4,13,1,
29.3617,19,5,16,3,
29.3631,57,36,35,27,
29.3644,50,34,29,23,
29.3657,52,35,24,26,
29.367,55,31,19,35,
29.3684,62,30,25,32,
29.3697,56,28,21,25,
29.3711,56,28,21,25,
29.3724,11,21,23,22,
29.3738,-1,20,25,19,
29.3752,0,19,19,13,
29.3765,4,13,16,2,
29.3778,11,16,8,7,
29.3792,40,29,21,21,
29.3805,54,35,32,23,
29.3818,67,43,32,30,
29.3831,63,44,29,36,
29.3845,63,44,29,36,
29.3859,63,44,29,36,
29.3872,54,39,22,30,
29.3885,41,22,30,28,
29.3899,32,22,24,23,
29.3912,13,9,14,24,
29.3925,13,9,14,24,
29.3939,11,-6,14,12,
29.3953,3,11,17,16,
29.3966,31,27,13,19,
29.398,50,44,20,31,
29.3993,68,42,28,37,
29.4007,79,42,41,36,
29.402,61,32,38,36,
29.4033,53,35,28,40,
29.4047,55,28,29,42,
29.406,29,33,22,40,
29.4073,11,33,24,23,
29.4087,1,18,28,22,
29.41,-13,11,16,15,
29.4114,-4,6,18,6,
29.4127,12,22,13,7,
29.4141,41,39,26,15,
29.4154,41,39,26,15,
29.4167,57,38,30,34,
29.4181,64,39,25,35,
29.4195,69,49,21,32,
29.4208,69,49,21,32,
29.4222,57,50,25,32,
29.4234,23,25,19,35,
29.4247,23,25,19,35,
29.426,22,8,13,33,
29.4273,3,11,13,24,
29.4287,-3,-3,15,0,
29.43,23,9,24,9,
29.4314,53,20,29,28,
29.4328,51,27,28,25,
29.4341,44,39,25,26,
29.4355,63,46,32,32,
29.4369,69,46,40,35,
29.4382,43,43,29,42,
29.4396,38,37,26,30,
29.441,38,37,26,30,
29.4424,19,17,23,30,
29.4437,14,11,16,18,
29.4451,3,7,5,8,
29.4465,24,23,4,17,
29.4479,24,23,4,17,
29.4492,27,25,23,19,
29.4506,56,37,27,18,
29.452,64,31,25,30,
29.4534,64,31,25,30,
29.4548,54,40,38,39,
29.4562,38,34,28,30,
29.4576,20,34,26,31,
29.459,21,25,20,27,
29.4604,16,19,17,22,
29.4618,16,3,20,13,
29.4633,21,2,13,2,
29.4648,21,2,13,2,
29.4664,24,9,18,11,
29.4677,37,23,28,27,
29.469,51,41,34,31,
29.4704,80,52,24,35,
29.4717,63,40,29,39,
29.473,50,29,28,28,
29.4744,40,13,14,25,
29.4758,40,13,14,25,
29.4771,31,14,8,19,
29.4784,11,13,15,14,
29.4798,-2,4,23,5,
29.4812,2,3,14,8,
29.4825,5,23,12,17,
29.4839,37,28,20,19,
29.4853,53,24,22,21,
29.4867,64,38,20,26,
29.488,60,43,35,30,
29.4894,46,36,35,35,
29.4908,37,27,24,31,
29.4921,27,20,23,17,
29.4935,18,16,14,19,
29.4948,18,16,14,19,
29.4962,15,4,15,4,
29.4975,3,5,12,7,
29.4989,5,10,19,7,
29.5003,17,19,22,5,
29.5016,37,31,31,6,
29.503,47,37,34,21,
29.5043,63,36,37,26,
29.5056,60,30,33,29,
29.507,42,28,33,23,
29.5083,35,28,37,17,
29.5097,35,28,37,17,
29.511,28,28,31,20,
29.5123,12,29,13,25,
29.5137,5,23,6,9,
29.5151,6,17,20,11,
29.5164,20,18,20,16,
29.5178,20,18,20,16,
29.5192,64,31,36,19,
29.5205,66,39,43,30,
29.5219,72,50,37,35,
29.5232,62,44,32,32,
29.5246,62,44,32,32,
29.526,62,44,32,32,
29.5274,57,32,34,31,
29.5287,25,20,24,14,
29.5301,13,26,21,10,
29.5315,12,16,8,11,
29.5328,18,2,12,11,
29.5342,24,4,18,6,
29.5355,35,21,11,12,
29.5368,49,40,29,34,
29.5382,57,43,39,25,
29.5395,61,40,41,29,
29.5409,63,40,43,21,
29.5422,47,32,42,23,
29.5436,45,14,25,18,
29.5449,45,14,25,18,
29.5463,27,11,29,13,
29.5476,19,5,19,7,
29.549,7,14,15,4,
29.5503,8,21,19,9,
29.5516,26,28,20,11,
29.553,31,35,26,20,
29.5544,48,43,30,29,
29.5557,81,36,34,23,
29.5571,81,36,34,23,
29.5585,76,27,34,28,
29.5598,58,35,25,34,
29.5612,39,30,30,33,
29.5626,26,13,34,21,
29.564,21,27,21,17,
29.5654,21,27,21,17,
29.5667,16,19,20,14,
29.5681,24,10,19,0,
29.5695,32,22,19,3,
29.5709,55,39,19,7,
29.5723,67,39,26,14,
29.5737,76,41,39,23,
29.5751,86,47,46,32,
29.5764,63,40,40,31,
29.5778,50,31,25,34,
29.5792,32,18,23,20,
29.5805,12,15,13,5,
29.5818,12,15,13,5,
29.5832,-1,12,9,5,
29.5846,10,20,9,-5,
29.586,22,14,10,-9,
29.5873,38,19,19,0,
29.5886,48,35,19,14,
29.59,54,42,20,20,
29.5913,54,42,20,20,
29.5926,67,50,31,23,
29.594,51,30,30,26,
29.5953,41,26,24,28,
29.5967,18,19,29,22,
29.5982,25,11,33,15,
29.5995,13,11,25,10,
29.6008,8,17,21,-2,
29.6022,15,11,15,3,
29.6036,34,23,21,12,
29.6049,34,23,21,12,
29.6063,63,38,22,9,
29.6077,67,35,32,9,
29.609,65,38,37,15,
29.6103,76,37,43,14,
29.6117,51,32,36,26,
29.613,48,23,28,19,
29.6144,30,21,29,8,
29.6158,15,10,10,3,
29.6171,15,10,10,3,
29.6185,15,10,10,3,
29.6199,5,3,5,-9,
29.6212,26,0,19,1,
29.6226,38,31,28,5,
29.624,47,40,25,15,
29.6253,49,40,30,17,
29.6267,79,51,34,26,
29.628,72,33,34,23,
29.6294,51,22,32,16,
29.6308,30,22,20,4,
29.6321,21,23,13,0,
29.6335,5,17,6,-4,
29.6348,5,17,6,-4,
29.6362,1,9,4,-1,
29.6376,-2,9,-1,0,
29.639,41,34,13,5,
29.6403,53,31,30,19,
29.6417,55,37,32,20,
29.643,67,44,32,26,
29.6444,75,51,38,23,
29.6458,70,38,40,23,
29.6472,48,29,30,22,
29.6485,26,34,20,20,
29.6498,15,19,15,25,
29.6512,3,25,15,16,
29.6525,-5,17,11,4,
29.6539,1,16,10,2,
29.6553,5,21,11,-6,
29.6566,47,20,31,17,
29.658,62,33,24,17,
29.6593,62,33,24,17,
29.6607,56,42,29,28,
29.6621,60,32,29,24,
29.6634,63,29,31,29,
29.6648,41,28,25,22,
29.6662,18,23,22,9,
29.6675,18,23,22,9,
29.6689,13,16,9,5,
29.6702,-7,0,13,-4,
29.6716,1,6,10,-10,
29.6729,12,12,15,-8,
29.6743,41,30,30,2,
29.6756,41,30,30,2,
29.677,57,36,31,10,
29.6784,74,37,38,26,
29.6799,71,32,36,32,
29.6813,62,32,24,24,
29.6827,36,33,22,21,
29.684,36,33,22,21,
29.6854,22,19,18,7,
29.6868,13,12,21,-6,
29.6881,14,19,25,-5,
29.6895,7,16,8,-9,
29.6909,58,29,20,5,
29.6922,58,29,20,5,
29.6936,58,29,20,5,
29.6949,69,27,17,16,
29.6963,77,32,29,12,
29.6977,65,31,24,1,
29.699,45,37,19,6,
29.7004,26,13,11,12,
29.7018,26,13,11,12,
29.7031,20,5,14,3,
29.7044,14,5,5,-17,
29.7058,5,0,0,-21,
29.7072,19,8,0,-9,
29.7086,45,23,3,-1,
29.7099,45,23,3,-1,
29.7113,61,39,16,-1,
29.7127,68,24,30,7,
29.714,63,18,28,6,
29.7153,58,24,15,2,
29.7167,49,28,19,8,
29.7182,33,30,17,1,
29.7195,27,30,17,-3,
29.7209,20,28,17,-10,
29.7224,13,2,12,-17,
29.7237,13,2,12,-17,
29.7251,18,4,7,-18,
29.7265,50,34,20,-2,
29.7278,50,34,20,-2,
29.7292,48,44,24,0,
29.7305,48,38,28,0,
29.7318,52,41,33,-4,
29.7332,35,39,28,-4,
29.7346,21,33,14,-2,
29.7359,19,23,11,-13,
29.7372,19,23,11,-13,
29.7386,27,23,6,-16,
29.7399,12,22,14,-16,
29.7412,15,25,14,-17,
29.7426,18,14,23,-11,
29.7439,26,12,22,-10,
29.7453,34,26,28,-6,
29.7467,48,37,24,-4,
29.748,67,43,29,-1,
29.7493,34,32,33,-3,
29.7507,30,34,30,2,
29.752,30,34,30,2,
29.7533,13,24,11,-5,
29.7547,13,24,11,-5,
29.756,11,10,10,-11,
29.7574,16,6,21,-17,
29.7588,30,12,10,-18,
29.7601,30,12,10,-18,
29.7615,50,37,18,-5,
29.7629,54,37,24,-4,
29.7642,58,29,29,1,
29.7656,67,24,31,10,
29.767,46,35,28,3,
29.7683,46,35,28,3,
29.7697,26,21,18,-7,
29.7711,12,10,6,-6,
29.7725,10,11,14,-6,
29.7738,1,6,5,-6,
29.7752,-5,10,17,-20,
29.7765,13,22,17,-15,
29.7779,13,22,17,-15,
29.7792,45,26,14,-8,
29.7806,42,43,21,5,
29.7819,58,33,27,21,
29.7833,58,33,27,21,
29.7846,47,38,15,26,
29.7859,38,30,20,18,
29.7872,38,30,20,18,
29.7886,8,24,19,-5,
29.79,17,20,15,-8,
29.7913,-5,5,7,-4,
29.7927,10,10,12,-6,
29.7941,16,21,18,-10,
29.7954,35,27,20,-3,
29.7968,62,24,21,13,
29.7981,59,24,22,22,
29.7994,53,33,28,21,
29.8008,57,43,31,18,
29.8021,52,42,29,14,
29.8035,47,35,33,15,
29.8048,26,33,26,6,
29.8062,10,28,15,5,
29.8075,-5,13,21,-4,
29.8088,-8,4,16,-8,
29.8102,5,17,11,-8,
29.8117,20,26,17,-2,
29.813,45,43,22,6,
29.8144,45,43,22,6,
29.8157,57,33,37,10,
29.817,83,45,36,22,
29.8184,71,45,37,28,
29.8197,49,48,26,22,
29.821,46,31,29,24,
29.8224,32,20,31,23,
29.8238,20,19,29,13,
29.8251,18,20,8,-1,
29.8265,8,19,5,-10,
29.8279,8,19,5,-10,
29.8292,27,26,17,-3,
29.8306,41,37,26,3,
29.832,53,42,31,7,
29.8333,72,53,28,11,
29.8347,74,40,37,16,
29.836,71,35,36,17,
29.8373,71,35,36,17,
29.8387,27,28,26,1,
29.8401,32,30,14,0,
29.8415,19,29,16,-6,
29.843,6,22,21,-13,
29.8444,3,16,17,-21,
29.8459,9,21,12,-27,
29.8473,14,21,12,-17,
29.8486,39,30,15,-7,
29.85,57,37,23,5,
29.8513,60,43,32,7,
29.8527,47,48,38,1,
29.8542,47,48,38,1,
29.8556,38,31,17,-3,
29.8569,22,32,16,-2,
29.8583,24,41,19,-11,
29.8597,20,38,19,-21,
29.861,8,27,8,-25,
29.8624,8,27,8,-25,
29.8639,19,35,3,-31,
29.8652,29,45,14,-27,
29.8666,43,56,26,-12,
29.868,74,64,31,-18,
29.8693,74,64,31,-18,
29.8707,76,78,26,-14,
29.8721,47,80,32,-24,
29.8734,45,66,22,-41,
29.8748,45,66,22,-41,
29.8761,29,48,23,-32,
29.8775,13,36,16,-44,
29.8789,13,36,16,-44,
29.8802,19,52,4,-48,
29.8816,36,59,20,-47,
29.8829,48,74,31,-49,
29.8842,53,68,34,-50,
29.8857,70,69,44,-33,
29.887,72,81,44,-29,
29.8883,61,86,37,-38,
29.8897,21,58,20,-30,
29.8911,21,58,20,-30,
29.8924,13,53,23,-46,
29.8938,13,59,23,-48,
29.8951,-2,55,5,-56,
29.8964,-7,44,6,-57,
29.8978,-10,40,6,-55,
29.8991,32,52,14,-31,
29.9004,40,64,21,-26,
29.9018,40,73,19,-32,
29.9032,61,85,29,-26,
29.9045,50,83,32,-23,
29.9059,24,80,30,-20,
29.9072,20,62,18,-32,
29.9086,20,62,18,-32,
29.91,20,62,18,-32,
29.9113,6,55,11,-43,
29.9127,-12,55,0,-52,
29.914,-22,46,0,-45,
29.9154,-5,51,5,-45,
29.9167,6,68,12,-49,
29.9181,26,74,27,-41,
29.9195,25,70,33,-31,
29.9208,59,80,20,-17,
29.9222,54,80,19,-16,
29.9235,45,80,19,-21,
29.9249,24,73,25,-34,
29.9263,24,73,25,-34,
29.9276,11,63,21,-40,
29.9289,0,55,17,-36,
29.9303,-6,50,11,-40,
29.9316,-17,41,5,-40,
29.933,4,46,5,-35,
29.9344,20,49,26,-27,
29.9357,27,56,34,-20,
29.937,31,68,26,-20,
29.9384,54,71,21,-10,
29.9398,58,70,25,-16,
29.9412,41,69,28,-22,
29.9426,24,67,33,-17,
29.9439,6,58,36,-26,
29.9452,0,64,41,-32,
29.9466,-6,54,33,-36,
29.948,-2,35,8,-35,
29.9493,5,34,12,-30,
29.9508,5,34,12,-30,
29.9522,33,51,20,-18,
29.9535,39,57,32,-10,
29.9549,39,57,32,-10,
29.9562,60,56,39,3,
29.9576,44,49,36,-6,
29.9589,17,47,34,-2,
29.9603,17,47,34,-2,
29.9616,5,38,19,-5,
29.963,4,35,10,-17,
29.9644,-17,29,14,-25,
29.9658,-16,30,17,-18,
29.9671,-16,30,17,-18,
29.9685,-6,35,22,-3,
29.9699,28,57,26,4,
29.9712,40,51,28,3,
29.9726,50,49,31,11,
29.974,40,52,38,15,
29.9753,40,52,38,15,
29.9767,29,49,30,13,
29.978,17,49,21,9,
29.9794,-3,29,25,13,
29.9808,-10,24,16,5,
29.9821,-7,23,8,-7,
29.9835,-5,27,6,3,
29.9848,1,31,12,15,
29.9863,27,32,11,11,
29.9876,33,54,36,14,
29.989,39,55,29,12,
29.9904,39,55,29,12,
29.9918,48,55,24,16,
29.9931,40,44,34,26,
29.9945,30,30,28,29,
29.9959,2,31,22,14,
29.9972,-2,29,16,7,
29.9986,-2,29,16,7,
29.9999,-19,25,21,11,
30.0013,-12,16,17,12,
30.0027,-3,29,16,18,
30.0041,22,52,26,14,
30.0054,27,40,37,23,
30.0068,27,40,37,23,
30.0081,27,40,37,23,
30.0095,42,37,40,27,
30.0108,35,35,39,24,
30.0122,23,37,24,30,
30.0136,-10,30,22,17,
30.0149,-10,30,22,17,
30.0163,-23,24,30,6,
30.0176,-11,16,18,7,
30.019,-2,18,15,13,
30.0203,8,29,21,17,
30.0217,29,42,31,17,
30.0231,27,41,38,13,
30.0244,27,41,38,13,
30.0258,38,39,39,16,
30.0271,28,48,36,30,
30.0284,12,46,35,25,
30.0298,10,33,31,19,
30.0312,3,28,23,16,
30.0325,-2,24,17,2,
30.0338,-22,21,15,1,
30.0352,-22,21,15,1,
30.0365,-2,17,9,2,
30.0379,1,15,13,-5,
30.0393,23,33,19,5,
30.0406,31,51,29,24,
30.042,32,52,34,23,
30.0434,41,45,26,19,
30.0448,24,39,37,17,
30.0462,14,30,34,15,
30.0476,-11,19,20,12,
30.049,-15,30,12,14,
30.0504,-27,29,23,14,
30.0517,-27,29,23,14,
30.0532,-40,19,14,-9,
30.0548,-25,20,18,-4,
30.0562,12,29,22,1,
30.0576,32,33,26,13,
30.0591,32,33,26,13,
30.0606,43,43,40,24,
30.062,29,48,42,16,
30.0634,12,47,34,11,
30.0648,-6,46,25,14,
30.0662,-23,34,17,5,
30.0676,-29,29,21,2,
30.0689,-24,12,24,-2,
30.0703,-25,8,16,-6,
30.0716,-20,28,17,-9,
30.0729,6,33,11,5,
30.0743,12,33,11,16,
30.0757,12,33,11,16,
30.0771,26,57,33,13,
30.0784,26,57,33,13,
30.0798,28,48,27,17,
30.0812,-2,46,17,4,
30.0825,-24,43,27,-8,
30.0839,-24,43,27,-8,
30.0853,-35,22,27,-8,
30.0866,-36,28,21,-10,
30.088,-36,27,7,-6,
30.0893,4,31,24,2,
30.0907,9,30,16,11,
30.0921,9,30,16,11,
30.0935,4,29,23,8,
30.0949,22,51,27,4,
30.0962,11,56,31,1,
30.0976,16,45,28,10,
30.099,-6,37,16,3,
30.1003,-6,37,16,3,
30.1017,-8,34,8,-6,
30.103,-44,22,0,-21,
30.1043,-43,21,9,-19,
30.1057,-36,30,19,-13,
30.107,15,48,15,3,
30.1083,15,48,15,3,
30.1097,15,48,15,3,
30.111,12,37,17,7,
30.1123,15,59,26,5,
30.1136,12,58,27,8,
30.115,5,41,24,5,
30.1163,-10,43,21,4,
30.1177,-14,29,27,2,
30.119,-29,24,25,-3,
30.1204,-46,24,18,-7,
30.1217,-30,29,23,-8,
30.1231,-17,30,25,-8,
30.1244,-17,30,25,-8,
30.1258,7,44,28,11,
30.1272,7,44,28,11,
30.1285,12,49,34,17,
30.1299,5,64,24,20,
30.1312,-9,55,32,16,
30.1325,-19,49,34,6,
30.1339,-19,49,34,6,
30.1352,-27,35,25,12,
30.1366,-36,31,23,8,
30.1379,-36,18,23,-10,
30.1392,-25,37,10,-3,
30.1406,-25,37,10,-3,
30.142,-24,41,19,3,
30.1433,-24,41,19,3,
30.1447,-10,54,22,-4,
30.146,7,66,34,-1,
30.1473,6,66,29,4,
30.1486,-9,54,30,0,
30.15,-24,46,21,-7,
30.1513,-24,46,21,-7,
30.1526,-34,37,20,0,
30.1539,-62,37,11,-13,
30.1553,-62,37,11,-13,
30.1566,-52,45,14,-10,
30.158,-46,43,18,-15,
30.1593,-32,54,16,-10,
30.1606,-11,66,30,-8,
30.1619,1,64,28,-9,
30.1633,6,74,37,1,
30.1646,-1,73,33,3,
30.1659,-1,73,33,3,
30.1672,4,68,24,9,
30.1686,-49,52,19,6,
30.1699,-47,51,24,1,
30.1712,-55,54,20,-4,
30.1726,-67,51,18,-6,
30.174,-64,50,20,-13,
30.1753,-50,52,30,-6,
30.1766,-50,52,30,-6,
30.178,-23,68,26,-4,
30.1793,-11,75,38,0,
30.1806,1,87,47,-1,
30.182,-2,96,46,-5,
30.1833,-21,88,49,-7,
30.1847,-23,77,49,-9,
30.1861,-23,78,47,-6,
30.1874,-55,67,46,-5,
30.1887,-55,67,46,-5,
30.19,-57,55,40,-11,
30.1914,-51,73,38,-2,
30.1927,-51,73,38,-2,
30.1941,-38,83,37,-6,
30.1954,-24,95,46,-6,
30.1967,-13,113,59,-2,
30.1981,-10,112,61,0,
30.1994,-17,112,53,-2,
30.2007,-29,104,51,1,
30.2021,-42,96,40,-3,
30.2034,-61,89,32,-5,
30.2048,-61,89,32,-5,
30.2061,-69,81,22,-6,
30.2074,-75,82,21,-8,
30.2087,-70,77,31,-16,
30.2101,-35,95,26,-12,
30.2114,-35,95,26,-12,
30.2127,-35,95,26,-12,
30.2141,-20,110,31,2,
30.2154,-10,111,58,-1,
30.2167,-4,112,49,-3,
30.2181,-14,120,48,-6,
30.2193,-35,113,44,-9,
30.2207,-42,107,31,-13,
30.222,-46,90,34,-5,
30.2233,-55,76,41,-2,
30.2246,-67,77,34,-8,
30.226,-61,84,30,-8,
30.2273,-61,84,30,-8,
30.2287,-61,84,30,-8,
30.2299,-22,107,42,0,
30.2313,-10,111,59,1,
30.2326,-4,123,68,6,
30.234,-1,119,58,15,
30.2353,-14,112,49,12,
30.2367,-22,104,42,13,
30.2381,-22,104,42,13,
30.2394,-37,91,33,-1,
30.2407,-54,77,24,0,
30.2421,-54,77,24,0,
30.2435,-46,57,37,-10,
30.2448,-33,67,40,-5,
30.2461,-33,67,40,-5,
30.2475,-7,80,43,-3,
30.249,8,111,35,17,
30.2504,22,104,38,29,
30.2517,-4,104,40,19,
30.2531,-6,90,33,9,
30.2545,-6,90,33,9,
30.2558,-23,82,35,10,
30.2573,-26,75,42,14,
30.2586,-40,76,41,2,
30.26,-46,64,30,-7,
30.2615,-41,64,32,-3,
30.2629,-27,74,31,-2,
30.2644,1,82,36,6,
30.2659,10,91,40,15,
30.2672,18,102,40,17,
30.2686,23,98,45,26,
30.2699,4,97,52,29,
30.2713,-11,99,47,25,
30.2726,-10,94,48,19,
30.274,-21,83,34,4,
30.2754,-23,72,25,-3,
30.2767,-37,51,20,-7,
30.2781,-49,69,17,-1,
30.2795,-36,63,19,-1,
30.2808,-1,76,25,-1,
30.2822,6,98,27,-2,
30.2836,6,98,27,-2,
30.2849,18,96,30,7,
30.2863,9,103,38,10,
30.2877,-5,102,42,3,
30.2891,-13,88,40,0,
30.2904,-33,82,42,-6,
30.2918,-39,84,33,-5,
30.2932,-51,81,33,-1,
30.2945,-51,66,24,-15,
30.2959,-47,70,20,-13,
30.2972,-37,68,27,-12,
30.2986,-37,68,27,-12,
30.3,-8,80,45,0,
30.3013,-2,90,35,4,
30.3028,6,112,53,-4,
30.3041,7,101,51,0,
30.3056,-3,98,53,1,
30.3069,-44,107,27,-2,
30.3083,-44,107,27,-2,
30.3097,-42,95,18,3,
30.311,-60,75,21,4,
30.3123,-52,78,26,-7,
30.3137,-49,78,32,-11,
30.315,-40,90,34,-3,
30.3163,-23,122,40,1,
30.3177,-5,144,48,4,
30.3191,2,146,49,4,
30.3204,5,139,49,2,
30.3218,-14,135,44,6,
30.3231,-33,134,41,4,
30.3245,-51,135,43,2,
30.3259,-51,135,43,2,
30.3272,-49,140,36,1,
30.3285,-50,122,31,-6,
30.3299,-47,89,28,-12,
30.3313,-37,80,26,-15,
30.3326,-16,90,34,-8,
30.334,9,120,44,1,
30.3354,14,119,45,0,
30.3367,31,111,41,-3,
30.338,21,123,42,3,
30.3393,-1,109,32,7,
30.3407,-26,95,25,-2,
30.3421,-26,95,25,-2,
30.3434,-29,86,17,-8,
30.3448,-23,87,12,-5,
30.3462,-52,74,17,-13,
30.3475,-56,63,13,-14,
30.3489,-32,67,22,-10,
30.3502,-32,67,22,-10,
30.3516,7,84,33,-2,
30.3531,19,89,33,-1,
30.3544,20,101,39,-1,
30.3558,7,101,40,8,
30.3572,7,101,40,8,
30.3585,7,101,40,8,
30.3599,0,83,39,6,
30.3612,-30,53,23,2,
30.3626,-40,58,18,-7,
30.3639,-42,47,14,-12,
30.3652,-44,46,16,-12,
30.3666,-34,59,19,-4,
30.3679,-17,66,19,2,
30.3692,5,72,33,3,
30.3705,30,83,46,10,
30.3719,25,84,51,12,
30.3732,25,84,51,12,
30.3746,14,83,56,14,
30.376,-5,78,44,19,
30.3774,-7,62,32,11,
30.3787,-24,49,37,-5,
30.3801,-42,40,27,-2,
30.3815,-47,43,29,6,
30.3828,-42,39,32,4,
30.3842,-25,47,27,0,
30.3855,6,58,28,3,
30.3869,7,74,23,13,
30.3882,32,86,27,18,
30.3896,32,86,27,18,
30.3909,19,82,27,17,
30.3923,10,73,29,15,
30.3937,-5,59,34,6,
30.395,-16,59,35,13,
30.3964,-14,42,31,12,
30.3978,-14,42,31,12,
30.3991,-20,44,25,7,
30.4005,-28,44,13,-1,
30.4018,7,52,28,7,
30.4032,20,55,28,16,
30.4045,27,56,37,19,
30.4059,43,65,51,26,
30.4072,43,65,51,26,
30.4085,30,70,50,27,
30.4098,23,58,34,16,
30.4112,-4,47,33,7,
30.4125,-19,39,32,5,
30.4139,-19,39,32,5,
30.4152,-27,31,17,7,
30.4166,-24,24,14,7,
30.4179,-15,37,13,3,
30.4193,6,48,27,1,
30.4206,6,48,27,1,
30.422,13,57,27,16,
30.4234,31,56,23,22,
30.4247,40,68,33,28,
30.4261,29,67,35,32,
30.4274,13,51,28,28,
30.4287,-7,23,23,19,
30.4301,-7,23,23,19,
30.4315,-10,31,20,6,
30.4328,-36,24,21,3,
30.4343,-35,19,20,6,
30.4356,-14,21,11,10,
30.437,9,33,24,11,
30.4383,16,49,34,16,
30.4397,16,49,34,16,
30.441,31,53,30,15,
30.4424,18,52,29,16,
30.4436,22,43,26,24,
30.445,10,45,29,18,
30.4463,-12,44,30,11,
30.4477,-11,36,31,11,
30.449,-24,28,29,17,
30.4504,-23,14,11,9,
30.4517,-18,17,21,4,
30.4531,-18,17,21,4,
30.4545,-18,17,21,4,
30.4559,25,48,22,19,
30.4573,39,51,29,17,
30.4587,49,49,49,18,
30.4599,35,41,42,27,
30.4614,15,38,31,26,
30.4628,15,38,31,26,
30.4642,-19,13,29,20,
30.4656,-15,6,36,8,
30.467,-14,10,33,5,
30.4683,-17,13,24,0,
30.4697,-15,11,20,-2,
30.4711,-7,16,30,5,
30.4724,22,30,33,12,
30.4738,22,30,33,12,
30.4751,26,38,35,22,
30.4765,40,44,38,23,
30.4778,18,40,27,29,
30.4792,12,38,30,28,
30.4805,9,32,25,23,
30.4819,-2,23,21,12,
30.4833,-2,23,21,12,
30.4846,-2,24,28,17,
30.486,-22,2,10,22,
30.4873,-10,11,25,14,
30.4887,4,16,26,18,
30.49,37,23,24,33,
30.4914,47,33,35,38,
30.4927,47,37,39,36,
30.4941,30,36,43,34,
30.4955,24,26,36,36,
30.4969,22,16,19,33,
30.4983,22,16,19,33,
30.4996,16,21,17,30,
30.501,12,31,28,33,
30.5024,-18,21,23,23,
30.5037,0,-3,16,14,
30.5051,9,7,19,21,
30.5064,35,25,27,35,
30.5078,54,37,37,32,
30.5091,58,40,34,26,
30.5105,53,43,33,39,
30.5118,34,29,45,38,
30.5132,34,29,45,38,
30.5146,13,31,27,26,
30.5159,13,31,27,26,
30.5173,4,22,27,19,
30.5186,-14,22,17,19,
30.52,-16,10,7,15,
30.5214,6,8,19,20,
30.5227,16,22,18,23,
30.5241,16,22,18,23,
30.5254,16,22,18,23,
30.5268,48,28,34,35,
30.5281,66,43,39,34,
30.5295,48,49,49,30,
30.5308,23,36,31,24,
30.5322,22,19,28,31,
30.5336,22,19,28,31,
30.5349,8,11,24,27,
30.5363,-11,3,17,19,
30.5377,-14,5,18,15,
30.5391,9,13,23,19,
30.5404,9,13,23,19,
30.5418,28,38,23,28,
30.5432,41,43,33,33,
30.5445,39,37,30,29,
30.5459,59,35,36,39,
30.5472,59,39,32,47,
30.5486,56,32,32,46,
30.5499,37,27,22,39,
30.5513,14,22,16,39,
30.5526,1,19,16,28,
30.554,-2,17,23,20,
30.5554,-9,9,19,11,
30.5567,5,13,25,20,
30.5581,5,13,25,20,
30.5595,34,29,23,30,
30.5608,31,40,35,31,
30.5622,50,50,39,41,
30.5636,63,52,44,41,
30.5649,35,34,30,37,
30.5663,35,34,30,37,
30.5677,16,19,20,25,
30.569,17,15,18,27,
30.5704,-6,5,11,16,
30.5718,-8,8,20,22,
30.5732,-8,8,20,22,
30.5745,-11,8,23,24,
30.5759,3,23,21,26,
30.5772,25,35,25,29,
30.5786,64,49,41,26,
30.5799,74,49,32,33,
30.5813,63,43,26,37,
30.5826,46,47,33,30,
30.584,24,31,32,36,
30.5854,5,19,22,26,
30.5867,5,27,21,17,
30.5881,-15,24,8,16,
30.5894,-15,24,8,16,
30.5908,-15,24,8,16,
30.5922,0,16,16,20,
30.5936,25,14,24,22,
30.595,44,30,31,32,
30.5963,46,46,31,44,
30.5976,43,44,40,41,
30.599,43,44,40,41,
30.6004,33,29,25,29,
30.6017,17,28,23,26,
30.603,2,28,23,27,
30.6044,2,28,23,27,
30.6058,-19,11,13,10,
30.6071,-19,11,13,10,
30.6085,-20,-3,21,16,
30.6099,11,12,26,23,
30.6112,30,34,29,33,
30.6125,46,40,33,33,
30.6139,50,51,42,38,
30.6152,50,51,42,38,
30.6165,39,53,45,32,
30.6179,34,37,38,31,
30.6192,22,28,27,33,
30.6206,0,21,13,22,
30.6219,3,21,22,12,
30.6233,-20,10,11,7,
30.6247,-20,10,11,7,
30.626,-8,8,8,9,
30.6274,31,20,18,14,
30.6287,30,20,22,23,
30.6301,32,26,33,21,
30.6314,48,48,41,23,
30.6328,44,45,30,21,
30.6342,44,45,30,21,
30.6355,32,34,28,33,
30.6369,20,29,19,20,
30.6383,3,24,21,30,
30.6396,1,19,25,21,
30.6409,-15,17,26,20,
30.6423,-9,15,20,19,
30.6437,5,26,8,21,
30.645,25,24,15,25,
30.6465,40,30,31,27,
30.6478,38,32,35,31,
30.6491,51,43,42,39,
30.6505,60,46,42,45,
30.6519,47,37,40,33,
30.6533,40,40,28,31,
30.6548,3,21,24,31,
30.6562,6,17,18,21,
30.6576,-14,6,19,13,
30.659,-9,13,9,15,
30.6603,-9,13,9,15,
30.6617,9,15,16,19,
30.6631,27,17,21,18,
30.6644,35,31,20,23,
30.6657,38,38,23,29,
30.6671,55,44,27,29,
30.6684,55,44,27,29,
30.6697,39,49,34,27,
30.671,26,44,41,33,
30.6724,4,23,27,29,
30.6737,-8,16,15,28,
30.6751,-21,14,4,20,
30.6764,-21,14,4,20,
30.6778,-5,8,7,18,
30.6792,8,5,6,18,
30.6805,30,22,18,26,
30.6818,51,52,24,36,
30.6831,50,47,26,40,
30.6845,50,47,26,40,
30.6859,42,42,27,40,
30.6871,28,37,28,28,
30.6885,6,29,28,28,
30.6898,7,11,27,24,
30.6912,2,9,25,22,
30.6925,-13,5,19,13,
30.6939,-7,7,7,10,
30.6952,0,4,8,18,
30.6965,17,13,8,33,
30.6979,43,24,13,28,
30.6993,47,46,41,35,
30.7006,50,49,31,39,
30.702,50,49,31,39,
30.7033,46,43,25,31,
30.7047,18,36,25,39,
30.7061,7,29,23,34,
30.7075,9,17,22,37,
30.7088,1,5,20,25,
30.7101,1,5,20,25,
30.7115,-14,1,16,19,
30.7128,0,2,14,17,
30.7142,16,10,19,21,
30.7155,35,17,33,26,
30.7168,48,31,37,37,
30.7181,48,31,37,37,
30.7195,41,29,38,42,
30.7208,38,23,34,44,
30.7222,33,30,24,45,
30.7236,13,25,23,34,
30.7249,3,18,22,33,
30.7262,-5,24,26,27,
30.7275,-20,7,24,18,
30.7288,-15,7,15,19,
30.7302,-7,4,15,25,
30.7315,30,24,18,24,
30.7328,29,33,25,23,
30.7342,39,37,38,21,
30.7356,49,41,44,24,
30.737,49,41,44,24,
30.7383,34,44,39,28,
30.7397,14,34,21,27,
30.741,7,9,23,22,
30.7424,8,1,28,27,
30.7438,8,1,28,27,
30.7452,-4,-10,9,14,
30.7466,-4,7,6,11,
30.748,5,13,8,15,
30.7493,47,25,40,38,
30.7508,43,37,35,42,
30.7521,43,37,35,42,
30.7535,56,46,29,43,
30.7549,55,44,31,29,
30.7563,44,38,29,30,
30.7576,12,12,18,24,
30.759,-7,9,22,25,
30.7603,-18,4,19,31,
30.7617,-12,-11,17,19,
30.7631,-9,-7,21,16,
30.7644,-9,-7,21,16,
30.7657,1,22,23,20,
30.7671,31,32,33,32,
30.7684,41,32,39,26,
30.7698,44,43,41,24,
30.7712,47,46,49,26,
30.7725,46,36,44,25,
30.7739,34,36,31,36,
30.7752,3,30,13,35,
30.7766,7,22,13,33,
30.778,7,22,13,33,
30.7794,-17,3,22,5,
30.7807,-17,3,22,5,
30.7821,-19,9,27,7,
30.7835,-3,10,22,14,
30.7848,31,41,26,25,
30.7862,32,39,25,28,
30.7875,32,39,25,28,
30.7889,30,38,30,28,
30.7903,28,39,27,21,
30.7916,21,31,23,20,
30.793,5,18,8,20,
30.7943,5,18,8,20,
30.7957,-5,3,7,14,
30.797,-11,13,17,9,
30.7984,-11,13,17,9,
30.7998,1,26,24,8,
30.8011,27,18,20,15,
30.8025,32,24,32,19,
30.8039,35,28,43,23,
30.8052,57,31,35,30,
30.8066,57,40,21,34,
30.808,44,24,20,30,
30.8093,29,27,23,31,
30.8106,16,14,22,28,
30.812,16,14,22,28,
30.8133,3,7,22,25,
30.8147,-14,2,2,16,
30.816,-12,10,6,20,
30.8174,8,9,17,18,
30.8188,42,13,21,29,
30.8202,41,18,20,33,
30.8215,41,33,23,34,
30.8229,49,43,38,34,
30.8242,47,35,34,34,
30.8255,47,35,34,34,
30.8268,34,35,32,21,
30.8282,6,27,30,29,
30.8296,-11,18,17,27,
30.8309,-11,18,17,27,
30.8323,-20,-3,13,17,
30.8336,-9,-1,18,15,
30.835,-9,-1,18,15,
30.8363,2,17,16,24,
30.8377,42,46,14,38,
30.839,59,37,31,32,
30.8404,54,45,32,38,
30.8417,54,45,32,38,
30.843,28,30,34,33,
30.8444,22,24,32,35,
30.8459,7,19,23,25,
30.8473,3,3,9,14,
30.8488,3,3,9,14,
30.8503,-4,6,6,11,
30.8517,-8,14,0,8,
30.8531,3,13,8,10,
30.8546,34,34,34,33,
30.856,43,33,33,35,
30.8574,58,39,28,39,
30.8587,41,28,33,27,
30.8601,41,28,33,27,
30.8614,32,22,31,24,
30.8628,7,23,30,28,
30.8641,0,28,25,25,
30.8655,-14,21,11,30,
30.8668,-7,-8,8,21,
30.8682,-7,-8,8,21,
30.8695,3,10,17,18,
30.8709,37,34,34,35,
30.8722,48,41,39,34,
30.8736,63,46,47,33,
30.8749,64,45,50,27,
30.8762,46,33,48,28,
30.8776,46,33,48,28,
30.879,24,29,34,38,
30.8803,3,27,30,23,
30.8817,-15,19,23,16,
30.8831,-21,11,6,16,
30.8844,3,2,15,31,
30.8858,3,2,15,31,
30.8872,10,25,24,28,
30.8885,27,37,30,38,
30.8899,37,34,34,33,
30.8913,55,32,29,34,
30.8926,63,43,23,38,
30.894,47,48,25,38,
30.8953,22,46,23,35,
30.8967,16,33,25,26,
30.8981,3,24,23,24,
30.8994,-8,5,19,23,
30.9008,-7,1,20,22,
30.9021,-4,12,18,20,
30.9035,-4,12,18,20,
30.9049,-2,14,17,23,
30.9062,61,30,25,16,
30.9076,43,30,30,22,
30.9089,56,38,33,33,
30.9103,63,50,37,31,
30.9117,50,46,26,26,
30.913,33,40,29,27,
30.9144,16,33,28,25,
30.9157,1,17,23,10,
30.9171,-4,4,16,15,
30.9185,-4,4,16,15,
30.9198,-17,6,9,20,
30.9212,-10,2,7,24,
30.9226,7,14,17,32,
30.9239,23,31,29,26,
30.9253,44,41,35,19,
30.9267,53,56,34,29,
30.9281,53,56,34,29,
30.9294,31,39,28,36,
30.9308,18,23,15,28,
30.9321,1,15,22,26,
30.9335,-1,12,21,19,
30.9349,-6,10,11,21,
30.9362,-10,-5,13,19,
30.9375,-16,-8,5,17,
30.9389,-5,11,11,19,
30.9402,11,19,24,30,
30.9415,32,29,28,28,
30.9429,60,35,42,29,
30.9442,52,35,37,31,
30.9456,52,35,37,31,
30.9469,24,35,20,34,
30.9483,24,35,20,34,
30.9496,6,18,18,33,
30.951,-17,23,27,25,
30.9524,-20,10,22,27,
30.9537,-17,11,21,19,
30.9551,-17,11,21,19,
30.9564,17,25,20,29,
30.9578,36,40,33,26,
30.9591,48,42,34,20,
30.9605,51,38,37,36,
30.9619,51,38,37,36,
30.9632,51,38,37,36,
30.9646,38,38,25,24,
30.9659,11,25,26,16,
30.9673,-11,9,20,22,
30.9686,-1,13,19,26,
30.97,-11,-3,14,14,
30.9714,-11,-3,14,14,
30.9727,-4,1,24,9,
30.9741,33,30,25,22,
30.9755,37,43,23,25,
30.9768,38,43,25,33,
30.9782,46,43,25,33,
30.9796,43,41,30,28,
30.9809,43,41,30,28,
30.9823,28,36,27,34,
30.9837,22,33,29,26,
30.985,9,14,17,24,
30.9864,8,4,13,17,
30.9878,-11,-7,23,8,
30.9891,-11,-7,23,8,
30.9905,6,6,17,10,
30.9919,21,24,18,9,
30.9933,30,31,29,17,
30.9946,43,34,30,25,
30.9961,52,47,32,41,
30.9974,45,37,39,37,
30.9988,45,37,39,37,
31.0001,6,23,20,31,
31.0015,3,25,18,25,
31.0029,-1,20,17,19,
31.0042,-18,9,12,18,
31.0056,-6,9,18,15,
31.007,-3,8,17,18,
31.0083,13,12,23,21,
31.0097,22,27,28,31,
31.011,34,40,37,30,
31.0124,51,49,40,32,
31.0137,46,48,36,30,
31.0151,46,48,36,30,
31.0165,30,51,27,32,
31.0179,8,32,12,26,
31.0192,8,32,12,26,
31.0206,-8,26,13,20,
31.0219,-8,13,16,17,
31.0233,4,19,13,14,
31.0247,4,19,13,14,
31.026,9,22,27,22,
31.0274,32,48,29,38,
31.0287,30,40,31,30,
31.0301,52,49,41,32,
31.0314,42,30,30,29,
31.0327,42,30,30,29,
31.0341,42,30,30,29,
31.0354,21,26,26,33,
31.0368,11,19,26,33,
31.0381,-2,13,15,29,
31.0395,-16,-2,15,11,
31.0409,-16,-2,15,11,
31.0423,-13,11,22,8,
31.0437,27,20,29,10,
31.045,42,28,34,9,
31.0464,50,33,38,17,
31.0478,61,41,32,20,
31.0492,46,41,32,25,
31.0506,46,41,32,25,
31.0519,37,36,33,23,
31.0533,-4,28,20,28,
31.0547,-9,30,11,25,
31.0561,-6,22,15,18,
31.0574,-20,7,3,27,
31.059,-20,7,3,27,
31.0604,-6,8,17,20,
31.0618,23,15,29,25,
31.0633,47,27,34,34,
31.0647,61,47,24,25,
31.0661,63,50,33,29,
31.0674,53,44,30,24,
31.0688,31,31,28,18,
31.0702,17,22,19,22,
31.0715,-1,11,15,17,
31.0729,-25,-4,11,21,
31.0743,-25,-4,11,21,
31.0756,-19,-14,17,13,
31.077,9,-1,25,16,
31.0783,9,-1,25,16,
31.0797,42,18,21,20,
31.0811,51,21,25,23,
31.0824,65,49,50,28,
31.0838,44,36,43,33,
31.0851,33,22,31,29,
31.0865,18,14,19,27,
31.0878,18,14,19,27,
31.0892,1,1,18,31,
31.0906,-4,0,19,24,
31.092,-19,-23,12,14,
31.0933,-12,-18,18,9,
31.0947,-10,-6,12,12,
31.096,13,9,16,9,
31.0973,35,23,19,23,
31.0986,41,21,20,30,
31.1,43,29,47,33,
31.1013,43,29,47,33,
31.1026,31,16,43,32,
31.104,27,10,35,26,
31.1053,19,-6,20,20,
31.1067,-10,-21,18,18,
31.1081,-16,-28,24,27,
31.1094,-41,-36,23,9,
31.1107,-16,-39,20,4,
31.1121,-4,-29,27,17,
31.1134,20,0,28,19,
31.1147,30,3,28,27,
31.116,37,6,27,29,
31.1174,45,15,24,33,
31.1187,30,8,27,31,
31.1201,30,8,27,31,
31.1214,23,4,27,26,
31.1228,8,-3,16,24,
31.1241,-13,-11,18,11,
31.1255,-36,-21,6,10,
31.1269,-32,-32,-4,-8,
31.1282,-18,-38,-12,-8,
31.1295,-16,-40,-22,-4,
31.1308,-3,-21,-16,-17,
31.1322,-39,54,-93,-104,
31.1336,-129,-122,-205,-221,
31.1349,-129,-122,-205,-221,
31.1362,-129,-122,-205,-221,
31.1376,-314,-761,-408,-464,
31.1389,-393,-972,-454,-539,
31.1402,-451,-1099,-488,-593,
31.1416,-465,-1133,-488,-618,
31.143,-467,-1087,-474,-608,
31.1443,-444,-1014,-434,-587,
31.1457,-411,-934,-401,-545,
31.147,-362,-863,-367,-497,
31.1484,-309,-783,-340,-443,
31.1498,-272,-706,-314,-409,
31.1511,-240,-637,-278,-372,
31.1525,-219,-580,-248,-331,
31.1539,-219,-580,-248,-331,
31.1553,-198,-494,-205,-281,
31.1567,-202,-469,-186,-265,
31.1581,-202,-446,-174,-249,
31.1594,-182,-396,-158,-229,
31.1608,-178,-378,-155,-215,
31.1622,-178,-378,-155,-215,
31.1636,-160,-350,-141,-194,
31.165,-136,-329,-130,-176,
31.1664,-110,-278,-107,-150,
31.1677,-96,-267,-98,-148,
31.1691,-69,-250,-91,-138,
31.1704,-89,-249,-94,-132,
31.1718,-82,-243,-86,-121,
31.1732,-93,-236,-81,-114,
31.1746,-111,-230,-80,-111,
31.176,-116,-214,-82,-104,
31.1774,-118,-218,-89,-109,
31.1788,-118,-218,-89,-109,
31.1801,-110,-201,-78,-103,
31.1815,-82,-176,-69,-96,
31.1829,-72,-167,-57,-87,
31.1843,-43,-135,-52,-75,
31.1856,-37,-122,-57,-79,
31.187,-37,-122,-57,-79,
31.1883,-39,-125,-53,-61,
31.1897,-48,-132,-55,-64,
31.191,-56,-131,-53,-70,
31.1924,-52,-121,-47,-72,
31.1938,-73,-133,-57,-67,
31.1951,-73,-133,-57,-67,
31.1964,-73,-133,-57,-67,
31.1978,-68,-112,-50,-62,
31.1991,-54,-106,-37,-56,
31.2004,-38,-96,-31,-51,
31.2018,-19,-95,-34,-51,
31.2031,-14,-80,-24,-45,
31.2044,-4,-73,-15,-42,
31.2058,-9,-70,-21,-34,
31.2072,-38,-87,-26,-44,
31.2086,-52,-87,-18,-43,
31.2099,-57,-73,-14,-51,
31.2112,-52,-63,-19,-46,
31.2125,-52,-63,-19,-46,
31.2139,-47,-69,-17,-37,
31.2152,-44,-68,-21,-38,
31.2165,-32,-58,-21,-25,
31.2179,-12,-40,-17,-17,
31.2192,-6,-27,-11,-18,
31.2205,9,-30,-8,-19,
31.2218,7,-41,-6,-14,
31.2232,1,-37,1,-17,
31.2246,-19,-41,2,-21,
31.226,-34,-35,-11,-20,
31.2273,-40,-41,-21,-13,
31.2287,-40,-41,-21,-13,
31.23,-46,-53,-17,-25,
31.2314,-43,-56,-23,-25,
31.2328,-37,-43,-12,-21,
31.2341,-8,-27,2,-3,
31.2355,-3,-21,3,-2,
31.2369,-3,-21,3,-2,
31.2382,3,-20,12,-9,
31.2396,14,-11,8,-8,
31.241,5,-14,5,-5,
31.2423,-5,-13,1,-12,
31.2437,-25,-15,6,-17,
31.245,-25,-15,6,-17,
31.2464,-24,-17,9,-18,
31.2478,-37,-33,-8,-23,
31.2491,-25,-25,-9,-16,
31.2507,-12,-22,-8,-11,
31.2521,2,6,14,0,
31.2536,2,6,14,0,
31.2551,16,17,27,9,
31.2564,16,17,27,9,
31.2578,27,13,14,16,
31.2591,4,-4,20,6,
31.2605,-6,-1,19,-3,
31.2619,-6,-1,19,-3,
31.2633,-13,-4,5,-5,
31.2647,-24,-1,-3,1,
31.266,-8,-15,8,5,
31.2674,-5,-16,15,3,
31.2687,14,-1,18,10,
31.2701,14,-1,18,10,
31.2715,24,17,19,6,
31.2728,13,16,18,16,
31.2742,15,16,23,19,
31.2756,19,19,25,12,
31.2769,6,11,21,3,
31.2783,6,11,21,3,
31.2797,-2,5,12,3,
31.2811,-6,9,12,11,
31.2824,-13,8,-1,8,
31.2838,-2,-6,11,6,
31.2851,-2,3,21,10,
31.2864,-2,3,21,10,
31.2878,-2,3,21,10,
31.2892,8,10,27,18,
31.2906,24,24,29,31,
31.2919,22,25,27,23,
31.2933,31,16,18,22,
31.2947,25,15,17,15,
31.2961,6,16,19,12,
31.2974,2,15,17,15,
31.2988,-6,2,23,0,
31.3001,-16,4,16,9,
31.3015,-11,3,8,5,
31.3028,-11,3,8,5,
31.3042,15,13,14,10,
31.3055,19,19,24,16,
31.3069,34,21,24,20,
31.3082,36,6,20,16,
31.3096,32,16,16,20,
31.311,16,17,12,28,
31.3123,8,12,20,17,
31.3136,5,11,23,9,
31.315,3,11,15,14,
31.3163,-9,4,17,8,
31.3177,-9,4,17,8,
31.3191,-4,0,22,7,
31.3204,-4,0,22,7,
31.3217,14,18,25,20,
31.3231,29,16,25,31,
31.3245,35,11,33,36,
31.3259,31,30,24,26,
31.3273,26,19,20,21,
31.3286,26,19,20,21,
31.33,9,13,15,28,
31.3313,14,11,16,21,
31.3327,14,11,16,21,
31.334,-23,4,4,14,
31.3354,-16,13,9,17,
31.3368,-12,7,19,22,
31.3381,-12,7,19,22,
31.3395,24,33,20,20,
31.3408,37,32,29,30,
31.3421,43,30,29,36,
31.3435,30,25,22,28,
31.3448,30,25,22,28,
31.3462,12,17,22,28,
31.3475,6,14,19,18,
31.3489,5,17,16,18,
31.3502,5,17,16,18,
31.3516,-5,18,9,18,
31.353,1,14,6,10,
31.3544,-8,7,1,8,
31.3558,5,15,7,8,
31.3571,31,24,34,17,
31.3584,27,34,38,25,
31.3598,33,36,30,25,
31.3612,25,26,25,29,
31.3626,30,30,22,30,
31.3639,27,37,16,25,
31.3652,8,30,19,18,
31.3665,9,13,26,22,
31.3679,4,10,19,18,
31.3693,-5,9,19,14,
31.3707,-9,20,15,9,
31.372,2,18,22,12,
31.3733,26,18,29,15,
31.3747,44,25,25,17,
31.376,48,25,24,28,
31.3774,48,25,24,28,
31.3788,35,24,23,35,
31.3801,19,22,22,29,
31.3815,19,22,22,29,
31.3829,25,8,35,24,
31.3842,8,0,36,20,
31.3856,-12,2,28,23,
31.387,-12,2,28,23,
31.3883,-3,11,25,22,
31.3897,16,17,30,25,
31.3911,20,23,32,32,
31.3924,44,29,24,33,
31.3937,57,26,24,29,
31.3951,57,26,24,29,
31.3965,48,31,28,33,
31.3978,29,28,31,41,
31.3992,22,27,30,32,
31.4007,5,22,28,20,
31.4022,5,22,28,20,
31.4036,9,25,25,19,
31.4049,1,11,31,8,
31.4063,7,10,22,10,
31.4076,23,18,20,10,
31.409,40,32,42,27,
31.4103,40,32,42,27,
31.4116,40,32,42,27,
31.413,35,32,34,25,
31.4143,31,32,26,23,
31.4157,17,14,32,33,
31.417,1,19,37,23,
31.4184,-1,17,24,19,
31.4198,8,10,26,24,
31.4212,5,5,22,24,
31.4226,-3,8,13,15,
31.4239,13,10,19,17,
31.4253,15,26,29,23,
31.4266,22,32,26,36,
31.4279,22,32,26,36,
31.4293,21,33,19,32,
31.4306,40,35,23,26,
31.432,26,34,31,20,
31.4334,34,25,19,28,
31.4347,22,14,19,24,
31.4361,3,21,23,24,
31.4375,-4,15,25,19,
31.4389,3,13,23,22,
31.4403,-4,21,13,18,
31.4417,-4,21,13,18,
31.4431,9,27,19,22,
31.4445,37,30,21,34,
31.4461,34,28,23,29,
31.4475,42,24,27,29,
31.4489,32,14,30,24,
31.4503,14,23,28,16,
31.4517,10,18,18,13,
31.4531,5,13,22,9,
31.4546,5,13,22,9,
31.456,6,16,26,15,
31.4574,-4,22,13,16,
31.4589,22,17,18,17,
31.4602,27,30,19,20,
31.4617,30,22,23,33,
31.463,26,30,24,31,
31.4643,35,34,27,28,
31.4657,36,24,28,23,
31.467,36,24,28,23,
31.4684,18,18,25,21,
31.4698,10,9,29,11,
31.4712,5,19,26,15,
31.4725,-15,13,16,15,
31.4739,-15,13,16,15,
31.4753,6,17,9,22,
31.4766,18,38,31,32,
31.478,29,28,37,33,
31.4793,34,21,26,26,
31.4807,34,21,26,26,
31.482,41,19,33,32,
31.4834,37,21,26,22,
31.4847,19,20,22,19,
31.4861,3,20,22,27,
31.4875,2,19,18,24,
31.4888,-3,22,20,19,
31.4902,-6,18,11,14,
31.4915,3,11,14,18,
31.4929,6,16,20,18,
31.4943,14,23,20,21,
31.4956,27,32,20,27,
31.497,37,29,23,27,
31.4984,41,28,19,27,
31.4997,47,43,22,27,
31.5011,30,30,27,21,
31.5025,20,17,31,29,
31.5039,8,8,18,14,
31.5052,14,10,11,9,
31.5066,-3,11,5,15,
31.508,-10,8,5,13,
31.5093,-10,8,5,13,
31.5108,-4,2,13,11,
31.5121,13,27,28,28,
31.5135,35,24,22,37,
31.5148,36,26,18,29,
31.5162,43,32,23,24,
31.5176,36,30,28,22,
31.519,29,24,36,20,
31.5204,16,13,24,20,
31.5217,4,13,24,20,
31.5231,4,13,24,20,
31.5245,-15,2,18,24,
31.5259,-15,2,18,24,
31.5272,-11,7,19,19,
31.5286,16,22,6,16,
31.5299,37,27,15,23,
31.5313,44,19,21,22,
31.5326,39,18,32,19,
31.534,26,17,27,27,
31.5354,28,13,24,29,
31.5368,11,15,15,23,
31.5382,4,14,23,17,
31.5395,3,17,19,15,
31.5409,3,17,19,15,
31.5422,-4,14,16,9,
31.5436,-7,18,14,5,
31.545,-5,20,21,6,
31.5463,22,28,22,21,
31.5477,17,32,23,26,
31.549,36,27,23,22,
31.5504,36,27,23,22,
31.5518,36,32,25,22,
31.5531,33,29,25,20,
31.5545,21,18,25,27,
31.5559,10,1,19,26,
31.5573,1,-1,19,17,
31.5586,1,-1,19,17,
31.56,-11,8,15,11,
31.5614,-3,10,17,6,
31.5628,-3,14,9,13,
31.5641,27,32,28,21,
31.5655,27,32,28,21,
31.5669,37,16,23,18,
31.5682,29,19,23,22,
31.5697,27,16,30,25,
31.571,23,22,26,28,
31.5724,17,10,12,31,
31.5738,9,-3,11,17,
31.5751,9,-3,11,17,
31.5764,-12,-14,15,13,
31.5778,-6,-11,7,15,
31.5792,1,0,13,15,
31.5805,-3,6,9,16,
31.5819,9,14,9,19,
31.5833,20,16,23,16,
31.5846,22,21,24,13,
31.5859,26,21,19,16,
31.5873,29,16,18,11,
31.5886,22,12,14,11,
31.59,5,20,7,19,
31.5914,5,20,7,19,
31.5928,9,12,12,18,
31.5942,4,10,8,7,
31.5955,-12,0,16,-1,
31.5969,10,11,11,-2,
31.5983,18,21,19,2,
31.5996,24,15,32,12,
31.601,22,16,36,13,
31.6024,22,16,36,13,
31.6038,31,26,25,24,
31.6051,23,25,24,21,
31.6065,10,23,20,26,
31.6079,7,10,28,19,
31.6092,6,11,14,14,
31.6106,5,17,12,13,
31.612,-6,10,6,11,
31.6133,4,16,14,10,
31.6147,12,11,13,21,
31.6161,12,11,13,21,
31.6175,14,23,18,18,
31.6188,20,31,28,18,
31.6202,33,28,27,18,
31.6216,16,16,28,31,
31.623,22,20,16,33,
31.6243,8,14,6,19,
31.6257,7,6,8,18,
31.6271,-1,4,11,25,
31.6284,0,1,12,12,
31.6298,5,2,8,1,
31.6311,-1,7,19,7,
31.6325,-1,7,19,7,
31.6338,4,18,17,20,
31.6352,33,23,22,25,
31.6366,33,27,23,23,
31.6379,16,17,32,24,
31.6393,21,24,27,24,
31.6407,14,12,19,23,
31.6422,19,8,19,28,
31.6435,1,10,7,20,
31.6451,-10,12,7,12,
31.6466,-18,7,9,7,
31.6481,-4,5,12,7,
31.6497,11,9,8,20,
31.6513,11,9,8,20,
31.6526,18,20,10,22,
31.654,24,18,18,31,
31.6555,27,10,21,29,
31.6568,16,9,23,21,
31.6582,13,6,30,14,
31.6596,12,1,22,8,
31.661,6,8,19,23,
31.6625,6,8,19,23,
31.6639,9,15,17,16,
31.6652,-2,-3,15,6,
31.6667,4,6,18,11,
31.6681,13,22,19,22,
31.6695,14,24,27,20,
31.671,23,28,25,21,
31.6723,21,27,23,26,
31.6737,31,24,32,28,
31.6751,30,21,24,29,
31.6764,8,4,21,19,
31.6778,-13,0,13,17,
31.6792,-7,-1,20,9,
31.6805,-7,-1,20,9,
31.6819,-7,-6,13,9,
31.6832,-16,-3,17,14,
31.6846,-1,2,23,17,
31.6859,12,21,26,24,
31.6874,25,18,24,26,
31.6887,30,22,28,31,
31.6901,19,23,33,35,
31.6915,12,24,35,23,
31.6928,3,31,24,12,
31.6942,4,14,19,3,
31.6955,1,7,25,3,
31.6969,1,7,25,3,
31.6982,-9,3,27,3,
31.6996,-7,12,22,14,
31.701,4,17,10,18,
31.7024,4,30,21,26,
31.7037,16,38,25,27,
31.7051,23,33,25,29,
31.7065,23,33,25,29,
31.7078,34,30,35,16,
31.7092,21,29,34,17,
31.7105,18,26,31,18,
31.7118,5,13,26,13,
31.7131,5,13,26,13,
31.7145,-1,9,20,15,
31.7159,-9,2,15,13,
31.7173,6,0,14,14,
31.7186,15,5,13,16,
31.72,13,12,19,23,
31.7214,22,23,21,27,
31.7228,24,22,27,32,
31.7241,29,24,28,35,
31.7255,20,27,44,33,
31.7269,20,28,41,25,
31.7282,20,28,41,25,
31.7296,7,15,10,19,
31.7309,5,11,13,27,
31.7323,6,15,17,23,
31.7336,7,11,10,21,
31.735,15,9,7,19,
31.7364,15,9,7,19,
31.7377,17,19,17,13,
31.7391,21,29,31,15,
31.7404,18,25,28,26,
31.7418,25,35,23,28,
31.7431,20,26,21,28,
31.7444,15,31,20,23,
31.7458,13,20,17,24,
31.7471,5,21,17,30,
31.7484,-3,19,27,18,
31.7498,-3,19,27,18,
31.7512,-5,24,27,17,
31.7525,7,18,20,18,
31.754,5,22,21,26,
31.7553,19,16,24,35,
31.7566,28,27,24,29,
31.7579,28,27,24,29,
31.7593,24,33,23,22,
31.7606,18,27,26,17,
31.762,17,23,29,22,
31.7633,15,24,23,22,
31.7647,9,25,10,25,
31.766,17,15,14,28,
31.7674,14,2,13,15,
31.7688,3,-1,15,18,
31.7701,10,16,18,20,
31.7714,8,18,23,26,
31.7728,8,18,23,26,
31.7742,12,15,30,20,
31.7756,22,22,39,21,
31.7769,28,18,33,26,
31.7783,13,27,21,23,
31.7796,10,23,34,21,
31.781,4,16,31,27,
31.7824,4,16,31,27,
31.7837,-11,9,19,22,
31.7851,3,13,5,24,
31.7864,4,10,17,25,
31.7878,24,21,21,36,
31.7892,24,21,21,36,
31.7905,24,21,21,36,
31.792,22,41,23,34,
31.7933,17,43,25,37,
31.7947,10,37,24,26,
31.796,21,31,28,26,
31.7974,24,35,26,27,
31.7988,7,22,23,27,
31.8002,-8,27,22,31,
31.8015,8,21,21,20,
31.8029,17,15,10,10,
31.8043,17,15,10,10,
31.8058,18,27,17,26,
31.8072,16,27,27,31,
31.8085,23,42,21,32,
31.8099,23,42,21,32,
31.8113,36,40,30,34,
31.8126,36,40,30,34,
31.814,19,27,24,28,
31.8154,23,10,19,28,
31.8167,14,22,24,32,
31.8181,1,11,13,25,
31.8194,1,11,13,25,
31.8208,-1,7,1,19,
31.8222,6,18,17,15,
31.8235,18,29,26,22,
31.8249,27,28,26,25,
31.8263,35,28,34,28,
31.8276,35,28,34,28,
31.829,29,32,30,29,
31.8303,29,32,16,32,
31.8317,18,18,22,26,
31.8331,27,19,20,20,
31.8345,27,19,20,20,
31.8359,18,16,27,10,
31.8372,9,5,25,10,
31.8385,13,9,16,17,
31.8399,5,13,27,28,
31.8413,22,13,28,27,
31.8428,15,20,32,25,
31.8442,15,20,32,25,
31.8457,26,36,25,32,
31.8473,19,46,28,22,
31.8487,27,36,28,27,
31.8503,4,16,9,18,
31.8516,4,16,9,18,
31.853,-6,18,10,22,
31.8544,-1,9,26,27,
31.8558,2,11,19,30,
31.8571,3,17,26,29,
31.8585,3,17,26,29,
31.8599,2,18,24,23,
31.8612,17,23,32,30,
31.8625,20,19,30,27,
31.8639,19,32,23,22,
31.8653,17,24,18,22,
31.8667,19,23,19,25,
31.8681,12,16,19,23,
31.8694,6,12,16,24,
31.8708,2,6,21,27,
31.8721,2,13,14,20,
31.8735,14,25,10,23,
31.875,16,30,16,30,
31.8763,25,21,28,25,
31.8777,32,16,22,28,
31.879,44,22,20,31,
31.8803,35,26,26,28,
31.8817,35,26,26,28,
31.8831,21,36,27,24,
31.8844,14,29,28,19,
31.8857,5,28,21,23,
31.8871,17,30,16,24,
31.8884,-5,17,11,21,
31.8897,-3,11,16,29,
31.891,5,17,23,28,
31.8924,8,17,21,29,
31.894,28,26,33,32,
31.8954,28,26,33,32,
31.8968,22,36,34,26,
31.8981,23,32,27,21,
31.8995,23,32,27,21,
31.9008,21,40,20,29,
31.9022,19,40,23,24,
31.9035,12,17,17,22,
31.9049,10,18,24,19,
31.9062,12,25,26,18,
31.9076,16,27,14,17,
31.9089,16,27,14,17,
31.9103,13,21,15,24,
31.9116,28,34,31,24,
31.913,26,36,28,25,
31.9144,33,38,37,33,
31.9157,33,34,39,39,
31.9171,42,29,30,37,
31.9184,34,27,17,31,
31.9197,22,13,13,27,
31.9211,11,9,34,17,
31.9224,8,13,26,16,
31.9238,8,13,26,16,
31.9252,10,10,19,13,
31.9265,21,14,19,11,
31.9279,11,27,23,18,
31.9292,22,27,29,19,
31.9305,24,31,19,28,
31.9319,19,30,29,29,
31.9333,19,30,29,29,
31.9347,28,23,26,24,
31.9361,21,16,23,18,
31.9374,12,19,21,23,
31.9388,11,21,31,17,
31.9402,11,21,28,9,
31.9415,15,20,17,19,
31.9429,20,24,10,21,
31.9442,19,14,18,21,
31.9456,14,14,34,25,
31.947,19,29,27,31,
31.9483,31,36,24,34,
31.9497,31,36,24,34,
31.951,25,30,17,36,
31.9524,28,30,15,22,
31.9538,18,18,16,21,
31.9552,6,16,21,15,
31.9566,-8,13,17,18,
31.9579,-8,13,17,18,
31.9594,-7,8,20,30,
31.9607,-1,17,27,22,
31.9621,2,25,29,18,
31.9634,23,38,35,24,
31.9648,32,32,43,25,
31.9662,26,30,33,31,
31.9675,19,30,24,31,
31.9689,26,26,28,21,
31.9703,23,21,19,22,
31.9717,23,14,15,29,
31.973,23,14,15,29,
31.9744,10,7,21,32,
31.9757,11,13,17,16,
31.9771,14,6,18,12,
31.9785,13,17,21,27,
31.9799,19,15,17,28,
31.9812,19,15,17,28,
31.9826,23,29,24,27,
31.984,38,42,27,23,
31.9853,41,37,32,25,
31.9867,27,13,16,29,
31.9881,18,11,15,32,
31.9895,18,11,15,32,
31.9908,0,21,23,32,
31.9922,-6,11,21,31,
31.9936,-5,15,15,27,
31.995,4,15,13,22,
31.9963,10,26,19,27,
31.9977,31,28,22,31,
31.9991,26,18,24,24,
32.0004,28,26,31,26,
32.0017,25,28,33,27,
32.0031,25,28,33,27,
32.0044,23,19,25,30,
32.0058,7,19,24,24,
32.0071,7,19,24,24,
32.0085,9,27,18,18,
32.0098,3,22,20,23,
32.0111,-3,18,21,24,
32.0124,0,22,24,29,
32.0138,12,20,23,20,
32.0152,12,20,23,20,
32.0165,31,19,28,18,
32.0179,25,23,21,19,
32.0192,39,35,29,25,
32.0206,42,30,38,27,
32.0219,13,23,25,24,
32.0233,13,23,25,24,
32.0246,11,16,29,26,
32.026,13,15,30,31,
32.0274,-4,1,22,18,
32.0287,-8,15,27,12,
32.0301,-7,16,21,13,
32.0314,7,11,18,20,
32.0327,7,11,18,20,
32.0341,33,18,27,22,
32.0354,34,17,26,28,
32.0368,38,18,28,23,
32.0381,21,18,29,22,
32.0395,21,13,30,31,
32.0409,18,10,32,33,
32.0423,12,8,23,21,
32.0437,4,-1,24,22,
32.045,-3,-5,14,22,
32.0464,-5,2,14,12,
32.0478,0,15,12,10,
32.0493,19,22,21,28,
32.051,19,22,21,28,
32.0524,33,25,31,38,
32.054,29,33,31,35,
32.0554,33,41,34,32,
32.0567,23,24,29,34,
32.0582,22,12,15,26,
32.0595,0,21,17,23,
32.0609,0,21,17,23,
32.0625,5,25,15,25,
32.0639,2,1,24,23,
32.0652,12,1,21,12,
32.0666,31,27,26,24,
32.068,23,21,18,28,
32.0694,23,21,18,28,
32.0708,37,18,23,31,
32.0721,38,22,24,29,
32.0734,33,22,22,28,
32.0748,16,16,27,22,
32.0761,5,16,36,12,
32.0775,5,16,36,12,
32.0789,12,7,27,11,
32.0802,-9,16,25,14,
32.0816,6,13,29,20,
32.083,12,24,34,28,
32.0843,17,31,42,37,
32.0856,26,32,36,43,
32.087,16,25,25,42,
32.0883,24,20,33,33,
32.0896,31,25,19,37,
32.0909,31,25,19,37,
32.0925,31,25,19,37,
32.0938,9,13,19,32,
32.0951,2,22,16,27,
32.0965,0,13,20,25,
32.0978,-2,16,20,19,
32.0992,8,31,17,15,
32.1006,8,31,17,15,
32.102,24,35,21,24,
32.1033,23,30,25,24,
32.1047,38,32,29,26,
32.1061,27,36,30,27,
32.1074,21,22,33,21,
32.1088,21,22,33,21,
32.1101,9,22,38,21,
32.1115,11,25,29,26,
32.1128,11,30,23,19,
32.1142,-5,27,12,4,
32.1156,3,17,7,15,
32.1169,-1,13,9,19,
32.1182,13,13,11,18,
32.1197,32,28,24,28,
32.121,38,35,34,29,
32.1223,31,40,39,25,
32.1237,31,40,39,25,
32.1251,19,43,35,27,
32.1266,13,42,35,24,
32.1279,7,23,28,25,
32.1293,6,22,24,27,
32.1307,7,25,26,23,
32.1321,11,27,20,12,
32.1334,6,17,20,14,
32.1348,-4,12,21,25,
32.1362,6,20,24,27,
32.1375,33,19,31,18,
32.1389,33,19,31,18,
32.1403,33,27,29,18,
32.1417,29,38,22,25,
32.143,18,42,21,30,
32.1443,9,21,26,34,
32.1457,17,15,20,29,
32.147,9,24,20,29,
32.1484,8,16,20,24,
32.1498,8,16,20,24,
32.1511,-1,11,21,19,
32.1525,12,27,22,23,
32.1538,12,27,22,23,
32.1552,37,39,33,22,
32.1566,32,40,22,21,
32.158,32,40,22,21,
32.1594,34,28,28,32,
32.1607,28,37,31,32,
32.1621,19,38,31,22,
32.1635,1,27,23,18,
32.1649,6,27,16,18,
32.1663,6,27,16,18,
32.1676,0,9,22,20,
32.169,8,17,19,19,
32.1704,8,17,19,19,
32.1718,21,36,36,23,
32.1731,33,38,39,27,
32.1746,39,40,36,28,
32.1759,26,45,34,27,
32.1773,28,40,21,19,
32.1787,20,31,26,15,
32.18,3,1,23,20,
32.1814,-4,14,32,15,
32.1828,-4,14,32,15,
32.1842,-14,6,32,14,
32.1855,2,1,18,16,
32.187,17,17,22,24,
32.1883,30,15,25,31,
32.1897,22,28,32,31,
32.191,22,28,32,31,
32.1924,21,34,38,39,
32.1937,24,33,34,24,
32.1951,21,20,21,21,
32.1964,14,22,27,17,
32.1978,3,24,28,23,
32.1992,0,18,27,23,
32.2005,-11,6,28,31,
32.2019,-4,10,25,31,
32.2032,2,10,15,25,
32.2046,14,12,19,24,
32.206,20,28,31,33,
32.2073,32,31,24,37,
32.2087,38,37,14,34,
32.21,46,41,16,34,
32.2113,29,26,17,31,
32.2127,11,23,12,35,
32.2141,14,14,20,26,
32.2154,14,14,20,26,
32.2168,8,5,23,24,
32.2181,0,9,22,23,
32.2195,-14,11,17,13,
32.2209,5,12,17,19,
32.2222,12,18,26,24,
32.2236,12,18,26,24,
32.2249,24,29,39,21,
32.2263,25,26,43,26,
32.2277,25,32,35,24,
32.2291,26,30,22,20,
32.2304,26,30,22,20,
32.2318,20,33,20,24,
32.2331,17,24,22,18,
32.2345,-1,6,12,28,
32.2358,-1,6,12,28,
32.2371,7,13,14,20,
32.2385,12,20,25,23,
32.2399,8,17,25,23,
32.2412,13,24,20,26,
32.2426,25,37,25,23,
32.2439,29,39,31,25,
32.2453,20,23,24,23,
32.2467,25,30,19,21,
32.2481,20,36,26,29,
32.2495,20,36,26,29,
32.2511,14,28,19,21,
32.2526,5,23,21,20,
32.2542,9,2,18,7,
32.2556,10,0,22,7,
32.257,16,20,24,16,
32.2584,31,33,22,26,
32.2597,36,31,23,22,
32.2611,36,31,23,22,
32.2626,37,34,29,34,
32.264,27,29,31,22,
32.2654,20,21,29,20,
32.2668,19,16,21,19,
32.2682,4,5,23,20,
32.2696,-7,18,21,18,
32.271,-1,14,20,12,
32.2723,-5,9,23,9,
32.2737,3,7,23,18,
32.275,31,27,27,28,
32.2764,31,27,27,28,
32.2777,34,29,23,29,
32.2791,36,22,35,29,
32.2804,29,18,24,26,
32.2818,31,23,24,28,
32.2832,23,19,24,23,
32.2845,5,9,28,28,
32.286,3,23,27,24,
32.2873,1,14,24,19,
32.2886,3,15,27,17,
32.29,3,15,27,17,
32.2913,4,23,21,28,
32.2926,9,21,29,32,
32.294,31,23,24,32,
32.2953,38,23,29,30,
32.2967,23,21,29,31,
32.2981,35,24,30,25,
32.2994,24,19,25,19,
32.3007,24,19,25,19,
32.3021,1,5,15,18,
32.3034,10,4,20,15,
32.3047,11,-3,17,27,
32.3061,11,4,20,26,
32.3075,5,8,23,18,
32.3088,5,8,30,17,
32.3102,30,39,27,27,
32.3115,30,39,27,27,
32.3129,32,33,24,31,
32.3143,23,23,21,29,
32.3156,13,22,32,28,
32.3169,18,18,29,29,
32.3182,5,13,30,28,
32.3195,19,16,19,15,
32.3209,19,16,19,15,
32.3222,6,10,27,22,
32.3235,4,16,25,20,
32.3249,0,17,24,28,
32.3263,15,28,28,24,
32.3276,24,28,27,30,
32.3289,32,29,27,31,
32.3303,41,27,28,28,
32.3317,41,27,28,28,
32.333,24,37,32,32,
32.3343,10,22,21,26,
32.3357,5,17,26,32,
32.337,5,17,26,32,
32.3384,10,14,14,15,
32.3398,4,21,19,16,
32.3411,10,25,10,20,
32.3425,13,10,16,31,
32.3438,19,21,23,31,
32.3452,19,21,23,31,
32.3465,15,25,24,35,
32.3479,30,39,16,35,
32.3492,32,33,27,30,
32.3506,25,24,34,27,
32.3519,19,20,38,19,
32.3532,19,20,38,19,
32.3546,11,17,31,17,
32.356,13,18,33,16,
32.3573,6,14,25,16,
32.3587,-5,19,21,15,
32.3601,11,28,26,19,
32.3614,30,36,32,25,
32.3628,30,33,31,29,
32.3642,30,33,31,29,
32.3656,31,33,38,29,
32.3669,29,26,38,35,
32.3683,15,26,37,31,
32.3696,25,25,27,32,
32.371,13,23,25,30,
32.3724,15,11,26,22,
32.3737,-9,6,6,21,
32.375,5,18,11,21,
32.3764,10,16,25,19,
32.3777,10,16,25,19,
32.379,6,22,34,19,
32.3804,24,24,36,21,
32.3818,31,24,36,28,
32.3831,42,38,40,25,
32.3844,29,30,34,29,
32.3858,29,30,34,29,
32.3871,26,24,22,33,
32.3884,11,9,24,30,
32.3898,7,19,20,21,
32.3912,1,19,10,20,
32.3926,0,11,13,30,
32.394,-4,2,19,31,
32.3953,-4,2,19,31,
32.3966,22,18,28,29,
32.398,34,28,21,34,
32.3993,38,27,23,38,
32.4007,37,26,20,38,
32.402,24,29,20,28,
32.4033,24,29,20,28,
32.4047,22,18,21,22,
32.406,19,21,28,25,
32.4074,3,25,22,22,
32.4087,3,25,22,22,
32.4101,5,9,13,23,
32.4115,5,9,13,23,
32.4129,5,20,8,25,
32.4142,31,23,31,33,
32.4156,32,33,40,34,
32.4169,43,31,42,30,
32.4182,29,23,42,34,
32.4195,28,22,36,35,
32.4209,22,20,26,21,
32.4223,19,19,23,20,
32.4236,19,17,14,27,
32.425,12,20,17,26,
32.4264,3,22,17,18,
32.4277,10,20,12,13,
32.4291,12,15,7,13,
32.4304,27,22,11,16,
32.4318,32,27,20,28,
32.4331,22,28,37,34,
32.4345,33,36,42,29,
32.4359,33,36,42,29,
32.4372,25,23,24,25,
32.4386,13,15,26,21,
32.4399,4,9,17,25,
32.4413,6,15,16,20,
32.4427,9,19,15,27,
32.4441,9,19,15,27,
32.4454,6,9,22,30,
32.4469,6,19,27,19,
32.4483,29,31,34,25,
32.4497,43,32,39,26,
32.4511,39,34,35,23,
32.4525,30,32,23,30,
32.454,25,23,20,25,
32.4554,25,23,28,23,
32.4567,19,28,21,25,
32.4581,1,26,17,23,
32.4594,7,26,11,29,
32.4608,7,26,11,29,
32.4621,-6,19,23,7,
32.4635,2,10,26,11,
32.4648,13,15,22,22,
32.4662,24,29,31,32,
32.4675,22,46,28,25,
32.4689,22,46,28,25,
32.4702,46,37,32,40,
32.4716,38,25,17,35,
32.4729,32,24,25,33,
32.4742,24,28,27,28,
32.4756,24,28,27,28,
32.4769,20,29,15,27,
32.4783,8,31,20,20,
32.4796,1,27,22,20,
32.481,6,29,27,17,
32.4823,11,25,27,25,
32.4838,11,25,27,25,
32.4851,27,26,19,31,
32.4866,33,24,26,33,
32.488,27,27,22,35,
32.4893,22,13,29,26,
32.4906,22,13,29,26,
32.492,22,13,29,26,
32.4933,9,10,22,24,
32.4947,17,15,25,20,
32.496,10,9,21,23,
32.4974,7,6,27,25,
32.4987,20,16,21,26,
32.5001,20,16,21,26,
32.5014,31,29,21,21,
32.5027,35,26,34,24,
32.5041,36,27,40,28,
32.5054,30,25,32,24,
32.5068,17,17,31,31,
32.5082,17,17,31,31,
32.5096,20,22,32,34,
32.511,8,23,26,28,
32.5124,1,15,23,18,
32.5137,3,12,12,23,
32.5151,11,16,16,26,
32.5164,9,24,29,25,
32.5178,18,27,32,26,
32.5192,27,35,19,27,
32.5205,37,34,33,35,
32.5219,31,32,26,31,
32.5233,31,32,26,31,
32.5247,32,25,20,25,
32.526,31,18,20,31,
32.5275,27,12,32,31,
32.5289,13,16,20,23,
32.5303,5,2,22,30,
32.5317,5,2,22,30,
32.5331,2,9,22,12,
32.5345,9,23,26,13,
32.5359,26,25,35,27,
32.5372,32,35,26,32,
32.5386,23,31,31,26,
32.54,23,31,31,26,
32.5413,19,19,28,28,
32.5427,13,11,23,27,
32.5441,13,17,31,27,
32.5455,12,25,13,20,
32.5469,15,14,6,23,
32.5482,15,14,6,23,
32.5496,-2,2,14,13,
32.551,-2,4,9,17,
32.5523,18,25,10,18,
32.5537,37,32,28,22,
32.555,37,32,28,22,
32.5564,44,28,36,34,
32.5577,28,25,31,27,
32.5592,28,23,19,31,
32.5605,28,23,19,31,
32.5619,19,28,14,22,
32.5633,16,24,14,10,
32.5647,6,28,11,20,
32.5661,6,27,14,26,
32.5674,8,14,25,23,
32.5688,14,23,27,30,
32.5702,23,22,35,35,
32.5715,22,25,36,34,
32.5729,20,23,29,28,
32.5743,37,24,24,32,
32.5756,34,18,24,36,
32.577,19,14,27,30,
32.5783,9,18,24,20,
32.5797,9,20,25,14,
32.581,15,26,22,24,
32.5824,6,26,26,17,
32.5837,-8,10,16,13,
32.5851,4,12,8,21,
32.5865,4,12,8,21,
32.5879,24,17,15,16,
32.5893,29,28,31,29,
32.5907,28,39,31,29,
32.592,34,45,31,22,
32.5934,27,41,25,29,
32.5948,27,41,25,29,
32.5962,29,27,20,31,
32.5976,0,11,20,25,
32.599,4,12,17,33,
32.6003,5,10,11,34,
32.6017,13,11,16,20,
32.6031,13,11,16,20,
32.6044,30,13,10,21,
32.6058,32,32,32,23,
32.6071,31,40,32,18,
32.6085,34,31,22,30,
32.6099,20,24,28,38,
32.6113,20,24,28,38,
32.6126,26,14,36,30,
32.6139,22,17,26,32,
32.6153,14,13,17,31,
32.6166,8,11,11,33,
32.618,1,2,13,30,
32.6194,3,1,20,27,
32.6207,9,16,15,27,
32.6221,29,24,25,32,
32.6235,41,29,30,22,
32.6249,39,34,30,21,
32.6263,39,34,30,21,
32.6277,24,35,28,32,
32.629,15,32,31,31,
32.6303,27,22,22,26,
32.6317,26,20,19,19,
32.6331,5,24,19,26,
32.6344,3,9,27,24,
32.6358,3,9,27,24,
32.6371,6,14,18,11,
32.6385,24,14,28,18,
32.6399,26,24,33,26,
32.6413,34,35,33,32,
32.6427,39,39,43,26,
32.6441,40,28,33,32,
32.6455,34,20,26,33,
32.6468,24,22,33,33,
32.6482,25,29,29,30,
32.6496,4,16,22,24,
32.651,-10,9,11,17,
32.6524,-10,9,11,17,
32.6538,-2,10,12,10,
32.6552,-2,10,12,10,
32.6565,7,11,26,12,
32.6579,19,27,45,33,
32.6593,25,22,34,35,
32.6606,25,22,34,35,
32.662,34,29,37,28,
32.6633,37,30,26,30,
32.6646,23,21,14,30,
32.666,6,21,13,20,
32.6674,2,23,24,26,
32.6687,4,23,18,25,
32.6701,2,20,14,28,
32.6715,3,25,20,26,
32.6729,2,30,23,19,
32.6742,2,30,23,19,
32.6756,35,22,36,32,
32.6769,35,22,36,32,
32.6783,38,25,29,24,
32.6796,18,19,18,21,
32.681,10,17,22,24,
32.6824,11,5,25,33,
32.6837,7,8,27,29,
32.6851,16,10,18,19,
32.6865,9,8,13,14,
32.6879,12,7,21,12,
32.6892,8,11,29,10,
32.6906,5,27,30,11,
32.692,26,35,29,17,
32.6934,31,29,24,26,
32.6947,39,26,19,36,
32.6961,42,33,22,39,
32.6975,37,22,22,29,
32.699,22,27,16,23,
32.7003,10,20,19,32,
32.7017,11,18,21,27,
32.703,11,18,21,27,
32.7044,0,15,12,21,
32.7057,1,12,18,19,
32.7071,7,22,23,12,
32.7085,6,25,30,19,
32.7098,23,21,34,20,
32.7112,34,27,37,30,
32.7125,43,34,41,39,
32.7139,34,41,33,35,
32.7152,14,28,17,28,
32.7166,2,19,21,21,
32.718,2,19,21,21,
32.7194,-4,18,26,23,
32.7208,5,20,15,26,
32.7222,-1,23,19,22,
32.7236,15,23,12,18,
32.725,24,24,27,25,
32.7263,24,26,26,23,
32.7277,39,31,20,22,
32.7291,32,38,19,31,
32.7305,36,30,27,36,
32.7318,24,33,23,26,
32.7332,26,28,14,27,
32.7346,26,28,14,27,
32.7359,16,18,15,23,
32.7372,20,14,21,18,
32.7386,4,13,24,19,
32.74,6,19,8,10,
32.7414,13,20,13,13,
32.7427,27,31,14,22,
32.7441,36,33,26,21,
32.7454,37,20,39,26,
32.7468,29,25,40,32,
32.7481,23,35,33,22,
32.7495,22,35,26,23,
32.7509,21,15,21,25,
32.7522,10,9,11,30,
32.7536,0,10,18,23,
32.7549,-8,10,21,19,
32.7563,-12,13,23,22,
32.7576,6,23,34,20,
32.759,22,17,32,22,
32.7603,28,19,25,23,
32.7617,28,19,25,23,
32.763,38,13,29,30,
32.7644,43,23,32,37,
32.7658,27,39,26,30,
32.7671,24,34,34,28,
32.7685,8,34,33,23,
32.7698,8,34,33,23,
32.7712,6,32,24,15,
32.7725,0,23,13,12,
32.7739,4,19,15,12,
32.7753,3,24,24,20,
32.7766,18,27,23,22,
32.778,18,27,23,22,
32.7794,23,25,20,20,
32.7807,36,25,21,24,
32.7821,54,34,27,33,
32.7834,42,27,26,29,
32.7848,19,15,15,19,
32.7862,13,4,23,26,
32.7875,13,4,23,26,
32.7889,17,7,11,28,
32.7904,17,7,11,28,
32.7918,12,8,14,24,
32.7931,8,14,25,20,
32.7945,28,11,35,21,
32.7958,40,20,39,32,
32.7972,32,21,38,39,
32.7986,24,29,39,32,
32.7999,26,31,35,35,
32.8013,28,36,24,27,
32.8027,29,37,29,17,
32.8041,19,29,31,18,
32.8054,14,18,28,26,
32.8068,7,14,21,26,
32.8082,4,11,22,28,
32.8096,3,7,21,32,
32.8109,13,25,32,18,
32.8123,13,25,32,18,
32.8136,29,31,34,17,
32.815,30,34,17,32,
32.8163,34,30,17,32,
32.8177,32,21,28,22,
32.819,17,36,22,20,
32.8203,17,36,22,20,
32.8217,17,36,22,20,
32.8231,21,34,25,25,
32.8244,-3,21,23,21,
32.8258,-3,12,23,15,
32.8272,3,21,23,19,
32.8285,27,6,16,23,
32.8299,27,6,16,23,
32.8313,26,13,12,24,
32.8326,38,20,27,31,
32.834,44,21,36,30,
32.8353,44,21,36,30,
32.8367,26,25,31,30,
32.8381,26,25,31,30,
32.8395,16,10,29,30,
32.8408,9,3,28,28,
32.8423,-8,8,29,19,
32.8437,-14,15,19,18,
32.8452,-7,21,31,26,
32.8466,-7,21,31,26,
32.848,7,23,29,20,
32.8494,27,25,28,18,
32.8509,40,22,29,19,
32.8523,42,22,25,28,
32.8537,34,16,26,33,
32.8551,25,23,24,18,
32.8565,25,23,24,18,
32.8579,18,11,25,11,
32.8593,10,11,26,14,
32.8606,-6,14,23,10,
32.862,-5,18,23,23,
32.8634,19,20,19,26,
32.8647,30,22,26,32,
32.8661,32,45,26,30,
32.8674,30,46,35,35,
32.8688,37,45,45,36,
32.8702,37,45,45,36,
32.8716,37,29,39,32,
32.873,31,26,31,22,
32.8743,21,21,11,19,
32.8757,10,10,9,27,
32.877,3,7,11,30,
32.8784,1,13,18,24,
32.8797,11,22,16,20,
32.8811,15,24,19,17,
32.8824,23,28,25,32,
32.8839,38,35,33,25,
32.8852,45,35,35,25,
32.8866,29,33,29,30,
32.888,32,40,32,36,
32.8894,32,32,33,30,
32.8907,14,30,29,28,
32.8921,14,14,24,35,
32.8934,4,18,18,30,
32.8948,3,15,12,25,
32.8962,2,19,15,23,
32.8975,2,19,15,23,
32.8988,11,25,20,16,
32.9002,30,32,22,25,
32.9016,33,29,35,35,
32.9029,35,32,33,40,
32.9043,35,32,33,40,
32.9057,20,33,27,25,
32.907,15,35,31,30,
32.9084,10,28,32,30,
32.9097,5,0,20,18,
32.9111,9,-4,13,21,
32.9124,9,-4,13,21,
32.9138,0,9,16,17,
32.9151,7,17,28,16,
32.9165,9,16,22,20,
32.9179,21,17,18,19,
32.9195,36,29,29,32,
32.9208,36,29,29,32,
32.9222,25,26,23,32,
32.9236,22,25,23,26,
32.9249,15,20,30,18,
32.9263,13,20,15,23,
32.9277,13,20,15,23,
32.929,8,14,14,26,
32.9304,4,12,19,22,
32.9317,12,5,18,20,
32.9331,12,10,16,18,
32.9345,24,19,27,23,
32.9359,19,29,39,28,
32.9373,23,20,30,28,
32.9387,23,20,30,28,
32.9401,23,32,19,32,
32.9414,17,21,22,29,
32.9428,5,11,30,30,
32.9442,6,20,32,21,
32.9456,12,23,23,16,
32.9469,5,13,15,12,
32.9483,4,12,13,21,
32.9496,7,24,9,20,
32.951,18,33,17,21,
32.9523,21,25,34,24,
32.9537,39,39,24,20,
32.955,43,38,26,34,
32.9564,43,38,26,34,
32.9578,36,35,36,26,
32.9591,27,25,24,25,
32.9604,29,18,17,24,
32.9618,24,22,17,25,
32.9632,-1,14,24,28,
32.9646,-1,14,24,28,
32.966,8,19,11,12,
32.9673,22,18,19,9,
32.9687,25,30,28,22,
32.97,27,19,21,29,
32.9714,27,19,21,29,
32.9727,26,34,30,34,
32.9741,25,34,23,33,
32.9755,37,30,24,28,
32.9768,34,22,28,30,
32.9782,13,24,23,18,
32.9795,1,25,24,24,
32.9808,1,25,24,24,
32.9822,0,16,23,27,
32.9836,12,16,24,33,
32.9849,24,16,22,33,
32.9863,25,26,29,35,
32.9876,21,35,42,37,
32.989,32,34,43,28,
32.9903,33,21,30,25,
32.9916,25,23,23,25,
32.9929,15,15,17,28,
32.9943,14,1,12,31,
32.9956,0,7,19,30,
32.9969,0,7,19,30,
32.9983,-2,8,16,21,
32.9996,12,-1,7,22,
33.0009,13,-9,13,17,
33.0023,24,33,22,28,
33.0036,24,33,22,28,
33.0049,32,30,30,28,
33.0062,32,30,30,28,
33.0076,40,39,29,34,
33.009,26,32,37,25,
33.0103,19,27,29,22,
33.0117,21,6,22,26,
33.013,21,6,22,26,
33.0144,18,17,22,28,
33.0158,-3,7,7,22,
33.0171,2,17,22,20,
33.0185,14,22,18,19,
33.0199,29,19,20,17,
33.0212,29,19,20,17,
33.0226,35,14,19,22,
33.0239,41,30,25,24,
33.0253,35,36,28,35,
33.0267,30,44,27,35,
33.0281,21,32,15,24,
33.0294,24,28,14,22,
33.0308,25,22,16,22,
33.0322,12,21,21,29,
33.0335,1,19,15,14,
33.0349,1,19,15,14,
33.0363,-7,27,17,17,
33.0376,27,17,18,27,
33.039,27,17,18,27,
33.0403,39,21,17,31,
33.0417,36,30,20,22,
33.0431,33,35,30,22,
33.0444,16,31,28,23,
33.0458,16,31,28,23,
33.0473,6,12,18,32,
33.0486,-3,5,14,28,
33.0501,-3,5,14,28,
33.0515,1,26,7,24,
33.0528,-1,16,6,21,
33.0541,8,16,24,28,
33.0555,19,16,26,25,
33.0568,30,32,27,35,
33.0583,35,35,29,37,
33.0596,41,31,34,33,
33.061,14,27,27,41,
33.0625,14,27,27,41,
33.0638,14,8,24,27,
33.0652,7,12,21,24,
33.0666,10,17,8,20,
33.0679,3,7,20,26,
33.0693,-5,7,19,26,
33.0707,3,9,18,23,
33.072,11,11,19,15,
33.0734,32,24,26,11,
33.0748,24,24,32,19,
33.0762,38,35,33,34,
33.0776,28,27,22,28,
33.0789,28,27,22,28,
33.0803,16,16,27,22,
33.0816,12,10,24,22,
33.083,6,20,28,25,
33.0843,6,20,28,25,
33.0857,-6,19,11,18,
33.0871,-6,19,11,18,
33.0884,-11,15,19,19,
33.0897,25,19,22,33,
33.0911,33,31,32,26,
33.0925,29,33,32,21,
33.0938,27,32,26,27,
33.0952,32,34,19,26,
33.0965,18,27,24,24,
33.0979,24,14,19,25,
33.0993,19,19,21,24,
33.1006,19,19,21,24,
33.102,6,24,11,18,
33.1033,-7,11,13,9,
33.1046,1,8,18,8,
33.106,2,6,20,16,
33.1073,25,13,17,24,
33.1087,20,23,28,33,
33.11,28,28,29,36,
33.1114,28,28,29,36,
33.1127,30,27,25,37,
33.1141,19,35,23,40,
33.1155,24,27,17,36,
33.1168,7,15,23,18,
33.1182,15,10,32,10,
33.1195,7,17,22,16,
33.1209,-1,13,22,28,
33.1222,4,21,22,19,
33.1236,11,25,22,18,
33.1249,18,24,14,32,
33.1262,27,34,28,43,
33.1277,27,34,28,43,
33.1291,24,34,33,36,
33.1305,24,27,27,22,
33.1318,24,27,27,22,
33.1332,17,16,19,29,
33.1345,21,8,20,20,
33.1359,21,8,20,20,
33.1373,9,3,12,20,
33.1386,6,7,7,20,
33.14,10,11,14,20,
33.1413,23,20,25,22,
33.1426,25,24,24,27,
33.144,35,20,26,31,
33.1454,31,26,29,23,
33.1468,27,21,36,23,
33.1481,30,34,35,29,
33.1495,28,32,28,33,
33.1509,21,19,25,35,
33.1522,1,24,23,31,
33.1536,3,23,23,21,
33.1551,-5,16,12,19,
33.1564,10,4,23,17,
33.1578,14,21,26,22,
33.1591,28,39,36,30,
33.1605,40,35,40,33,
33.1618,34,38,44,30,
33.1632,31,39,43,31,
33.1645,42,25,34,36,
33.1659,37,22,27,38,
33.1673,18,23,21,23,
33.1686,18,23,21,23,
33.17,9,17,22,21,
33.1713,11,10,14,28,
33.1727,-4,-4,7,29,
33.1741,0,16,23,26,
33.1754,0,16,23,26,
33.1768,18,14,31,25,
33.1781,23,27,30,23,
33.1795,28,32,40,22,
33.1809,28,34,40,20,
33.1822,26,39,31,26,
33.1836,26,39,31,26,
33.1849,12,30,27,31,
33.1863,5,23,29,26,
33.1877,15,20,24,11,
33.189,-8,11,26,16,
33.1904,2,16,17,23,
33.1918,13,20,17,19,
33.1931,16,17,21,28,
33.1945,33,31,24,23,
33.1959,39,49,21,26,
33.1972,47,46,20,27,
33.1986,26,35,22,34,
33.2,26,35,22,34,
33.2013,19,35,30,34,
33.2027,25,22,27,34,
33.204,22,13,22,24,
33.2054,18,19,21,20,
33.2068,8,13,17,25,
33.2082,7,11,15,18,
33.2095,14,6,20,14,
33.2109,28,21,24,20,
33.2122,40,29,17,26,
33.2136,25,20,28,33,
33.2149,38,19,36,33,
33.2163,45,28,32,33,
33.2177,16,21,28,27,
33.2191,16,21,28,27,
33.2204,8,14,23,20,
33.2218,18,19,19,19,
33.2231,21,24,25,21,
33.2245,3,8,23,18,
33.2259,2,3,14,12,
33.2273,8,20,23,8,
33.2286,32,26,16,23,
33.23,32,26,16,23,
33.2313,28,21,32,19,
33.2327,27,23,39,31,
33.2341,25,27,33,33,
33.2355,26,27,31,28,
33.2368,12,26,27,33,
33.2382,8,25,15,33,
33.2395,4,17,11,33,
33.2409,-1,8,13,25,
33.2423,1,1,20,15,
33.2436,7,21,23,8,
33.245,27,20,17,25,
33.2464,42,26,25,37,
33.2479,42,26,25,37,
33.2493,36,25,24,38,
33.2508,42,34,34,29,
33.2522,16,14,37,29,
33.2536,14,25,23,25,
33.255,3,19,23,20,
33.2563,8,4,9,23,
33.2577,8,4,9,23,
33.259,-10,4,20,28,
33.2604,-1,15,28,34,
33.2617,7,15,30,33,
33.2631,12,12,25,32,
33.2645,32,32,24,33,
33.2659,39,29,28,25,
33.2673,36,29,32,26,
33.2686,44,33,26,38,
33.27,29,27,19,32,
33.2714,12,18,21,21,
33.2727,17,19,20,17,
33.2741,7,9,19,21,
33.2754,-6,9,21,23,
33.2768,-6,9,21,23,
33.2781,2,7,26,25,
33.2795,14,10,29,27,
33.2808,15,16,24,24,
33.2822,39,29,25,18,
33.2836,39,29,25,18,
33.2849,47,27,37,27,
33.2863,34,33,37,31,
33.2877,29,37,23,36,
33.2891,19,23,20,29,
33.2904,19,23,20,29,
33.2919,3,11,17,21,
33.2932,3,13,18,11,
33.2946,1,15,23,15,
33.2959,2,25,30,22,
33.2972,21,28,29,18,
33.2986,28,23,25,28,
33.3,15,27,27,29,
33.3014,22,28,28,23,
33.3027,28,33,26,20,
33.3041,24,22,17,16,
33.3054,19,14,22,20,
33.3068,19,14,22,20,
33.3081,19,14,22,20,
33.3094,20,15,22,23,
33.3108,9,7,12,22,
33.3122,11,4,14,19,
33.3136,11,17,17,22,
33.3149,11,17,17,22,
33.3163,38,23,31,30,
33.3176,42,22,27,37,
33.319,52,25,35,34,
33.3203,46,19,37,34,
33.3216,16,21,17,25,
33.323,16,21,17,25,
33.3243,16,21,17,25,
33.3256,4,22,18,30,
33.327,1,18,14,18,
33.3283,6,18,16,22,
33.3297,16,13,17,19,
33.331,16,13,17,19,
33.3323,13,13,21,28,
33.3337,27,27,35,35,
33.3351,36,33,35,35,
33.3364,30,23,41,35,
33.3378,22,20,35,30,
33.3391,22,20,35,30,
33.3404,16,29,32,15,
33.3418,16,29,32,15,
33.3432,21,25,28,14,
33.3445,8,22,20,21,
33.3458,4,16,15,20,
33.3472,4,16,15,20,
33.3485,8,20,21,10,
33.3499,22,24,28,17,
33.3513,21,19,23,18,
33.3526,21,18,31,32,
33.354,28,33,38,36,
33.3554,25,22,31,26,
33.3567,20,28,36,27,
33.3581,27,26,39,31,
33.3595,20,22,33,29,
33.3608,8,20,22,17,
33.3622,9,21,20,20,
33.3635,-2,9,23,26,
33.3649,-2,16,23,21,
33.3662,9,18,18,18,
33.3676,21,22,23,26,
33.369,23,31,18,30,
33.3704,36,39,33,29,
33.3718,27,35,39,34,
33.3732,36,38,35,31,
33.3747,36,38,35,31,
33.3761,32,19,23,19,
33.3775,22,21,17,19,
33.3788,9,12,13,20,
33.3802,3,8,9,25,
33.3815,4,14,23,20,
33.3829,5,7,21,12,
33.3842,29,26,29,26,
33.3855,31,32,37,21,
33.3869,31,32,37,21,
33.3883,31,32,37,21,
33.3896,44,46,32,24,
33.391,35,35,21,25,
33.3923,26,34,13,29,
33.3936,12,21,32,18,
33.395,25,11,32,22,
33.3963,7,7,19,16,
33.3977,2,11,17,7,
33.399,7,10,19,5,
33.4004,7,26,16,20,
33.4017,18,25,12,24,
33.4031,19,27,18,29,
33.4044,24,29,26,23,
33.4059,24,29,26,23,
33.4072,43,26,40,28,
33.4086,43,17,36,23,
33.41,32,17,24,24,
33.4114,1,20,16,30,
33.4128,1,20,16,30,
33.4142,8,15,16,25,
33.4156,-1,3,25,17,
33.4169,-11,8,18,16,
33.4183,10,7,25,29,
33.4197,29,27,27,37,
33.421,29,27,27,30,
33.4224,29,27,27,30,
33.4238,37,37,38,32,
33.4251,35,42,39,33,
33.4265,24,38,32,26,
33.4278,12,26,16,22,
33.4292,1,24,17,28,
33.4305,15,25,23,29,
33.4318,7,13,20,16,
33.4332,14,24,9,11,
33.4346,16,27,21,7,
33.4359,16,27,21,7,
33.4373,23,27,21,14,
33.4387,20,26,13,22,
33.44,28,29,24,28,
33.4414,32,31,33,21,
33.4428,22,31,22,23,
33.4442,22,31,22,23,
33.4455,11,23,22,25,
33.4469,11,16,19,22,
33.4482,1,5,19,18,
33.4496,-1,12,23,20,
33.451,7,10,13,30,
33.4523,7,10,13,30,
33.4538,7,10,13,30,
33.4553,25,30,31,32,
33.4567,30,23,30,34,
33.4581,49,25,15,36,
33.4594,48,25,19,38,
33.4608,24,26,28,25,
33.4622,24,26,28,25,
33.4636,12,14,34,34,
33.4649,5,18,27,23,
33.4663,5,18,27,23,
33.4676,2,12,10,10,
33.469,-1,4,13,20,
33.4704,5,11,18,29,
33.4718,20,31,14,28,
33.4731,17,37,16,35,
33.4745,35,28,27,24,
33.4759,28,31,35,28,
33.4773,34,20,38,28,
33.4786,30,20,30,22,
33.4801,30,20,30,22,
33.4815,26,12,27,24,
33.483,22,15,22,22,
33.4843,18,26,18,25,
33.4857,15,12,10,25,
33.487,16,4,22,20,
33.4883,13,10,31,26,
33.4897,31,14,25,32,
33.4911,24,16,29,27,
33.4924,35,18,27,40,
33.4938,34,22,28,28,
33.4951,24,26,35,29,
33.4965,11,23,29,33,
33.4978,4,25,22,22,
33.4992,7,16,24,17,
33.5005,13,8,21,19,
33.5019,0,7,17,15,
33.5032,9,10,17,13,
33.5046,12,27,14,27,
33.506,29,29,22,31,
33.5073,32,22,30,27,
33.5087,32,22,30,27,
33.51,29,19,24,32,
33.5113,24,26,25,28,
33.5127,16,29,21,28,
33.5141,10,28,21,25,
33.5154,13,22,23,27,
33.5168,5,17,16,29,
33.5182,0,14,14,28,
33.5195,6,6,22,15,
33.5209,6,6,22,15,
33.5223,5,12,20,24,
33.5236,22,27,36,27,
33.525,22,27,36,27,
33.5264,35,32,29,33,
33.5277,34,41,30,31,
33.5291,23,36,32,23,
33.5304,23,30,20,22,
33.5318,20,18,17,18,
33.5332,3,15,18,17,
33.5345,-2,21,14,19,
33.5359,3,12,11,17,
33.5373,11,4,23,14,
33.5387,11,4,23,14,
33.54,12,16,22,22,
33.5414,22,23,32,25,
33.5427,25,27,38,21,
33.5441,29,27,41,24,
33.5455,29,30,24,34,
33.5469,33,16,16,32,
33.5482,27,10,25,29,
33.5496,18,7,21,32,
33.5509,4,10,25,27,
33.5523,4,10,25,27,
33.5536,9,8,27,21,
33.555,9,10,16,14,
33.5563,17,9,14,11,
33.5577,17,9,14,11,
33.559,26,29,26,20,
33.5604,25,29,26,21,
33.5618,34,35,26,30,
33.5631,20,21,36,21,
33.5645,21,24,32,24,
33.5659,21,24,32,24,
33.5672,13,18,23,23,
33.5685,12,11,23,19,
33.57,10,20,18,20,
33.5713,-4,19,23,12,
33.5727,-7,7,20,18,
33.5741,-7,7,20,18,
33.5755,21,13,15,25,
33.5768,18,31,29,28,
33.5782,31,34,37,31,
33.5795,27,23,28,25,
33.5809,30,19,35,29,
33.5822,30,19,35,29,
33.5836,30,19,35,29,
33.5849,17,13,30,27,
