2.497e-06,39,30,51,30,
0.00135129,24,34,22,19,
0.00269446,23,25,26,28,
0.00405344,23,25,26,28,
0.00537799,29,26,33,32,
0.00673084,31,38,31,35,
0.00805091,21,35,25,28,
0.00937597,23,24,19,25,
0.0107345,16,30,26,33,
0.0121235,2,27,20,28,
0.0134479,2,27,20,28,
0.0147928,6,7,19,28,
0.0161373,1,10,18,21,
0.0175235,10,19,24,30,
0.0190744,13,31,27,33,
0.0204401,33,28,37,34,
0.0217852,36,19,37,25,
0.0231427,17,33,43,34,
0.0245199,19,31,43,21,
0.0258337,27,27,31,18,
0.0278212,10,24,21,27,
0.0294248,10,24,21,27,
0.0308534,5,18,22,30,
0.0322043,-11,22,23,22,
0.0335848,-11,22,23,22,
0.0350026,16,20,28,26,
0.0363904,31,28,38,29,
0.0384143,29,32,37,29,
0.0399155,29,32,37,29,
0.0413101,20,36,42,36,
0.0428247,24,34,32,24,
0.0441935,8,28,31,18,
0.0455678,-1,28,25,15,
0.0469973,-2,19,25,8,
0.0484141,-4,19,23,3,
0.0497921,-4,23,13,13,
0.0511509,3,23,13,13,
0.0526656,14,20,9,13,
0.0543299,32,18,23,19,
0.0557764,35,33,21,24,
0.0572173,35,33,21,24,
0.0586079,35,40,42,23,
0.0600564,22,36,34,20,
0.061398,17,27,25,20,
0.062795,8,16,16,33,
0.0642661,8,16,16,33,
0.0656409,10,9,12,29,
0.0670061,-5,8,16,23,
0.0684113,-13,10,23,17,
0.0697913,5,21,31,18,
0.0711965,35,32,29,29,
0.0728605,40,41,32,40,
0.0744449,45,35,22,24,
0.0759026,45,35,22,24,
0.0773795,26,28,26,21,
0.0788934,26,28,26,21,
0.0804341,14,23,16,27,
0.081783,14,23,16,27,
0.0833588,3,9,11,16,
0.0848262,-1,14,17,22,
0.086276,-1,14,17,22,
0.0876253,1,18,8,20,
0.0889546,19,22,25,28,
0.0902985,22,24,37,33,
0.091682,20,35,40,35,
0.093051,34,23,39,32,
0.0944536,27,27,35,23,
0.0958895,13,36,19,23,
0.0973121,13,36,19,23,
0.0986796,11,22,18,29,
0.100139,17,17,21,32,
0.101469,3,19,27,21,
0.102857,-2,24,21,19,
0.104278,14,26,21,13,
0.105641,18,17,31,13,
0.107059,23,18,37,23,
0.108487,33,26,28,29,
0.110196,33,26,28,29,
0.11171,37,35,27,26,
0.113135,37,35,27,26,
0.114575,35,23,23,23,
0.115995,15,19,19,22,
0.117318,10,18,24,26,
0.118779,17,20,20,30,
0.12016,4,13,20,19,
0.121485,-12,8,12,16,
0.122922,1,12,13,11,
0.12433,28,32,24,22,
0.125699,23,22,26,29,
0.127115,35,29,21,24,
0.128756,40,34,30,23,
0.130158,35,28,29,31,
0.131651,35,28,29,31,
0.133017,21,23,19,18,
0.134411,25,15,32,10,
0.136654,-9,9,9,15,
0.138058,1,15,16,21,
0.139446,11,25,22,24,
0.140825,28,30,24,25,
0.142209,28,30,24,25,
0.143725,38,24,34,32,
0.145084,39,17,25,26,
0.14652,17,27,27,25,
0.147845,17,27,27,25,
0.149173,19,31,22,32,
0.150649,21,31,25,32,
0.152011,22,19,19,31,
0.153379,12,21,16,30,
0.154871,-2,13,18,27,
0.15628,-3,10,16,21,
0.157613,27,31,32,22,
0.158959,31,38,34,31,
0.160328,31,38,34,31,
0.16176,29,32,35,28,
0.163221,30,39,30,34,
0.164562,18,38,29,35,
0.165907,15,30,24,22,
0.167313,11,20,21,21,
0.168658,11,9,15,16,
0.170048,7,4,8,9,
0.171432,12,8,19,13,
0.172879,8,11,29,15,
0.174241,15,27,21,17,
0.175551,17,23,28,23,
0.17688,32,23,27,31,
0.1782,51,35,32,36,
0.179551,44,38,32,32,
0.180936,44,38,32,32,
0.182497,20,19,21,36,
0.18388,2,20,24,24,
0.185276,-2,17,24,25,
0.186699,-4,22,23,19,
0.188093,-4,22,23,19,
0.189445,-13,17,24,20,
0.190885,19,17,20,17,
0.192289,26,32,29,23,
0.193721,26,32,29,23,
0.195118,25,35,24,32,
0.196449,25,35,24,32,
0.197792,34,29,21,36,
0.199153,23,26,26,33,
0.200553,26,23,25,22,
0.20189,27,11,33,22,
0.203355,8,13,28,25,
0.204851,2,12,22,25,
0.206247,2,12,22,25,
0.207836,-7,17,22,21,
0.209225,-1,26,23,17,
0.210626,23,41,36,25,
0.211984,23,34,38,26,
0.213342,26,31,38,29,
0.214754,23,27,35,23,
0.216167,21,23,31,26,
0.217667,19,24,29,25,
0.219123,6,14,22,19,
0.220455,10,21,18,17,
0.221818,11,10,17,18,
0.223351,14,19,18,25,
0.224727,11,9,25,32,
0.226177,14,8,33,33,
0.227622,19,19,30,27,
0.228984,34,29,23,26,
0.2304,41,30,27,25,
0.232024,41,30,27,25,
0.233437,35,34,35,29,
0.234821,11,18,38,19,
0.23623,11,18,30,30,
0.23766,14,14,16,35,
0.239094,6,9,14,21,
0.240531,-6,7,29,24,
0.241898,3,4,29,26,
0.243433,11,11,34,24,
0.244881,27,27,34,26,
0.246259,32,29,27,33,
0.247703,31,34,21,29,
0.249122,29,25,26,30,
0.250563,29,25,26,30,
0.251921,21,23,23,29,
0.253258,17,14,30,30,
0.254729,9,13,20,18,
0.256106,9,22,17,9,
0.257488,-1,8,21,21,
0.258926,16,17,22,26,
0.260328,16,17,22,26,
0.261693,29,24,19,20,
0.26306,25,23,19,21,
0.26446,26,23,29,24,
0.265878,19,19,33,30,
0.26728,34,19,22,39,
0.268689,32,25,25,29,
0.270082,28,19,20,20,
0.271599,16,13,11,17,
0.272997,9,9,12,28,
0.274345,1,14,14,24,
0.275728,12,12,13,23,
0.27711,22,17,35,32,
0.278627,22,17,35,32,
0.280037,24,35,39,38,
0.281391,35,34,26,32,
0.282745,30,29,26,26,
0.284101,35,34,34,20,
0.285438,35,34,34,20,
0.28679,27,24,25,21,
0.288242,27,24,25,21,
0.289749,8,11,19,8,
0.291206,-2,4,16,12,
0.292594,2,8,8,22,
0.293965,1,23,26,19,
0.295353,11,18,25,27,
0.296711,11,18,25,27,
0.298112,27,26,37,29,
0.299505,35,38,36,32,
0.300876,35,38,36,32,
0.302244,26,32,37,35,
0.303654,18,30,23,31,
0.305034,3,25,13,30,
0.306471,20,13,23,23,
0.307872,20,13,23,23,
0.30926,8,3,9,15,
0.310718,10,9,6,15,
0.312149,11,9,16,13,
0.313532,22,28,24,18,
0.314944,23,30,27,30,
0.316291,31,40,30,28,
0.317688,28,43,35,24,
0.319723,30,36,36,17,
0.32117,17,29,33,33,
0.322597,17,18,28,31,
0.324004,3,8,34,25,
0.325505,8,16,22,22,
0.327062,2,15,19,12,
0.328457,2,2,15,5,
0.329832,15,9,14,21,
0.33126,28,35,22,30,
0.332664,28,35,22,30,
0.334062,26,37,25,27,
0.335472,31,24,22,33,
0.33684,24,26,26,31,
0.338272,20,26,33,27,
0.339695,11,25,26,26,
0.341067,16,21,24,22,
0.342526,7,14,20,16,
0.343989,-1,14,19,15,
0.345362,-2,22,22,22,
0.346766,29,26,19,25,
0.348145,38,24,24,34,
0.349521,34,14,24,24,
0.350935,40,24,26,20,
0.352292,38,27,26,28,
0.353678,23,32,39,33,
0.355982,21,30,35,22,
0.357334,15,21,18,27,
0.3589,12,12,22,16,
0.360348,17,14,22,11,
0.361753,3,13,20,8,
0.363141,-3,20,25,9,
0.364484,18,19,22,22,
0.365848,28,18,23,19,
0.367292,25,32,26,29,
0.368649,25,32,26,29,
0.370023,42,35,23,32,
0.371513,38,25,24,29,
0.372904,22,15,21,25,
0.374276,7,11,14,24,
0.375759,0,24,13,23,
0.377194,4,21,22,21,
0.37868,7,23,13,22,
0.380071,0,29,13,19,
0.38145,9,19,16,14,
0.382894,10,22,28,16,
0.384283,44,27,34,31,
0.385642,32,43,33,32,
0.387056,41,34,22,30,
0.38844,24,23,24,22,
0.389817,24,23,24,22,
0.391289,24,23,24,22,
0.392677,13,11,25,33,
0.394047,12,7,22,30,
0.39546,0,9,21,16,
0.396834,3,22,21,20,
0.39818,3,22,21,20,
0.399628,9,19,15,19,
0.401052,28,16,29,30,
0.40253,33,23,33,32,
0.403933,38,28,31,25,
0.405257,28,39,26,26,
0.406657,16,26,21,30,
0.408058,16,20,14,26,
0.409438,15,24,18,23,
0.410841,18,27,23,24,
0.41221,13,26,21,26,
0.413554,6,21,11,27,
0.414993,12,14,13,30,
0.416495,18,28,17,20,
0.417869,41,33,22,27,
0.419288,41,33,22,27,
0.420671,42,40,33,34,
0.42206,51,38,26,27,
0.423566,49,38,25,32,
0.424972,20,21,19,23,
0.426335,7,12,24,20,
0.427802,7,12,24,20,
0.429144,11,6,28,19,
0.430579,2,20,22,9,
0.431971,1,28,26,10,
0.433345,21,23,16,19,
0.434736,32,28,22,22,
0.436128,25,26,33,29,
0.437506,25,33,39,32,
0.438895,29,38,37,26,
0.440262,29,38,37,26,
0.441627,17,20,41,28,
0.443025,9,14,34,21,
0.444415,16,21,23,19,
0.445839,10,16,17,14,
0.447325,2,18,6,12,
0.44871,-1,15,10,15,
0.450138,1,13,7,19,
0.451572,9,23,9,20,
0.452921,31,29,36,30,
0.454278,34,24,35,20,
0.455667,43,34,40,21,
0.457036,43,39,36,19,
0.458518,30,30,27,28,
0.459908,18,17,19,31,
0.461357,17,12,26,27,
0.462803,0,28,21,19,
0.464237,-1,20,20,18,
0.465626,0,19,20,24,
0.467003,3,13,28,15,
0.468408,3,16,25,13,
0.469867,3,16,25,13,
0.471331,25,26,33,34,
0.47284,34,37,38,37,
0.474252,31,45,40,37,
0.475713,33,36,41,24,
0.477122,22,15,31,36,
0.478541,25,2,24,25,
0.47991,23,8,24,19,
0.481245,4,19,28,22,
0.482702,4,19,28,22,
0.484171,0,11,27,27,
0.485571,15,17,28,23,
0.486966,22,25,20,27,
0.488341,23,25,16,20,
0.4897,28,23,15,22,
0.491099,28,23,15,22,
0.492574,22,20,40,31,
0.493947,15,22,29,31,
0.495375,15,22,29,31,
0.496739,15,26,19,28,
0.498086,11,27,11,21,
0.49947,11,27,11,21,
0.500847,-7,19,12,15,
0.502202,11,13,22,24,
0.503629,18,27,20,31,
0.50501,27,36,30,21,
0.506375,39,38,39,18,
0.507949,39,38,39,18,
0.509311,44,33,31,18,
0.510807,30,32,22,17,
0.512216,9,15,28,19,
0.513555,6,21,25,20,
0.514969,7,21,14,22,
0.516354,-6,1,13,16,
0.517744,9,6,13,28,
0.51918,9,6,13,28,
0.520572,2,11,15,30,
0.521924,17,16,19,30,
0.523324,40,27,31,33,
0.524715,28,40,30,35,
0.526112,31,43,26,38,
0.527546,35,38,25,37,
0.528944,20,22,21,26,
0.53042,19,16,16,23,
0.531979,27,11,22,24,
0.533324,-1,14,22,19,
0.534747,-1,14,22,19,
0.536126,0,13,21,15,
0.537486,-1,11,22,25,
0.53887,10,10,23,19,
0.540229,25,30,29,24,
0.541596,39,35,30,31,
0.543126,28,24,36,32,
0.544468,33,17,28,22,
0.545805,22,16,28,20,
0.547195,25,21,25,23,
0.548512,4,15,16,17,
0.549862,-2,13,12,16,
0.551293,-2,12,9,25,
0.55273,4,16,14,16,
0.554097,5,25,21,15,
0.555593,15,16,23,14,
0.557063,27,35,33,21,
0.558511,20,31,31,25,
0.559899,30,28,33,34,
0.561238,39,21,44,29,
0.562674,39,21,44,29,
0.564069,39,21,44,29,
0.565385,17,19,18,21,
0.566831,24,21,23,17,
0.568217,12,14,20,22,
0.569572,13,11,19,26,
0.570964,13,11,19,26,
0.572356,5,13,14,21,
0.5737,36,27,27,28,
0.57512,36,27,27,28,
0.576507,40,19,33,28,
0.57793,48,25,29,29,
0.579434,26,32,32,35,
0.580837,13,25,31,27,
0.582238,15,21,26,31,
0.583625,9,21,20,20,
0.58489,7,15,11,11,
0.586231,-5,7,7,5,
0.587675,9,4,22,16,
0.589121,15,16,23,25,
0.590684,15,16,23,25,
0.592058,26,25,31,27,
0.593363,28,20,33,30,
0.594757,24,31,44,40,
0.596121,27,30,42,23,
0.597449,38,31,42,32,
0.59887,33,22,38,30,
0.600286,25,17,21,31,
0.601666,21,26,13,22,
0.603185,1,25,15,20,
0.60457,2,13,8,28,
0.60595,12,18,22,18,
0.607408,24,26,36,25,
0.608828,24,26,36,25,
0.61023,36,35,27,33,
0.611624,34,30,34,29,
0.612995,39,23,43,34,
0.614414,31,32,30,32,
0.615872,18,23,27,23,
0.617275,8,13,28,18,
0.618741,8,14,15,23,
0.620089,13,16,9,23,
0.621433,10,13,17,17,
0.622845,-6,6,14,20,
0.624234,13,20,27,23,
0.625623,32,26,27,28,
0.627037,20,21,24,32,
0.628406,30,24,24,37,
0.62976,36,32,26,29,
0.631137,17,29,24,24,
0.632513,22,25,23,30,
0.633966,13,28,32,31,
0.635399,11,21,17,25,
0.636783,14,12,21,22,
0.638163,14,12,21,22,
0.63959,0,10,12,26,
0.641023,4,7,17,15,
0.642557,24,15,34,27,
0.643981,27,28,32,22,
0.645258,24,32,31,19,
0.646664,42,29,30,26,
0.648095,38,27,20,33,
0.649568,38,27,20,33,
0.651098,34,22,15,38,
0.652508,12,18,17,33,
0.653878,5,27,22,19,
0.655308,10,18,21,11,
0.656737,1,14,18,8,
0.658108,29,26,21,9,
0.65951,29,26,21,9,
0.66101,29,24,33,16,
0.662565,25,25,42,25,
0.663976,35,25,33,33,
0.665318,21,37,33,25,
0.666712,28,43,25,25,
0.668103,30,27,21,21,
0.669508,8,17,13,16,
0.670891,-2,25,11,18,
0.672274,-11,11,17,19,
0.673647,1,20,10,16,
0.675128,13,17,13,14,
0.676505,13,17,13,14,
0.677902,21,26,23,21,
0.679488,24,34,31,28,
0.680869,26,23,30,27,
0.682237,34,25,30,21,
0.683648,36,35,26,27,
0.685068,17,23,24,29,
0.686548,13,26,17,24,
0.687936,13,26,17,24,
0.689404,23,16,24,28,
0.690784,12,17,29,26,
0.692159,13,7,35,28,
0.693547,11,28,20,16,
0.695061,11,28,20,16,
0.696397,40,45,37,33,
0.697735,45,35,42,26,
0.699133,35,33,43,18,
0.700515,35,33,43,18,
0.701887,21,20,17,24,
0.703308,18,24,18,26,
0.704717,0,14,13,28,
0.7061,0,14,13,28,
0.707496,0,17,25,23,
0.708868,7,10,15,19,
0.710352,12,18,10,25,
0.711966,16,28,14,23,
0.713313,17,34,26,28,
0.71476,17,34,26,28,
0.716155,44,35,35,31,
0.717486,34,36,31,21,
0.718881,30,32,24,26,
0.720281,32,27,20,25,
0.721742,12,5,19,19,
0.723203,14,6,16,22,
0.724586,1,0,17,20,
0.725913,1,0,17,20,
0.727371,-2,13,17,15,
0.728841,19,34,23,16,
0.730202,23,26,29,26,
0.731615,30,22,31,22,
0.732998,35,29,24,19,
0.734424,35,29,24,19,
0.735932,32,27,16,25,
0.737356,28,23,19,25,
0.738779,26,10,22,31,
0.740132,15,13,25,25,
0.741488,18,12,17,12,
0.742923,6,6,9,8,
0.744289,7,14,20,14,
0.745773,13,12,32,15,
0.747255,27,13,33,25,
0.748613,32,30,36,29,
0.75003,30,33,31,22,
0.751434,36,35,35,24,
0.752785,44,24,36,27,
0.75415,44,24,36,27,
0.755648,22,25,22,33,
0.757169,-6,25,21,21,
0.758683,-2,25,17,18,
0.760011,5,14,23,16,
0.761378,7,17,30,15,
0.762797,7,17,30,15,
0.764114,16,20,34,29,
0.765484,23,33,24,24,
0.766896,34,31,17,32,
0.768313,20,36,18,44,
0.769657,35,26,32,36,
0.771046,29,20,29,18,
0.772374,12,17,21,16,
0.773698,10,15,18,28,
0.775003,10,15,18,28,
0.776345,13,20,15,30,
0.777678,-4,6,17,9,
0.779087,10,12,21,4,
0.78051,10,12,21,4,
0.781897,20,22,32,31,
0.783318,25,19,23,33,
0.784716,23,24,18,33,
0.786077,27,26,26,38,
0.787481,22,30,24,26,
0.788872,22,30,24,26,
0.790251,13,11,17,28,
0.791664,13,11,17,28,
0.793096,12,8,15,22,
0.794578,-7,16,7,13,
0.795983,2,12,9,18,
0.797334,2,16,20,22,
0.79876,15,20,33,19,
0.800128,29,27,33,24,
0.801553,18,33,23,38,
0.803084,18,33,23,38,
0.804565,18,27,30,26,
0.805965,13,20,19,18,
0.807475,13,20,19,18,
0.808884,8,4,24,27,
0.810296,13,10,30,23,
0.811646,6,9,23,16,
0.813038,15,13,15,17,
0.814503,10,6,16,17,
0.815915,23,20,29,28,
0.817287,23,20,29,28,
0.818726,33,33,23,21,
0.820078,42,35,22,31,
0.821403,33,32,26,29,
0.822824,23,17,17,25,
0.824203,27,12,12,20,
0.825563,17,20,17,16,
0.826952,14,20,19,17,
0.828337,-5,15,28,18,
0.829746,4,6,19,16,
0.831292,6,5,18,16,
0.832645,15,11,28,14,
0.834071,20,15,30,24,
0.835488,35,24,36,30,
0.836842,43,22,41,33,
0.838313,38,34,26,31,
0.839797,24,35,32,34,
0.841182,12,26,20,28,
0.842596,12,26,20,28,
0.843966,9,27,26,25,
0.84529,13,12,17,9,
0.846735,13,12,17,9,
0.848295,-2,9,17,10,
0.849734,15,31,21,14,
0.851221,30,40,30,30,
0.852619,27,38,32,31,
0.853985,34,41,32,25,
0.855412,31,28,37,32,
0.856801,26,22,27,27,
0.858169,28,34,21,33,
0.859566,28,34,21,33,
0.860894,13,24,24,23,
0.862304,-4,16,25,24,
0.863718,-3,13,19,29,
0.865093,4,27,20,15,
0.866538,2,22,14,20,
0.867928,23,18,21,28,
0.869303,42,41,29,35,
0.870735,42,41,29,35,
0.872134,42,41,29,35,
0.87357,36,42,23,31,
0.874982,24,45,25,24,
0.876312,16,41,30,30,
0.87769,14,6,24,26,
0.87909,6,16,20,30,
0.880535,6,16,20,30,
0.881912,4,22,14,25,
0.883383,4,22,14,25,
0.884922,9,17,10,23,
0.886313,27,28,20,30,
0.887716,34,24,27,26,
0.889121,51,22,30,23,
0.890637,51,22,30,23,
0.892032,31,32,30,22,
0.893464,26,23,43,25,
0.894873,25,22,33,22,
0.896256,25,22,33,22,
0.897684,0,8,15,29,
0.899187,0,8,15,29,
0.900583,4,1,22,24,
0.901973,7,18,14,29,
0.903369,22,25,22,25,
0.904744,20,40,32,15,
0.906068,25,43,31,23,
0.907482,32,30,17,33,
0.908929,32,30,17,33,
0.910375,27,24,32,26,
0.911787,13,35,20,23,
0.913154,15,34,24,25,
0.914564,14,12,22,21,
0.915894,7,4,13,13,
0.917192,12,10,9,13,
0.918604,3,5,16,25,
0.919968,17,11,22,27,
0.921343,28,18,19,27,
0.922815,30,24,28,34,
0.924177,41,40,30,28,
0.925543,26,28,22,29,
0.926935,26,28,22,29,
0.928339,24,24,22,28,
0.92971,6,14,23,17,
0.931181,7,1,17,15,
0.93263,-4,0,19,9,
0.934026,-4,16,18,13,
0.93546,3,14,16,19,
0.936833,23,27,24,32,
0.938208,23,27,24,32,
0.939646,17,32,30,30,
0.940987,34,40,31,36,
0.942359,28,34,29,32,
0.943787,24,27,33,29,
0.945183,29,26,27,28,
0.946578,9,25,27,22,
0.947949,9,25,27,22,
0.949302,12,28,19,32,
0.950711,0,11,20,23,
0.952106,4,9,20,16,
0.953507,12,20,20,11,
0.954887,29,26,16,19,
0.956231,35,27,19,27,
0.957591,20,29,31,40,
0.958983,20,29,31,40,
0.960369,24,27,32,34,
0.961741,24,27,32,34,
0.963294,24,27,32,34,
0.964756,24,27,32,34,
0.966112,24,27,32,34,
0.967528,18,23,28,25,
0.968913,18,23,28,25,
0.970507,18,23,28,25,
0.972027,18,23,28,25,
0.973466,18,23,28,25,
0.974926,18,23,28,25,
0.976265,18,23,28,25,
0.977597,40,26,30,24,
0.978936,29,27,19,31,
0.980309,23,17,18,19,
0.981642,16,21,24,20,
0.983104,16,21,24,20,
0.984468,5,8,15,15,
0.985923,-3,17,19,17,
0.987461,-3,17,19,17,
0.988834,22,15,22,27,
0.990201,26,18,20,31,
0.991603,24,30,27,26,
0.993014,24,30,27,26,
0.994389,37,21,24,32,
0.995789,19,21,27,28,
0.997186,13,24,22,32,
0.998625,14,22,26,27,
1.00001,14,21,28,20,
1.00141,-1,23,27,21,
1.00283,-10,17,19,19,
1.00424,-5,20,17,17,
1.00566,17,28,15,17,
1.00704,17,28,15,17,
1.00841,32,33,20,25,
1.00979,32,38,19,25,
1.01123,36,26,31,35,
1.01262,33,17,24,33,
1.01403,12,20,27,17,
1.01542,12,20,27,17,
1.01681,-3,18,23,17,
1.01816,-4,20,23,18,
1.01955,-7,16,18,25,
1.02093,-6,10,18,28,
1.02233,9,22,28,20,
1.02375,18,22,31,20,
1.0252,18,22,31,20,
1.02672,28,26,33,26,
1.02808,41,29,38,34,
1.02942,28,31,46,41,
1.03081,28,31,46,41,
1.03219,9,28,37,36,
1.03353,4,16,25,29,
1.03497,9,10,22,31,
1.03638,9,15,25,32,
1.03782,-2,20,12,28,
1.03925,6,25,15,33,
1.04063,25,22,21,32,
1.04201,29,23,32,28,
1.04337,29,23,32,28,
1.04471,29,23,32,28,
1.0461,31,24,24,34,
1.04747,25,31,20,35,
1.04884,16,40,29,32,
1.05021,7,18,22,19,
1.05165,19,17,21,14,
1.05296,19,17,21,14,
1.05432,2,25,18,20,
1.0557,0,16,17,11,
1.05706,0,16,17,11,
1.05846,19,25,26,13,
1.05986,26,31,28,26,
1.0612,33,36,27,28,
1.06262,33,36,27,28,
1.06397,32,40,34,24,
1.06533,21,32,36,33,
1.06679,20,13,16,30,
1.06817,17,6,25,24,
1.06955,22,21,25,28,
1.07096,22,21,25,28,
1.07234,2,23,21,20,
1.07366,1,15,14,16,
1.0751,6,22,11,13,
1.07651,25,25,22,33,
1.07789,33,30,27,27,
1.07933,30,39,22,32,
1.08074,28,42,34,30,
1.08232,28,24,46,21,
1.08369,15,23,28,27,
1.08512,15,23,28,27,
1.08681,5,19,20,21,
1.08819,5,19,20,21,
1.08951,-5,14,12,16,
1.09087,1,4,19,21,
1.09224,6,5,27,25,
1.09358,18,13,24,22,
1.09496,24,27,26,26,
1.09633,24,27,26,26,
1.09766,41,34,27,32,
1.09902,42,33,29,33,
1.10036,23,26,20,36,
1.1017,28,23,21,27,
1.10318,21,19,25,34,
1.10454,2,23,14,20,
1.1059,2,23,14,20,
1.10723,-2,15,6,28,
1.10855,13,0,26,22,
1.10989,21,17,22,19,
1.11125,23,25,27,25,
1.11262,33,24,27,24,
1.11399,33,24,27,24,
1.11538,33,24,27,24,
1.11687,33,35,25,34,
1.11823,27,29,20,30,
1.11964,23,24,16,26,
1.12104,2,19,30,20,
1.12245,2,19,30,20,
1.12382,0,20,15,21,
1.12514,1,7,18,15,
1.12653,17,7,21,22,
1.12794,30,25,30,20,
1.12932,39,32,26,30,
1.13074,43,27,34,34,
1.1321,43,27,34,34,
1.13344,38,30,33,22,
1.13487,17,21,30,26,
1.13623,13,12,26,29,
1.13756,-2,7,17,22,
1.13894,-2,7,17,22,
1.14025,6,6,8,20,
1.14156,-5,7,8,14,
1.14291,10,23,29,18,
1.14418,30,22,38,23,
1.1455,30,22,38,23,
1.14682,31,24,33,34,
1.14818,28,25,25,39,
1.14949,23,20,33,36,
1.15082,27,24,27,30,
1.15218,23,30,31,27,
1.15354,12,37,27,23,
1.15488,10,32,26,22,
1.15626,10,32,26,22,
1.1576,-4,7,15,16,
1.15891,0,18,16,14,
1.16023,0,18,16,14,
1.16153,16,27,17,26,
1.1629,37,29,31,29,
1.16425,36,32,31,31,
1.16558,36,32,31,31,
1.16693,40,36,32,29,
1.16829,33,40,26,28,
1.16962,23,40,17,23,
1.17102,-1,24,17,27,
1.17242,-1,24,17,27,
1.17376,8,19,16,25,
1.17509,-2,15,17,21,
1.17648,-17,6,14,24,
1.17782,-4,11,15,21,
1.17919,16,22,18,22,
1.18052,16,22,18,22,
1.18188,24,19,18,25,
1.18324,28,17,23,28,
1.18465,42,29,43,25,
1.18595,22,31,39,28,
1.18731,17,40,27,25,
1.18868,20,23,22,21,
1.19005,20,23,22,21,
1.19141,9,25,13,17,
1.19273,7,19,9,12,
1.19409,-6,21,20,16,
1.19548,-5,22,28,18,
1.19683,13,13,29,24,
1.19823,21,27,26,27,
1.19963,22,40,31,28,
1.20105,32,33,29,31,
1.20245,31,34,25,29,
1.20383,31,28,27,26,
1.20516,24,15,28,25,
1.20658,24,15,28,25,
1.20792,12,19,16,30,
1.20927,2,17,21,28,
1.21074,-2,1,10,20,
1.21212,-2,2,8,19,
1.21346,4,24,21,24,
1.21484,30,24,33,29,
1.21621,30,24,33,29,
1.21757,30,24,33,29,
1.21904,49,20,18,21,
1.22045,53,33,16,24,
1.22186,39,33,27,23,
1.2233,28,32,26,23,
1.22464,9,23,22,27,
1.22597,2,14,30,20,
1.22743,-1,18,18,10,
1.22885,-3,15,11,6,
1.23024,26,30,18,15,
1.23171,22,36,24,28,
1.23313,22,36,24,28,
1.23469,34,34,20,34,
1.23615,43,33,28,28,
1.23752,46,27,38,26,
1.239,13,24,28,29,
1.24036,15,18,30,31,
1.24173,2,21,23,20,
1.24313,2,21,23,20,
1.24452,2,21,23,20,
1.24596,6,20,13,8,
1.24741,6,20,10,21,
1.24882,3,13,11,27,
1.2502,26,18,34,22,
1.25159,22,21,29,25,
1.25297,22,21,29,25,
1.25439,34,24,27,23,
1.25579,24,34,31,23,
1.25723,18,30,21,28,
1.25867,0,14,17,28,
1.26005,13,11,18,27,
1.26146,13,20,17,16,
1.26298,8,15,21,4,
1.26441,0,19,13,10,
1.26587,6,27,27,29,
1.26734,22,33,21,28,
1.26874,27,32,20,29,
1.27019,24,34,34,29,
1.27169,27,24,39,24,
1.27308,27,26,33,23,
1.27453,25,32,25,22,
1.27594,27,35,28,19,
1.27733,15,18,27,21,
1.27882,11,10,25,19,
1.28031,-2,13,23,23,
1.28177,2,26,26,18,
1.28323,10,15,16,23,
1.2846,12,21,27,18,
1.28607,18,34,31,29,
1.28751,36,34,29,22,
1.28893,36,34,29,22,
1.29029,29,25,27,20,
1.29169,14,30,32,23,
1.29312,18,16,25,23,
1.29459,18,16,25,23,
1.29597,22,9,13,15,
1.29739,10,11,17,9,
1.29878,16,10,11,15,
1.3002,10,22,22,15,
1.30157,18,23,14,23,
1.30297,34,22,12,30,
1.30436,31,29,31,34,
1.30573,29,30,38,33,
1.30712,35,36,36,30,
1.3085,40,34,22,26,
1.30989,40,34,22,26,
1.31135,26,25,25,16,
1.31281,14,18,17,16,
1.3142,14,12,11,16,
1.3156,-5,20,19,15,
1.31698,6,26,12,10,
1.31837,6,26,12,10,
1.31978,32,40,19,31,
1.32117,32,40,19,31,
1.32262,28,42,20,31,
1.32399,51,33,24,31,
1.32536,38,32,31,31,
1.32675,15,23,26,32,
1.3281,28,27,18,33,
1.32948,27,27,22,33,
1.33089,13,13,29,24,
1.33225,9,14,24,15,
1.33362,2,20,14,20,
1.335,2,20,14,20,
1.33637,7,20,18,18,
1.33774,22,32,33,20,
1.3392,33,38,38,26,
1.34059,32,36,37,28,
1.34199,24,30,37,28,
1.3434,25,36,37,26,
1.34478,18,34,26,15,
1.34623,18,34,26,15,
1.34764,9,30,20,14,
1.3491,15,11,20,24,
1.35053,9,13,26,21,
1.35193,-3,11,26,20,
1.35339,15,21,29,38,
1.35481,28,24,42,36,
1.35619,28,26,27,35,
1.35756,30,28,27,37,
1.359,30,28,27,37,
1.36035,17,33,37,24,
1.36172,10,17,32,23,
1.3631,6,20,22,16,
1.3645,6,11,14,17,
1.36588,6,11,14,17,
1.36724,-3,16,17,28,
1.36859,5,23,27,22,
1.36992,18,20,28,25,
1.37129,28,19,24,29,
1.37266,28,19,24,29,
1.37405,26,25,29,33,
1.37542,30,32,31,41,
1.37677,28,37,26,32,
1.37813,24,20,32,32,
1.37949,19,15,25,27,
1.38086,20,15,27,21,
1.38223,20,25,25,20,
1.38359,4,18,12,21,
1.38494,10,19,10,23,
1.38629,15,24,10,29,
1.38763,20,25,18,21,
1.38898,29,26,20,22,
1.39034,21,40,15,24,
1.39168,32,42,25,31,
1.39307,49,50,24,27,
1.39447,23,39,28,22,
1.39579,11,30,20,23,
1.39715,12,14,17,19,
1.39852,9,13,16,18,
1.39988,9,11,11,19,
1.40122,9,11,11,19,
1.40257,-4,8,7,15,
1.40392,12,16,15,11,
1.40523,24,17,18,11,
1.40659,25,24,26,15,
1.40796,31,29,32,28,
1.40929,38,36,31,31,
1.41066,24,29,22,24,
1.41203,25,20,25,27,
1.41337,20,14,24,23,
1.41478,18,20,23,24,
1.41617,18,20,23,24,
1.41754,18,20,23,24,
1.41902,6,19,16,20,
1.42048,0,14,12,13,
1.42187,19,25,26,30,
1.42332,32,30,24,35,
1.42472,25,32,25,30,
1.42609,25,34,36,30,
1.4275,24,31,36,25,
1.42887,24,31,36,25,
1.43023,28,20,37,26,
1.43162,29,24,38,28,
1.43299,25,18,25,28,
1.43435,5,7,16,22,
1.43573,1,18,23,26,
1.4371,1,18,23,26,
1.4385,2,25,20,12,
1.43986,21,38,16,17,
1.44117,34,41,29,32,
1.44256,35,41,34,41,
1.44394,35,41,34,41,
1.44526,35,44,30,38,
1.4466,44,46,24,31,
1.44795,20,29,23,28,
1.44928,9,23,29,26,
1.45065,9,18,23,27,
1.45201,15,15,11,18,
1.45335,2,8,16,9,
1.45472,-7,9,20,13,
1.45603,19,14,19,19,
1.45736,19,14,19,19,
1.45873,20,24,28,16,
1.46009,33,30,25,23,
1.4614,42,29,23,36,
1.46275,36,25,21,37,
1.46412,30,24,30,29,
1.46544,11,28,33,29,
1.46681,7,34,24,31,
1.46816,14,18,24,30,
1.46947,14,18,24,30,
1.47084,3,23,10,25,
1.47219,11,29,15,24,
1.47354,11,29,15,24,
1.4749,32,31,29,28,
1.47625,36,38,36,32,
1.4776,40,38,39,38,
1.47901,51,36,42,30,
1.4804,37,33,40,19,
1.4818,27,25,24,26,
1.48331,3,15,14,20,
1.48468,-1,16,12,17,
1.48607,5,27,15,8,
1.48744,5,27,15,8,
1.48879,2,12,19,15,
1.49014,-4,13,21,10,
1.4915,16,19,20,22,
1.49287,36,30,21,33,
1.49427,37,35,22,36,
1.49563,38,33,32,30,
1.49699,42,32,35,24,
1.49835,40,21,35,29,
1.49973,28,15,25,34,
1.5011,26,16,21,22,
1.50247,26,16,21,22,
1.50384,26,16,21,22,
1.50521,0,28,20,30,
1.50658,8,23,21,17,
1.50795,13,21,20,18,
1.50932,17,27,23,22,
1.51069,24,23,32,23,
1.51205,36,21,29,31,
1.51341,36,24,25,31,
1.51479,31,24,25,26,
1.51614,20,24,29,25,
1.5175,19,21,23,22,
1.51886,11,23,10,25,
1.52021,8,11,14,31,
1.52157,1,1,19,34,
1.52293,8,8,28,25,
1.52429,3,15,30,21,
1.52565,12,9,31,33,
1.52703,18,25,34,28,
1.52839,18,25,34,28,
1.52974,29,42,35,21,
1.53115,44,39,34,31,
1.53251,44,39,34,31,
1.53388,49,37,32,22,
1.53525,35,34,38,22,
1.53664,13,34,26,15,
1.53802,13,34,26,15,
1.53939,-5,23,15,7,
1.54075,-2,15,25,7,
1.54213,14,16,21,13,
1.54351,19,30,19,27,
1.5449,30,32,32,30,
1.54626,31,38,42,34,
1.54761,37,25,29,39,
1.54901,37,25,29,39,
1.55038,33,27,31,32,
1.55178,26,30,29,27,
1.55313,16,31,23,24,
1.55449,16,31,23,24,
1.55585,14,31,19,24,
1.55722,12,16,10,21,
1.55858,3,9,15,22,
1.55994,16,18,24,27,
1.56129,16,18,24,27,
1.56267,20,19,31,35,
1.56407,20,19,31,35,
1.56542,25,29,43,29,
1.56678,26,40,40,26,
1.56813,19,33,38,28,
1.56948,23,16,29,34,
1.57084,23,16,29,34,
1.57221,15,22,25,34,
1.57356,5,19,26,23,
1.57493,-11,12,29,23,
1.5763,-5,10,28,22,
1.57766,11,23,20,29,
1.57904,11,23,20,29,
1.5804,28,27,15,35,
1.58176,36,26,19,31,
1.58312,27,29,41,35,
1.5845,26,30,43,42,
1.58588,25,35,40,38,
1.58735,22,33,40,25,
1.58873,18,23,34,18,
1.59007,14,12,29,15,
1.5914,-2,10,24,13,
1.59277,8,11,21,13,
1.59414,8,11,21,13,
1.59552,5,17,29,23,
1.5969,19,31,20,24,
1.59828,21,36,23,26,
1.59965,40,40,26,29,
1.60111,33,32,24,33,
1.60251,33,32,24,33,
1.60388,31,33,16,21,
1.60529,11,26,19,17,
1.60661,3,17,21,28,
1.60796,-10,10,18,21,
1.60927,-4,17,18,22,
1.61066,-4,17,18,22,
1.61201,-1,24,20,24,
1.61334,3,27,31,26,
1.61471,21,35,40,22,
1.6161,37,38,30,30,
1.61741,39,34,33,33,
1.61881,39,34,33,33,
1.62017,29,22,33,36,
1.62156,10,31,36,23,
1.62296,15,29,26,20,
1.62435,7,28,23,16,
1.62577,-6,17,22,10,
1.62724,2,17,21,12,
1.62863,10,25,17,19,
1.62999,20,21,22,16,
1.63138,26,25,28,14,
1.6328,34,28,26,25,
1.63428,32,27,23,32,
1.63567,37,26,30,35,
1.63742,31,29,20,28,
1.63888,25,25,19,31,
1.64027,22,24,16,24,
1.64165,28,23,21,20,
1.64305,15,13,19,20,
1.64442,12,8,13,18,
1.64579,12,8,13,18,
1.64719,4,9,15,32,
1.64858,20,32,33,27,
1.64993,36,37,31,31,
1.65129,39,36,27,26,
1.65265,33,34,31,21,
1.65402,34,31,24,30,
1.65538,34,31,24,30,
1.65673,30,24,21,36,
1.6581,10,25,20,26,
1.65946,7,20,23,23,
1.66085,-1,7,21,13,
1.6622,3,23,20,22,
1.66357,3,23,20,22,
1.66495,11,26,19,20,
1.6663,25,34,29,34,
1.66766,37,26,22,36,
1.66914,37,26,22,36,
1.67052,37,38,31,34,
1.67189,31,21,21,34,
1.67328,31,21,21,34,
1.67465,19,18,14,21,
1.67603,16,21,19,14,
1.67738,0,19,12,14,
1.67876,11,4,9,25,
1.68012,13,16,6,20,
1.68148,13,16,6,20,
1.68283,27,16,20,18,
1.6842,40,16,30,30,
1.68555,30,29,25,30,
1.68691,34,29,32,25,
1.68826,22,31,30,33,
1.68961,22,31,30,33,
1.69098,14,34,30,26,
1.69234,-3,15,26,26,
1.6937,-4,22,27,27,
1.6951,-7,20,21,22,
1.69646,5,17,18,17,
1.69775,7,16,11,24,
1.69916,7,16,11,24,
1.70054,24,20,11,32,
1.70193,30,31,27,34,
1.7033,31,37,22,38,
1.70467,45,36,14,34,
1.70601,41,34,14,26,
1.70737,28,26,20,23,
1.70868,19,16,21,16,
1.71004,19,18,15,28,
1.7114,19,18,15,28,
1.71272,8,15,9,22,
1.71409,7,3,5,17,
1.71546,9,16,8,18,
1.71678,12,27,24,15,
1.7181,28,26,24,21,
1.71963,38,25,30,24,
1.72107,38,22,35,26,
1.72263,28,27,38,27,
1.72404,20,24,42,28,
1.72543,28,31,42,19,
1.72689,20,22,42,17,
1.72833,3,25,24,17,
1.72967,1,8,26,17,
1.73104,-4,8,31,15,
1.73241,-4,8,31,15,
1.73378,-4,14,24,20,
1.73519,21,26,29,20,
1.73655,20,32,22,22,
1.73793,26,36,31,30,
1.73938,43,25,33,38,
1.74078,31,22,34,36,
1.74215,30,20,34,32,
1.74354,32,16,29,29,
1.74493,22,18,21,27,
1.74634,6,18,10,27,
1.74773,-6,18,13,23,
1.7491,-14,19,14,18,
1.7505,7,31,15,19,
1.75186,10,29,27,23,
1.75328,10,29,27,23,
1.75478,27,29,24,21,
1.7562,25,22,29,26,
1.75763,19,26,23,33,
1.75915,25,19,32,27,
1.76057,19,26,36,17,
1.76193,18,22,23,12,
1.76332,18,22,23,12,
1.76471,7,9,10,7,
1.76607,4,18,13,20,
1.76745,2,27,15,19,
1.76882,6,23,12,22,
1.77021,25,15,26,22,
1.77162,32,31,24,18,
1.77299,29,38,27,22,
1.77437,39,30,31,25,
1.77588,38,37,27,26,
1.77726,38,37,27,26,
1.77867,23,27,18,23,
1.78012,11,28,15,14,
1.78146,18,17,13,10,
1.7829,10,14,27,27,
1.78428,0,20,14,20,
1.78562,13,19,12,28,
1.787,26,25,29,23,
1.78838,26,25,29,23,
1.78976,26,25,29,23,
1.79142,33,26,31,30,
1.79284,33,19,32,24,
1.79427,27,25,32,22,
1.79569,11,30,33,29,
1.79709,3,27,27,26,
1.79848,5,24,21,22,
1.79985,3,18,19,21,
1.80119,3,8,14,21,
1.80258,19,8,18,22,
1.80396,19,8,18,22,
1.8054,34,26,19,29,
1.80698,33,32,20,23,
1.80837,31,34,30,22,
1.80972,24,44,32,31,
1.81122,22,40,36,23,
1.81265,22,40,36,23,
1.8142,19,30,34,16,
1.8156,1,20,29,18,
1.81715,-1,11,19,19,
1.81864,7,11,13,5,
1.81997,15,6,24,12,
1.82132,31,29,22,32,
1.82275,37,27,30,33,
1.82412,34,35,33,39,
1.8256,35,23,42,34,
1.82701,35,23,42,34,
1.8284,35,23,42,34,
1.82977,29,23,32,28,
1.83119,30,18,26,26,
1.83262,11,25,22,22,
1.83402,-5,11,21,3,
1.83542,-5,11,21,3,
1.83685,13,15,17,11,
1.8383,3,19,27,10,
1.83968,22,18,27,12,
1.84103,36,32,25,18,
1.84237,35,37,31,30,
1.84377,31,42,35,27,
1.84514,36,41,39,31,
1.84651,27,38,37,32,
1.84788,19,27,28,26,
1.84917,18,16,28,24,
1.85056,8,10,31,17,
1.85193,8,10,31,17,
1.85324,0,9,28,22,
1.85479,3,15,16,18,
1.85619,7,10,9,18,
1.85756,19,23,14,23,
1.85905,45,22,26,25,
1.86042,38,38,29,21,
1.86184,22,43,25,19,
1.86336,20,26,20,26,
1.86479,22,20,12,25,
1.86616,19,27,14,30,
1.86757,8,18,16,17,
1.86892,8,18,16,17,
1.8702,4,2,16,20,
1.87158,6,11,18,25,
1.87297,6,11,18,25,
1.87434,21,19,16,32,
1.87577,22,17,22,31,
1.87713,26,36,26,27,
1.87855,29,27,31,35,
1.87992,19,25,37,37,
1.88123,19,25,37,37,
1.88267,19,25,37,37,
1.88408,1,23,20,12,
1.88548,-1,23,17,7,
1.88687,0,9,21,6,
1.88824,4,9,18,12,
1.88957,4,9,18,12,
1.89097,9,13,19,14,
1.89235,33,34,40,23,
1.89372,33,30,44,26,
1.89513,38,35,38,28,
1.89654,39,41,37,23,
1.89791,29,37,33,24,
1.89928,16,24,18,21,
1.90065,5,14,12,24,
1.90206,5,14,12,24,
1.90347,2,6,13,9,
1.90488,2,6,13,9,
1.90624,7,1,8,12,
1.90762,25,13,30,32,
1.90898,29,24,29,27,
1.91034,29,24,29,27,
1.91178,35,40,38,28,
1.91321,37,48,43,26,
1.91467,30,43,36,29,
1.91602,14,26,30,21,
1.91735,14,26,30,21,
1.91873,23,20,29,16,
1.9201,16,15,15,14,
1.92146,5,10,10,16,
1.92282,3,5,13,22,
1.92418,2,13,28,25,
1.92555,24,24,39,32,
1.92702,24,24,39,32,
1.92841,23,21,31,33,
1.92975,23,36,41,38,
1.93112,18,36,32,28,
1.93251,23,23,16,20,
1.93388,11,23,20,29,
1.93528,11,23,20,29,
1.93664,0,28,23,26,
1.93793,12,6,22,15,
1.93932,9,14,25,14,
1.94067,11,20,20,22,
1.94203,35,25,26,32,
1.94346,35,25,26,32,
1.94486,27,29,39,29,
1.94623,29,36,23,25,
1.94751,36,28,31,22,
1.9489,36,28,31,22,
1.95022,22,36,20,32,
1.95161,4,27,26,23,
1.953,4,27,26,23,
1.95441,6,23,31,22,
1.95579,-14,14,13,24,
1.95714,-8,16,11,19,
1.9586,-7,9,24,16,
1.96007,24,23,36,27,
1.96143,24,23,36,27,
1.96291,24,18,33,38,
1.9643,22,30,33,32,
1.96568,35,34,40,24,
1.96717,30,34,23,29,
1.96856,23,23,23,23,
1.96993,15,9,23,17,
1.97127,12,4,27,23,
1.97266,-3,11,21,25,
1.97406,-6,11,16,25,
1.97548,-8,12,18,23,
1.97693,7,22,22,28,
1.97836,30,19,34,30,
1.97984,34,33,26,23,
1.98117,32,39,33,32,
1.98254,32,39,33,32,
1.98389,29,30,29,23,
1.98521,29,30,29,23,
1.98654,24,29,25,19,
1.98795,14,26,29,26,
1.98932,4,20,21,25,
1.99069,-6,10,22,18,
1.9921,10,6,16,19,
1.99344,12,16,13,17,
1.99484,11,19,14,15,
1.99621,15,39,25,26,
1.99756,29,34,25,27,
1.99889,29,34,25,27,
2.00021,32,23,21,20,
2.00153,17,24,29,20,
2.00289,17,24,29,20,
2.00427,7,31,28,31,
2.00569,5,32,16,26,
2.00711,8,8,21,27,
2.00846,8,8,21,27,
2.00982,7,16,22,26,
2.01127,14,13,25,22,
2.01271,15,22,21,23,
2.0141,27,30,28,21,
2.01547,41,33,35,27,
2.01685,34,34,29,35,
2.0183,17,29,22,29,
2.01978,23,36,22,20,
2.02114,19,27,15,22,
2.02263,15,19,11,15,
2.02414,1,23,19,14,
2.02558,-4,26,27,21,
2.02705,-3,13,25,28,
2.02844,20,19,10,24,
2.02981,31,34,23,26,
2.0313,31,34,23,26,
2.03275,31,39,26,22,
2.03418,41,46,23,22,
2.03559,34,31,19,19,
2.03697,25,27,23,32,
2.03833,25,25,24,22,
2.03969,10,16,25,31,
2.04105,1,14,28,26,
2.04246,1,14,28,26,
2.04387,2,13,23,22,
2.04525,27,13,21,24,
2.04668,27,13,21,24,
2.04811,17,32,30,25,
2.04947,38,38,36,28,
2.05086,38,38,36,28,
2.05223,27,25,32,25,
2.0536,21,28,23,33,
2.05501,23,29,26,37,
2.05636,13,20,17,18,
2.0577,13,20,17,18,
2.05911,4,19,14,11,
2.06048,-3,16,16,16,
2.06183,-1,18,29,7,
2.06317,-1,18,29,7,
2.06452,19,15,21,18,
2.0659,32,14,18,20,
2.06733,28,14,24,31,
2.06874,42,17,30,32,
2.07006,22,25,23,29,
2.07141,25,22,15,27,
2.07279,26,12,11,25,
2.07413,15,15,19,30,
2.07555,14,10,24,24,
2.07691,6,-1,26,18,
2.07831,12,1,22,12,
2.07977,2,9,27,14,
2.08116,5,26,20,26,
2.0826,33,36,28,27,
2.08394,33,36,28,27,
2.08527,30,32,31,31,
2.08676,26,32,28,33,
2.08817,30,20,24,25,
2.08954,22,14,18,23,
2.091,21,21,24,17,
2.09235,21,21,24,17,
2.09369,20,14,28,21,
2.09497,2,15,22,16,
2.09644,7,4,24,15,
2.09777,5,9,25,16,
2.09916,6,19,35,14,
2.10057,20,30,42,20,
2.10198,24,23,37,20,
2.10343,34,39,33,27,
2.10483,26,34,34,26,
2.10621,25,26,25,25,
2.10758,25,26,25,25,
2.10896,25,26,25,25,
2.11039,18,16,22,26,
2.11176,7,17,22,10,
2.11313,-3,5,14,18,
2.11454,1,20,13,21,
2.1159,20,31,11,27,
2.11727,29,30,21,28,
2.11876,24,35,26,22,
2.12021,42,40,30,29,
2.12155,39,35,33,33,
2.12299,39,35,33,33,
2.12431,19,27,30,25,
2.12562,11,30,26,19,
2.12696,9,29,32,28,
2.12834,10,19,26,10,
2.12969,-2,13,27,13,
2.13107,-7,13,22,15,
2.13242,26,22,17,25,
2.13384,26,22,17,25,
2.13532,26,22,17,25,
2.13674,30,25,32,38,
2.13811,32,28,35,27,
2.13953,27,21,39,26,
2.14094,18,23,28,32,
2.1423,21,30,27,29,
2.14373,5,21,25,25,
2.14514,5,21,25,25,
2.14652,5,21,25,25,
2.14791,-1,21,21,15,
2.14922,-4,20,14,22,
2.15059,13,18,26,21,
2.15199,29,21,34,21,
2.15337,36,22,24,29,
2.15486,39,27,29,33,
2.15625,31,29,43,25,
2.15763,29,21,33,18,
2.15909,20,14,29,19,
2.16045,11,9,17,28,
2.16178,3,13,18,29,
2.16319,3,13,18,29,
2.16456,-7,22,22,23,
2.16593,-9,18,19,31,
2.16732,4,25,21,26,
2.16873,31,29,21,33,
2.17014,19,25,28,24,
2.17159,33,26,32,24,
2.17308,33,26,32,24,
2.17452,29,38,26,31,
2.17591,23,36,29,30,
2.1773,12,21,21,29,
2.17875,18,26,28,22,
2.1803,9,10,30,27,
2.18172,9,10,30,27,
2.18319,9,10,30,27,
2.18471,2,7,22,11,
2.18617,11,18,31,6,
2.18765,13,30,15,34,
2.18904,17,35,26,40,
2.19053,32,30,31,28,
2.19199,40,31,32,27,
2.19335,33,23,30,20,
2.19478,17,25,23,29,
2.19614,12,25,20,33,
2.19748,11,16,30,30,
2.19886,6,22,25,19,
2.20019,0,6,21,12,
2.20153,16,10,29,14,
2.2031,16,10,29,14,
2.2045,32,27,38,22,
2.20588,28,40,31,28,
2.20727,19,28,33,28,
2.20866,22,18,30,23,
2.21008,22,18,30,23,
2.21147,8,24,20,19,
2.21283,1,20,17,17,
2.21418,2,23,16,21,
2.21558,12,24,22,23,
2.21697,7,3,17,14,
2.21829,7,3,17,14,
2.2197,19,19,22,12,
2.2211,36,33,33,21,
2.22259,34,34,33,25,
2.22401,27,28,32,33,
2.22542,27,28,32,33,
2.22687,28,26,30,31,
2.22823,23,27,22,35,
2.22962,25,29,14,32,
2.23115,14,21,12,24,
2.23255,4,21,12,11,
2.23393,-1,4,17,8,
2.23532,5,16,13,20,
2.23702,5,16,13,20,
2.23863,16,29,18,25,
2.24008,32,40,23,25,
2.24147,26,40,25,19,
2.24288,31,31,26,18,
2.24426,29,21,28,13,
2.24562,13,18,25,18,
2.247,5,18,27,20,
2.24835,7,24,31,19,
2.24975,1,19,26,23,
2.25118,-6,2,9,15,
2.25248,6,11,6,6,
2.25388,6,11,6,6,
2.25537,11,19,10,17,
2.25678,27,22,16,14,
2.25818,30,21,26,23,
2.25961,23,31,24,27,
2.26097,29,23,21,18,
2.26238,18,22,29,30,
2.26377,18,22,29,30,
2.26518,5,23,29,22,
2.26658,0,19,20,29,
2.26795,2,13,8,21,
2.26935,5,10,17,17,
2.27074,9,8,25,22,
2.27207,15,23,26,19,
2.27344,19,35,28,20,
2.27483,28,35,25,23,
2.27618,29,26,24,39,
2.27754,29,20,19,30,
2.27892,32,23,21,25,
2.28026,26,25,26,24,
2.2816,26,25,26,24,
2.28304,23,26,18,27,
2.28442,19,21,22,19,
2.2858,16,16,14,13,
2.28731,5,4,10,26,
2.28883,9,35,16,19,
2.29025,9,35,16,19,
2.29172,28,33,27,23,
2.29305,21,38,34,35,
2.29439,33,46,29,32,
2.29584,27,31,21,28,
2.29716,28,37,27,29,
2.29855,28,30,35,34,
2.29991,14,19,29,25,
2.30122,5,9,20,25,
2.30261,-2,13,19,21,
2.30398,-2,15,13,25,
2.30533,9,25,18,30,
2.30673,9,25,18,30,
2.30815,11,28,27,32,
2.3096,23,23,23,32,
2.31105,32,38,24,39,
2.31242,25,31,24,30,
2.31377,23,31,28,29,
2.31514,28,23,25,30,
2.3165,9,13,14,17,
2.31787,9,13,14,17,
2.31924,-2,19,12,21,
2.32062,3,22,13,19,
2.32196,-1,17,21,15,
2.32334,-5,15,29,29,
2.32476,2,13,26,29,
2.32618,29,23,27,19,
2.32763,27,18,21,17,
2.32901,21,33,23,26,
2.33042,14,32,20,20,
2.33177,15,15,22,30,
2.33309,18,20,31,26,
2.33443,18,20,31,26,
2.33581,18,20,31,26,
2.33716,5,20,33,30,
2.33854,0,6,18,26,
2.33989,3,14,16,28,
2.34121,16,19,22,30,
2.34266,38,30,33,37,
2.34402,35,23,29,28,
2.34532,28,21,25,32,
2.34668,33,30,20,38,
2.34803,25,29,24,22,
2.34936,25,29,24,22,
2.35074,14,24,20,16,
2.35213,0,23,27,18,
2.35347,-3,21,22,21,
2.35492,-5,18,21,29,
2.35632,3,19,16,24,
2.35765,19,21,29,30,
2.35906,24,27,26,34,
2.36042,23,33,24,31,
2.36172,14,25,23,32,
2.36311,14,25,23,32,
2.36445,34,33,34,30,
2.36582,29,29,35,23,
2.36722,22,25,22,27,
2.3686,15,19,10,28,
2.36997,15,19,10,28,
2.37132,21,11,14,22,
2.37267,10,19,13,17,
2.37404,5,21,24,18,
2.37548,17,21,15,15,
2.37691,33,32,18,22,
2.37848,33,32,18,22,
2.37991,31,40,22,22,
2.38129,37,31,32,33,
2.38272,27,25,31,30,
2.38408,19,24,18,31,
2.3854,11,24,19,26,
2.38679,18,20,14,15,
2.38814,18,20,14,15,
2.38949,-5,12,18,16,
2.39083,-5,12,18,16,
2.39221,-15,13,14,15,
2.39359,25,32,30,27,
2.3951,36,26,29,33,
2.39649,49,19,28,25,
2.39792,47,22,36,31,
2.39933,32,28,35,29,
2.40067,16,30,30,27,
2.40201,25,30,25,23,
2.40333,28,26,15,16,
2.40471,18,22,9,15,
2.40609,12,21,16,19,
2.40745,3,11,20,23,
2.4088,7,14,24,28,
2.41022,16,13,17,30,
2.41174,37,23,29,32,
2.41313,38,34,29,33,
2.41456,30,28,25,35,
2.41592,32,30,29,33,
2.41724,32,30,29,33,
2.41864,31,22,26,38,
2.42,29,19,31,22,
2.42137,15,29,38,17,
2.42279,13,18,23,26,
2.42417,21,24,21,18,
2.42554,21,24,21,18,
2.42698,16,18,26,21,
2.42836,9,16,31,15,
2.42973,22,24,36,16,
2.43112,26,33,34,34,
2.43249,34,36,31,29,
2.43385,33,38,32,26,
2.43519,22,40,37,21,
2.43654,20,37,30,15,
2.4379,19,22,31,22,
2.43929,6,17,24,30,
2.44067,5,14,13,22,
2.44232,5,14,13,22,
2.44406,-2,17,17,26,
2.44545,13,19,23,28,
2.4469,29,17,22,32,
2.44823,30,27,20,37,
2.4496,28,29,23,26,
2.45097,22,35,26,45,
2.45252,19,22,27,45,
2.45385,26,24,27,34,
2.45516,26,24,27,34,
2.45652,19,15,29,25,
2.45785,12,27,29,18,
2.45922,7,22,19,15,
2.46061,-2,24,12,27,
2.46205,-2,24,12,27,
2.46356,40,38,31,22,
2.46493,32,36,28,23,
2.46632,39,30,37,35,
2.4677,39,30,37,35,
2.46911,44,25,37,29,
2.4705,42,24,39,31,
2.47189,33,16,32,23,
2.47324,12,19,21,23,
2.47468,16,19,24,19,
2.47608,0,20,23,13,
2.47746,0,20,23,13,
2.47894,0,19,27,23,
2.48036,20,32,19,20,
2.48176,27,36,25,26,
2.4832,25,28,22,24,
2.48457,37,33,21,32,
2.48593,40,38,27,36,
2.48734,21,37,26,29,
2.48877,21,37,26,29,
2.49014,21,30,30,35,
2.4915,10,23,17,11,
2.49285,5,25,16,18,
2.49422,4,23,26,15,
2.49558,-5,29,28,14,
2.49694,22,35,27,29,
2.4983,22,35,27,29,
2.49966,29,34,24,29,
2.50105,33,26,27,25,
2.50254,33,27,33,29,
2.50395,29,22,40,23,
2.50528,11,25,37,26,
2.50668,11,25,37,26,
2.50806,3,30,19,18,
2.50942,13,15,22,18,
2.51083,12,17,16,27,
2.51219,20,14,19,23,
2.51351,16,20,20,31,
2.51492,16,20,20,31,
2.51633,31,28,19,32,
2.51768,28,41,25,36,
2.51909,39,37,34,26,
2.52046,44,31,36,18,
2.52179,32,40,42,17,
2.52316,29,33,37,18,
2.52452,18,26,31,21,
2.52586,12,20,32,18,
2.52726,8,18,30,21,
2.52864,2,19,28,28,
2.53,0,29,19,25,
2.53142,0,29,19,25,
2.53289,9,18,24,21,
2.53437,30,32,33,25,
2.53587,35,36,29,22,
2.53721,31,41,32,31,
2.53862,41,38,35,30,
2.53999,41,38,35,30,
2.54138,18,28,36,32,
2.54278,15,22,31,27,
2.54415,7,20,24,19,
2.54554,-7,9,17,21,
2.54699,1,11,16,16,
2.54835,17,20,17,14,
2.54971,20,23,22,30,
2.55109,38,23,22,35,
2.55248,38,26,20,33,
2.55381,43,32,19,34,
2.55516,26,34,29,28,
2.55654,24,38,23,23,
2.55794,25,33,23,21,
2.55929,25,33,23,21,
2.56063,19,23,21,14,
2.56202,9,25,26,18,
2.56346,5,14,26,22,
2.56488,13,13,27,28,
2.56625,21,23,20,31,
2.56765,27,28,22,25,
2.56898,27,28,22,25,
2.57032,19,20,25,26,
2.57171,38,34,37,26,
2.57307,35,32,37,28,
2.57444,27,23,32,33,
2.57582,22,23,27,31,
2.57713,17,13,21,33,
2.57854,18,14,16,21,
2.57991,11,10,25,18,
2.58123,0,20,24,14,
2.58266,4,19,17,21,
2.58408,11,22,27,21,
2.58543,24,28,20,26,
2.58689,24,28,20,26,
2.58825,31,32,29,37,
2.58962,27,29,25,30,
2.59099,17,38,34,23,
2.59235,26,31,22,28,
2.5937,26,31,22,28,
2.5951,26,31,22,28,
2.59647,9,20,16,17,
2.59787,-4,13,13,20,
2.59923,-4,22,20,21,
2.60058,2,23,14,17,
2.60196,24,23,29,29,
2.60341,22,34,30,28,
2.60481,23,32,33,33,
2.60618,23,32,33,33,
2.60758,27,27,30,29,
2.60894,21,22,23,23,
2.61029,15,28,21,26,
2.61166,16,17,19,29,
2.61301,16,17,19,29,
2.61436,6,9,17,30,
2.61576,12,16,10,24,
2.61714,3,16,16,22,
2.61851,25,30,29,18,
2.61987,25,26,27,26,
2.62116,25,26,27,26,
2.62256,18,31,26,26,
2.62391,37,36,25,36,
2.62518,28,41,33,27,
2.62677,14,33,28,22,
2.62815,13,33,29,22,
2.62951,5,21,21,31,
2.63087,6,26,20,30,
2.63225,12,14,21,20,
2.63364,15,7,20,25,
2.63512,14,6,26,31,
2.63649,29,13,34,31,
2.63787,30,24,32,30,
2.63925,22,31,15,27,
2.64056,30,43,18,26,
2.64187,27,38,31,30,
2.64319,32,34,27,29,
2.64451,30,26,23,22,
2.64583,17,22,22,23,
2.64722,13,24,29,18,
2.64856,13,24,29,18,
2.64989,12,15,30,13,
2.65127,9,11,23,14,
2.65259,21,17,23,27,
2.65393,37,23,33,25,
2.65524,32,17,29,26,
2.65651,32,17,29,26,
2.65784,28,32,34,36,
2.65923,23,20,33,29,
2.66059,25,20,30,26,
2.66193,16,22,20,19,
2.66331,8,6,17,13,
2.6646,8,6,17,13,
2.666,8,6,17,13,
2.66738,1,15,22,14,
2.66869,12,9,25,14,
2.67,5,9,25,15,
2.67134,8,14,31,19,
2.67269,20,22,35,18,
2.67395,34,25,33,18,
2.67533,34,29,36,28,
2.67665,27,29,37,28,
2.67797,13,20,28,15,
2.67933,10,20,24,7,
2.68069,10,20,24,7,
2.68204,12,14,31,13,
2.68343,12,13,30,13,
2.68475,13,7,28,12,
2.6861,7,23,14,24,
2.68746,14,23,21,30,
2.68882,20,18,24,26,
2.69014,23,28,25,32,
2.6915,30,33,34,34,
2.69283,35,28,31,37,
2.69416,13,28,28,24,
2.6955,13,28,28,24,
2.6968,21,25,19,21,
2.69812,21,25,19,21,
2.69945,14,22,17,25,
2.70079,14,19,21,18,
2.70209,11,11,19,21,
2.70342,5,9,16,27,
2.70478,5,19,23,18,
2.70613,12,24,35,22,
2.7075,22,23,38,30,
2.70887,17,32,32,31,
2.71025,17,32,32,31,
2.71162,18,35,30,38,
2.71297,26,30,26,20,
2.71428,27,29,24,14,
2.71566,27,29,24,14,
2.71702,11,27,23,27,
2.71836,9,29,21,25,
2.71973,12,23,16,28,
2.72109,5,20,12,27,
2.72245,8,32,14,30,
2.72384,22,39,17,38,
2.72517,21,34,23,36,
2.72656,35,22,25,25,
2.72791,35,22,24,19,
2.72925,25,27,27,30,
2.73064,15,16,32,25,
2.73199,25,16,26,27,
2.73332,20,15,14,19,
2.73464,12,17,23,19,
2.73599,5,11,22,23,
2.73733,5,11,22,23,
2.73873,8,14,20,21,
2.74008,13,25,21,31,
2.7414,21,30,19,33,
2.74278,21,23,22,26,
2.74411,32,17,20,32,
2.74542,28,26,17,33,
2.74678,30,37,19,27,
2.74811,30,37,19,27,
2.74943,28,4,16,23,
2.75078,20,11,27,22,
2.75213,9,12,29,24,
2.75345,9,12,29,24,
2.75486,-4,10,19,13,
2.75622,11,13,15,15,
2.75754,23,17,27,20,
2.75891,37,30,30,26,
2.76029,37,30,30,26,
2.76161,25,24,29,29,
2.76297,28,38,33,27,
2.76434,28,38,33,27,
2.7657,29,40,24,22,
2.7671,21,25,29,27,
2.76846,21,25,29,27,
2.76984,15,19,30,23,
2.77123,7,6,32,17,
2.77264,19,6,23,20,
2.774,20,16,21,25,
2.77534,30,22,28,26,
2.77673,35,16,35,37,
2.77807,36,14,37,36,
2.77937,26,14,40,25,
2.78071,30,26,47,21,
2.78205,30,26,47,21,
2.78337,22,24,47,21,
2.78469,22,24,47,21,
2.78603,8,19,31,16,
2.78736,6,26,25,19,
2.78871,11,18,14,25,
2.79005,-6,18,25,33,
2.79138,12,17,31,23,
2.79273,12,17,31,23,
2.79406,29,27,38,33,
2.79539,28,36,26,34,
2.79676,28,36,26,34,
2.79811,30,32,25,36,
2.79943,16,23,31,33,
2.80078,16,23,31,33,
2.80213,20,17,32,20,
2.80346,8,14,10,18,
2.80482,18,12,14,27,
2.80616,6,2,19,24,
2.80748,2,4,18,25,
2.80883,22,9,22,28,
2.81019,23,16,34,28,
2.81153,28,21,41,28,
2.81291,40,34,31,33,
2.81428,37,24,34,29,
2.81562,37,24,34,29,
2.81704,31,23,40,21,
2.81851,22,29,36,19,
2.81989,19,25,29,15,
2.82122,15,25,28,19,
2.82264,0,28,16,25,
2.82404,0,28,16,25,
2.82537,8,31,18,25,
2.82681,12,29,23,19,
2.82817,12,29,23,19,
2.82949,20,33,22,21,
2.83085,27,31,23,29,
2.83221,30,19,28,26,
2.83355,34,13,24,23,
2.83501,34,19,15,22,
2.83637,20,18,18,30,
2.83773,10,17,26,26,
2.8391,0,12,22,9,
2.84042,10,13,21,5,
2.84177,10,13,21,5,
2.84315,20,23,35,22,
2.84451,20,23,35,22,
2.84583,21,26,29,25,
2.84719,35,30,34,22,
2.84854,37,33,31,32,
2.84987,27,23,36,24,
2.85127,27,23,36,24,
2.85263,24,33,17,22,
2.85396,7,32,12,23,
2.85533,0,29,18,29,
2.85667,-4,10,22,24,
2.85803,-4,10,22,24,
2.85939,1,8,18,28,
2.8607,19,17,23,23,
2.86205,31,17,26,29,
2.86336,36,27,26,35,
2.86469,25,26,21,35,
2.86602,22,27,32,36,
2.8674,22,27,32,36,
2.86874,16,20,39,37,
2.87008,25,23,34,30,
2.87144,13,27,14,17,
2.87275,13,16,22,9,
2.8741,7,10,17,11,
2.87553,7,10,17,11,
2.87687,11,2,28,21,
2.87822,9,6,25,20,
2.87955,24,28,35,25,
2.8809,24,37,39,24,
2.88223,17,31,39,28,
2.88354,19,23,41,29,
2.8849,23,28,39,31,
2.88623,13,36,34,24,
2.8876,28,25,34,22,
2.88896,26,10,41,16,
2.89026,24,5,35,14,
2.89161,17,19,25,18,
2.89297,14,20,27,21,
2.89433,6,23,23,24,
2.89569,10,18,26,19,
2.89705,18,19,31,20,
2.8984,27,27,33,22,
2.89977,26,41,32,30,
2.90116,26,41,32,30,
2.90252,19,35,32,25,
2.90392,19,35,32,25,
2.90528,16,36,26,26,
2.90793,0,21,23,24,
2.90926,-3,18,17,18,
2.91057,-3,18,17,18,
2.91195,12,27,27,21,
2.91331,11,23,21,18,
2.91471,19,25,19,31,
2.91609,27,21,37,23,
2.91746,27,21,37,23,
2.91886,43,23,35,30,
2.92022,33,20,40,38,
2.92154,20,24,31,35,
2.92295,26,20,19,23,
2.92432,11,16,20,27,
2.92565,11,16,20,27,
2.92701,16,20,13,27,
2.92836,4,16,13,13,
2.92975,7,21,14,15,
2.9311,19,17,20,20,
2.93242,18,18,25,21,
2.9338,22,16,28,34,
2.93517,36,28,28,36,
2.93659,36,34,28,33,
2.93792,30,26,33,31,
2.93929,26,30,23,23,
2.94067,11,28,22,27,
2.94201,18,26,14,28,
2.94336,19,17,14,32,
2.94472,3,14,17,25,
2.94606,23,25,19,14,
2.94741,14,26,22,12,
2.94878,14,26,22,12,
2.95012,18,32,17,24,
2.95149,22,30,24,36,
2.95285,30,35,19,26,
2.95418,18,27,13,32,
2.95554,22,25,22,28,
2.95685,22,25,22,28,
2.95819,28,26,24,27,
2.95954,6,16,16,22,
2.9609,4,11,17,10,
2.96225,8,12,21,13,
2.96361,2,18,21,21,
2.96498,9,27,24,29,
2.96635,26,29,19,31,
2.96778,27,27,27,34,
2.96909,29,27,29,31,
2.97047,20,28,21,27,
2.97185,20,28,21,27,
2.97317,19,27,28,28,
2.97455,17,21,30,17,
2.97602,11,10,29,19,
2.97741,21,30,12,25,
2.97879,4,13,20,21,
2.98015,3,9,22,22,
2.9815,10,9,22,23,
2.983,8,14,23,30,
2.98452,19,25,29,29,
2.9859,25,26,40,24,
2.98729,24,26,42,28,
2.98868,24,26,42,28,
2.99004,22,26,30,24,
2.9914,14,21,24,26,
2.99277,23,15,29,23,
2.99416,17,29,19,15,
2.99552,-2,22,24,14,
2.99689,11,15,30,14,
2.99824,14,15,31,20,
2.99959,11,24,26,22,
3.00098,26,18,19,22,
3.00234,16,27,20,34,
3.00373,16,27,20,34,
3.00511,26,36,32,23,
3.00647,21,33,24,22,
3.00783,24,34,20,25,
3.00915,20,37,29,19,
3.01046,16,23,27,17,
3.01181,6,10,16,17,
3.01316,-4,8,22,21,
3.01458,-4,8,22,21,
3.01596,-4,26,22,17,
3.01724,16,33,31,21,
3.01862,16,33,31,21,
3.02005,25,38,34,26,
3.02147,31,30,37,30,
3.02287,28,17,26,34,
3.02425,30,39,36,32,
3.02563,20,24,28,35,
3.02705,19,14,24,29,
3.02837,8,29,12,25,
3.02972,-2,22,13,19,
3.03116,-2,22,13,19,
3.03253,12,20,23,24,
3.03392,7,24,34,29,
3.0353,14,21,38,21,
3.03667,31,36,19,32,
3.03803,38,29,30,27,
3.03942,35,32,36,20,
3.04078,20,29,24,22,
3.04217,14,28,29,29,
3.04353,27,18,27,28,
3.04486,28,10,23,24,
3.04621,8,17,27,20,
3.04753,8,17,27,20,
3.04885,8,17,27,20,
3.0502,-6,12,13,25,
3.05157,14,12,8,19,
3.05295,26,14,9,20,
3.0543,27,32,39,28,
3.05568,37,34,36,31,
3.05703,37,34,36,31,
3.05839,40,33,27,27,
3.05977,29,35,33,35,
3.06112,27,21,38,36,
3.06247,27,21,38,36,
3.06382,16,11,26,20,
3.06515,10,17,16,25,
3.06652,10,17,16,25,
3.06785,17,22,19,19,
3.06918,23,29,22,27,
3.07052,29,23,37,32,
3.07187,38,15,36,25,
3.0732,30,23,29,24,
3.07449,32,31,25,26,
3.07581,32,23,24,27,
3.07711,14,17,29,20,
3.07845,13,20,25,27,
3.07976,13,20,25,27,
3.0811,20,21,23,30,
3.08245,26,18,26,30,
3.08382,10,11,19,23,
3.08523,7,20,16,17,
3.08658,20,31,24,19,
3.08802,25,34,27,20,
3.08938,25,34,27,20,
3.09081,30,30,35,23,
3.09218,30,30,35,23,
3.09352,32,28,39,21,
3.09485,13,40,25,23,
3.09623,12,28,26,15,
3.09755,9,21,22,18,
3.09891,9,21,22,18,
3.10029,4,2,21,26,
3.10163,0,7,19,26,
3.10307,8,11,28,21,
3.10439,31,27,39,35,
3.10576,38,25,29,34,
3.1071,38,25,29,34,
3.10846,35,33,32,34,
3.1098,30,31,39,30,
3.11116,20,14,36,28,
3.11248,26,14,34,33,
3.11388,18,27,33,21,
3.11529,18,27,33,21,
3.11666,8,10,15,9,
3.11799,13,9,12,6,
3.11936,19,16,23,10,
3.12074,19,29,21,25,
3.1221,43,39,24,29,
3.12347,43,39,24,29,
3.12485,43,39,24,29,
3.1262,46,40,38,28,
3.12757,27,41,38,25,
3.12892,31,22,37,25,
3.13028,2,17,33,31,
3.13164,2,17,33,31,
3.13299,15,15,30,28,
3.13435,14,13,18,17,
3.13574,17,23,17,23,
3.13711,17,23,17,23,
3.13842,10,24,23,31,
3.13975,35,31,21,16,
3.14112,35,31,21,16,
3.14248,28,33,21,23,
3.14382,28,30,29,28,
3.14521,31,30,33,24,
3.14657,35,35,35,22,
3.14791,11,13,19,16,
3.14926,11,13,19,16,
3.1506,14,17,20,25,
3.1519,4,23,25,16,
3.15329,11,16,23,17,
3.15461,19,21,26,10,
3.15592,13,31,30,14,
3.15723,13,35,22,17,
3.1586,16,34,27,22,
3.15995,20,37,33,25,
3.1613,37,37,35,28,
3.16266,30,26,37,28,
3.16405,14,20,34,33,
3.16541,8,24,22,32,
3.16678,8,24,22,32,
3.16815,14,26,26,19,
3.16953,19,24,27,21,
3.17089,16,14,14,29,
3.17225,20,20,22,28,
3.17361,17,23,36,25,
3.17497,30,23,25,24,
3.17634,30,23,25,24,
3.17769,27,32,24,28,
3.17905,27,32,24,28,
3.1804,34,36,32,20,
3.18173,30,24,21,22,
3.18315,13,20,13,20,
3.18449,8,14,14,18,
3.18585,8,14,14,18,
3.18724,-1,6,12,26,
3.18856,10,13,15,19,
3.18988,11,21,25,18,
3.19126,11,21,25,18,
3.19261,20,30,32,20,
3.19395,21,29,39,24,
3.19531,21,29,39,24,
3.19666,20,32,30,31,
3.19797,19,30,28,21,
3.19933,29,26,20,26,
3.20068,15,17,19,30,
3.20206,5,22,19,36,
3.20343,8,11,27,22,
3.20482,9,10,25,27,
3.20616,12,13,19,30,
3.2075,21,19,17,20,
3.20881,36,19,16,22,
3.21016,36,19,16,22,
3.2115,33,25,28,25,
3.21289,38,36,33,24,
3.21427,38,39,26,31,
3.21563,30,39,22,27,
3.21694,30,39,22,27,
3.21828,33,33,25,17,
3.21961,25,26,28,11,
3.22098,9,17,17,22,
3.22235,3,21,9,15,
3.22367,5,24,17,14,
3.22506,9,14,26,27,
3.22661,21,21,27,29,
3.22796,21,21,27,29,
3.22929,36,15,32,27,
3.23065,40,32,32,25,
3.23199,33,42,23,31,
3.23332,24,34,15,36,
3.23475,20,22,11,37,
3.23606,16,15,10,26,
3.23739,12,13,22,21,
3.23876,16,2,22,22,
3.24008,14,5,29,22,
3.24136,18,12,26,31,
3.24275,18,12,26,31,
3.24409,20,15,26,26,
3.24541,25,18,29,27,
3.24673,34,26,30,25,
3.24806,38,24,29,26,
3.24945,38,26,35,20,
3.25085,38,26,35,20,
3.25221,18,29,12,13,
3.25356,13,27,15,19,
3.25493,17,29,16,21,
3.25629,-2,18,8,28,
3.25764,-2,18,8,28,
3.25904,2,16,7,22,
3.2604,20,14,18,27,
3.26175,27,27,22,31,
3.26313,36,41,28,29,
3.26449,40,33,30,23,
3.26584,27,33,29,25,
3.26721,27,33,29,25,
3.26857,13,34,30,28,
3.26994,12,27,36,32,
3.27136,10,21,35,24,
3.27271,9,19,18,14,
3.27408,9,19,18,14,
3.27545,9,19,18,14,
3.27689,13,15,15,18,
3.2783,19,26,25,25,
3.27968,34,32,26,32,
3.28105,31,32,23,27,
3.28245,34,29,22,31,
3.28381,34,29,22,31,
3.28519,36,21,31,22,
3.28657,18,19,21,25,
3.28793,8,12,14,26,
3.2893,19,6,22,21,
3.29068,2,4,26,16,
3.29203,2,4,26,16,
3.29335,1,7,18,15,
3.29471,26,18,22,15,
3.29607,30,25,16,30,
3.29742,35,20,25,32,
3.29879,32,27,26,24,
3.30014,41,28,23,31,
3.30146,44,19,26,31,
3.30285,26,24,28,18,
3.30421,2,23,27,27,
3.30553,9,29,24,30,
3.3069,9,29,24,30,
3.30826,-2,19,14,31,
3.3096,0,19,19,29,
3.31096,7,17,16,16,
3.3123,18,15,20,9,
3.31358,31,34,26,23,
3.31496,31,34,26,23,
3.31631,27,37,28,22,
3.31763,27,42,31,25,
3.31899,22,30,23,23,
3.32029,11,26,26,20,
3.32165,6,25,16,11,
3.32303,6,25,16,11,
3.32436,6,25,16,11,
3.32575,-4,30,27,20,
3.32707,3,15,16,25,
3.32841,7,16,13,24,
3.32976,20,22,20,22,
3.33109,31,34,24,29,
3.33247,33,37,21,27,
3.33383,26,31,26,36,
3.33524,30,29,31,32,
3.33664,25,24,29,25,
3.33798,15,22,29,17,
3.3393,14,11,29,23,
3.34068,14,11,29,23,
3.34201,9,11,27,32,
3.34331,-5,26,17,24,
3.34466,8,11,11,13,
3.34599,8,11,11,13,
3.34738,21,11,25,25,
3.34869,28,35,28,24,
3.35001,28,40,39,23,
3.35134,31,32,33,26,
3.35273,21,22,23,27,
3.35414,27,20,22,19,
3.35546,16,22,28,16,
3.35683,3,18,30,21,
3.35817,4,16,18,21,
3.35949,8,20,22,24,
3.36087,3,12,28,30,
3.36222,12,13,20,30,
3.36356,10,7,14,21,
3.36494,20,23,18,19,
3.3663,32,32,32,21,
3.36762,32,38,30,36,
3.369,36,31,36,26,
3.37036,36,31,36,26,
3.37175,33,29,16,18,
3.3731,18,28,16,16,
3.37445,5,24,20,20,
3.37576,9,12,24,23,
3.37707,3,16,21,10,
3.37842,3,16,21,10,
3.37977,3,14,15,11,
3.38113,18,25,29,27,
3.38251,32,24,29,24,
3.38386,42,36,35,29,
3.38512,36,37,39,32,
3.3865,33,39,40,30,
3.38786,36,36,38,21,
3.38923,28,29,35,19,
3.39063,20,19,28,19,
3.39199,20,19,28,19,
3.39331,23,10,22,20,
3.39462,10,0,14,28,
3.39601,-2,-2,20,22,
3.39736,-9,5,21,19,
3.39868,23,16,21,31,
3.40004,30,25,31,31,
3.40139,29,30,28,24,
3.40275,40,42,29,25,
3.40411,33,43,25,29,
3.40544,34,30,21,32,
3.40676,34,30,21,32,
3.40809,19,25,21,29,
3.40942,15,16,22,18,
3.41077,10,18,17,12,
3.41212,10,18,17,12,
3.41351,-1,5,16,20,
3.415,-3,7,17,12,
3.41646,31,30,24,31,
3.41784,36,26,31,32,
3.41918,36,26,31,32,
3.42049,35,50,32,31,
3.42182,19,41,32,38,
3.42326,19,41,32,38,
3.4247,13,29,26,36,
3.42609,-3,21,23,23,
3.42744,7,14,28,22,
3.42882,7,14,28,22,
3.4302,0,11,12,8,
3.43165,13,12,8,8,
3.43307,28,15,16,30,
3.43453,30,28,21,33,
3.43587,21,36,28,26,
3.43716,21,36,28,26,
3.43857,32,29,38,28,
3.4399,41,33,38,33,
3.44125,40,35,32,29,
3.44261,27,24,27,26,
3.44397,3,21,32,21,
3.44528,4,10,33,24,
3.44665,-11,11,17,20,
3.44802,-4,11,9,26,
3.44938,5,18,19,19,
3.45075,18,24,16,17,
3.45217,37,29,20,29,
3.45351,40,23,29,25,
3.4549,50,25,37,28,
3.45626,44,33,30,27,
3.45761,23,33,25,31,
3.45896,22,34,21,28,
3.46031,22,34,21,28,
3.46161,17,25,19,19,
3.46297,17,10,15,21,
3.46433,-1,10,10,25,
3.46564,2,9,14,22,
3.46706,20,11,19,29,
3.46842,20,26,20,23,
3.46975,20,26,20,23,
3.47112,41,23,25,24,
3.47247,34,22,31,21,
3.47385,39,20,21,24,
3.47521,39,22,27,26,
3.47665,15,22,17,28,
3.47802,5,25,21,21,
3.47938,-1,21,29,28,
3.48072,-4,16,21,29,
3.48206,-3,14,11,30,
3.48342,9,20,17,30,
3.4848,9,20,17,30,
3.4862,18,29,26,26,
3.48758,34,33,22,29,
3.48889,35,31,22,25,
3.49023,44,18,35,21,
3.49159,33,22,29,23,
3.49294,19,28,24,32,
3.49435,15,19,15,30,
3.49571,15,14,17,27,
3.49702,4,18,27,20,
3.49834,0,8,26,25,
3.49967,-12,6,22,20,
3.50104,-2,17,15,20,
3.50239,8,17,15,25,
3.50375,22,25,18,20,
3.50515,39,35,27,17,
3.50649,42,37,31,30,
3.50788,32,35,36,33,
3.50925,30,24,39,25,
3.51058,30,24,39,25,
3.51195,17,22,35,25,
3.51369,11,30,15,18,
3.51508,11,30,15,18,
3.51645,-6,12,17,24,
3.51782,2,7,17,11,
3.5192,3,13,24,19,
3.52055,15,14,20,26,
3.52194,28,13,29,26,
3.52331,29,23,34,22,
3.52464,44,40,24,32,
3.52603,30,37,27,28,
3.5274,30,37,27,28,
3.52872,6,12,30,15,
3.53011,-6,11,30,19,
3.53143,-6,17,23,13,
3.53274,-6,17,23,13,
3.53408,8,6,15,6,
3.53552,8,6,15,6,
3.53693,9,1,18,14,
3.53831,18,22,29,29,
3.53959,23,28,33,33,
3.54094,25,34,33,35,
3.54228,29,33,28,33,
3.54364,24,24,27,25,
3.54497,25,15,19,25,
3.54628,13,26,20,22,
3.54763,11,23,23,16,
3.54905,8,17,28,19,
3.55042,16,17,27,24,
3.55176,-9,7,15,28,
3.55311,-12,8,12,16,
3.55445,-2,21,13,16,
3.5558,9,19,19,21,
3.55715,34,24,21,32,
3.5585,36,31,24,37,
3.55988,36,31,24,37,
3.56116,41,23,24,29,
3.56249,31,14,20,29,
3.56385,31,14,20,29,
3.56513,9,17,14,26,
3.56648,18,24,23,29,
3.56779,1,11,18,22,
3.56914,1,11,18,22,
3.5705,2,11,25,9,
3.57187,15,14,26,16,
3.57323,24,20,23,31,
3.57462,36,32,33,25,
3.576,36,32,33,25,
3.57731,44,24,34,26,
3.57864,43,22,27,21,
3.57996,28,22,18,24,
3.58126,15,23,22,25,
3.5826,2,13,23,30,
3.58393,10,12,21,22,
3.58529,13,19,21,14,
3.58666,8,15,19,5,
3.58801,-3,12,23,3,
3.58933,23,16,27,26,
3.59072,44,26,37,30,
3.59207,45,30,42,22,
3.59339,49,32,31,22,
3.5948,49,32,31,22,
3.59615,42,30,28,21,
3.59746,37,26,44,22,
3.59882,29,20,40,30,
3.60016,17,23,26,26,
3.60148,16,13,18,24,
3.60287,14,10,19,20,
3.60422,-4,11,17,20,
3.60554,-10,16,20,20,
3.60687,25,30,24,17,
3.60816,25,30,24,17,
3.60948,30,31,27,22,
3.61081,35,36,25,26,
3.61218,38,33,26,30,
3.61351,32,21,28,39,
3.61485,25,29,37,34,
3.61622,12,31,29,22,
3.61757,12,31,29,22,
3.61899,10,24,26,19,
3.62036,-4,14,23,11,
3.62178,-5,16,18,15,
3.62322,3,25,25,18,
3.62457,13,23,22,24,
3.62593,31,27,22,26,
3.62736,31,27,22,26,
3.6288,28,31,42,23,
3.63028,20,28,45,26,
3.63168,20,32,32,23,
3.63306,22,20,26,22,
3.63448,16,24,25,14,
3.63588,16,24,25,14,
3.63724,3,20,19,12,
3.63861,-4,23,16,10,
3.63998,-5,20,11,18,
3.64133,13,24,18,25,
3.64273,27,30,32,28,
3.64411,34,27,36,34,
3.64548,32,28,35,33,
3.64685,36,42,40,25,
3.64826,36,42,40,25,
3.64963,19,23,25,31,
3.65105,6,22,20,22,
3.65248,-3,26,14,13,
3.65383,0,13,14,8,
3.65521,0,13,14,8,
3.65658,3,11,13,6,
3.6579,16,23,18,27,
3.65926,36,32,18,28,
3.66062,31,40,18,21,
3.66196,30,49,32,23,
3.66333,30,49,32,23,
3.66469,30,49,32,23,
3.6661,30,46,32,36,
3.66746,20,24,38,23,
3.66877,18,24,35,15,
3.67014,8,20,19,15,
3.67151,0,5,16,12,
3.67287,0,5,16,12,
3.67423,7,8,10,19,
3.67559,3,16,23,16,
3.67698,11,30,23,17,
3.67836,26,27,23,25,
3.67973,43,32,35,27,
3.68109,41,24,32,31,
3.68245,41,24,32,31,
3.68378,20,30,23,23,
3.68514,20,16,27,21,
3.68656,6,10,25,23,
3.68791,7,22,22,17,
3.68929,-11,16,13,15,
3.69064,-17,12,8,18,
3.69204,-11,13,21,12,
3.69336,10,13,28,7,
3.69474,31,26,25,14,
3.69611,44,35,29,17,
3.69745,36,46,34,39,
3.69879,28,39,31,43,
3.70019,28,39,31,43,
3.7016,21,32,27,23,
3.70296,22,18,27,26,
3.7043,22,18,27,26,
3.70563,2,10,25,14,
3.70696,-2,9,16,8,
3.70832,-2,9,16,8,
3.70964,-1,7,12,5,
3.71102,6,30,22,21,
3.7124,20,37,24,31,
3.71374,29,36,26,34,
3.71509,41,48,28,31,
3.71644,41,48,28,31,
3.71782,46,42,33,25,
3.71918,39,22,34,18,
3.72051,23,20,34,19,
3.72183,9,21,26,25,
3.7232,11,23,14,22,
3.72455,-4,8,12,17,
3.72586,-5,9,17,9,
3.72722,1,10,17,11,
3.72861,18,23,23,19,
3.72993,36,29,38,28,
3.7313,43,31,36,31,
3.73266,52,32,38,29,
3.734,52,32,38,29,
3.73532,45,38,31,27,
3.73665,34,38,25,27,
3.73799,20,11,21,27,
3.73935,8,9,18,22,
3.74069,3,9,12,11,
3.74202,-4,22,18,9,
3.74335,-3,22,17,12,
3.7447,14,10,19,17,
3.74607,20,15,29,16,
3.74741,31,19,40,31,
3.74874,31,19,40,31,
3.75005,41,20,37,39,
3.75143,44,33,40,36,
3.75274,42,35,37,36,
3.75408,28,29,26,33,
3.7554,17,17,32,28,
3.75676,18,15,16,30,
3.75813,18,15,16,30,
3.7595,3,9,12,16,
3.76083,-1,4,13,15,
3.76215,13,3,11,15,
3.76353,30,14,15,25,
3.76486,30,26,25,31,
3.76621,30,26,25,31,
3.76753,29,34,31,35,
3.7689,45,43,29,33,
3.77023,35,29,27,22,
3.77159,34,23,29,22,
3.77291,21,20,24,17,
3.77429,21,20,24,17,
3.77564,1,17,24,16,
3.77694,-14,13,14,16,
3.77824,-13,16,14,14,
3.77957,10,14,19,21,
3.78092,30,26,26,24,
3.78222,30,26,26,24,
3.7835,32,36,25,19,
3.78487,36,38,22,19,
3.78623,31,37,20,20,
3.78755,39,35,32,26,
3.7889,16,29,20,19,
3.79024,16,29,20,19,
3.79156,11,24,13,16,
3.79289,8,14,18,19,
3.79423,8,8,7,14,
3.79559,10,7,4,13,
3.79698,20,20,23,22,
3.7983,20,20,23,22,
3.79963,32,31,34,33,
3.80098,24,31,35,31,
3.80232,43,30,29,25,
3.80366,48,40,27,23,
3.80504,28,36,22,25,
3.80641,15,32,23,33,
3.80767,16,22,18,25,
3.809,5,20,23,24,
3.81035,11,17,22,28,
3.81171,13,11,7,17,
3.81311,16,19,16,19,
3.81454,16,19,16,19,
3.8159,20,18,26,19,
3.81727,40,28,24,25,
3.81862,49,30,20,28,
3.82003,44,33,25,27,
3.82143,35,40,32,31,
3.82286,31,33,35,29,
3.82422,15,21,27,22,
3.82582,15,21,24,15,
3.82736,-17,7,7,18,
3.82874,-9,10,6,13,
3.83012,10,15,6,15,
3.83152,10,15,6,15,
3.83291,21,11,16,30,
3.83429,38,22,26,30,
3.83558,29,25,26,28,
3.83694,33,39,28,26,
3.83831,31,33,31,25,
3.83971,18,30,19,19,
3.84108,22,24,12,25,
3.84242,16,15,14,21,
3.84378,6,13,9,22,
3.84517,-8,13,17,21,
3.84657,-1,11,21,14,
3.84794,-2,6,16,14,
3.84926,4,17,17,15,
3.85062,34,24,31,19,
3.85197,32,29,33,22,
3.85329,42,36,26,24,
3.85465,38,38,33,25,
3.85596,26,30,36,24,
3.85726,26,30,36,24,
3.85856,12,20,21,28,
3.85992,12,20,21,28,
3.86123,14,19,12,22,
3.86255,17,22,14,17,
3.86389,-2,15,15,23,
3.8653,-2,15,15,23,
3.86667,-3,18,12,22,
3.86802,23,43,29,23,
3.86937,38,41,40,30,
3.87072,50,32,43,30,
3.87209,42,28,36,32,
3.87342,36,24,32,32,
3.87478,20,28,25,26,
3.87615,20,28,25,26,
3.87746,4,22,28,19,
3.87886,3,11,26,19,
3.88021,-11,4,22,10,
3.88153,-11,12,8,3,
3.88285,3,20,9,8,
3.8842,7,17,16,14,
3.88552,6,22,25,28,
3.88688,29,25,24,29,
3.88825,33,34,29,40,
3.88956,31,37,35,42,
3.89092,31,37,35,42,
3.89226,38,28,43,32,
3.89362,23,30,42,33,
3.89495,2,17,28,34,
3.89634,9,5,7,31,
3.89764,5,15,0,22,
3.899,5,15,0,22,
3.90033,10,13,11,13,
3.90161,16,15,24,21,
3.90295,35,25,33,32,
3.90428,35,25,33,32,
3.90563,31,35,27,38,
3.90696,27,33,31,27,
3.90831,27,33,31,27,
3.90966,33,17,37,24,
3.91102,12,9,31,27,
3.91238,8,6,30,26,
3.91373,-7,2,22,18,
3.91513,-7,2,22,18,
3.91648,-3,4,23,6,
3.91784,-2,3,28,15,
3.91918,23,15,23,22,
3.92054,25,30,19,26,
3.92192,26,30,32,26,
3.92327,26,30,32,26,
3.92462,42,30,32,31,
3.92597,48,34,23,32,
3.92734,30,29,30,22,
3.9287,18,17,22,22,
3.93003,15,19,15,24,
3.9314,15,19,15,24,
3.93275,4,17,19,10,
3.93421,1,16,7,20,
3.93552,26,16,14,24,
3.93684,26,16,14,24,
3.93819,34,30,26,24,
3.93954,43,29,32,16,
3.94091,41,28,27,21,
3.94228,37,39,23,34,
3.94364,34,39,26,37,
3.945,18,21,19,22,
3.94637,9,22,28,22,
3.94776,9,22,28,22,
3.94915,-1,9,7,16,
3.95053,0,10,15,17,
3.95189,8,23,27,16,
3.95316,10,19,19,12,
3.95452,18,24,28,19,
3.95585,18,24,28,19,
3.95714,17,27,38,33,
3.95842,53,49,42,26,
3.95973,40,38,47,31,
3.96108,28,36,45,37,
3.96245,9,31,36,23,
3.96376,-4,22,29,17,
3.96515,5,19,24,20,
3.96655,-7,14,13,15,
3.96791,-13,4,15,9,
3.9692,6,5,17,13,
3.97052,6,5,17,13,
3.9719,25,17,21,17,
3.97326,36,25,31,21,
3.97463,27,33,41,28,
3.97601,37,41,44,23,
3.97734,32,37,37,32,
3.97875,28,41,30,28,
3.9801,28,41,30,28,
3.98149,7,11,23,34,
3.98281,12,17,23,22,
3.98422,1,12,16,15,
3.98565,5,7,17,3,
3.98698,5,7,17,3,
3.98831,28,7,26,13,
3.98965,40,21,33,20,
3.99102,31,35,33,19,
3.99236,30,36,37,30,
3.99369,39,38,36,29,
3.99506,46,32,35,22,
3.99639,43,33,39,21,
3.99774,24,23,33,29,
3.9991,15,11,14,16,
4.00044,9,17,17,11,
4.00176,7,12,10,14,
4.00308,7,12,10,14,
4.0044,10,26,13,26,
4.00578,9,37,26,33,
4.00714,30,48,35,34,
4.00858,38,37,39,38,
4.00997,36,34,33,32,
4.01145,36,34,33,32,
4.01283,30,30,34,24,
4.01419,13,29,29,28,
4.01556,15,21,24,23,
4.01695,-1,16,24,20,
4.0183,4,16,15,12,
4.01969,4,16,15,12,
4.02103,-2,6,13,13,
4.0224,-3,5,21,14,
4.02378,15,14,14,20,
4.02513,32,30,36,28,
4.02652,43,33,37,35,
4.02788,42,30,27,26,
4.02923,28,20,29,25,
4.03061,23,23,31,21,
4.03197,21,24,24,16,
4.03332,11,20,17,22,
4.03473,0,21,26,26,
4.03613,-6,7,21,29,
4.03746,-6,7,21,29,
4.03889,-6,13,7,18,
4.04033,12,24,15,23,
4.04175,27,33,29,24,
4.04317,27,31,36,19,
4.04454,32,30,38,20,
4.04592,31,32,27,22,
4.04734,31,32,27,22,
4.04871,29,24,32,22,
4.05007,5,21,30,26,
4.05145,11,14,33,15,
4.0528,7,20,27,9,
4.05419,-3,17,17,1,
4.05556,-1,3,11,2,
4.05692,1,13,8,9,
4.0583,6,26,13,19,
4.05968,35,33,26,33,
4.06106,33,28,33,34,
4.06247,33,28,33,34,
4.06383,30,34,33,25,
4.06519,23,30,27,22,
4.06657,17,15,21,33,
4.06795,12,11,15,31,
4.06929,7,6,19,24,
4.07067,7,6,19,24,
4.07202,11,10,25,10,
4.07336,7,17,25,10,
4.07476,14,30,19,20,
4.07611,23,34,26,30,
4.07748,23,34,26,30,
4.07885,23,31,25,29,
4.08022,35,31,42,38,
4.08153,21,26,37,38,
4.08289,14,33,29,35,
4.08424,12,16,23,32,
4.08561,12,16,23,32,
4.08698,19,8,24,32,
4.08833,5,14,31,30,
4.08966,-3,12,17,20,
4.09103,-8,14,26,16,
4.09238,8,26,30,28,
4.09372,20,39,24,25,
4.09508,26,37,16,24,
4.09642,31,45,19,29,
4.09778,36,45,28,27,
4.09914,30,32,28,25,
4.10052,24,23,20,29,
4.10184,24,23,20,29,
4.10324,10,21,17,15,
4.10461,-4,12,26,18,
4.10594,-3,-1,21,17,
4.10733,-2,12,10,18,
4.10869,13,15,22,26,
4.11007,13,15,22,26,
4.11147,30,33,34,27,
4.11278,42,31,31,32,
4.11409,42,39,34,31,
4.11542,38,34,31,33,
4.11675,25,20,26,39,
4.11809,25,20,26,39,
4.11945,25,11,31,34,
4.12079,-4,17,20,19,
4.1221,1,5,22,17,
4.12342,-13,4,19,18,
4.12482,-10,8,24,14,
4.12616,-4,19,24,13,
4.12752,14,23,17,16,
4.12888,27,33,23,20,
4.13024,38,36,36,35,
4.13159,38,36,36,35,
4.13295,29,30,38,30,
4.1343,32,30,39,27,
4.13568,24,26,30,31,
4.13703,-2,23,25,32,
4.13849,4,14,17,28,
4.13987,-17,10,12,13,
4.14115,-18,9,7,12,
4.14251,-6,9,7,12,
4.14386,12,15,16,17,
4.14518,12,15,16,17,
4.14657,24,28,34,12,
4.14796,33,37,27,30,
4.14928,39,40,29,33,
4.15068,25,22,35,37,
4.152,30,17,25,27,
4.15331,14,10,21,17,
4.1547,5,10,14,24,
4.15605,6,18,17,26,
4.15737,2,16,17,14,
4.15874,8,6,21,14,
4.16009,8,6,21,14,
4.16141,37,15,17,18,
4.16276,50,28,23,23,
4.16414,50,28,23,23,
4.16546,37,32,35,38,
4.16684,37,32,35,38,
4.16819,42,37,35,29,
4.1695,35,32,26,25,
4.17086,19,31,19,27,
4.17222,12,22,28,29,
4.17357,12,18,18,19,
4.17493,-5,20,22,14,
4.17629,-14,10,17,16,
4.17765,-8,17,8,22,
4.17903,12,29,17,28,
4.18041,27,20,25,27,
4.18174,34,15,29,25,
4.18311,29,29,30,30,
4.18447,39,41,24,40,
4.18581,38,40,32,39,
4.1872,41,36,32,32,
4.18855,12,15,19,17,
4.18992,13,10,15,12,
4.19127,10,16,18,5,
4.19266,-4,21,15,3,
4.194,-4,21,15,3,
4.19532,0,13,7,9,
4.19667,10,16,12,7,
4.19793,30,32,26,18,
4.19944,28,34,27,31,
4.2009,34,31,32,29,
4.20237,28,22,32,33,
4.20376,32,16,27,36,
4.20513,14,18,16,34,
4.20652,20,16,9,29,
4.20789,2,15,12,19,
4.20926,2,15,12,19,
4.21065,-9,5,16,3,
4.21201,-12,15,19,9,
4.21338,-11,20,20,23,
4.21479,21,22,30,30,
4.21616,34,17,21,38,
4.2175,34,17,21,38,
4.2189,52,39,42,31,
4.2202,39,38,43,32,
4.22154,15,32,48,34,
4.22294,6,21,41,26,
4.22431,12,20,29,23,
4.22562,16,24,23,13,
4.22699,-4,10,22,20,
4.22834,-14,0,15,29,
4.22969,0,7,19,17,
4.23107,20,21,29,15,
4.23242,29,31,27,22,
4.23378,36,36,18,27,
4.23517,36,36,18,27,
4.23652,47,39,33,26,
4.23788,47,39,33,26,
4.23926,32,48,23,16,
4.24064,1,25,20,21,
4.24201,3,17,22,19,
4.24338,8,11,20,18,
4.24474,9,11,14,13,
4.24617,-9,9,20,8,
4.24753,7,17,11,14,
4.24888,33,29,20,25,
4.25025,32,41,31,30,
4.25161,32,41,31,30,
4.25293,29,38,39,37,
4.2543,39,26,42,44,
4.25561,29,25,43,43,
4.25695,25,16,36,31,
4.25828,-1,17,19,19,
4.25964,-7,17,16,14,
4.261,-7,17,16,14,
4.26235,-6,10,18,16,
4.26372,-3,13,20,28,
4.26507,11,13,20,24,
4.26643,37,28,30,28,
4.26779,37,28,30,28,
4.26918,49,35,34,28,
4.27057,49,35,34,28,
4.27193,29,22,37,30,
4.27326,25,30,26,29,
4.27461,15,26,28,31,
4.27597,-6,11,12,20,
4.27733,-1,16,14,27,
4.2787,-1,16,14,27,
4.28006,-6,14,9,28,
4.28141,-9,20,16,19,
4.28278,-6,12,16,15,
4.28413,14,25,20,16,
4.2855,28,42,21,27,
4.28682,48,40,18,22,
4.28815,48,40,18,22,
4.28948,26,32,26,31,
4.29085,12,31,20,36,
4.29221,12,31,28,26,
4.29358,-6,10,9,20,
4.29498,-6,10,9,20,
4.29633,-6,10,9,20,
4.29765,-2,12,21,21,
4.299,-1,10,17,17,
4.3003,3,9,19,13,
4.30166,27,20,33,23,
4.30302,34,35,19,29,
4.30438,34,35,19,29,
4.30574,46,30,38,37,
4.3071,28,38,44,31,
4.30847,28,38,44,31,
4.30982,22,16,37,29,
4.3112,13,16,24,21,
4.31256,-1,11,26,20,
4.31391,-1,11,26,20,
4.31529,-5,7,21,14,
4.31665,8,12,7,22,
4.31794,20,16,16,33,
4.3193,24,20,24,26,
4.32065,36,28,43,33,
4.322,36,28,43,33,
4.3234,36,28,43,33,
4.32477,43,41,25,31,
4.32612,31,37,20,28,
4.32748,5,28,20,31,
4.32888,3,19,19,21,
4.33025,9,20,11,19,
4.33161,5,15,13,24,
4.33297,6,17,16,27,
4.33428,19,26,11,17,
4.33563,37,27,26,31,
4.33698,34,26,33,31,
4.33833,27,33,33,31,
4.33969,27,33,33,31,
4.34104,39,31,32,25,
4.34231,35,23,31,25,
4.34369,19,26,26,31,
4.34506,15,17,20,28,
4.34646,10,10,25,19,
4.34781,11,10,18,22,
4.34913,-15,10,14,13,
4.35049,-18,13,18,12,
4.35184,11,23,26,24,
4.35318,26,23,27,26,
4.35456,26,23,27,26,
4.35594,37,27,37,22,
4.35727,46,27,38,33,
4.35863,36,36,33,33,
4.35999,26,36,29,27,
4.36133,8,25,23,28,
4.36274,5,17,28,25,
4.36409,12,8,32,22,
4.36544,12,8,32,22,
4.3668,0,3,20,26,
4.36811,-6,11,23,24,
4.36943,12,15,27,27,
4.37077,31,25,32,38,
4.37214,30,18,36,30,
4.37346,44,23,43,22,
4.3748,41,27,39,24,
4.37617,28,21,29,28,
4.3775,24,22,26,22,
4.37886,9,11,10,23,
4.38024,15,18,23,24,
4.38159,15,18,23,24,
4.38297,3,9,16,27,
4.38435,-14,-1,17,22,
4.38572,2,4,14,24,
4.38707,15,3,20,24,
4.38845,43,27,16,31,
4.38983,29,37,22,22,
4.39119,29,37,22,22,
4.39255,37,32,38,25,
4.39391,21,16,37,26,
4.39528,21,16,37,26,
4.39663,13,20,16,31,
4.39799,8,26,14,29,
4.39932,3,17,19,16,
4.40068,0,10,11,8,
4.40206,-11,17,8,9,
4.40342,5,18,21,22,
4.40477,9,16,31,27,
4.40612,32,31,28,23,
4.40747,42,33,25,30,
4.40883,42,33,25,30,
4.41018,42,29,30,31,
4.41153,37,34,34,32,
4.4129,28,35,26,28,
4.41425,8,12,30,12,
4.41564,6,13,24,15,
4.41703,-4,21,20,20,
4.41852,-4,21,20,20,
4.41999,0,26,9,16,
4.42146,4,15,7,12,
4.42293,20,29,24,20,
4.42431,37,29,21,23,
4.42568,53,32,27,41,
4.42708,39,29,34,41,
4.42849,36,27,39,37,
4.42988,36,27,39,37,
4.43143,34,32,35,37,
4.4328,14,35,24,29,
4.43417,7,18,27,22,
4.43551,4,20,27,24,
4.43689,3,22,21,23,
4.43825,24,22,21,24,
4.43959,24,22,21,24,
4.44093,34,39,34,24,
4.4423,32,30,35,23,
4.44367,42,25,28,24,
4.44505,34,28,27,24,
4.44649,21,23,34,31,
4.44785,20,21,32,31,
4.44909,20,21,32,31,
4.45047,17,11,27,26,
4.45182,-12,13,13,10,
4.4532,-4,6,8,19,
4.45457,-1,3,7,25,
4.45592,10,21,25,17,
4.45728,10,21,25,17,
4.45865,10,21,25,17,
4.45998,36,36,26,31,
4.46128,37,43,26,35,
4.46266,42,36,27,30,
4.46402,34,26,28,27,
4.46535,18,17,15,30,
4.46676,19,26,13,33,
4.46814,10,13,21,20,
4.46951,0,7,16,26,
4.47087,2,12,22,21,
4.47223,2,12,22,21,
4.47358,18,26,12,27,
4.47499,18,26,12,27,
4.47637,33,29,14,33,
4.47774,46,34,29,35,
4.4791,53,29,33,39,
4.48044,51,29,33,44,
4.4818,35,27,26,28,
4.48316,20,17,22,23,
4.48451,15,12,21,23,
4.48586,5,11,28,25,
4.48723,2,10,20,10,
4.4886,2,10,20,10,
4.48996,7,3,15,3,
4.49129,13,11,11,5,
4.49265,36,28,20,19,
4.49398,45,35,21,27,
4.49531,33,35,23,27,
4.49666,38,24,32,26,
4.49802,34,31,32,27,
4.4994,34,31,32,27,
4.50075,13,15,21,29,
4.50209,4,16,24,29,
4.50344,4,16,24,29,
4.5048,-6,9,21,24,
4.50614,-14,16,24,24,
4.50749,2,13,21,17,
4.50885,2,13,21,17,
4.51018,35,32,25,21,
4.51154,40,36,23,32,
4.51291,47,27,22,37,
4.51429,30,21,32,31,
4.51568,30,21,32,31,
4.51705,27,19,30,22,
4.5184,11,25,24,25,
4.51977,4,18,27,31,
4.52115,12,11,17,22,
4.52256,1,3,21,9,
4.52394,9,8,19,5,
4.52525,9,8,19,5,
4.52663,27,14,22,14,
4.52799,38,36,27,20,
4.52931,39,38,32,26,
4.53069,41,37,40,24,
4.53206,35,36,31,24,
4.53337,34,24,25,31,
4.53474,34,24,25,31,
4.53609,11,13,28,31,
4.53741,3,9,30,27,
4.53877,-2,3,21,22,
4.54012,-13,14,16,24,
4.54146,1,11,16,28,
4.54282,16,11,24,19,
4.54413,21,20,27,19,
4.54545,30,26,28,27,
4.54682,38,35,31,27,
4.54816,38,35,31,27,
4.54947,30,34,33,28,
4.55084,19,30,31,27,
4.55218,26,25,19,29,
4.5536,20,20,28,20,
4.55499,14,10,20,28,
4.55634,-5,-1,21,20,
4.55766,1,5,14,9,
4.55904,4,10,20,15,
4.56039,7,14,30,23,
4.56179,23,24,37,26,
4.56316,27,27,40,30,
4.56452,37,40,27,26,
4.56586,41,42,27,26,
4.56715,32,26,32,22,
4.56852,20,20,33,21,
4.56987,16,24,18,27,
4.57126,17,28,15,19,
4.57262,2,12,23,25,
4.57398,0,11,21,22,
4.57534,0,11,21,22,
4.57672,-4,12,14,9,
4.57807,11,16,18,14,
4.57944,11,16,18,14,
4.5808,48,29,20,27,
4.58215,50,30,29,33,
4.58352,36,39,31,32,
4.58487,36,39,31,32,
4.58626,24,25,27,31,
4.58765,11,23,31,22,
4.589,17,25,31,14,
4.59039,3,-5,17,16,
4.59175,3,-5,17,16,
4.59313,0,11,22,21,
4.5945,17,20,24,23,
4.59587,17,20,24,23,
4.59725,19,33,17,20,
4.59866,40,24,17,27,
4.60002,55,19,23,33,
4.60138,45,29,38,29,
4.60275,22,31,26,23,
4.60414,22,27,31,29,
4.60547,14,21,23,30,
4.60683,3,17,27,26,
4.60821,-8,11,23,16,
4.60953,-4,14,13,13,
4.61088,12,8,20,7,
4.61221,12,8,20,7,
4.61354,27,20,22,12,
4.61492,27,24,18,23,
4.61631,31,21,24,30,
4.61766,43,40,33,24,
4.61916,35,37,33,32,
4.62073,14,29,19,35,
4.62219,14,29,19,35,
4.62365,11,22,32,18,
4.62496,4,13,21,19,
4.62634,4,13,13,19,
4.62772,-1,16,11,18,
4.6291,4,17,20,17,
4.63048,15,14,29,26,
4.63184,32,24,32,33,
4.63324,38,34,37,29,
4.63462,45,32,31,26,
4.63599,50,42,34,23,
4.63733,41,27,33,22,
4.63874,41,27,33,22,
4.64011,5,13,27,24,
4.64146,9,2,14,16,
4.64284,-5,2,8,8,
4.64419,-4,14,9,12,
4.64551,-2,16,15,15,
4.64686,-1,27,14,16,
4.64822,14,25,26,21,
4.64956,29,34,29,22,
4.65093,38,26,32,37,
4.65232,38,26,32,37,
4.65366,35,29,24,38,
4.655,32,28,25,32,
4.6564,14,23,30,23,
4.65775,9,12,15,27,
4.6591,6,11,13,17,
4.6605,-2,19,12,16,
4.66187,-2,19,12,16,
4.66327,-1,19,18,10,
4.66463,9,27,14,11,
4.66598,11,23,26,25,
4.66735,26,25,25,24,
4.66866,39,31,33,30,
4.67,42,32,38,36,
4.67134,36,37,33,31,
4.67268,22,35,30,23,
4.67403,10,28,23,16,
4.6754,8,17,25,29,
4.67676,7,10,18,25,
4.67813,7,10,18,25,
4.67946,7,10,18,25,
4.68079,4,8,7,7,
4.68211,12,20,21,11,
4.68348,33,24,32,17,
4.68481,44,23,25,29,
4.68617,46,36,25,35,
4.68755,46,36,25,35,
4.68892,26,20,18,30,
4.69028,17,18,23,25,
4.69166,15,20,25,29,
4.69296,10,9,20,34,
4.69431,6,-2,23,32,
4.69572,-10,-5,20,28,
4.6971,-10,-5,20,28,
4.69846,-3,5,28,19,
4.69982,2,21,21,25,
4.70111,33,33,23,30,
4.7025,41,37,25,25,
4.70387,38,30,29,25,
4.70517,28,26,33,37,
4.70653,35,30,29,38,
4.70789,9,20,34,30,
4.7092,18,21,30,29,
4.71067,18,21,30,29,
4.71203,11,20,24,26,
4.71338,-4,17,18,16,
4.71475,0,6,13,8,
4.71611,11,18,21,15,
4.71745,29,20,27,20,
4.71881,30,27,25,18,
4.72017,37,24,31,27,
4.72154,43,24,35,35,
4.7229,40,28,36,36,
4.72428,35,26,41,35,
4.72564,23,24,29,28,
4.72702,20,23,18,18,
4.72837,11,16,25,27,
4.72971,3,7,19,31,
4.7311,-4,9,18,23,
4.73249,-13,12,14,27,
4.73383,30,17,22,24,
4.7352,37,29,24,35,
4.73656,46,31,26,35,
4.73792,62,35,26,36,
4.7393,46,25,24,34,
4.74063,46,25,24,34,
4.74199,35,24,32,24,
4.74334,25,25,23,24,
4.74465,5,22,26,31,
4.74601,5,22,26,31,
4.74735,-5,24,18,12,
4.74871,5,18,26,19,
4.75006,4,20,24,19,
4.75143,36,29,25,18,
4.75281,46,29,33,18,
4.75416,46,29,33,18,
4.75553,37,29,44,25,
4.75688,28,31,42,27,
4.75823,32,28,30,23,
4.75961,24,22,23,25,
4.76104,17,18,14,34,
4.76245,6,21,16,20,
4.76381,-3,12,14,23,
4.76517,-4,11,18,27,
4.76656,0,12,15,24,
4.76794,2,20,24,28,
4.76933,18,16,16,28,
4.77064,22,25,12,33,
4.77195,37,30,21,30,
4.77329,42,38,32,31,
4.77464,28,30,41,31,
4.77597,28,35,32,35,
4.77731,21,37,24,23,
4.77861,15,32,26,23,
4.77997,14,13,14,24,
4.78133,15,6,20,23,
4.7827,-3,9,17,19,
4.7841,11,12,21,28,
4.78544,11,12,21,28,
4.78681,31,29,37,27,
4.78818,31,34,30,24,
4.78952,39,44,22,20,
4.79091,36,50,22,22,
4.79226,29,36,29,23,
4.79358,29,36,29,23,
4.79493,34,21,21,27,
4.79628,-3,21,25,29,
4.79766,4,23,19,25,
4.79901,8,23,12,25,
4.80036,-4,23,14,13,
4.80174,-2,11,12,14,
4.80314,5,3,15,20,
4.8045,22,26,28,30,
4.80587,33,29,36,33,
4.80724,47,28,38,36,
4.8086,47,28,38,36,
4.80995,38,38,37,33,
4.81133,34,45,25,23,
4.81267,31,32,25,16,
4.81404,14,19,19,17,
4.8154,13,15,9,18,
4.81674,1,16,20,21,
4.81809,6,9,17,19,
4.81945,0,1,14,22,
4.8208,16,3,20,29,
4.82216,23,18,21,36,
4.82353,27,24,24,30,
4.82491,36,35,30,31,
4.82627,36,35,30,31,
4.82765,22,26,20,29,
4.82904,31,28,21,24,
4.83044,12,22,19,20,
4.83184,9,21,11,23,
4.83319,-1,8,9,25,
4.83462,7,-2,19,24,
4.83603,-9,13,19,16,
4.83744,-9,13,19,16,
4.83886,27,19,25,17,
4.84024,38,22,26,31,
4.84159,35,27,32,38,
4.84303,49,37,45,35,
4.84439,44,23,32,35,
4.84574,29,17,32,32,
4.84711,17,18,14,21,
4.84846,6,20,18,21,
4.8498,1,11,18,25,
4.85119,1,11,18,25,
4.85256,-16,7,10,20,
4.8539,-18,20,11,17,
4.85528,-7,17,17,14,
4.85663,27,23,30,28,
4.85798,20,32,30,36,
4.85934,31,39,31,30,
4.8607,38,30,35,34,
4.86207,32,39,31,34,
4.86347,26,40,20,25,
4.86481,23,27,11,14,
4.86618,12,19,16,13,
4.86754,10,8,21,21,
4.86889,-6,5,20,15,
4.87028,0,6,24,8,
4.87163,7,6,26,14,
4.87302,13,13,30,11,
4.87443,40,22,25,32,
4.87579,50,34,23,34,
4.87717,58,32,32,27,
4.87854,47,21,34,25,
4.87991,47,21,34,25,
4.88122,38,30,28,28,
4.88258,11,7,24,19,
4.88394,3,10,32,26,
4.88528,4,11,35,22,
4.88663,-2,9,20,13,
4.88799,-10,0,21,10,
4.88932,-8,9,21,10,
4.8907,6,25,20,16,
4.89208,37,36,24,28,
4.89345,49,34,25,31,
4.89483,49,34,25,31,
4.89623,47,42,31,32,
4.89758,30,41,37,25,
4.89895,19,23,31,30,
4.90031,5,29,27,21,
4.90167,-11,31,21,24,
4.90303,-9,16,20,27,
4.90439,-8,10,24,16,
4.90576,-8,10,26,12,
4.90712,4,16,25,17,
4.90848,27,28,28,20,
4.90987,36,39,27,28,
4.91123,36,39,27,28,
4.91258,36,39,27,28,
4.91398,46,39,28,34,
4.91536,37,39,24,27,
4.91672,10,35,17,32,
4.91806,7,17,16,18,
4.91943,7,17,16,18,
4.92079,-1,18,14,25,
4.92215,-14,6,8,10,
4.92354,6,12,19,9,
4.92491,19,23,26,13,
4.92626,31,29,25,21,
4.92762,31,29,25,21,
4.92898,45,35,26,35,
4.93034,42,27,32,32,
4.93171,27,29,30,25,
4.93302,16,25,24,24,
4.93441,14,22,26,21,
4.93583,10,23,16,20,
4.93716,5,15,14,19,
4.93852,-5,16,9,16,
4.93987,9,18,11,23,
4.94119,7,17,20,17,
4.94255,7,17,20,17,
4.94388,21,24,18,14,
4.9452,40,30,21,30,
4.94654,51,32,21,32,
4.94786,46,36,33,35,
4.94913,26,30,35,37,
4.95052,10,20,31,24,
4.9519,10,20,31,24,
4.95315,13,23,25,24,
4.9545,0,5,11,9,
4.95586,6,6,8,5,
4.95716,-10,5,13,12,
4.95853,0,11,19,11,
4.95988,32,24,22,15,
4.96115,32,24,22,15,
4.96248,43,24,34,22,
4.96382,40,34,35,35,
4.96513,44,29,37,32,
4.96649,30,32,37,29,
4.96781,6,15,25,25,
4.96913,6,15,25,25,
4.97051,-1,18,19,17,
4.97186,1,24,19,16,
4.97316,5,17,22,10,
4.97456,5,17,22,10,
4.97596,13,22,22,10,
4.97727,25,20,27,21,
4.97868,37,24,28,33,
4.98002,29,35,24,28,
4.98132,51,31,15,25,
4.98268,42,43,23,28,
4.98407,32,41,25,31,
4.98543,32,41,25,31,
4.98681,3,25,16,30,
4.98816,2,12,10,22,
4.98952,2,12,10,22,
4.99088,-13,13,17,18,
4.99225,-14,14,22,18,
4.99359,7,13,32,16,
4.99494,21,26,37,24,
4.99625,32,25,30,30,
4.9976,28,34,22,25,
4.99897,29,39,25,31,
5.00032,37,35,26,27,
5.00167,37,35,26,27,
5.00304,23,24,22,23,
5.00441,-1,18,26,25,
5.00576,-6,15,20,23,
5.0071,-9,12,15,22,
5.0085,-13,-1,16,18,
5.00984,-13,-1,16,18,
5.01118,7,22,17,18,
5.01249,28,20,37,34,
5.01383,24,24,32,25,
5.01525,33,36,26,29,
5.0166,32,35,24,34,
5.01798,30,24,22,23,
5.01941,23,17,20,25,
5.02078,17,16,20,25,
5.0221,2,14,17,17,
5.02347,0,10,19,19,
5.02483,-12,1,22,27,
5.02619,-4,11,25,23,
5.02759,-1,19,23,23,
5.02891,11,20,15,17,
5.03024,45,23,35,19,
5.03162,35,23,28,26,
5.03296,35,23,28,26,
5.03429,40,29,28,30,
5.03568,32,33,38,25,
5.03703,24,33,36,19,
5.03832,17,18,33,22,
5.03967,23,20,36,25,
5.04102,10,23,32,23,
5.04245,10,23,32,23,
5.04378,-10,14,6,18,
5.04512,-1,8,9,16,
5.04648,12,13,15,25,
5.04784,26,27,16,34,
5.04918,53,34,26,22,
5.05056,53,34,26,22,
5.05193,56,28,20,28,
5.05325,19,18,28,28,
5.05458,19,18,28,28,
5.05595,17,19,23,24,
5.05729,10,17,19,18,
5.05863,10,17,19,18,
5.05997,-7,17,11,13,
5.06134,-10,22,9,14,
5.06272,16,28,22,16,
5.06408,36,23,38,29,
5.06543,29,34,33,35,
5.06681,36,31,31,34,
5.06817,39,24,30,38,
5.06954,39,24,31,45,
5.07093,34,30,28,33,
5.07228,21,15,21,32,
5.07362,3,20,14,29,
5.07496,-2,19,22,23,
5.07634,-2,19,22,23,
5.07767,-7,17,9,15,
5.07907,-5,14,14,6,
5.0805,6,13,13,6,
5.08187,9,27,21,19,
5.08324,50,38,39,29,
5.08458,57,39,42,25,
5.08593,57,39,42,25,
5.0873,47,40,40,32,
5.08867,29,28,28,23,
5.09,22,20,24,29,
5.09138,13,17,16,25,
5.09274,-18,6,21,19,
5.09411,-18,6,21,19,
5.09549,-18,6,21,19,
5.09684,-3,11,22,11,
5.09819,6,13,23,20,
5.09952,29,10,32,29,
5.10088,31,20,40,23,
5.10226,38,30,35,31,
5.10362,38,30,35,31,
5.10503,28,32,24,37,
5.1064,18,20,31,20,
5.1078,6,23,30,28,
5.10916,-3,21,24,30,
5.11053,-9,12,18,19,
5.11189,-9,12,18,19,
5.11326,-9,6,20,9,
5.11458,2,8,19,21,
5.11589,24,18,28,16,
5.11719,26,20,30,32,
5.11858,32,30,28,38,
5.11989,49,42,30,47,
5.1212,46,38,25,37,
5.12258,37,24,20,34,
5.12395,3,14,30,35,
5.12532,13,13,24,30,
5.12673,13,13,24,30,
5.12809,2,10,20,23,
5.12942,-8,4,18,17,
5.13085,-6,3,9,20,
5.1322,8,25,11,31,
5.13355,27,18,12,28,
5.13488,41,30,23,21,
5.13624,41,30,23,21,
5.1376,46,26,25,30,
5.13897,35,25,30,36,
5.1403,26,33,36,36,
5.14165,21,25,25,29,
5.14304,15,20,17,29,
5.1444,6,7,13,23,
5.14572,0,9,14,13,
5.14708,3,2,14,13,
5.14842,1,12,16,18,
5.14978,7,27,26,25,
5.15115,21,42,26,35,
5.1525,21,42,26,35,
5.15381,42,49,35,38,
5.15514,50,39,33,42,
5.15651,29,36,26,36,
5.15785,23,26,19,27,
5.15925,24,16,24,17,
5.16062,24,16,24,17,
5.16198,4,8,24,16,
5.16335,-13,2,14,24,
5.16471,-1,18,9,14,
5.16607,8,16,25,19,
5.16745,17,22,26,23,
5.16883,25,31,28,30,
5.17019,31,36,31,29,
5.17164,45,28,26,26,
5.17298,45,26,37,24,
5.17434,22,35,35,25,
5.17575,29,23,38,35,
5.17711,12,13,32,29,
5.17849,9,9,28,17,
5.17985,10,8,27,17,
5.18119,-21,6,14,4,
5.18255,3,7,14,6,
5.18384,8,11,10,9,
5.18522,18,25,19,17,
5.18655,31,32,23,19,
5.18789,31,32,23,19,
5.18921,38,41,28,21,
5.19053,38,31,27,32,
5.19187,20,26,31,31,
5.19319,24,22,32,26,
5.19456,24,22,32,26,
5.19591,17,21,20,20,
5.19723,3,19,14,18,
5.19859,-3,12,15,13,
5.19996,16,11,22,17,
5.2013,16,11,22,17,
5.20269,16,19,25,21,
5.20401,21,19,28,34,
5.20537,21,19,28,34,
5.20676,35,20,32,31,
5.20811,35,20,33,33,
5.20946,28,33,34,36,
5.21079,31,29,24,34,
5.21214,21,22,30,29,
5.21346,8,17,26,27,
5.21483,-9,19,22,20,
5.21611,-8,19,19,14,
5.21745,-4,21,21,13,
5.21883,10,18,24,11,
5.22018,10,18,24,11,
5.22158,25,17,20,10,
5.22303,40,23,44,33,
5.2244,53,31,41,45,
5.22585,36,35,34,39,
5.22734,24,28,36,25,
5.22871,24,15,37,19,
5.23005,21,9,32,21,
5.2315,-6,8,18,24,
5.23298,-2,8,9,18,
5.23438,-2,8,9,18,
5.23579,2,22,9,12,
5.23713,14,16,15,16,
5.23853,40,29,19,37,
5.23989,44,23,24,29,
5.24121,43,16,35,33,
5.24262,40,30,40,34,
5.24405,40,30,40,34,
5.24537,29,26,26,21,
5.24672,2,24,19,12,
5.24805,1,19,18,23,
5.24944,1,19,18,23,
5.25088,-5,18,9,11,
5.2522,3,6,9,13,
5.25351,3,6,9,13,
5.2548,16,13,14,20,
5.25611,40,19,28,33,
5.25749,45,28,40,33,
5.25889,52,36,35,28,
5.26026,41,39,36,37,
5.2616,28,26,29,37,
5.26296,23,22,32,35,
5.26434,6,25,32,37,
5.26574,9,11,22,26,
5.26708,-2,3,21,25,
5.26849,-5,7,12,15,
5.26985,-5,15,12,17,
5.27123,-2,19,27,27,
5.27258,12,29,29,27,
5.27395,31,21,42,20,
5.27534,40,22,39,30,
5.27669,35,36,35,29,
5.278,22,27,41,31,
5.27936,22,27,41,31,
5.28071,11,29,35,22,
5.28207,2,21,32,18,
5.28347,2,16,24,12,
5.28483,-12,12,25,7,
5.28619,-12,12,25,7,
5.28754,-2,3,12,24,
5.28884,17,15,11,20,
5.2902,27,26,17,25,
5.29157,40,35,34,28,
5.29293,50,36,37,31,
5.29425,50,36,37,31,
5.29561,33,22,27,35,
5.29698,25,27,27,34,
5.29834,20,32,30,26,
5.29969,10,22,25,30,
5.30111,4,15,25,23,
5.30252,4,15,25,23,
5.30388,-5,6,13,12,
5.30522,3,15,13,10,
5.30659,24,24,26,13,
5.30796,32,36,30,20,
5.30927,42,42,20,24,
5.31064,42,42,20,24,
5.31201,42,42,20,24,
5.31334,41,42,25,33,
5.31466,28,29,21,32,
5.31598,8,20,16,22,
5.31728,-3,7,15,18,
5.31862,-1,11,10,17,
5.31997,-13,5,17,19,
5.3213,-10,6,17,20,
5.32271,14,21,21,20,
5.32409,22,24,24,26,
5.32541,33,32,24,20,
5.32679,33,32,24,20,
5.32813,33,41,19,29,
5.32948,39,33,18,32,
5.33085,39,21,29,31,
5.33221,7,22,30,21,
5.33352,10,17,34,18,
5.3349,8,19,34,14,
5.33626,-10,13,32,21,
5.33757,-12,0,23,22,
5.33895,3,10,15,16,
5.34029,7,26,22,21,
5.34163,23,23,27,28,
5.34296,30,26,19,25,
5.34429,42,34,17,26,
5.34562,53,38,34,28,
5.34699,43,40,44,33,
5.3483,42,29,42,28,
5.34965,24,16,33,23,
5.35108,18,26,30,14,
5.35242,5,23,30,19,
5.3538,5,23,30,19,
5.35515,1,20,14,18,
5.35642,-5,18,9,19,
5.35774,6,12,17,28,
5.35913,37,25,24,30,
5.36049,40,20,30,25,
5.36185,40,31,37,31,
5.36321,33,35,40,31,
5.36459,21,24,39,25,
5.36593,13,12,27,20,
5.36732,6,17,25,24,
5.36868,-11,19,19,30,
5.37005,-3,23,24,26,
5.37146,-3,20,20,18,
5.37282,-5,23,11,15,
5.37417,-7,17,8,16,
5.37555,7,13,22,16,
5.37688,50,26,24,30,
5.37821,47,23,16,26,
5.37958,47,18,20,35,
5.38093,47,18,20,35,
5.38231,39,18,24,43,
5.38374,31,16,26,28,
5.3851,7,18,26,16,
5.38647,3,20,16,20,
5.38782,-3,19,10,23,
5.38914,-8,11,10,19,
5.39049,-12,12,16,20,
5.39185,-9,16,14,15,
5.39318,9,27,12,27,
5.39454,26,41,23,31,
5.39589,27,39,31,24,
5.39724,37,35,29,24,
5.39855,37,37,31,25,
5.39991,27,28,26,24,
5.40129,27,26,26,21,
5.40271,20,23,24,28,
5.40408,20,20,18,28,
5.40546,4,19,11,14,
5.40685,4,19,11,14,
5.40824,-1,8,19,13,
5.40959,15,18,20,16,
5.41095,40,24,24,22,
5.41227,40,24,24,22,
5.41365,51,27,26,26,
5.41505,51,27,26,26,
5.41647,47,24,37,29,
5.41788,40,33,36,25,
5.41926,24,29,36,18,
5.42064,10,19,14,18,
5.42199,13,14,23,15,
5.42334,13,14,23,15,
5.42467,10,18,16,27,
5.42602,10,18,16,27,
5.42742,10,13,22,18,
5.4288,26,28,38,27,
5.43013,34,30,40,25,
5.43156,39,30,38,32,
5.43296,33,23,35,35,
5.43435,29,20,28,40,
5.43576,25,25,17,38,
5.43712,22,31,18,32,
5.43851,12,17,22,23,
5.43987,12,17,22,23,
5.44118,12,17,22,23,
5.44256,-12,14,25,22,
5.44397,-8,17,26,28,
5.44531,23,18,26,19,
5.44671,34,26,21,23,
5.44807,30,35,22,34,
5.44941,30,35,22,34,
5.45079,31,39,35,45,
5.45215,26,28,23,39,
5.45348,19,17,20,32,
5.45485,13,25,22,31,
5.45622,11,23,20,27,
5.45756,-8,14,19,29,
5.45892,-12,20,10,25,
5.46029,4,15,16,28,
5.46166,12,14,27,32,
5.46309,17,28,38,26,
5.46449,41,37,24,22,
5.46585,46,40,23,24,
5.46722,46,40,23,24,
5.46859,30,44,30,28,
5.46994,25,33,26,30,
5.47133,27,30,23,35,
5.47271,10,14,14,20,
5.47406,1,11,12,15,
5.47544,1,11,12,15,
5.47681,-10,13,6,15,
5.47816,-7,27,19,20,
5.47956,3,25,31,24,
5.48091,40,26,31,31,
5.48225,43,31,30,40,
5.48364,43,31,30,40,
5.48501,47,33,28,40,
5.48637,36,29,25,32,
5.48773,29,18,22,32,
5.4891,17,22,25,24,
5.49046,15,19,22,20,
5.49185,15,19,22,20,
5.49317,15,17,12,23,
5.49456,8,15,21,24,
5.49591,3,13,28,17,
5.49726,18,14,24,15,
5.49863,25,25,28,25,
5.50001,42,34,26,29,
5.50134,42,34,26,29,
5.50272,40,42,33,34,
5.50409,41,39,23,25,
5.50541,25,25,20,26,
5.50679,5,27,25,18,
5.50814,6,31,17,16,
5.50946,-5,17,10,15,
5.51085,-17,2,12,15,
5.5122,-3,-2,25,14,
5.51354,16,12,21,28,
5.51491,16,12,21,28,
5.51633,30,28,24,34,
5.51766,30,28,24,34,
5.51906,29,26,32,30,
5.52042,22,30,41,30,
5.52176,25,25,32,33,
5.52314,28,25,33,31,
5.5245,19,26,27,28,
5.52584,16,24,21,26,
5.5272,-2,19,15,17,
5.52856,-10,18,18,10,
5.52988,12,9,9,29,
5.53124,12,9,9,29,
5.53261,21,13,15,35,
5.534,26,25,30,31,
5.53541,26,30,27,33,
5.53679,36,44,22,35,
5.53813,24,33,18,24,
5.53951,16,19,17,24,
5.54086,16,19,17,24,
5.5422,-2,21,25,18,
5.54356,6,24,23,20,
5.54491,-14,15,27,20,
5.54627,-7,8,16,15,
5.54764,9,13,16,15,
5.54899,15,15,24,25,
5.55036,15,15,24,25,
5.55172,29,29,27,34,
5.55308,49,32,24,32,
5.55446,44,29,32,36,
5.55582,21,27,27,29,
5.55718,21,27,27,29,
5.55856,21,13,25,35,
5.55991,10,13,20,24,
5.56123,-4,17,26,20,
5.5626,6,19,27,11,
5.56399,-1,21,21,13,
5.56532,-1,21,21,13,
5.56674,9,16,17,12,
5.56811,25,21,27,20,
5.56942,46,29,22,35,
5.5708,47,32,31,43,
5.57216,40,40,24,37,
5.57348,33,32,29,31,
5.57486,27,14,25,24,
5.57623,3,9,20,29,
5.57759,-3,25,20,22,
5.57897,-5,12,23,16,
5.58032,-5,12,23,16,
5.58169,-5,5,20,11,
5.58308,12,10,10,9,
5.58448,23,16,19,21,
5.58586,40,17,21,34,
5.58725,47,27,32,33,
5.58862,44,25,27,30,
5.58998,38,36,24,22,
5.59135,28,33,21,27,
5.59268,28,33,21,27,
5.59405,14,22,27,18,
5.59537,21,16,25,20,
5.59669,4,10,24,18,
5.59802,-11,9,20,9,
5.59937,-6,3,15,15,
5.60081,11,10,18,31,
5.60218,32,13,26,25,
5.60356,31,29,31,33,
5.60496,48,26,32,40,
5.60632,47,17,36,36,
5.6077,47,17,36,36,
5.60906,44,21,37,30,
5.61046,20,19,31,32,
5.61182,9,18,12,21,
5.61313,2,12,18,23,
5.61451,-3,15,15,26,
5.61593,-3,15,15,26,
5.61726,12,21,13,18,
5.61865,15,23,16,29,
5.62006,33,33,18,32,
5.62144,57,33,33,23,
5.62283,57,33,33,23,
5.62427,51,30,31,23,
5.62566,35,29,32,33,
5.62703,16,33,25,42,
5.62842,13,17,28,32,
5.6298,-1,20,35,24,
5.63119,-5,12,27,18,
5.63258,-5,12,27,18,
5.634,2,16,22,22,
5.63544,10,22,23,24,
5.63688,36,30,20,33,
5.63829,53,41,22,39,
5.63971,56,43,33,41,
5.64111,48,46,35,43,
5.6425,37,49,37,37,
5.64389,37,49,37,37,
5.64522,14,35,29,46,
5.6466,13,29,38,43,
5.64798,13,29,38,43,
5.6493,20,18,33,44,
5.65067,36,20,42,59,
5.65204,48,29,42,73,
5.65342,48,29,42,73,
5.65483,213,65,66,124,
5.65621,190,108,82,146,
5.65757,116,90,92,135,
5.65891,101,69,89,123,
5.66027,82,52,71,104,
5.66169,68,40,53,81,
5.66306,15,33,39,48,
5.66438,15,33,39,48,
5.66576,24,15,34,48,
5.66715,18,6,22,41,
5.6685,24,15,22,31,
5.66985,30,26,28,31,
5.67123,60,35,43,41,
5.67256,60,35,43,41,
5.67393,60,35,43,41,
5.67534,81,41,40,42,
5.67669,70,37,41,53,
5.67804,53,36,43,45,
5.67943,46,36,44,33,
5.68076,15,18,27,31,
5.68211,15,18,27,31,
5.68352,9,19,23,28,
5.68488,9,10,19,30,
5.68626,9,10,19,30,
5.68763,28,28,18,24,
5.689,40,33,27,22,
5.69036,40,33,27,22,
5.69179,55,45,25,22,
5.69323,57,34,27,46,
5.6946,40,33,28,41,
5.69599,26,30,20,32,
5.69733,20,19,12,29,
5.69866,20,19,12,29,
5.70006,1,9,20,26,
5.7014,-13,9,19,20,
5.7028,-14,12,12,16,
5.70415,1,16,10,18,
5.7055,34,18,28,28,
5.70696,34,18,28,28,
5.70832,39,22,23,37,
5.70965,49,30,42,39,
5.71101,34,32,39,26,
5.71236,39,27,31,26,
5.71362,32,25,31,22,
5.71501,26,24,26,26,
5.71636,26,24,26,26,
5.71771,20,21,28,25,
5.71905,2,11,15,22,
5.72041,-7,9,12,15,
5.72174,1,17,23,14,
5.72311,25,19,24,17,
5.72446,34,27,16,17,
5.7258,40,27,26,27,
5.72717,55,28,32,27,
5.72853,36,39,18,21,
5.72988,36,39,18,21,
5.73123,25,36,18,19,
5.73259,18,19,29,13,
5.73394,12,16,28,12,
5.73531,7,11,18,16,
5.73669,-11,10,14,10,
5.73807,0,1,14,17,
5.73942,21,24,26,15,
5.74077,36,32,32,24,
5.74212,42,27,36,24,
5.74348,38,29,42,26,
5.74483,38,29,42,26,
5.74615,41,42,49,24,
5.74752,30,44,33,28,
5.74889,15,41,22,34,
5.75025,13,30,17,28,
5.75162,8,18,22,21,
5.75298,-1,7,19,11,
5.75433,-6,-1,21,17,
5.75572,12,24,26,17,
5.75709,22,20,35,24,
5.75848,22,20,35,24,
5.75984,32,42,28,25,
5.76121,32,42,28,25,
5.7626,53,50,34,39,
5.76396,48,24,19,38,
5.7653,32,16,23,36,
5.76669,32,16,23,36,
5.76801,11,14,17,28,
5.76932,10,5,11,27,
5.7707,-7,7,4,19,
5.77207,8,12,26,28,
5.77343,8,12,26,28,
5.7748,26,21,29,33,
5.77616,29,30,39,31,
5.7775,52,36,38,30,
5.77888,52,36,38,30,
5.78024,56,28,34,34,
5.78158,50,21,23,42,
5.78295,33,21,26,35,
5.7843,23,24,27,22,
5.78563,10,26,27,32,
5.787,0,16,22,28,
5.78836,-13,13,17,15,
5.7897,-13,13,17,15,
5.79109,6,7,15,11,
5.79247,25,18,18,17,
5.79384,40,36,29,25,
5.7952,68,35,38,34,
5.79656,68,35,38,34,
5.7979,48,32,45,41,
5.79922,26,26,40,42,
5.80068,18,19,33,40,
5.80201,2,22,24,31,
5.80338,0,12,30,12,
5.80477,-12,5,14,1,
5.80615,-12,5,14,1,
5.80757,12,5,17,7,
5.80894,12,5,17,7,
5.81029,18,23,27,9,
5.81166,32,27,28,21,
5.81302,42,37,28,22,
5.81438,51,35,24,29,
5.81575,51,35,24,29,
5.81716,35,28,19,36,
5.81855,9,29,24,26,
5.81997,8,17,20,20,
5.82134,-5,8,28,20,
5.8227,-1,18,14,13,
5.82403,-1,18,14,13,
5.82538,-1,18,14,13,
5.82689,2,32,21,25,
5.8283,22,34,20,25,
5.82968,52,18,28,28,
5.83107,54,35,42,31,
5.83244,38,37,46,32,
5.83381,21,36,39,30,
5.83521,24,28,33,33,
5.83659,11,20,24,24,
5.83797,-6,13,20,27,
5.8394,-6,13,20,27,
5.84083,-11,10,15,22,
5.84219,-8,6,13,28,
5.84356,-4,9,17,18,
5.8449,12,18,26,25,
5.84625,45,31,33,34,
5.84759,38,37,33,38,
5.84896,46,42,35,32,
5.85033,53,44,33,26,
5.85174,35,39,22,33,
5.85313,35,39,22,33,
5.85446,9,27,15,32,
5.85581,10,25,15,21,
5.85712,-6,14,25,18,
5.85846,-5,14,22,13,
5.85982,15,21,18,5,
5.86117,13,24,22,15,
5.86255,25,23,19,25,
5.86391,33,32,29,35,
5.8653,45,42,28,40,
5.86668,45,42,28,40,
5.86804,39,33,25,35,
5.86937,30,30,30,36,
5.87078,27,37,37,35,
5.87211,21,20,39,33,
5.87345,-1,10,25,19,
5.87483,-15,13,15,14,
5.87622,-5,18,9,18,
5.87762,5,24,13,26,
5.87899,16,23,9,30,
5.88039,28,32,23,31,
5.88176,48,41,36,34,
5.88313,48,41,36,34,
5.88444,48,41,36,34,
5.88575,37,36,32,36,
5.88708,24,23,30,39,
5.88846,7,23,19,30,
5.88983,-11,15,14,25,
5.89117,-24,11,20,11,
5.89252,-24,11,20,11,
5.89384,1,4,22,11,
5.89518,12,11,20,22,
5.89653,30,29,19,35,
5.89789,42,23,34,34,
5.89926,47,29,39,27,
5.90067,47,29,39,27,
5.90205,45,40,39,33,
5.90338,36,31,32,32,
5.90474,21,22,24,29,
5.90607,-1,23,18,22,
5.90743,-7,28,23,18,
5.90877,-11,7,17,16,
5.91008,-8,9,16,10,
5.91151,-5,6,16,10,
5.91284,31,11,21,24,
5.91417,39,16,26,26,
5.91555,39,16,26,26,
5.9169,46,32,31,27,
5.91827,61,44,32,29,
5.91967,50,41,31,33,
5.92104,23,33,29,26,
5.92241,-2,20,23,23,
5.92379,1,21,22,26,
5.92514,1,24,23,20,
5.92651,-18,9,21,13,
5.92788,-9,12,19,11,
5.92922,8,15,20,20,
5.93061,17,20,26,31,
5.93201,33,37,34,34,
5.93338,46,29,40,38,
5.93474,56,30,40,39,
5.93609,44,29,36,27,
5.93744,28,31,35,32,
5.93881,10,26,21,25,
5.94013,-5,14,21,25,
5.94149,-3,7,29,22,
5.94286,-3,7,29,22,
5.94419,-16,8,21,20,
5.94554,-4,8,18,24,
5.94688,-9,18,11,16,
5.94828,24,30,20,22,
5.94964,37,28,16,25,
5.95102,47,38,14,35,
5.95239,53,36,27,27,
5.95375,35,37,33,28,
5.95512,29,41,32,32,
5.95649,16,44,27,28,
5.95782,11,22,19,28,
5.95918,0,23,16,21,
5.96053,-8,15,18,16,
5.96187,-3,-1,10,22,
5.96325,2,5,15,23,
5.96462,17,31,18,15,
5.96596,32,41,21,17,
5.96734,33,31,22,29,
5.96873,46,21,31,28,
5.97012,51,32,27,36,
5.9715,51,32,27,36,
5.97287,36,32,28,37,
5.97419,11,19,24,29,
5.97556,18,12,25,22,
5.97689,15,2,21,25,
5.97823,-4,2,19,15,
5.97959,-16,3,23,3,
5.98096,-8,6,28,4,
5.98233,20,24,36,15,
5.98374,31,36,43,30,
5.98513,27,28,30,38,
5.9865,27,28,30,38,
5.98785,47,39,31,38,
5.98919,34,34,33,34,
5.99058,24,25,31,26,
5.99195,8,21,12,20,
5.99331,5,15,22,17,
5.99468,5,15,22,17,
5.99602,-7,9,19,5,
5.99734,-8,15,21,17,
5.99871,2,16,20,18,
6.00005,28,30,29,27,
6.00138,28,30,29,27,
6.00276,41,28,38,31,
6.00404,41,28,38,31,
6.0054,55,45,35,32,
6.00679,43,29,31,29,
6.00815,19,14,24,24,
6.00951,13,22,24,18,
6.01089,16,29,30,19,
6.01222,4,20,27,22,
6.01357,-10,7,23,10,
6.01494,10,10,11,17,
6.01629,30,13,7,18,
6.01765,43,24,24,18,
6.019,43,24,24,18,
6.02034,49,27,25,21,
6.02172,42,33,28,20,
6.02322,41,34,36,29,
6.02463,26,28,31,33,
6.02606,19,19,20,39,
6.02746,12,7,29,31,
6.02882,6,5,23,23,
6.03012,-8,9,15,15,
6.03153,-14,19,25,18,
6.03293,-14,19,25,18,
6.03437,7,10,28,20,
6.03587,21,8,31,28,
6.03722,44,28,29,26,
6.03864,48,41,25,24,
6.04,40,39,43,36,
6.04133,40,39,43,36,
6.0427,28,20,25,21,
6.04406,13,9,14,28,
6.04545,6,11,17,33,
6.04682,-12,14,23,6,
6.0482,-10,8,20,1,
6.04958,-10,8,20,1,
6.05091,-5,11,18,5,
6.05228,43,30,23,27,
6.05363,43,30,23,27,
6.055,46,24,20,37,
6.05637,55,37,32,35,
6.05772,59,40,35,32,
6.05904,59,40,35,32,
6.06038,27,32,22,24,
6.06175,-3,28,15,30,
6.06312,8,28,19,25,
6.0645,-9,14,20,12,
6.06589,-9,14,20,12,
6.06721,-10,9,23,11,
6.06856,5,9,29,11,
6.0699,19,17,37,10,
6.07127,27,25,38,25,
6.07266,46,37,38,30,
6.07401,62,39,33,32,
6.07535,52,30,37,33,
6.0767,44,24,46,29,
6.07806,5,22,32,24,
6.07943,-2,12,21,22,
6.08078,-1,2,11,26,
6.08215,-14,11,17,17,
6.08351,-14,11,17,17,
6.0849,-12,18,18,0,
6.08625,5,13,11,5,
6.08762,38,33,22,26,
6.08905,43,40,17,30,
6.09044,47,42,27,32,
6.09176,54,38,37,37,
6.09313,45,32,39,40,
6.09451,27,28,32,38,
6.09589,11,29,16,17,
6.09723,10,17,28,23,
6.09862,-11,17,30,22,
6.09997,-11,17,30,22,
6.10132,-4,8,20,18,
6.10269,4,10,15,15,
6.10404,29,25,22,24,
6.1054,40,26,31,28,
6.10676,50,31,35,23,
6.10811,56,43,43,22,
6.10946,55,46,35,28,
6.11089,42,37,23,28,
6.11225,19,22,16,21,
6.11362,6,19,16,23,
6.11502,5,20,8,31,
6.11639,-7,17,21,23,
6.11773,-19,9,18,15,
6.11909,-11,6,13,10,
6.12047,-3,14,19,9,
6.12184,36,27,27,24,
6.12322,42,31,35,33,
6.12459,47,32,45,36,
6.12597,49,37,40,32,
6.12734,49,37,40,32,
6.12869,32,25,40,37,
6.13003,10,23,30,29,
6.13142,-4,11,23,17,
6.13273,5,14,22,13,
6.13408,-9,10,19,11,
6.13547,-11,12,11,6,
6.13682,-16,11,15,2,
6.13821,-3,19,20,9,
6.13956,29,26,23,15,
6.14091,40,30,33,23,
6.14225,40,30,33,23,
6.14361,50,31,44,25,
6.14496,40,33,42,28,
6.1463,40,24,34,26,
6.14776,6,33,29,13,
6.14913,1,30,24,8,
6.15051,-5,29,18,17,
6.15186,-7,14,10,10,
6.15317,-2,6,15,12,
6.15456,9,11,23,15,
6.15591,19,15,24,17,
6.15723,38,37,24,21,
6.15862,38,37,24,21,
6.15997,38,37,24,21,
6.16128,51,37,39,31,
6.16265,36,34,35,23,
6.16402,33,21,40,21,
6.16535,24,20,37,20,
6.16678,8,18,32,28,
6.16813,-3,12,24,22,
6.16945,-18,11,13,19,
6.17081,-5,4,10,6,
6.1722,22,19,11,7,
6.17356,33,35,24,21,
6.17493,32,38,38,32,
6.17629,45,42,30,42,
6.17764,45,42,30,42,
6.179,40,28,33,36,
6.18036,27,31,33,33,
6.18168,30,26,31,35,
6.18307,30,26,31,35,
6.18446,6,15,29,13,
6.18581,-6,9,17,20,
6.18717,-11,6,11,16,
6.18854,1,20,20,13,
6.18992,1,20,20,13,
6.19128,6,23,16,28,
6.19263,37,41,24,35,
6.19401,42,35,30,42,
6.19537,42,35,30,42,
6.19676,37,24,36,33,
6.19809,37,24,36,33,
6.19945,26,21,38,29,
6.2008,9,25,28,25,
6.20213,3,18,23,13,
6.20349,-11,4,16,10,
6.20485,-11,4,16,10,
6.20621,-4,6,17,29,
6.20758,4,17,13,30,
6.209,24,17,23,30,
6.21032,47,18,16,42,
6.2116,61,26,25,36,
6.21295,61,26,25,36,
6.2143,47,41,30,28,
6.21567,40,37,33,35,
6.21704,29,26,31,33,
6.21851,8,26,17,22,
6.21989,-5,26,18,17,
6.22125,-5,26,18,17,
6.22266,-15,16,13,7,
6.22405,11,5,30,11,
6.22541,18,18,29,9,
6.22684,41,32,38,23,
6.22828,41,32,38,23,
6.22971,51,30,37,27,
6.23128,54,33,40,22,
6.23269,40,36,38,31,
6.23416,32,21,33,27,
6.23561,7,32,20,17,
6.23699,7,32,20,17,
6.23834,-6,18,15,16,
6.23971,-7,18,23,14,
6.24109,8,19,20,18,
6.24253,35,24,24,22,
6.24392,35,26,36,31,
6.24522,35,26,36,31,
6.24659,35,26,36,31,
6.24797,46,33,24,23,
6.24928,48,26,31,25,
6.25068,30,31,31,32,
6.25209,-6,19,30,34,
6.25341,3,15,27,34,
6.25478,3,15,27,34,
6.25615,-14,15,24,29,
6.25746,-5,11,23,28,
6.25882,15,15,11,17,
6.26013,36,22,24,15,
6.26148,44,29,25,25,
6.26284,44,29,25,25,
6.2642,48,24,23,26,
6.26552,50,27,35,34,
6.26693,53,28,31,25,
6.2683,42,26,35,19,
6.26963,7,20,29,27,
6.271,7,20,29,27,
6.27241,-5,22,17,31,
6.27374,-6,23,15,12,
6.27512,-5,22,17,13,
6.27651,-5,22,17,13,
6.27785,40,27,18,24,
6.27921,40,27,18,24,
6.28056,48,30,24,23,
6.28189,57,24,33,28,
6.28325,43,38,38,31,
6.2846,29,28,27,28,
6.28596,15,26,27,25,
6.28738,-1,23,22,31,
6.28875,-8,14,9,28,
6.29012,-5,4,17,27,
6.29148,1,4,18,5,
6.2928,1,4,18,5,
6.29413,17,21,24,11,
6.2955,30,24,23,23,
6.29687,38,38,23,21,
6.29822,49,44,32,24,
6.2996,56,42,26,32,
6.30092,29,30,25,25,
6.30228,8,19,24,28,
6.30369,8,19,24,28,
6.30506,17,16,21,17,
6.30646,7,11,24,17,
6.30777,-15,10,26,18,
6.30913,-19,4,13,8,
6.31052,-6,6,9,7,
6.31186,-6,6,9,7,
6.31317,13,23,9,10,
6.31457,32,44,36,18,
6.31588,42,41,39,26,
6.31721,48,40,39,26,
6.31862,20,34,27,36,
6.31992,20,34,27,36,
6.32123,27,26,18,22,
6.32259,21,24,21,16,
6.32391,2,24,21,15,
6.32522,-20,8,20,13,
6.32663,-12,13,19,18,
6.32799,-7,14,9,11,
6.32931,-4,14,21,15,
6.33071,10,30,22,24,
6.33208,37,31,31,21,
6.33341,42,38,45,34,
6.33477,44,40,36,34,
6.33615,33,37,33,41,
6.33749,26,17,34,31,
6.33885,26,17,34,31,
6.34021,28,3,22,19,
6.34153,-4,11,13,19,
6.34289,-20,11,11,18,
6.34425,-20,13,9,18,
6.3456,8,20,19,21,
6.34701,18,15,23,29,
6.3485,33,17,28,28,
6.34985,30,29,24,32,
6.35121,30,24,25,29,
6.35256,40,21,23,27,
6.35391,40,21,23,27,
6.35538,44,24,34,26,
6.35674,15,22,28,19,
6.35808,11,21,24,16,
6.35943,3,6,22,18,
6.36072,-17,-6,28,10,
6.36209,-17,4,14,5,
6.36346,-8,21,10,11,
6.36482,16,26,23,20,
6.36617,35,28,30,21,
6.36754,40,30,29,31,
6.36891,41,27,27,35,
6.37028,26,26,36,35,
6.37166,26,29,42,39,
6.37307,22,24,33,35,
6.37444,8,20,28,32,
6.3758,9,14,24,20,
6.37713,-8,8,16,16,
6.37849,-8,8,16,16,
6.37987,3,12,16,18,
6.38124,18,12,17,25,
6.38262,35,17,26,24,
6.38398,46,29,18,22,
6.38531,46,29,18,22,
6.3867,46,29,18,22,
6.38808,54,32,28,31,
6.38941,38,20,31,28,
6.3908,18,23,36,31,
6.39215,-1,30,38,23,
6.39347,-2,25,27,25,
6.39483,-1,18,22,18,
6.39622,-8,19,21,12,
6.39754,2,17,24,2,
6.39891,17,27,30,16,
6.4003,39,40,23,28,
6.40165,39,40,23,28,
6.40302,48,49,22,26,
6.40438,60,45,29,32,
6.40573,21,39,19,25,
6.40709,11,30,13,19,
6.40845,6,19,22,20,
6.40982,6,19,22,20,
6.41119,-12,7,23,7,
6.41255,-15,1,8,5,
6.41389,-8,6,18,0,
6.41526,22,18,29,6,
6.41664,22,18,29,6,
6.41802,42,38,25,13,
6.41941,42,39,18,36,
6.42077,42,39,18,36,
6.42215,40,46,26,36,
6.42352,21,40,32,22,
6.42489,20,28,24,19,
6.42625,20,28,24,19,
6.42762,3,13,15,28,
6.429,-10,8,12,15,
6.43034,-13,15,15,15,
6.43177,0,21,15,23,
6.43317,10,19,26,21,
6.43459,25,20,32,19,
6.43592,40,17,34,19,
6.43728,43,34,41,22,
6.4387,36,46,49,36,
6.44009,32,46,49,33,
6.44151,16,36,38,27,
6.443,16,36,38,27,
6.44438,18,23,30,30,
6.4458,3,17,31,13,
6.44719,-5,11,21,12,
6.44855,13,13,29,12,
6.44995,13,13,29,12,
6.45131,26,28,34,12,
6.45267,28,27,33,30,
6.45401,35,22,32,35,
6.45537,52,25,34,31,
6.45672,46,27,29,35,
6.45805,11,17,18,28,
6.4594,11,17,18,28,
6.46078,3,26,26,26,
6.46214,4,23,13,22,
6.46353,-7,19,11,24,
6.46491,-8,5,7,24,
6.46624,5,10,9,21,
6.4676,17,10,8,26,
6.46896,17,10,8,26,
6.4703,42,35,33,30,
6.47164,40,33,32,27,
6.47295,34,38,30,35,
6.47433,20,34,35,39,
6.47569,23,20,35,37,
6.47706,21,13,25,27,
6.47839,14,14,27,22,
6.47971,-4,15,28,25,
6.48104,3,14,23,14,
6.48238,3,14,23,14,
6.48371,-1,7,14,10,
6.48505,10,12,17,8,
6.48641,32,26,17,12,
6.48775,41,39,16,31,
6.48912,56,32,41,31,
6.49051,38,32,41,25,
6.49186,38,32,41,25,
6.49314,24,22,32,22,
6.49452,5,16,33,17,
6.49588,4,14,37,14,
6.49721,-8,17,28,12,
6.49862,-16,7,10,8,
6.49999,-16,7,10,8,
6.50135,-18,7,17,11,
6.50271,20,16,23,22,
6.50409,29,29,16,33,
6.50545,31,25,11,31,
6.50682,35,31,21,25,
6.50822,27,20,31,27,
6.50954,26,15,34,35,
6.51091,13,19,26,33,
6.51231,7,14,26,25,
6.51363,5,20,27,20,
6.51505,5,20,27,20,
6.51642,-9,8,15,19,
6.51779,-7,11,13,19,
6.51918,-4,19,18,10,
6.52057,35,22,28,28,
6.52192,44,32,35,28,
6.52328,44,32,35,28,
6.52463,33,34,42,30,
6.52598,29,29,39,33,
6.52736,29,33,27,31,
6.52873,22,11,11,30,
6.53009,20,16,13,21,
6.53146,20,16,13,21,
6.53287,-18,8,20,9,
6.53424,-18,8,20,9,
6.5356,1,16,14,11,
6.53697,9,13,12,18,
6.53833,35,22,19,26,
6.53969,35,22,19,26,
6.54103,35,47,27,40,
6.54239,41,45,25,32,
6.54375,45,49,32,39,
6.54512,31,33,32,35,
6.54644,6,17,24,14,
6.5478,6,17,24,14,
6.54928,6,17,24,14,
6.55063,-18,3,8,27,
6.55201,-15,1,14,15,
6.55332,2,9,20,11,
6.55468,42,25,21,30,
6.55604,42,25,21,30,
6.55736,49,31,23,33,
6.55873,50,39,35,32,
6.56012,42,40,32,39,
6.56144,44,31,24,30,
6.5628,23,16,21,23,
6.56417,13,14,24,20,
6.56551,13,14,24,20,
6.56689,19,17,18,28,
6.56823,-4,5,21,21,
6.56956,-14,7,18,12,
6.57096,-12,4,23,14,
6.57226,18,21,15,23,
6.57359,34,27,16,28,
6.57501,36,39,20,31,
6.57635,43,52,36,25,
6.5777,42,39,20,37,
6.5791,17,33,22,32,
6.58047,17,33,22,32,
6.58177,2,27,22,33,
6.5832,8,21,21,27,
6.58456,5,16,29,27,
6.58592,-15,4,18,13,
6.58729,-9,15,20,3,
6.58864,-2,21,14,12,
6.59001,19,24,18,23,
6.59137,29,27,24,29,
6.59267,38,44,22,32,
6.59402,38,44,22,32,
6.59538,53,41,37,27,
6.59672,29,34,32,28,
6.59808,29,34,32,28,
6.59944,11,5,19,22,
6.6008,6,16,27,15,
6.60217,6,25,30,17,
6.60348,-14,15,26,9,
6.60479,-5,21,23,17,
6.60613,-5,21,23,17,
6.60745,6,35,27,25,
6.6088,35,31,29,29,
6.61014,35,31,29,29,
6.61147,36,30,24,32,
6.61286,38,43,30,37,
6.61428,38,43,30,37,
6.61568,19,36,29,39,
6.61705,7,14,27,26,
6.61845,-4,14,32,28,
6.61984,-4,20,18,18,
6.62121,-3,-5,18,10,
6.62261,-3,-5,18,10,
6.62397,11,6,20,11,
6.62528,11,6,20,11,
6.62665,38,33,38,19,
6.62794,43,37,35,28,
6.62926,35,39,36,26,
6.63059,29,32,31,30,
6.63195,32,22,25,31,
6.63329,25,21,26,33,
6.63469,16,24,24,33,
6.63602,-6,12,23,11,
6.63732,-12,8,20,5,
6.63864,-9,15,12,5,
6.63997,-9,15,12,5,
6.64128,3,22,15,11,
6.64258,22,23,19,15,
6.64394,23,25,29,17,
6.64528,39,20,39,36,
6.64663,46,20,37,34,
6.64798,49,21,23,31,
6.64929,36,18,15,32,
6.65066,5,16,17,18,
6.65203,1,5,23,21,
6.65335,-4,4,30,17,
6.65469,-17,6,18,7,
6.65606,-11,10,14,18,
6.65737,-11,16,16,23,
6.65875,12,13,22,26,
6.66012,37,18,32,21,
6.66146,42,27,31,22,
6.66282,54,41,26,21,
6.6642,53,39,27,34,
6.66553,53,39,27,34,
6.66692,48,29,28,31,
6.66827,3,18,24,22,
6.66963,3,18,24,22,
6.67098,-2,20,22,20,
6.67233,-14,4,17,11,
6.67368,-6,0,14,5,
6.67504,-6,0,14,5,
6.67639,12,16,17,15,
6.67775,25,27,32,19,
6.67912,33,34,33,24,
6.68047,54,38,23,28,
6.68182,47,41,32,30,
6.68319,42,44,28,29,
6.68462,29,39,24,30,
6.68598,14,30,22,18,
6.68735,10,17,28,25,
6.68869,0,13,21,21,
6.69004,-10,13,19,21,
6.6914,-5,18,16,18,
6.69276,5,21,18,14,
6.69411,34,29,32,21,
6.69548,31,36,23,24,
6.69683,42,43,27,35,
6.69818,43,42,40,45,
6.69953,38,34,43,41,
6.70089,38,34,43,41,
6.70229,31,18,34,33,
6.70368,15,12,16,22,
6.70507,7,17,21,19,
6.70641,-12,8,16,7,
6.70775,-5,8,12,7,
6.70907,0,13,6,10,
6.71047,7,24,22,8,
6.7118,48,23,28,23,
6.71312,59,28,33,33,
6.71453,54,24,33,30,
6.71591,54,24,33,30,
6.71722,44,27,21,32,
6.71862,29,27,20,30,
6.71997,27,31,21,19,
6.72133,6,19,32,24,
6.72268,0,14,23,16,
6.72404,0,14,23,16,
6.7254,-18,10,13,6,
6.72677,4,11,5,7,
6.72816,12,20,15,11,
6.72948,53,23,27,22,
6.73084,53,23,27,22,
6.73219,52,38,28,24,
6.73351,52,38,28,24,
6.7349,22,41,26,34,
6.73626,28,39,27,31,
6.73763,8,26,28,27,
6.73901,-6,16,27,16,
6.74038,-12,12,29,13,
6.74175,-20,-1,22,15,
6.74319,-8,20,10,7,
6.74453,4,27,19,11,
6.74589,26,30,34,30,
6.74727,38,31,37,34,
6.74864,38,31,37,34,
6.75002,46,33,24,38,
6.75138,41,41,30,39,
6.75273,33,34,30,35,
6.75409,20,24,30,31,
6.75539,3,27,34,28,
6.75674,6,23,28,25,
6.75809,-9,14,28,15,
6.75944,-17,7,26,9,
6.7608,-3,12,17,19,
6.76218,-3,12,17,19,
6.76354,15,30,22,36,
6.76491,30,28,25,35,
6.76629,30,28,25,35,
6.76762,35,30,36,36,
6.76901,20,34,30,30,
6.77032,11,18,33,31,
6.77167,0,17,35,23,
6.77298,-4,18,25,27,
6.77434,-21,13,15,20,
6.7757,-19,5,11,11,
6.77705,-19,5,11,11,
6.77835,0,-1,18,15,
6.77968,5,8,19,17,
6.78101,30,15,19,31,
6.78234,30,15,19,31,
6.78372,41,23,33,34,
6.7851,40,32,31,37,
6.78645,21,26,29,36,
6.78775,12,23,31,26,
6.78907,-3,25,23,27,
6.79046,-3,25,23,27,
6.79182,-14,7,32,26,
6.79313,-14,7,32,26,
6.79446,-20,9,16,29,
6.79581,-10,7,5,22,
6.79713,23,12,26,21,
6.79846,23,12,26,21,
6.79977,27,22,31,25,
6.80112,19,28,36,28,
6.80248,31,30,19,38,
6.80385,27,34,35,39,
6.8052,6,34,30,39,
6.80655,-14,10,23,26,
6.80787,-14,10,23,26,
6.80923,-6,14,19,25,
6.81058,-33,-1,15,24,
6.8119,-32,-10,17,27,
6.81324,-26,-2,20,24,
6.81459,-6,14,25,26,
6.81595,7,21,26,26,
6.81726,16,14,27,39,
6.81866,9,29,30,45,
6.82,3,35,32,44,
6.82134,-3,33,36,42,
6.82286,-15,31,40,41,
6.82426,-10,16,31,32,
6.82563,-14,17,25,26,
6.82709,-33,25,20,33,
6.82847,-45,2,20,15,
6.82977,-37,-9,23,18,
6.83118,-18,-2,23,22,
6.83256,-9,14,31,22,
6.83386,3,20,27,28,
6.83531,20,12,33,40,
6.83667,20,23,35,47,
6.83803,4,24,25,51,
6.83938,2,26,28,48,
6.84073,-11,18,37,46,
6.84203,-19,12,37,36,
6.84335,-21,18,32,31,
6.84467,-34,14,24,30,
6.84601,-43,0,15,18,
6.84738,-28,1,9,26,
6.84869,-11,16,16,27,
6.85002,-11,16,16,27,
6.85136,8,19,30,34,
6.85272,11,29,37,41,
6.85411,7,31,41,50,
6.85546,-3,27,30,50,
6.85678,2,29,24,47,
6.85812,2,29,24,47,
6.85947,-23,20,23,46,
6.86079,-23,11,19,45,
6.86211,-49,9,14,27,
6.86344,-51,2,23,19,
6.86479,-33,2,22,41,
6.86616,-33,2,22,41,
6.86754,-12,14,37,40,
6.8689,-9,22,42,45,
6.87025,4,22,44,40,
6.87161,8,33,50,54,
6.87299,-6,21,52,48,
6.87434,-6,21,52,48,
6.87566,-19,12,38,42,
6.87703,-28,19,25,38,
6.87841,-40,15,12,43,
6.87979,-43,10,17,30,
6.88119,-44,7,14,33,
6.88256,-40,16,23,36,
6.88385,-27,16,36,44,
6.88516,-5,31,44,57,
6.88647,-5,34,43,70,
6.88778,7,35,34,72,
6.88912,1,35,39,71,
6.89043,1,35,39,71,
6.89179,-23,22,37,53,
6.89315,-23,16,36,48,
6.89449,-29,9,32,48,
6.89578,-32,5,32,49,
6.89713,-39,2,28,48,
6.89849,-45,6,15,46,
6.89986,-40,15,17,42,
6.90118,-25,14,25,36,
6.90255,0,14,27,44,
6.90389,0,17,35,63,
6.90519,6,24,44,80,
6.90655,15,30,49,79,
6.90791,14,34,57,71,
6.90922,5,28,54,67,
6.91059,-26,15,24,56,
6.9119,-23,12,31,53,
6.91322,-42,4,32,47,
6.91454,-48,1,26,40,
6.91592,-48,1,26,40,
6.91728,-38,8,21,51,
6.91864,-36,10,24,52,
6.92001,13,20,37,69,
6.92133,10,26,41,68,
6.92271,25,22,37,71,
6.92407,7,20,37,76,
6.92538,8,18,44,72,
6.92671,2,16,38,73,
6.92805,-15,11,32,72,
6.92936,-19,10,32,63,
6.93072,-37,2,30,61,
6.93207,-57,5,14,47,
6.9334,-51,4,14,39,
6.93477,-44,7,27,39,
6.93607,-25,10,30,44,
6.93738,-2,9,33,44,
6.9387,8,8,42,48,
6.94005,9,22,45,58,
6.94137,18,25,39,63,
6.94274,8,26,43,67,
6.9441,-4,16,46,54,
6.94545,-8,20,45,42,
6.94682,-8,20,45,42,
6.94818,-35,17,23,36,
6.94951,-38,8,16,26,
6.95085,-45,9,23,35,
6.95217,-42,11,18,46,
6.9535,-14,10,25,51,
6.95487,-14,10,25,51,
6.95621,5,12,34,54,
6.95753,11,40,38,63,
6.95888,15,38,46,66,
6.96027,3,28,39,72,
6.96161,-15,14,37,63,
6.96296,-25,8,36,52,
6.96431,-18,19,31,46,
6.96564,-49,12,27,33,
6.96696,-45,3,17,29,
6.96834,-45,3,17,29,
6.96971,-37,12,19,29,
6.97108,-19,13,29,32,
6.97247,0,23,32,38,
6.97383,-2,25,32,54,
6.97521,10,38,40,61,
6.97658,3,38,37,56,
6.97791,3,38,37,56,
6.97931,-20,31,31,45,
6.98072,-19,16,25,38,
6.98206,-34,17,32,34,
6.98343,-41,-4,28,33,
6.98477,-41,-4,28,33,
6.98613,-38,1,26,39,
6.9875,-20,2,18,38,
6.98887,1,3,22,37,
6.99024,15,15,36,46,
6.99162,22,39,42,58,
6.99304,22,39,42,58,
6.99436,13,31,37,55,
6.99568,-1,17,43,51,
6.99708,-17,11,37,43,
6.99851,-27,6,25,42,
6.9998,-26,10,28,34,
7.00112,-38,-4,27,25,
7.00242,-46,-2,30,21,
7.00377,-48,10,26,28,
7.00515,-48,10,26,28,
7.00648,-13,18,31,38,
7.00786,-4,22,32,39,
7.00917,9,28,32,49,
7.01052,15,39,38,63,
7.0119,7,36,41,65,
7.01319,-1,38,38,58,
7.01456,-26,12,32,45,
7.01591,-20,5,23,38,
7.0173,-20,5,23,38,
7.01874,-39,-1,19,38,
7.02014,-47,6,26,38,
7.02149,-47,6,26,38,
7.02299,-17,24,24,32,
7.02445,-17,24,24,32,
7.02589,-3,29,34,39,
7.02734,23,18,27,46,
7.02878,25,22,36,51,
7.03012,-5,32,49,46,
7.03149,-30,24,32,34,
7.03284,-39,10,17,28,
7.0342,-39,10,17,28,
7.03563,-50,1,17,32,
7.03705,-62,8,5,19,
7.03853,-48,1,16,18,
7.03992,-24,10,27,30,
7.04124,5,18,31,46,
7.04264,16,24,27,47,
7.04399,22,32,37,52,
7.0453,12,38,50,49,
7.04661,6,27,46,48,
7.04793,-10,22,37,47,
7.04924,-10,22,37,47,
7.05059,-11,12,34,37,
7.05192,-11,12,34,37,
7.05324,-41,-5,26,19,
7.05459,-46,-2,23,20,
7.05597,-43,8,21,23,
7.05728,-1,27,36,34,
7.05869,3,22,41,41,
7.06004,3,22,41,41,
7.06139,25,30,36,48,
7.0628,11,22,30,45,
7.06416,5,29,33,42,
7.06546,-2,22,33,39,
7.06679,-2,22,33,39,
7.06812,-9,14,35,39,
7.06946,-18,10,38,36,
7.07082,-51,11,20,22,
7.07217,-43,4,24,21,
7.07352,-20,15,24,30,
7.07486,-20,15,24,30,
7.07622,2,19,41,43,
7.07754,-2,28,45,46,
7.0789,14,29,48,42,
7.08025,7,28,31,49,
7.08158,7,28,31,49,
7.08296,8,17,25,49,
7.08432,-7,15,20,33,
7.08567,-24,7,25,23,
7.08701,-24,8,24,21,
7.0884,-32,-2,17,20,
7.0897,-35,-2,28,31,
7.09105,-35,-2,28,31,
7.0924,-15,10,30,34,
7.09377,9,23,37,36,
7.09513,18,35,33,35,
7.09648,21,43,40,31,
7.09775,21,43,40,31,
7.09912,6,22,39,41,
7.10048,6,22,39,41,
7.1018,-7,10,22,29,
7.10317,-14,3,23,37,
7.10453,-27,-2,25,31,
7.10588,-40,1,23,21,
7.10725,-32,12,16,14,
7.10863,-33,9,11,16,
7.10996,-2,3,22,25,
7.11132,19,22,37,41,
7.11267,14,25,39,41,
7.11401,20,29,37,34,
7.11534,20,29,37,34,
7.1167,26,33,32,32,
7.11806,8,37,34,31,
7.11942,-18,27,36,22,
7.12077,-26,22,26,20,
7.1221,-36,8,18,18,
7.12346,-36,8,18,18,
7.12484,-37,-7,27,9,
7.12619,-17,4,26,14,
7.1275,-4,14,33,16,
7.12883,1,31,39,30,
7.13018,9,28,35,38,
7.13152,19,31,42,39,
7.13288,19,31,42,39,
7.13422,-7,30,48,37,
7.1356,-18,23,54,32,
7.13695,-14,22,47,21,
7.1383,-21,18,31,17,
7.13967,-36,17,23,8,
7.14103,-41,16,23,-2,
7.14245,-35,9,28,4,
7.14383,-4,6,25,23,
7.14513,7,10,39,33,
7.14647,7,10,39,33,
7.14785,17,37,36,33,
7.14919,14,40,36,24,
7.15059,10,26,42,25,
7.15194,-1,20,43,19,
7.15325,-10,14,44,15,
7.15461,-10,14,44,15,
7.15599,-31,10,32,15,
7.15733,-42,8,29,9,
7.15871,-50,15,14,1,
7.16009,-45,19,8,7,
7.1614,14,18,27,29,
7.16275,17,25,27,28,
7.1641,17,25,27,28,
7.16536,26,30,28,29,
7.16671,35,38,29,35,
7.16807,11,44,32,31,
7.16939,-4,26,29,29,
7.17075,-21,13,23,27,
7.17211,-21,13,23,27,
7.17343,-23,3,22,21,
7.17477,-22,-7,27,13,
7.17615,-22,-9,29,13,
7.17747,-8,4,24,6,
7.17883,2,12,29,19,
7.18017,2,12,29,19,
7.18147,24,18,41,27,
7.18284,16,22,53,24,
7.18417,20,26,56,30,
7.1855,19,30,42,38,
7.18688,13,30,35,31,
7.18825,-10,22,37,29,
7.18956,-9,12,38,30,
7.19098,-13,10,31,20,
7.19234,-18,5,20,15,
7.19367,-18,8,24,6,
7.19508,-6,10,32,20,
7.19646,-6,10,32,20,
7.19782,16,17,38,34,
7.19917,28,26,35,41,
7.20055,47,35,43,43,
7.20188,19,22,56,47,
7.20324,21,22,56,35,
7.2046,19,14,51,32,
7.20594,19,14,51,32,
7.20732,1,10,30,21,
7.20867,-18,4,28,18,
7.21,-18,3,19,19,
7.21136,-8,8,19,14,
7.21272,-5,10,31,5,
7.21411,-5,10,31,5,
7.21549,24,32,47,27,
7.21686,35,36,38,35,
7.21823,31,43,42,39,
7.21959,23,36,34,32,
7.22095,3,18,34,31,
7.22231,-6,9,42,31,
7.22368,-6,9,42,31,
7.22501,-12,16,42,33,
7.22638,-18,21,35,23,
7.22778,-33,9,21,22,
7.22915,-26,14,25,12,
7.23052,8,16,20,23,
7.23189,8,16,20,23,
7.23322,38,45,38,39,
7.23458,42,49,42,48,
7.23594,45,44,61,50,
7.23737,40,33,60,43,
7.23881,24,22,52,28,
7.24025,14,22,37,25,
7.2417,6,21,33,25,
7.24314,1,19,33,31,
7.24452,-8,11,26,25,
7.24588,-20,4,18,6,
7.24722,3,5,26,20,
7.24856,23,18,34,22,
7.24989,31,27,36,24,
7.25121,30,34,37,27,
7.25257,30,34,37,27,
7.25389,18,43,58,30,
7.25525,15,37,56,26,
7.2566,13,34,44,29,
7.25798,13,34,44,29,
7.25933,1,23,40,26,
7.26063,-14,11,30,15,
7.26194,-31,7,25,5,
7.26332,-15,20,17,8,
7.26472,0,34,24,12,
7.26605,0,34,24,12,
7.26741,17,37,36,25,
7.26878,27,30,42,41,
7.2701,33,34,42,50,
7.27145,34,45,41,38,
7.2728,13,45,45,31,
7.27416,13,45,45,31,
7.2756,-4,35,31,21,
7.27693,-4,12,31,24,
7.27822,-14,-4,26,13,
7.27957,-18,-9,25,4,
7.28093,-14,1,31,4,
7.28229,4,15,34,8,
7.28367,24,16,33,18,
7.28504,29,31,28,27,
7.28641,31,34,32,35,
7.28777,45,42,33,42,
7.28913,42,38,39,38,
7.29048,24,33,53,33,
7.29178,22,30,53,28,
7.29317,2,20,37,20,
7.29458,-9,26,35,31,
7.29595,-12,15,18,19,
7.29727,-12,15,18,19,
7.29866,-5,23,22,17,
7.29999,10,26,30,13,
7.3013,26,37,34,29,
7.30262,35,47,35,33,
7.30393,41,44,37,30,
7.30524,41,44,37,30,
7.30656,37,37,35,25,
7.30791,34,27,33,25,
7.30921,26,21,31,19,
7.31057,15,16,38,15,
7.3119,0,10,44,26,
7.31321,-22,8,37,25,
7.31462,-22,1,36,19,
7.31596,-5,-5,37,20,
7.31728,-2,0,40,28,
7.3186,20,22,51,28,
7.3199,20,35,48,30,
7.32119,28,45,45,33,
7.32253,38,35,46,32,
7.3239,24,41,47,34,
7.32521,36,42,48,39,
7.32661,18,38,42,32,
7.32796,-7,19,29,25,
7.32931,-22,19,25,25,
7.33069,-22,19,25,25,
7.33205,-17,10,17,10,
7.33341,-2,22,24,15,
7.33478,-2,22,24,15,
7.33613,44,27,43,22,
7.33745,45,32,54,31,
7.33882,45,32,54,31,
7.34019,46,46,55,38,
7.34151,45,26,55,32,
7.34285,31,25,49,25,
7.34424,11,13,44,18,
7.3456,12,11,33,23,
7.34697,-1,18,15,23,
7.34828,-9,1,14,20,
7.3496,-14,8,25,26,
7.35099,-14,8,25,26,
7.35234,2,23,34,28,
7.35369,29,36,42,34,
7.35504,29,39,45,38,
7.35635,39,41,38,46,
7.3577,50,36,42,47,
7.35908,36,30,43,38,
7.36044,22,21,25,29,
7.36177,11,10,27,27,
7.36308,6,3,26,23,
7.3644,-2,2,18,25,
7.36572,-2,2,18,25,
7.36708,-11,1,8,13,
7.36843,-5,22,21,9,
7.36975,17,26,23,20,
7.37109,17,26,23,20,
7.37239,25,30,32,21,
7.37371,52,44,52,25,
7.37506,40,36,48,33,
7.37642,43,23,33,34,
7.37775,14,23,32,31,
7.37911,14,23,32,31,
7.38049,14,23,27,34,
7.38182,5,27,32,21,
7.38317,-18,15,21,13,
7.38453,-13,14,21,6,
7.38588,0,13,32,4,
7.3872,12,11,36,13,
7.38857,38,28,29,27,
7.38997,48,35,32,26,
7.39129,38,42,36,34,
7.39266,46,37,41,28,
7.394,43,41,49,28,
7.39533,43,41,49,28,
7.39668,10,34,36,10,
7.39802,10,34,36,10,
7.39934,7,14,23,5,
7.4007,-9,8,7,8,
7.40204,-7,6,23,9,
7.40336,-10,17,33,11,
7.40471,-10,17,33,11,
7.40605,31,32,30,30,
7.40738,36,37,25,30,
7.40875,48,40,41,39,
7.41007,39,32,45,30,
7.41137,39,32,45,30,
7.4127,27,33,45,27,
7.41404,10,18,37,18,
7.41537,-3,15,24,7,
7.4167,-3,15,24,7,
7.41809,-13,7,18,1,
7.41942,-10,7,23,10,
7.42076,-5,20,26,4,
7.42216,20,28,26,0,
7.42358,36,32,34,21,
7.425,36,32,34,21,
7.4264,46,32,40,28,
7.42773,24,41,38,32,
7.42904,14,48,40,28,
7.43044,18,42,37,21,
7.4318,-2,29,38,21,
7.43318,-15,16,32,25,
7.43457,-12,10,17,23,
7.43593,-13,13,17,11,
7.43725,-4,10,19,5,
7.43865,-4,17,20,10,
7.44003,10,26,23,12,
7.44137,55,46,29,22,
7.44276,48,40,45,28,
7.44411,48,40,45,28,
7.44542,30,40,40,25,
7.44683,19,38,32,23,
7.44814,17,29,30,19,
7.44945,-4,14,21,16,
7.45085,-21,3,15,5,
7.4522,-27,5,11,0,
7.45352,-13,5,9,-1,
7.45489,1,8,8,-1,
7.45625,15,27,13,10,
7.45757,22,34,24,28,
7.45895,37,51,39,24,
7.46023,37,51,39,24,
7.4616,37,51,39,24,
7.46297,42,41,48,21,
7.46432,31,26,39,32,
7.46563,8,23,29,22,
7.467,9,18,17,17,
7.46836,-12,18,23,1,
7.46968,-12,18,23,1,
7.471,-10,15,30,-2,
7.47235,-3,19,18,1,
7.47369,16,23,32,6,
7.47504,16,23,32,6,
7.47641,33,25,31,17,
7.47773,58,46,46,24,
7.47913,58,46,46,24,
7.48049,33,38,45,25,
7.48184,29,16,31,25,
7.4832,10,12,27,22,
7.48462,9,19,23,13,
7.48603,-13,11,26,0,
7.48738,-13,11,26,0,
7.48874,1,14,19,-1,
7.4901,6,7,21,2,
7.49147,26,14,26,6,
7.49282,49,30,23,9,
7.49419,55,41,35,21,
7.49554,60,56,49,26,
7.49689,45,39,50,32,
7.49831,37,37,47,37,
7.49967,27,26,23,13,
7.50102,20,18,11,10,
7.50238,12,10,11,3,
7.50375,-5,10,4,-2,
7.50512,-5,10,4,-2,
7.5065,-15,0,10,-1,
7.50785,22,12,18,2,
7.50921,31,27,28,4,
7.51059,29,29,27,14,
7.51196,29,37,30,25,
7.51328,40,51,27,25,
7.51465,35,37,30,25,
7.51603,36,33,34,32,
7.51737,0,27,29,18,
7.51877,4,21,16,17,
7.52019,4,21,16,17,
7.52151,-11,17,16,10,
7.52286,-23,17,12,1,
7.52419,-22,9,20,-8,
7.52551,20,21,25,4,
7.5268,35,24,26,14,
7.52816,30,31,26,21,
7.52949,30,31,26,21,
7.53085,45,34,36,23,
7.53221,49,36,49,27,
7.53353,30,28,44,23,
7.53489,9,15,28,17,
7.53623,9,15,28,17,
7.53763,9,15,28,17,
7.53895,-1,9,9,-3,
7.54038,-12,11,12,-12,
7.5418,-6,22,18,-8,
7.54314,36,26,33,5,
7.54446,36,26,33,5,
7.54578,38,29,27,15,
7.54717,42,37,34,28,
7.54858,39,39,35,22,
7.54994,25,27,36,15,
7.55132,21,22,27,0,
7.5527,18,32,24,5,
7.55402,18,32,24,5,
7.55537,-1,22,28,5,
7.5567,-10,-2,19,-10,
7.55805,-17,-3,22,-11,
7.55941,-11,8,19,-3,
7.56077,11,35,24,2,
7.56211,38,35,32,8,
7.56347,43,37,36,12,
7.56482,57,40,40,24,
7.56616,45,35,36,26,
7.56763,33,31,31,13,
7.569,33,31,31,13,
7.57029,8,29,34,3,
7.57167,1,23,30,4,
7.57303,2,12,32,4,
7.5744,-7,5,14,-4,
7.5758,-7,17,26,5,
7.57715,-4,27,29,5,
7.57851,19,40,38,12,
7.57989,32,51,46,26,
7.58121,49,49,50,32,
7.58258,49,49,50,32,
7.58391,48,50,64,17,
7.58522,22,39,58,13,
7.58659,24,29,54,8,
7.58794,14,23,44,1,
7.58928,6,19,36,3,
7.59062,-9,23,33,-1,
7.59196,-13,15,36,-3,
7.59329,11,25,31,-1,
7.59464,11,25,31,-1,
7.59594,21,37,38,2,
7.59725,25,51,47,16,
7.5986,40,43,50,31,
7.59995,40,43,50,31,
7.60131,47,49,51,22,
7.60267,36,55,45,17,
7.60402,21,37,38,9,
7.60535,12,28,34,-3,
7.60671,-1,22,24,-8,
7.60799,-8,16,25,-8,
7.60932,0,19,20,-10,
7.61069,6,13,29,-15,
7.61204,27,22,30,-1,
7.61335,36,30,30,16,
7.61472,34,41,34,22,
7.61607,49,47,36,26,
7.61739,52,46,40,29,
7.61872,52,46,40,29,
7.62009,35,38,45,28,
7.62142,20,30,30,2,
7.62286,7,24,29,-3,
7.62426,-13,21,39,-3,
7.62561,-8,19,36,-15,
7.62701,-8,19,36,-15,
7.62839,-2,18,28,-15,
7.62978,7,25,27,-6,
7.63122,28,45,33,9,
7.63259,46,45,33,6,
7.63396,56,59,42,12,
7.63537,40,61,40,17,
7.63671,35,47,47,19,
7.63814,26,39,49,15,
7.63953,13,37,49,15,
7.64085,5,31,48,0,
7.64219,-13,27,47,-5,
7.64355,-20,23,44,-8,
7.64493,-10,21,27,-14,
7.64627,26,26,28,-5,
7.64763,26,26,28,-5,
7.64898,42,42,38,2,
7.65028,46,50,44,11,
7.6516,46,57,58,11,
7.65293,39,45,57,11,
7.65432,24,44,49,15,
7.65565,24,44,49,15,
7.65699,17,32,36,5,
7.65836,-4,27,28,-3,
7.65973,-6,17,35,-13,
7.66111,-10,23,27,-12,
7.6625,0,18,20,-13,
7.6638,9,31,35,-8,
7.66511,21,46,35,-3,
7.66647,30,61,36,-1,
7.66784,43,62,47,3,
7.66917,58,65,47,9,
7.67055,34,65,47,14,
7.67194,34,65,47,14,
7.67326,14,54,48,2,
7.67464,1,36,33,-8,
7.67599,1,39,33,-4,
7.6773,-4,43,26,-5,
7.67861,-13,32,33,-16,
7.67998,-4,32,41,-20,
7.68132,-4,32,41,-20,
7.68267,46,54,45,-1,
7.68402,35,57,47,11,
7.68534,35,57,47,11,
7.68665,41,64,57,10,
7.68797,35,55,56,2,
7.68928,34,48,39,1,
7.69066,34,48,39,1,
7.69203,21,34,28,-10,
7.69336,5,23,33,-16,
7.69472,-19,16,25,-22,
7.69609,-16,24,12,-14,
7.69741,8,30,24,-4,
7.69879,8,30,24,-4,
7.70018,24,49,28,0,
7.70149,33,54,37,-5,
7.70285,34,56,45,-7,
7.70423,41,65,39,2,
7.70555,40,49,26,12,
7.70692,40,49,26,12,
7.70822,33,51,32,3,
7.70953,6,43,28,-10,
7.71094,-2,25,29,-13,
7.71228,-15,23,13,-21,
7.71363,1,18,16,-12,
7.715,12,27,21,1,
7.71635,12,27,21,1,
7.71768,20,33,23,5,
7.71902,36,56,24,8,
7.72035,59,59,24,6,
7.72168,66,53,35,10,
7.72305,47,59,42,11,
7.72439,38,50,43,9,
7.72571,22,35,35,4,
7.72707,22,35,35,4,
7.72841,1,44,23,-1,
7.72977,-3,43,24,-2,
7.73112,0,38,13,-10,
7.73247,10,37,16,-4,
7.73381,17,47,28,-2,
7.73515,43,44,30,-3,
7.73655,50,39,21,0,
7.73788,61,49,34,13,
7.73925,46,48,25,17,
7.7406,26,52,18,11,
7.74195,10,50,19,5,
7.74326,1,36,22,-2,
7.74461,1,36,22,-2,
7.74593,7,32,23,0,
7.7473,-15,17,0,-10,
7.74864,-15,28,7,-13,
7.75001,-15,28,7,-13,
7.75129,32,32,24,-5,
7.75265,47,42,30,-4,
7.75398,45,52,25,-1,
7.75534,39,56,29,13,
7.7567,39,56,29,13,
7.75805,29,51,25,14,
7.75943,29,51,25,14,
7.76078,20,37,16,-1,
7.76215,14,31,8,-12,
7.76351,10,29,12,-14,
7.76485,-3,26,6,-32,
7.76621,2,29,10,-28,
7.76757,2,29,10,-28,
7.76891,39,42,19,-3,
7.77031,33,46,15,-4,
7.77166,33,46,15,-4,
7.77301,40,58,22,-3,
7.77445,41,61,27,-11,
7.77593,41,61,27,-11,
7.77723,13,40,7,-9,
7.77859,7,32,6,-10,
7.77993,-1,36,2,-20,
7.78124,-3,32,-2,-29,
7.78258,1,38,6,-28,
7.78392,1,38,6,-28,
7.78525,20,48,4,-27,
7.78657,30,61,6,-21,
7.78795,32,57,17,-9,
7.78928,45,67,22,-1,
7.79059,59,75,30,-2,
7.79191,48,55,21,-16,
7.79326,48,55,21,-16,
7.79464,34,60,14,-22,
7.79598,24,46,12,-20,
7.79729,8,46,10,-28,
7.79864,2,31,1,-33,
7.79998,2,31,1,-33,
7.80129,8,42,0,-23,
7.80265,8,42,0,-23,
7.80399,28,52,0,-21,
7.80531,41,62,9,4,
7.80672,59,59,20,11,
7.80803,66,62,15,4,
7.80934,62,54,12,-1,
7.81069,48,51,14,-6,
7.81199,29,50,10,-7,
7.81329,19,42,9,-7,
7.81465,21,39,11,-10,
7.81602,14,37,1,-14,
7.81735,14,37,1,-14,
7.81874,14,37,1,-14,
7.82009,22,42,7,-12,
7.82144,31,50,17,-7,
7.82281,40,45,13,5,
7.8242,66,67,22,7,
7.82555,66,67,22,7,
7.82694,60,68,25,12,
7.82832,46,37,16,7,
7.82971,35,36,12,-5,
7.83111,25,33,14,-8,
7.83249,19,26,10,-8,
7.83385,19,26,10,-8,
7.83526,0,13,-4,-4,
7.83667,8,19,-2,-10,
7.83806,26,33,12,1,
7.83945,33,37,21,5,
7.84083,51,56,30,8,
7.8422,64,61,27,5,
7.84353,63,49,15,10,
7.8449,63,49,15,10,
7.84627,37,41,11,21,
7.84759,20,36,8,12,
7.84895,12,39,3,-1,
7.85032,-4,30,-3,-16,
7.85168,-5,31,1,-14,
7.85305,6,34,6,-7,
7.85444,34,32,2,-4,
7.85579,52,51,10,-1,
7.85715,62,59,8,8,
7.85849,58,66,23,17,
7.85983,62,60,21,12,
7.86118,64,39,5,18,
7.86256,58,39,6,21,
7.86392,39,51,8,8,
7.86523,22,45,6,0,
7.86656,10,40,7,-9,
7.86795,-5,28,9,-5,
7.86927,-9,31,1,-6,
7.8706,-9,31,1,-6,
7.87191,5,42,5,-10,
7.87326,48,58,17,20,
7.87462,59,50,12,18,
7.87601,59,50,12,18,
7.87732,61,58,18,24,
7.87865,62,54,25,22,
7.87996,56,48,19,15,
7.88128,42,51,12,6,
7.88265,18,29,2,10,
7.884,11,20,-3,13,
7.88531,-7,20,-5,6,
7.88667,7,20,3,1,
7.88797,16,22,10,5,
7.88928,22,36,11,12,
7.89064,55,39,11,12,
7.892,73,46,6,18,
7.89332,75,58,21,22,
7.89479,75,58,21,22,
7.89617,51,50,23,20,
7.8975,45,40,27,19,
7.89887,42,30,12,21,
7.90023,23,35,7,19,
7.90158,7,38,7,5,
7.9029,7,38,7,5,
7.90423,4,24,-1,-12,
7.90556,16,28,3,-2,
7.90688,16,28,3,-2,
7.90822,39,41,4,11,
7.90957,53,48,9,17,
7.9109,53,48,9,17,
7.91223,65,54,13,20,
7.91355,60,69,17,16,
7.91488,56,68,20,8,
7.91618,43,55,19,13,
7.91749,31,39,14,11,
7.91883,34,33,5,3,
7.92019,20,40,2,2,
7.9215,20,40,2,2,
7.92285,15,28,-5,-1,
7.92421,53,26,2,16,
7.92551,72,35,2,18,
7.92689,72,52,2,13,
7.92824,88,65,4,13,
7.9296,95,69,16,27,
7.93097,80,66,16,21,
7.93227,54,42,-7,0,
7.93361,44,43,-12,5,
7.93496,42,36,-13,7,
7.93631,42,36,-13,7,
7.93763,33,30,-16,4,
7.93899,18,22,-18,3,
7.94033,30,25,-11,5,
7.94165,72,28,-23,11,
7.94301,82,34,-18,7,
7.94431,82,34,-18,7,
7.94566,86,37,-11,10,
7.94702,90,33,-15,13,
7.94837,79,46,-29,-2,
7.94971,77,40,-28,-11,
7.95107,71,35,-25,-8,
7.95242,63,35,-29,-7,
7.95374,63,35,-29,-7,
7.95513,43,20,-31,-9,
7.9565,24,9,-39,-21,
7.95784,44,9,-26,-29,
7.95921,58,26,-15,-20,
7.96054,71,39,-15,-2,
7.9619,71,48,-17,4,
7.96326,88,51,-21,10,
7.9646,71,34,-2,4,
7.96594,64,38,-16,-1,
7.96729,51,29,-26,-1,
7.96865,51,29,-26,-1,
7.96999,33,28,-29,-4,
7.9713,18,33,-30,-15,
7.97269,15,19,-32,-16,
7.97404,25,7,-10,-19,
7.97541,31,28,-8,-8,
7.97676,31,28,-8,-8,
7.97811,60,45,9,9,
7.97947,67,53,2,9,
7.98082,74,60,6,9,
7.98216,54,51,17,9,
7.98356,38,44,13,10,
7.9849,38,44,13,10,
7.98628,16,27,-2,3,
7.98764,17,24,3,0,
7.98902,12,24,2,1,
7.99037,3,20,6,6,
7.99172,23,24,-4,-11,
7.99302,33,31,12,-7,
7.9943,33,31,12,-7,
7.9957,50,44,8,3,
7.99706,57,52,10,17,
7.99844,64,46,7,19,
7.9998,64,46,7,19,
8.00111,53,29,12,21,
8.00242,53,29,12,21,
8.00377,40,30,11,24,
8.00509,23,18,4,20,
8.00647,6,25,2,9,
8.00784,16,15,-3,5,
8.00916,17,11,-8,4,
8.01051,29,24,-8,11,
8.01188,29,24,-8,11,
8.01321,39,42,7,23,
8.01458,50,47,24,13,
8.01594,57,44,17,16,
8.01728,62,46,25,14,
8.01872,53,54,22,15,
8.02006,39,49,10,16,
8.02141,33,36,-1,13,
8.02277,21,22,0,10,
8.02412,23,32,-3,-3,
8.02546,18,41,-9,-7,
8.02724,28,37,2,5,
8.02855,51,35,11,10,
8.02993,63,50,21,9,
8.03138,55,60,30,12,
8.03275,62,57,26,13,
8.03413,68,51,29,19,
8.0355,59,52,29,29,
8.0369,59,52,29,29,
8.03834,35,45,22,16,
8.03977,23,50,1,11,
8.04113,13,50,8,-1,
8.0425,11,52,11,-2,
8.04387,6,47,2,2,
8.04524,19,47,14,8,
8.04662,19,47,14,8,
8.04799,56,68,24,16,
8.04934,71,67,31,28,
8.05075,73,79,37,29,
8.05211,58,80,22,24,
8.05347,55,73,18,16,
8.05486,39,72,19,19,
8.05623,24,70,6,-4,
8.05759,12,59,-2,2,
8.05895,13,47,-2,5,
8.0603,13,46,-3,6,
8.06166,27,47,6,3,
8.06301,27,47,6,3,
8.0643,37,40,11,8,
8.06563,56,55,27,8,
8.06698,64,65,25,10,
8.06833,58,57,19,13,
8.06968,61,55,24,23,
8.07105,60,51,14,29,
8.07236,34,45,17,19,
8.07372,23,45,13,10,
8.075,5,28,7,10,
8.07626,5,28,7,10,
8.0776,5,28,7,10,
8.07896,7,21,14,14,
8.08034,34,30,13,11,
8.08171,61,50,7,15,
8.08302,64,62,14,18,
8.08441,82,58,30,23,
8.0858,82,58,30,23,
8.08713,75,59,27,24,
8.08851,52,55,20,24,
8.08992,46,37,10,31,
8.0913,24,38,6,19,
8.09266,15,32,7,2,
8.09401,10,35,4,9,
8.09536,10,35,4,9,
8.09672,32,32,14,22,
8.09811,38,44,20,30,
8.09947,49,51,23,29,
8.10082,63,53,14,21,
8.10219,58,58,16,38,
8.10355,58,58,16,38,
8.10495,58,58,16,38,
8.10635,34,45,13,24,
8.10775,16,37,12,30,
8.10914,15,29,15,25,
8.11051,-1,19,5,9,
8.11188,-1,19,5,9,
8.1132,4,18,14,13,
8.11454,31,25,12,13,
8.11587,43,35,14,15,
8.11718,51,50,21,24,
8.11853,47,49,18,23,
8.11988,51,46,31,28,
8.12119,54,51,35,33,
8.12256,54,51,35,33,
8.12391,39,29,27,14,
8.12523,13,28,18,17,
8.12661,21,22,17,17,
8.12799,5,11,16,11,
8.12935,4,9,8,4,
8.13066,5,11,8,-1,
8.13204,11,14,21,10,
8.13336,32,46,36,21,
8.13467,32,46,36,21,
8.13604,45,49,35,32,
8.13734,59,44,38,26,
8.13871,40,49,37,31,
8.14006,40,49,37,31,
8.14138,8,25,22,22,
8.1428,5,27,19,25,
8.14416,5,27,19,25,
8.14548,-10,13,21,13,
8.14683,4,16,2,10,
8.14813,0,20,12,11,
8.14946,16,37,26,9,
8.15082,31,48,22,23,
8.1522,30,48,23,32,
8.15352,36,52,26,34,
8.15489,37,54,23,29,
8.15625,24,59,27,32,
8.15759,17,48,28,31,
8.15892,6,41,19,20,
8.16026,-1,30,14,14,
8.16157,9,27,9,11,
8.16293,-2,21,8,6,
8.16424,-3,11,13,10,
8.16556,9,25,9,22,
8.16686,24,42,12,24,
8.1682,24,42,12,24,
8.16951,30,50,27,20,
8.17087,48,45,23,28,
8.1722,42,58,26,25,
8.17353,27,44,29,25,
8.1749,24,40,27,15,
8.17627,24,40,27,15,
8.17761,11,32,25,19,
8.17897,-14,37,14,22,
8.18032,-23,27,14,13,
8.18164,-23,15,11,7,
8.18302,-7,27,22,9,
8.18438,6,31,28,20,
8.1857,28,48,28,21,
8.18711,28,48,28,21,
8.1885,40,53,31,23,
8.18985,33,41,31,29,
8.19122,24,47,35,37,
8.19256,12,40,39,29,
8.19386,0,30,33,18,
8.19522,-7,19,32,24,
8.19659,-22,20,13,7,
8.19796,-4,13,13,11,
8.19931,2,19,16,16,
8.20066,2,19,16,16,
8.20196,16,24,24,22,
8.20331,26,28,25,32,
8.20467,36,35,20,38,
8.20601,35,50,37,38,
8.20734,27,35,38,34,
8.20871,24,23,38,34,
8.21005,28,24,39,36,
8.21143,15,23,33,32,
8.21278,-7,25,21,22,
8.21409,-15,21,26,23,
8.21541,-6,7,9,21,
8.21679,-6,7,9,21,
8.2181,-6,7,9,21,
8.21946,27,11,22,32,
8.22086,45,25,25,36,
8.22227,38,25,30,39,
8.22366,49,25,38,36,
8.22501,49,24,48,26,
8.22631,49,24,48,26,
8.22767,36,29,50,25,
8.22901,7,10,27,32,
8.23039,4,7,26,35,
8.23177,-17,-1,24,26,
8.23315,-15,4,26,23,
8.23449,-15,4,26,23,
8.23582,-7,-3,20,21,
8.23719,33,19,35,26,
8.23857,36,18,42,31,
8.23992,40,25,34,37,
8.24123,45,25,36,42,
8.24259,35,17,37,39,
8.24399,18,20,27,38,
8.2453,17,29,21,31,
8.24666,3,14,23,19,
8.24804,3,14,23,19,
8.24936,-6,5,20,15,
8.2507,-7,-8,16,16,
8.25204,-15,0,24,19,
8.25335,-8,19,31,22,
8.25476,18,18,37,28,
8.25617,29,26,37,26,
8.2575,45,27,44,23,
8.25885,47,27,36,34,
8.26021,30,19,30,42,
8.26153,20,25,27,29,
8.26288,20,25,27,29,
8.26422,13,3,27,21,
8.26553,4,9,21,28,
8.26688,-5,2,19,20,
8.26826,-5,2,19,20,
8.26958,-1,9,30,19,
8.27098,15,17,31,26,
8.27233,17,30,34,24,
8.27366,33,31,32,30,
8.27505,33,31,32,30,
8.27653,46,38,37,37,
8.27786,45,32,25,31,
8.27919,41,29,28,30,
8.28056,15,22,20,25,
8.2819,9,7,29,26,
8.28324,-10,0,19,30,
8.2846,-16,9,17,20,
8.28594,-16,9,17,20,
8.28729,13,9,25,10,
8.28867,29,21,24,15,
8.29005,42,26,23,29,
8.29141,45,26,26,33,
8.29277,42,32,33,36,
8.29412,42,32,33,36,
8.29547,42,26,42,32,
8.29687,17,18,34,32,
8.29823,13,13,17,23,
8.29957,13,12,10,23,
8.30093,-1,3,16,26,
8.30228,-20,-10,17,16,
8.30368,-9,-14,26,12,
8.30499,23,7,23,27,
8.30638,43,26,33,25,
8.30771,35,36,42,26,
8.30908,43,39,43,28,
8.31045,43,39,43,28,
8.31178,62,36,35,26,
8.31317,43,28,29,30,
8.31453,24,15,23,29,
8.31588,17,4,14,30,
8.3172,17,4,14,30,
8.3186,-2,7,12,30,
8.31999,-9,2,15,18,
8.32134,-3,-9,19,10,
8.3227,33,15,21,30,
8.32408,40,31,25,33,
8.32539,40,31,25,33,
8.32675,29,30,23,39,
8.32811,36,32,26,38,
8.32942,35,39,37,32,
8.33078,37,36,38,38,
8.33206,21,10,29,27,
8.33339,21,10,29,27,
8.33482,12,5,29,20,
8.33617,-2,5,18,19,
8.33748,-4,7,14,16,
8.33885,-3,-2,16,10,
8.3402,16,11,28,11,
8.34152,28,23,32,28,
8.34288,28,23,32,28,
8.34424,23,29,45,30,
8.34561,41,38,39,20,
8.34699,26,38,36,23,
8.34837,23,29,27,32,
8.3497,-1,11,29,36,
8.35106,-1,11,29,36,
8.35242,-10,0,19,32,
8.35377,-6,0,20,30,
8.35518,-6,0,20,30,
8.35653,-11,-4,28,20,
8.35797,28,19,23,33,
8.35929,31,16,19,31,
8.36064,31,16,19,31,
8.36197,45,30,31,42,
8.36329,38,30,46,38,
8.36461,22,35,45,37,
8.36595,14,18,41,41,
8.36727,3,5,38,34,
8.36862,3,5,38,34,
8.36994,1,3,24,32,
8.37126,-12,-6,16,30,
8.3726,-22,-14,21,19,
8.37396,3,-13,18,19,
8.37533,22,2,14,23,
8.37668,27,20,34,34,
8.37806,28,14,41,31,
8.37938,42,13,39,42,
8.38069,29,29,34,34,
8.38207,14,18,43,29,
8.38343,13,3,31,21,
8.38481,13,3,31,21,
8.38619,6,4,29,29,
8.38754,7,2,25,31,
8.38893,-10,-11,12,19,
8.39028,-19,-17,15,13,
8.39166,3,-1,21,16,
8.39302,29,13,27,32,
8.39437,24,15,24,34,
8.39574,19,15,25,33,
8.39712,26,24,28,33,
8.39848,18,25,27,25,
8.39985,20,25,37,22,
8.40112,9,20,30,22,
8.40253,-5,-1,25,23,
8.40385,-5,-17,30,23,
8.4052,-13,-16,28,24,
8.40661,-22,-14,21,29,
8.40796,-10,-4,16,18,
8.40936,5,18,30,23,
8.41077,5,18,30,23,
8.41215,26,17,51,37,
8.4135,26,17,51,37,
8.41487,33,16,48,45,
8.41624,3,7,50,31,
8.41757,6,16,38,30,
8.41899,5,13,31,29,
8.42037,-5,7,24,34,
8.42171,-20,4,13,28,
8.42313,-30,-19,14,23,
8.42449,-18,-15,19,13,
8.42585,2,-12,29,20,
8.42722,2,-12,29,20,
8.42861,11,9,35,25,
8.42997,19,22,32,29,
8.43138,14,24,40,35,
8.43282,0,10,47,37,
8.43427,6,17,39,28,
8.43587,6,17,39,28,
8.43724,-20,9,27,23,
8.43858,-23,-2,23,24,
8.43992,-23,-7,27,19,
8.44128,-30,-17,20,17,
8.44269,-43,-9,32,17,
8.44406,-36,11,43,23,
8.44537,-10,7,41,24,
8.44676,6,16,40,19,
8.4481,6,30,34,21,
8.44941,26,34,42,36,
8.45075,4,29,56,35,
8.4521,-17,30,58,23,
8.45341,-17,30,58,23,
8.45477,-36,16,37,30,
8.45611,-27,19,33,17,
8.45742,-44,9,37,10,
8.45876,-43,8,42,18,
8.46006,-26,1,37,18,
8.46137,-17,14,37,19,
8.46269,-17,14,37,19,
8.46405,23,21,34,17,
8.46537,13,22,48,24,
8.46674,18,31,49,27,
8.46811,8,28,49,36,
8.46942,9,16,56,36,
8.47079,-5,1,59,33,
8.47219,-18,6,49,32,
8.47351,-24,2,39,30,
8.47488,-50,-15,33,20,
8.4762,-57,-14,25,26,
8.47755,-52,-6,31,19,
8.47892,-35,4,45,22,
8.48028,-22,8,58,26,
8.48166,-5,21,59,33,
8.48303,13,30,80,49,
8.48439,-5,11,82,46,
8.48572,-9,12,77,42,
8.48713,-10,22,77,42,
8.48845,-26,5,82,34,
8.48978,-26,5,82,34,
8.49111,-52,-7,84,55,
8.49246,-71,-11,79,57,
8.49382,-52,-12,83,55,
8.49516,-52,-12,83,55,
8.49652,-30,0,101,60,
8.49786,-10,12,99,66,
8.49928,-8,10,105,74,
8.50064,17,12,102,86,
8.50199,17,12,102,86,
8.50334,0,13,99,83,
8.50469,-15,1,93,71,
8.50607,-24,-13,83,57,
8.50744,-24,-13,83,57,
8.5088,-38,-9,72,37,
8.51015,-38,-9,72,37,
8.51151,-43,-17,63,42,
8.51287,-31,-24,60,59,
8.51421,-9,-17,72,53,
8.51553,7,-5,70,52,
8.51685,9,7,75,53,
8.51818,20,12,86,44,
8.5195,15,6,76,39,
8.52086,13,12,67,47,
8.52224,-13,10,62,45,
8.52357,-26,-1,62,33,
8.52494,-26,-1,62,33,
8.52633,-26,-1,62,33,
8.52766,-37,-10,57,16,
8.529,-36,-13,47,18,
8.53031,-36,-13,46,29,
8.53167,9,11,55,38,
8.53317,9,11,55,38,
8.53455,3,19,58,37,
8.53589,19,14,74,43,
8.53722,14,13,76,43,
8.53861,-3,10,70,35,
8.53992,-2,12,59,36,
8.54123,-12,8,61,41,
8.54257,-12,8,61,41,
8.5439,-17,7,52,34,
8.5452,-35,-21,38,31,
8.54651,-26,-12,43,18,
8.54784,-23,2,45,24,
8.54912,-2,2,67,41,
8.55047,11,11,75,42,
8.55182,6,11,80,43,
8.55313,22,3,86,51,
8.55447,19,6,80,51,
8.55584,-9,-16,60,42,
8.55716,-9,-16,60,42,
8.55849,-9,-16,60,42,
8.55984,-15,-1,56,38,
8.56118,-28,-10,45,31,
8.56256,-54,-31,39,33,
8.56392,-37,-20,43,20,
8.56524,-18,-16,56,32,
8.56664,-2,2,59,34,
8.56799,-2,2,59,34,
8.56934,16,7,57,36,
8.57071,16,7,57,36,
8.57206,28,-4,69,43,
8.57343,0,-17,70,41,
8.57479,-5,-7,69,39,
8.57614,-18,-15,60,29,
8.57745,-30,-21,54,21,
8.57881,-41,-17,43,19,
8.58017,-45,-16,45,16,
8.58149,-35,-17,46,12,
8.58286,-9,-22,47,14,
8.58421,-1,-6,60,27,
8.58553,6,6,57,37,
8.5869,13,5,57,31,
8.58827,18,12,70,35,
8.58961,8,14,68,29,
8.59098,9,3,62,20,
8.59232,-21,-9,58,22,
8.59366,-21,-7,49,21,
8.595,-21,-7,49,21,
8.59632,-32,-16,48,-1,
8.59768,-32,-16,48,-1,
8.59904,-36,-24,42,0,
8.60039,-16,-13,40,-1,
8.60174,7,2,42,4,
8.60308,18,17,42,19,
8.60444,27,8,54,31,
8.60579,24,3,45,34,
8.60713,20,0,52,21,
8.6085,3,11,53,17,
8.60985,-7,9,42,16,
8.61121,-15,-4,39,10,
8.61256,-16,-14,37,13,
8.61392,-28,-18,40,5,
8.61528,-26,-24,35,-6,
8.61664,-25,-14,28,1,
8.61799,17,18,40,19,
8.61939,17,18,40,19,
8.62078,11,22,42,22,
8.62211,31,21,56,20,
8.6235,39,11,63,28,
8.62497,21,4,70,34,
8.62653,21,4,70,34,
8.62798,5,-3,67,24,
8.62937,-4,0,55,17,
8.63081,-18,-13,29,13,
8.63213,-26,-30,26,9,
8.6335,-23,-35,25,11,
8.63491,-5,-4,41,15,
8.63627,11,-3,58,15,
8.63767,11,-3,58,15,
8.63908,31,4,65,24,
8.6404,43,14,72,33,
8.64174,31,27,77,26,
8.64308,22,5,72,23,
8.64441,3,8,64,16,
8.64575,-13,-7,60,16,
8.64707,-14,-5,56,5,
8.64844,-25,-5,47,-9,
8.64982,-20,3,41,5,
8.65123,-18,-4,41,14,
8.65259,5,-2,43,17,
8.654,14,10,56,16,
8.65532,15,14,69,27,
8.65667,22,22,79,28,
8.65804,29,26,82,29,
8.65936,23,17,79,21,
8.66068,1,11,62,25,
8.662,-9,4,53,12,
8.66334,-15,7,44,9,
8.66471,-15,7,44,9,
8.66605,-31,-24,42,11,
8.66738,-27,-19,36,12,
8.66879,-27,-19,36,12,
8.67016,13,19,63,19,
8.67149,27,25,80,16,
8.67284,28,32,83,19,
8.67418,37,27,87,26,
8.67551,19,14,98,23,
8.6769,28,10,94,32,
8.67829,25,11,87,22,
8.67965,-14,2,81,21,
8.68101,-14,2,81,21,
8.68239,-25,6,75,22,
8.68373,-25,-6,61,12,
8.68506,-25,-6,61,12,
8.68642,-22,-18,58,8,
8.68778,15,16,74,21,
8.68912,15,16,74,21,
8.69053,13,15,82,32,
8.69187,36,17,100,34,
8.6932,29,19,94,34,
8.69453,15,15,96,19,
8.69588,11,17,95,10,
8.6972,2,4,91,3,
8.69857,-9,6,94,-2,
8.69994,-14,3,80,-3,
8.70127,-16,3,79,0,
8.70261,-10,-9,86,-1,
8.70392,-13,-3,93,-2,
8.70523,8,9,99,1,
8.70656,33,23,93,4,
8.70794,29,19,102,7,
8.7093,46,18,99,18,
8.71063,43,28,104,23,
8.712,5,12,100,24,
8.71331,5,12,100,24,
8.71466,-2,4,98,25,
8.71599,-2,-3,94,25,
8.71726,-8,-12,93,14,
8.71864,-28,-15,84,3,
8.71998,-20,1,84,-11,
8.72129,-20,1,84,-11,
8.72265,1,16,85,-5,
8.72403,18,22,94,2,
8.72534,27,38,100,26,
8.7267,30,24,99,30,
8.72806,18,20,105,19,
8.72937,13,12,97,20,
8.73074,13,12,97,20,
8.73209,-9,12,96,26,
8.73342,-11,8,92,7,
8.73475,-17,6,79,-7,
8.73611,-20,-2,70,-9,
8.73742,-23,-3,64,-2,
8.73876,-14,-3,60,5,
8.74013,9,3,78,5,
8.74144,18,21,94,2,
8.74281,30,25,98,10,
8.74417,23,33,96,24,
8.74548,19,18,96,21,
8.74685,19,18,96,21,
8.7482,14,10,91,16,
8.74954,-8,12,90,3,
8.75092,-12,17,84,-4,
8.75231,-33,-15,67,1,
8.75364,-20,-17,69,-7,
8.75501,-20,-17,69,-7,
8.75637,15,0,71,-3,
8.75769,21,16,71,4,
8.75907,18,21,79,-1,
8.76044,31,20,92,7,
8.76179,31,27,102,15,
8.76309,24,25,94,13,
8.76442,24,25,94,13,
8.76573,-4,12,80,9,
8.76709,1,-4,77,-2,
8.76844,3,-7,70,3,
8.76985,-21,-2,66,-7,
8.77124,-23,-2,69,-2,
8.77259,-16,-3,74,-8,
8.7739,-3,7,66,0,
8.77525,38,36,87,-3,
8.77662,39,31,86,-2,
8.77796,39,31,86,-2,
8.7793,42,28,92,19,
8.7807,41,34,91,26,
8.78204,28,34,90,17,
8.78344,-10,-2,76,10,
8.78476,-12,-9,75,2,
8.7861,-25,-13,76,1,
8.78746,-25,-13,76,1,
8.78882,-34,-6,50,-4,
8.79013,-13,9,47,-4,
8.79148,7,20,54,1,
8.79283,34,29,74,10,
8.79416,50,38,87,16,
8.79552,50,38,87,16,
8.7969,50,38,87,16,
8.79821,37,41,68,11,
8.79959,23,27,71,6,
8.80087,8,9,67,-2,
8.80222,-17,3,45,-1,
8.80361,-17,3,45,-1,
8.80497,-18,5,49,0,
8.80629,-21,3,52,-2,
8.8077,-7,12,60,-5,
8.80907,26,22,65,2,
8.81041,29,29,59,12,
8.81174,29,29,59,12,
8.81306,25,41,72,21,
8.81442,38,54,74,19,
8.81577,32,34,63,24,
8.81713,16,28,60,18,
8.81852,5,25,49,7,
8.81984,-10,16,40,5,
8.8212,-22,9,35,9,
8.82252,-19,14,28,10,
8.82383,-12,16,34,12,
8.82517,9,22,53,3,
8.82665,9,22,53,3,
8.82804,27,26,51,14,
8.82938,27,27,52,27,
8.83074,48,39,62,30,
8.83211,56,36,62,27,
8.83345,19,36,50,28,
8.83483,19,36,50,28,
8.83619,2,28,47,22,
8.83756,-14,22,42,15,
8.839,-23,6,14,7,
8.84037,-9,0,20,0,
8.84172,23,12,22,15,
8.84311,23,12,22,15,
8.84449,40,33,32,27,
8.84587,45,40,39,22,
8.84727,57,34,42,19,
8.84859,57,45,47,27,
8.84992,42,34,51,22,
8.85127,20,23,54,23,
8.85256,8,24,48,22,
8.85387,0,13,39,12,
8.85521,3,18,26,-1,
8.85654,-22,18,17,5,
8.85791,-16,15,14,0,
8.85922,-16,15,14,0,
8.86058,19,25,21,7,
8.8619,19,25,21,7,
8.86327,37,36,29,15,
8.86463,42,49,40,23,
8.86597,36,34,35,25,
8.86733,36,34,35,25,
8.86868,38,33,37,21,
8.87013,10,20,27,16,
8.87151,-4,19,24,8,
8.87294,-12,14,20,14,
8.87431,-19,9,18,12,
8.87567,-19,9,18,12,
8.87703,1,10,23,7,
8.87835,22,23,23,12,
8.87974,43,42,27,15,
8.88112,44,36,30,17,
8.88243,54,57,55,22,
8.88384,54,57,55,22,
8.88517,41,50,55,25,
8.88656,20,19,47,20,
8.88792,1,20,47,21,
8.88924,-3,8,42,17,
8.89061,-13,13,21,3,
8.89196,-13,13,21,3,
8.89326,-13,13,21,3,
8.8946,-8,8,14,3,
8.89591,32,35,35,5,
8.89724,39,47,36,14,
8.89859,33,49,43,19,
8.89994,42,58,56,30,
8.90125,34,50,61,23,
8.90256,21,46,62,11,
8.90394,13,40,56,11,
8.9053,-10,29,25,18,
8.90666,-10,20,15,13,
8.90801,-10,20,15,13,
8.90935,-12,8,24,-1,
8.91072,2,14,18,6,
8.91208,2,14,18,6,
8.91343,39,38,43,16,
8.9148,32,42,34,17,
8.91617,32,42,34,17,
8.91749,46,51,36,25,
8.91888,28,51,40,26,
8.92026,24,42,36,25,
8.92157,17,32,22,17,
8.92293,2,32,18,11,
8.9243,-15,30,22,12,
8.92573,-20,12,11,2,
8.9271,-7,19,8,-5,
8.9285,-7,19,8,-5,
8.92984,3,26,15,7,
8.93123,21,40,27,9,
8.93258,43,51,25,9,
8.93394,42,59,27,6,
8.9353,36,43,27,19,
8.93665,25,37,15,24,
8.93799,25,40,7,23,
8.93936,14,41,3,21,
8.94072,-1,36,-5,9,
8.94208,-5,27,3,9,
8.94344,-9,27,-1,5,
8.94479,-7,33,-4,3,
8.94614,12,39,-7,9,
8.94751,12,39,-7,9,
8.94889,37,50,-11,18,
8.95027,40,57,-4,24,
8.95163,59,70,16,27,
8.95294,57,66,21,29,
8.95431,34,57,2,35,
8.95573,34,57,2,35,
8.95709,11,45,-8,21,
8.95847,15,44,-18,13,
8.95986,15,44,-18,13,
8.96118,-3,27,-16,14,
8.96255,-5,35,-15,5,
8.9639,15,45,-12,8,
8.9652,15,45,-12,8,
8.96656,47,65,-6,11,
8.96792,44,75,-11,20,
8.96925,56,74,-2,29,
8.97063,52,69,3,33,
8.97196,39,56,-3,38,
8.9733,24,63,-9,32,
8.97466,15,65,-15,16,
8.97601,8,55,-22,4,
8.97734,-10,41,-18,8,
8.9787,-15,31,-21,13,
8.98007,-1,30,-18,16,
8.98142,7,32,-12,19,
8.98278,16,48,-10,19,
8.98416,34,64,-15,26,
8.98551,54,84,-5,23,
8.98689,56,78,4,20,
8.98819,44,63,1,20,
8.98952,28,64,-13,18,
8.99087,28,64,-13,18,
8.99224,25,70,-17,26,
8.9936,10,55,-16,19,
8.99497,-4,47,-25,10,
8.99632,-8,41,-28,9,
8.99761,9,44,-31,9,
8.99896,24,61,-21,10,
9.0003,36,72,-10,21,
9.00157,45,81,-8,21,
9.00292,49,80,-6,20,
9.00431,37,75,-7,28,
9.00564,37,75,-7,28,
9.00697,37,75,-7,28,
9.00829,40,66,-9,16,
9.00961,26,59,-18,7,
9.01097,8,55,-17,3,
9.01232,-14,50,-22,8,
9.01367,-21,41,-36,10,
9.01503,-18,51,-41,12,
9.01644,7,49,-37,9,
9.01783,36,80,-18,20,
9.01921,41,77,-20,18,
9.02059,52,86,-13,28,
9.02192,57,89,-7,32,
9.02328,57,89,-7,32,
9.02461,46,89,-5,25,
9.02596,17,74,-22,11,
9.02733,3,69,-32,15,
9.02869,-11,56,-30,15,
9.03004,-20,42,-32,5,
9.03142,-13,39,-34,0,
9.03278,4,51,-40,3,
9.03416,36,74,-19,15,
9.03557,36,71,-12,14,
9.03693,41,76,-12,22,
9.03834,41,76,-12,22,
9.03972,46,80,-13,30,
9.04111,37,76,-19,33,
9.04249,21,70,-23,27,
9.04384,2,68,-32,16,
9.04519,9,58,-39,11,
9.04657,4,46,-49,13,
9.04793,-4,48,-40,15,
9.04927,-10,52,-33,11,
9.05072,1,62,-29,13,
9.05207,23,73,-31,17,
9.0534,42,77,-30,24,
9.05478,51,73,-29,26,
9.05613,67,74,-15,33,
9.05746,60,83,-2,26,
9.05883,49,74,-11,30,
9.06015,38,63,-20,29,
9.06148,13,52,-29,27,
9.06282,7,55,-33,13,
9.06417,-2,44,-35,7,
9.06551,9,49,-42,4,
9.06687,10,57,-32,1,
9.06823,10,57,-32,1,
9.06958,39,79,-16,12,
9.07094,50,77,-14,15,
9.0723,50,78,-2,22,
9.07357,50,78,-2,22,
9.07493,42,74,-5,23,
9.0763,27,64,-5,32,
9.07762,22,57,-4,26,
9.07898,1,47,-18,5,
9.08037,1,47,-18,5,
9.0817,-7,44,-25,2,
9.08313,-16,51,-38,7,
9.08454,-14,56,-34,8,
9.08586,15,55,-22,11,
9.08723,27,65,-24,23,
9.08857,41,75,-13,15,
9.08991,56,76,-10,27,
9.09129,56,76,-10,27,
9.09264,39,81,-24,23,
9.094,16,72,-33,25,
9.09539,16,72,-33,25,
9.09674,2,45,-35,-2,
9.09813,-13,36,-42,-12,
9.09949,-13,36,-42,-12,
9.10085,-10,49,-36,-2,
9.1022,5,47,-38,7,
9.10357,25,56,-37,7,
9.10493,40,67,-30,10,
9.10628,32,70,-29,6,
9.10766,34,75,-22,15,
9.10906,44,76,-24,22,
9.11044,18,67,-26,2,
9.11182,18,67,-26,2,
9.11317,11,62,-31,0,
9.11454,-4,52,-33,1,
9.11591,-4,52,-33,1,
9.11724,-9,53,-34,1,
9.11859,-16,49,-52,-7,
9.11999,0,64,-43,-8,
9.12132,18,84,-31,4,
9.12266,30,86,-31,8,
9.12403,44,87,-37,7,
9.12537,60,90,-27,6,
9.12668,53,103,-29,4,
9.12802,39,102,-45,0,
9.12935,21,92,-48,-5,
9.13065,2,81,-50,-16,
9.132,2,81,-50,-16,
9.13335,-2,71,-52,-18,
9.13471,-13,73,-65,-26,
9.13606,-8,72,-71,-27,
9.13738,23,98,-68,-21,
9.13868,24,132,-66,-12,
9.14003,24,132,-66,-12,
9.14137,41,148,-61,-4,
9.14273,53,145,-48,-7,
9.14409,38,145,-52,-2,
9.14544,31,149,-54,1,
9.1468,16,141,-60,-17,
9.14816,10,147,-59,-20,
9.14951,10,147,-59,-20,
9.15086,-21,123,-81,-29,
9.15221,-4,131,-74,-27,
9.15352,9,135,-77,-19,
9.15488,8,148,-68,-11,
9.15625,49,174,-74,-1,
9.15761,49,174,-74,-1,
9.15899,49,174,-74,-1,
9.16035,58,205,-60,-8,
9.1617,44,217,-63,1,
9.16305,35,223,-75,5,
9.16438,19,226,-91,-13,
9.16575,19,226,-91,-13,
9.16712,30,231,-85,-2,
9.16845,0,270,-112,-19,
9.1698,4,297,-123,-17,
9.17113,13,325,-125,-13,
9.17243,44,346,-129,-13,
9.17377,44,346,-129,-13,
9.17517,70,348,-115,1,
9.17648,76,334,-97,-3,
9.17783,75,280,-81,7,
9.17918,65,266,-82,14,
9.18057,56,245,-82,8,
9.18189,56,245,-82,8,
9.18323,23,223,-87,-6,
9.18453,15,213,-97,-6,
9.18588,-3,189,-96,-23,
9.18724,5,168,-82,-21,
9.18857,5,168,-82,-21,
9.18992,13,183,-76,-19,
9.19129,13,183,-76,-19,
9.19265,39,186,-63,1,
9.19401,48,174,-56,2,
9.19535,62,167,-49,11,
9.19674,31,158,-41,8,
9.19813,31,158,-41,8,
9.19949,27,147,-40,6,
9.20084,-3,114,-46,-4,
9.20221,-13,107,-47,-12,
9.20356,-15,109,-48,-5,
9.20491,-13,129,-53,-6,
9.20627,5,139,-55,1,
9.20767,5,139,-55,1,
9.20902,45,136,-37,11,
9.21035,57,133,-42,19,
9.21171,62,136,-37,16,
9.21306,56,137,-23,15,
9.21442,39,137,-17,17,
9.21572,20,118,-14,21,
9.21711,1,91,-22,22,
9.21847,-1,65,-31,18,
9.21985,-1,65,-31,18,
9.22117,-10,49,-25,7,
9.22261,-15,48,-23,-2,
9.2241,-10,58,-17,11,
9.22565,3,77,-11,6,
9.22717,41,81,-8,20,
9.22856,47,84,-6,16,
9.22992,46,77,-17,18,
9.2313,23,64,-26,20,
9.23269,23,64,-26,20,
9.23406,15,64,-19,9,
9.23554,13,60,-31,-5,
9.2369,5,67,-35,-1,
9.23827,-18,49,-36,4,
9.23972,-10,56,-43,0,
9.2411,-10,56,-43,0,
9.24249,33,74,-28,-5,
9.24387,48,80,-34,0,
9.24515,42,81,-28,8,
9.24652,42,90,-33,17,
9.24787,42,90,-33,17,
9.24918,23,95,-31,16,
9.25056,23,95,-31,16,
9.2519,-1,78,-35,-12,
9.2532,-2,59,-40,-22,
9.25456,-5,49,-55,-15,
9.2559,-34,55,-51,-23,
9.25721,-29,51,-46,-13,
9.25853,-29,51,-46,-13,
9.25984,-5,56,-41,-11,
9.26111,29,85,-26,-12,
9.26248,32,93,-34,-17,
9.26379,30,86,-35,-15,
9.26514,30,86,-35,-15,
9.26648,23,92,-40,-8,
9.2678,16,85,-43,-11,
9.26911,5,85,-46,-27,
9.27047,-30,73,-48,-23,
9.27181,-43,60,-54,-27,
9.27312,-26,65,-60,-31,
9.27449,-23,76,-69,-36,
9.27585,-13,92,-77,-31,
9.27716,0,104,-58,-25,
9.27853,0,104,-58,-25,
9.27988,20,107,-46,-18,
9.2812,34,115,-40,-22,
9.28258,21,104,-47,-24,
9.28393,3,106,-53,-26,
9.28528,-5,110,-53,-32,
9.28664,-11,103,-57,-38,
9.288,-20,95,-63,-32,
9.28932,-50,87,-73,-49,
9.29076,-47,80,-74,-45,
9.2921,-47,80,-74,-45,
9.29343,-29,98,-61,-51,
9.29483,-4,112,-55,-47,
9.29618,7,118,-60,-38,
9.2975,22,140,-49,-24,
9.29886,26,127,-39,-21,
9.30021,26,127,-39,-21,
9.30153,27,120,-33,-29,
9.30289,-18,148,-45,-26,
9.30424,-17,135,-49,-32,
9.30559,-8,126,-58,-40,
9.30693,-22,127,-50,-42,
9.3083,-22,127,-50,-42,
9.30964,-22,127,-50,-42,
9.31102,-4,130,-35,-37,
9.31238,10,135,-29,-26,
9.31375,15,143,-18,-25,
9.31511,32,145,-17,-25,
9.31641,34,161,-18,-17,
9.31773,31,165,-19,-6,
9.31911,25,156,-26,1,
9.32043,-7,134,-37,-11,
9.32181,-3,123,-43,-7,
9.32316,-3,123,-43,-7,
9.32454,-17,128,-39,-20,
9.32589,-17,128,-39,-20,
9.32725,-7,134,-43,-14,
9.32861,-5,147,-44,-14,
9.32996,20,158,-22,-26,
9.33132,12,156,-25,-26,
9.33266,24,152,-28,-20,
9.33401,37,164,-30,-14,
9.33536,15,157,-36,-25,
9.33671,15,157,-36,-25,
9.33806,-12,151,-53,-34,
9.33944,-14,138,-47,-35,
9.34076,-21,135,-46,-31,
9.34213,-29,139,-50,-29,
9.34349,-29,136,-49,-34,
9.3448,-27,139,-44,-37,
9.34612,-22,157,-46,-38,
9.34745,22,169,-36,-20,
9.34879,16,180,-39,-17,
9.35013,16,180,-39,-17,
9.3515,15,188,-40,-15,
9.3529,16,179,-34,-11,
9.35425,4,181,-25,-14,
9.35561,2,172,-29,-21,
9.35695,-7,152,-44,-19,
9.35831,-23,150,-52,-28,
9.35967,-23,150,-52,-28,
9.36104,-35,153,-47,-34,
9.36247,-14,167,-36,-43,
9.36383,1,176,-34,-31,
9.36513,16,186,-32,-32,
9.36652,16,186,-32,-32,
9.36785,23,195,-21,-20,
9.36916,26,196,-26,-13,
9.37052,15,191,-23,-10,
9.37189,12,186,-34,-9,
9.37323,-2,192,-38,-10,
9.37459,-14,189,-36,-26,
9.37595,-14,189,-36,-26,
9.37729,-27,181,-35,-28,
9.37868,-22,175,-32,-35,
9.38005,-3,178,-31,-29,
9.38141,13,192,-23,-16,
9.38276,24,199,-16,-14,
9.3841,31,196,-19,-17,
9.38543,31,196,-19,-17,
9.38675,38,191,-10,-8,
9.38808,10,186,-20,-21,
9.3894,7,173,-22,-13,
9.39075,-6,152,-21,-9,
9.39212,-6,152,-21,-9,
9.39346,-24,144,-25,-19,
9.39481,-19,146,-31,-21,
9.39617,-18,142,-29,-25,
9.39749,-9,144,-22,-17,
9.39892,5,153,-20,-9,
9.40027,5,153,-20,-9,
9.40159,15,149,-9,-2,
9.40296,27,151,5,-2,
9.4043,16,147,5,-6,
9.40565,18,144,8,-1,
9.40702,-10,122,-13,-8,
9.40839,-10,122,-13,-8,
9.40988,-19,115,-15,-9,
9.41122,-21,91,-21,-5,
9.41254,-20,80,-20,-13,
9.41393,-13,81,-19,-17,
9.4153,1,90,-18,-8,
9.41666,18,100,0,-3,
9.41799,18,100,0,-3,
9.41937,29,109,6,12,
9.42074,34,120,4,10,
9.42208,33,108,13,9,
9.42344,25,85,22,3,
9.42482,13,76,12,2,
9.42621,4,72,10,3,
9.42759,-5,53,6,3,
9.42895,-9,44,3,-8,
9.43032,-3,47,8,-4,
9.43172,8,49,3,0,
9.4331,9,68,18,7,
9.43449,9,68,18,7,
9.43587,28,80,20,5,
9.4373,50,85,23,17,
9.43876,35,70,21,21,
9.44015,21,53,17,18,
9.44151,5,38,12,8,
9.4429,5,38,12,8,
9.44427,-4,18,17,5,
9.44565,-4,20,17,4,
9.44703,-11,20,17,4,
9.44839,4,15,15,14,
9.44973,16,29,18,27,
9.4511,16,29,18,27,
9.45245,31,44,33,24,
9.45379,31,42,29,31,
9.45515,44,50,26,27,
9.45654,40,40,31,23,
9.45788,18,17,32,21,
9.4592,18,17,32,21,
9.46054,21,10,26,28,
9.46188,9,-4,22,23,
9.46321,-1,-22,13,19,
9.46457,-1,-25,16,22,
9.46593,9,-19,18,28,
9.46729,6,-4,25,22,
9.46859,26,4,33,21,
9.4699,46,5,33,24,
9.47125,38,6,35,26,
9.47257,43,23,39,46,
9.47391,30,16,42,43,
9.47531,30,16,42,43,
9.47667,6,5,38,29,
9.47802,6,5,38,29,
9.47937,17,-9,24,22,
9.48073,-10,-22,20,11,
9.48207,-1,-29,25,20,
9.48343,-1,-29,25,20,
9.48476,28,-4,25,29,
9.4861,48,14,35,31,
9.48741,43,2,36,28,
9.48873,46,1,49,38,
9.49008,34,-1,51,45,
9.49149,34,-1,51,45,
9.49287,21,3,43,50,
9.49422,12,7,39,41,
9.4957,12,-12,29,31,
9.49712,8,-20,24,28,
9.4985,-1,-35,24,27,
9.49988,-1,-35,24,27,
9.50121,-5,-25,23,28,
9.50259,34,-7,42,39,
9.50395,42,5,39,39,
9.50526,38,8,46,42,
9.50663,38,5,50,45,
9.508,38,5,50,45,
9.50934,38,5,50,45,
9.5107,32,9,50,46,
9.51206,16,3,38,34,
9.51338,2,0,30,30,
9.51474,-1,-10,23,27,
9.51608,1,-12,35,21,
9.5174,1,-12,35,21,
9.51877,10,-16,29,20,
9.52014,30,0,21,28,
9.52146,46,24,26,26,
9.52283,46,24,26,26,
9.52419,53,42,37,29,
9.52558,34,25,39,37,
9.52696,34,25,39,37,
9.52831,14,17,39,41,
9.52963,2,10,31,24,
9.53101,-8,9,27,30,
9.53238,-8,-5,12,30,
9.53371,-4,4,21,26,
9.53509,-1,9,33,22,
9.53645,14,16,29,29,
9.53778,22,28,27,30,
9.53917,35,31,33,22,
9.54055,43,28,24,22,
9.54193,55,29,30,28,
9.54327,35,35,37,29,
9.54463,30,39,38,34,
9.54599,24,38,36,35,
9.54735,-13,15,32,18,
9.5487,-17,9,16,20,
9.55006,-20,11,12,14,
9.55142,-13,18,17,12,
9.55277,1,12,15,11,
9.55411,1,12,15,11,
9.55548,20,23,21,7,
9.55685,40,35,26,29,
9.55818,52,45,36,29,
9.55955,52,45,36,29,
9.5609,31,55,37,23,
9.56226,22,51,30,19,
9.56363,20,35,25,14,
9.56498,-6,25,24,11,
9.56634,-6,25,24,11,
9.5677,-8,21,14,20,
9.56905,-13,20,17,25,
9.57041,-16,10,20,19,
9.57177,10,15,9,15,
9.57313,38,38,26,20,
9.57453,30,47,30,19,
9.57588,30,47,30,19,
9.57722,40,45,24,31,
9.57856,17,35,35,24,
9.57991,15,32,33,22,
9.5812,5,30,32,21,
9.58256,3,20,18,17,
9.58392,-9,3,13,14,
9.58522,-9,3,13,14,
9.58659,-9,-1,16,12,
9.58794,0,21,10,17,
9.5893,24,30,25,14,
9.5907,35,43,35,13,
9.59201,28,47,26,14,
9.59338,44,58,24,27,
9.59476,48,53,24,30,
9.5961,29,34,22,17,
9.59745,20,27,16,15,
9.59875,14,26,13,18,
9.60008,14,26,13,18,
9.6014,4,31,12,14,
9.60277,-12,27,5,13,
9.60414,3,19,1,8,
9.60549,-4,22,14,6,
9.60686,34,40,20,13,
9.60821,30,41,18,28,
9.60957,30,41,18,28,
9.61094,39,55,17,25,
9.61226,25,44,21,23,
9.61365,24,36,16,27,
9.61502,25,32,7,21,
9.61637,18,29,16,23,
9.6177,18,29,16,23,
9.61905,-16,10,18,13,
9.62036,-20,11,7,9,
9.62171,-15,17,14,9,
9.62308,-8,14,17,19,
9.62441,8,26,21,18,
9.62575,25,43,28,11,
9.62716,38,55,37,26,
9.62854,44,40,27,25,
9.62995,35,35,22,23,
9.63132,15,34,21,20,
9.63269,15,34,21,20,
9.63416,16,26,20,18,
9.63562,-9,29,14,11,
9.63699,-16,15,10,8,
9.63833,-13,21,7,6,
9.63973,-13,22,11,12,
9.64106,31,39,23,26,
9.64243,31,39,23,26,
9.64385,36,45,20,26,
9.64521,43,50,32,34,
9.64659,50,48,35,26,
9.64798,41,38,32,26,
9.64934,13,34,31,33,
9.65076,13,34,31,33,
9.65211,7,19,29,21,
9.65342,-10,6,14,13,
9.6548,-16,13,15,5,
9.65615,-3,11,17,9,
9.65749,2,15,23,15,
9.65881,20,28,15,29,
9.66016,34,41,21,35,
9.6615,34,41,21,35,
9.66287,43,56,37,38,
9.66417,33,51,29,42,
9.6655,34,43,33,28,
9.66687,31,35,25,29,
9.66822,13,26,23,24,
9.66953,7,14,25,18,
9.67092,-6,8,13,14,
9.67227,-8,7,11,14,
9.67364,8,2,17,22,
9.675,25,10,19,25,
9.67636,25,10,19,25,
9.67771,32,37,21,25,
9.67909,35,40,22,20,
9.68043,33,36,47,34,
9.68173,44,34,43,36,
9.68305,46,28,30,24,
9.68436,46,28,30,24,
9.68569,13,21,20,26,
9.68705,11,12,28,32,
9.6884,-7,1,11,16,
9.68972,-11,14,27,17,
9.69104,-11,14,27,17,
9.69241,1,8,33,30,
9.69373,1,8,33,30,
9.69505,29,36,19,31,
9.69639,43,44,26,33,
9.69773,47,43,28,36,
9.69913,38,42,33,29,
9.70049,31,41,24,34,
9.70181,16,22,19,32,
9.70313,15,11,26,34,
9.70451,-3,11,21,34,
9.70588,-23,-8,24,25,
9.70725,-7,-5,22,19,
9.70861,-7,-5,22,19,
9.70996,11,18,20,10,
9.71136,29,19,26,20,
9.71271,45,39,20,19,
9.71405,43,44,25,25,
9.71538,34,43,34,32,
9.71673,30,42,27,27,
9.71807,22,38,27,25,
9.71943,13,27,31,31,
9.72081,0,23,28,22,
9.72213,-11,15,24,23,
9.72353,-9,1,24,20,
9.72485,-9,-4,26,18,
9.72619,-14,3,29,9,
9.72758,6,6,30,6,
9.72893,26,17,37,19,
9.73031,26,31,31,24,
9.73167,40,43,37,30,
9.73303,40,31,41,28,
9.73441,40,31,41,28,
9.73579,22,26,31,29,
9.73712,18,17,30,23,
9.73851,18,17,30,23,
9.73987,2,-6,16,20,
9.74123,1,-9,5,12,
9.74262,-2,-1,5,6,
9.74398,-5,-3,20,5,
9.74534,10,14,37,21,
9.7467,21,35,42,27,
9.74807,43,42,31,35,
9.74942,47,46,27,32,
9.75081,47,46,27,32,
9.75216,32,43,30,38,
9.75353,29,33,21,36,
9.75488,18,22,18,30,
9.75624,17,13,17,27,
9.75763,-3,-4,24,15,
9.75901,-3,-4,24,15,
9.76034,-15,-7,29,16,
9.76167,11,13,10,16,
9.76302,35,15,27,22,
9.76438,40,33,32,24,
9.76571,39,43,26,26,
9.76708,38,44,19,28,
9.76844,35,37,21,26,
9.7698,35,37,21,26,
9.77114,16,23,21,35,
9.77245,-4,12,24,22,
9.77381,2,4,15,17,
9.77518,3,-10,12,15,
9.77654,-5,-8,10,15,
9.77789,2,12,14,7,
9.77925,9,31,10,30,
9.78059,30,43,27,31,
9.78193,42,58,31,29,
9.78324,42,58,31,29,
9.78455,40,48,40,24,
9.7859,40,48,40,24,
9.78724,33,32,33,35,
9.7886,21,25,32,35,
9.78994,-11,23,21,22,
9.7913,-11,23,21,22,
9.79265,-10,21,25,18,
9.79399,-18,-4,19,6,
9.79535,0,-4,16,4,
9.79674,21,9,20,12,
9.7981,41,46,29,33,
9.79947,41,46,29,33,
9.80082,51,41,26,36,
9.80216,51,35,32,26,
9.80349,34,45,32,18,
9.80481,24,36,19,24,
9.8062,16,24,23,26,
9.80756,5,18,28,23,
9.80892,2,19,21,25,
9.81027,-17,21,14,15,
9.81162,-11,6,22,18,
9.8129,3,12,25,21,
9.81428,23,27,21,23,
9.81565,23,27,21,23,
9.81703,41,48,24,27,
9.8184,41,48,24,27,
9.81979,41,52,31,25,
9.82111,20,34,32,29,
9.82251,26,22,18,30,
9.82392,26,22,18,30,
9.82527,0,18,21,27,
9.82665,-20,24,16,16,
9.82804,-13,13,16,6,
9.8294,-3,23,8,6,
9.83083,-3,23,8,6,
9.8322,-3,23,8,6,
9.83355,-3,23,8,6,
9.83491,8,26,9,9,
9.83626,28,25,11,22,
9.83764,45,47,28,23,
9.83907,46,56,36,17,
9.84045,43,40,41,28,
9.84181,12,41,40,18,
9.84324,16,33,34,28,
9.84467,21,18,26,29,
9.84607,11,20,20,26,
9.84754,-6,16,26,18,
9.84891,-7,9,24,16,
9.85029,20,30,22,12,
9.85171,44,44,27,23,
9.85307,36,51,32,25,
9.85456,50,59,34,29,
9.85595,44,42,29,32,
9.85726,44,42,29,32,
9.85865,22,34,27,29,
9.86006,5,21,27,30,
9.86143,-4,10,31,18,
9.86291,-13,1,12,2,
9.86433,-16,-1,25,11,
9.86577,30,27,22,12,
9.86714,40,42,25,20,
9.8685,35,46,33,21,
9.86985,44,57,40,23,
9.87122,44,57,40,23,
9.87261,40,49,40,24,
9.87399,15,48,23,29,
9.8754,5,36,23,31,
9.877,3,17,15,33,
9.87843,2,9,11,23,
9.87985,7,16,12,19,
9.88125,7,16,12,19,
9.88277,-5,19,14,16,
9.88413,11,19,22,16,
9.88553,34,34,27,30,
9.88691,52,33,31,24,
9.88827,47,46,31,28,
9.88959,23,24,29,27,
9.89092,23,24,29,27,
9.89225,23,24,29,27,
9.89365,17,24,25,26,
9.89506,11,28,27,23,
9.89647,-11,24,13,25,
9.89787,-14,5,2,19,
9.89927,-12,2,5,8,
9.90067,-1,19,22,2,
9.90203,18,22,26,12,
9.90338,40,30,27,28,
9.90478,45,41,24,39,
9.90616,41,44,21,41,
9.90753,36,50,20,37,
9.90893,36,50,20,37,
9.91031,18,35,17,22,
9.91172,15,18,18,25,
9.9131,-2,21,7,28,
9.91453,-14,5,14,16,
9.91586,-20,20,13,19,
9.91713,8,29,17,16,
9.91856,8,29,17,16,
9.91989,42,46,28,27,
9.92125,38,47,39,27,
9.92264,37,57,40,34,
9.92399,35,54,40,38,
9.9253,18,35,24,29,
9.92663,4,22,18,20,
9.92801,4,22,18,20,
9.92933,-5,25,23,21,
9.93061,-10,14,22,17,
9.93196,-8,1,19,17,
9.93327,1,14,15,19,
9.93464,5,26,28,17,
9.936,13,37,37,11,
9.93731,13,37,37,11,
9.93871,39,42,26,26,
9.94009,39,47,26,22,
9.94141,25,49,21,19,
9.94277,21,40,23,19,
9.94416,12,31,17,9,
9.94548,12,31,17,9,
9.94684,-5,12,24,13,
9.94822,-17,8,19,14,
9.94953,-20,5,15,20,
9.95095,-8,13,22,16,
9.95232,7,23,25,22,
9.95363,28,35,24,35,
9.95495,28,35,24,35,
9.95628,48,45,40,29,
9.95764,52,43,39,36,
9.95909,46,35,24,31,
9.96044,19,23,36,25,
9.96179,19,23,36,25,
9.96315,19,23,36,25,
9.9645,19,29,21,13,
9.9658,2,23,18,15,
9.96713,0,1,14,21,
9.96849,-7,-1,15,27,
9.96984,3,8,17,23,
9.9712,30,25,19,18,
9.97255,40,27,33,32,
9.97388,56,50,30,26,
9.97523,40,43,36,25,
9.97658,24,30,32,30,
9.97798,14,31,23,30,
9.97937,14,31,23,30,
9.98072,17,20,22,28,
9.98206,13,16,19,18,
9.98341,-7,4,25,6,
9.98477,-6,8,17,8,
9.98611,6,4,6,10,
9.98747,28,9,8,18,
9.98885,42,25,26,26,
9.9902,37,25,33,29,
9.99153,43,33,38,30,
9.99288,51,47,44,28,
9.99424,51,47,44,28,
9.99562,51,47,44,28,
9.99699,15,18,26,25,
9.99839,9,8,19,24,
9.99976,6,3,19,19,
10.0011,-7,-1,13,19,
10.0025,1,4,16,17,
10.0039,1,4,16,17,
10.0053,27,17,11,25,
10.0066,32,33,28,20,
10.008,42,47,29,22,
10.0093,53,54,30,37,
10.0106,32,49,37,29,
10.012,32,49,37,29,
10.0132,36,30,32,32,
10.0146,5,5,24,28,
10.016,-4,16,22,21,
10.0173,-1,14,22,27,
10.0187,-3,5,17,9,
10.02,-3,5,17,9,
10.0214,3,10,18,8,
10.0228,16,31,22,8,
10.0241,33,40,24,18,
10.0255,42,40,33,21,
10.027,29,37,30,36,
10.0284,35,35,25,36,
10.0297,35,35,25,36,
10.0311,22,21,27,30,
10.0325,2,15,17,26,
10.0339,1,16,20,24,
10.0352,-21,-3,26,20,
10.0366,-24,3,24,19,
10.038,-24,3,24,19,
10.0394,9,31,15,29,
10.0408,39,36,26,25,
10.0422,37,33,35,32,
10.0435,43,47,27,26,
10.0449,30,55,26,29,
10.0462,30,55,26,29,
10.0476,23,37,24,35,
10.049,13,23,28,18,
10.0504,16,15,30,7,
10.0518,7,12,20,8,
10.0531,4,11,17,6,
10.0545,0,1,19,10,
10.0558,0,1,19,10,
10.0571,16,32,23,17,
10.0585,27,43,36,26,
10.0599,41,34,36,29,
10.0612,57,44,29,25,
10.0626,35,41,33,33,
10.0639,35,41,33,33,
10.0654,28,23,24,25,
10.0667,8,19,32,20,
10.0681,8,19,32,20,
10.0694,-6,20,32,23,
10.0708,-22,6,22,26,
10.0722,-22,6,22,26,
10.0735,-18,3,19,19,
10.0749,29,29,25,14,
10.0762,40,31,26,18,
10.0776,45,32,34,22,
10.0789,54,45,45,26,
10.0803,52,43,38,34,
10.0816,33,44,26,34,
10.083,21,39,30,24,
10.0844,11,23,26,31,
10.0857,4,22,14,22,
10.0871,-2,12,5,22,
10.0884,-1,2,19,13,
10.0897,-8,14,13,9,
10.0911,2,18,16,12,
10.0924,19,20,24,23,
10.0938,46,36,23,27,
10.0952,59,54,22,29,
10.0966,59,54,22,29,
10.0979,48,39,30,31,
10.0993,28,30,36,26,
10.1006,18,18,33,21,
10.102,5,15,19,17,
10.1034,8,22,13,13,
10.1047,8,22,13,13,
10.1061,0,-3,11,7,
10.1074,-2,11,15,8,
10.1088,8,16,26,19,
10.1101,36,25,20,32,
10.1115,42,41,13,34,
10.1128,39,55,19,29,
10.1142,41,54,32,25,
10.1155,31,34,19,25,
10.1168,31,34,19,25,
10.1182,21,21,16,20,
10.1195,6,13,22,18,
10.1209,11,17,21,12,
10.1223,-5,23,21,13,
10.1236,-8,13,14,10,
10.125,-1,7,14,5,
10.1263,24,28,25,18,
10.1277,40,40,32,22,
10.1291,50,45,24,19,
10.1305,62,55,19,32,
10.1318,62,55,19,32,
10.1332,27,40,28,23,
10.1346,26,22,16,30,
10.1359,15,17,21,29,
10.1372,17,11,20,19,
10.1386,13,-3,9,13,
10.1399,-9,-12,13,16,
10.1412,-6,-1,15,17,
10.1425,28,-2,20,14,
10.1439,40,18,23,15,
10.1452,40,18,23,15,
10.1466,34,40,25,18,
10.148,39,47,27,30,
10.1493,53,38,25,25,
10.1507,33,29,33,25,
10.1521,16,12,30,28,
10.1534,12,-3,28,25,
10.1547,12,-3,28,25,
10.156,10,3,23,26,
10.1574,0,-1,27,18,
10.1588,-5,4,27,17,
10.1601,33,7,17,20,
10.1614,33,7,17,20,
10.1628,33,7,17,20,
10.1641,41,23,22,33,
10.1655,51,26,45,27,
10.1668,33,29,42,33,
10.1682,21,21,43,40,
10.1695,31,15,40,27,
10.171,18,6,30,21,
10.1723,0,-1,22,18,
10.1737,5,-16,15,10,
10.1751,2,-26,14,16,
10.1764,9,-20,25,17,
10.1778,9,-20,25,17,
10.1791,24,-17,23,16,
10.1805,38,-2,32,26,
10.1818,48,11,26,41,
10.1832,56,0,38,43,
10.1846,37,2,43,40,
10.1859,27,-8,37,39,
10.1872,20,-12,31,37,
10.1886,8,-21,30,25,
10.19,9,-28,26,20,
10.1913,2,-33,16,28,
10.1926,-6,-36,32,21,
10.194,-6,-36,32,21,
10.1953,-6,-36,32,21,
10.1967,35,-35,43,37,
10.198,44,-36,42,45,
10.1994,47,-40,51,52,
10.2007,43,-43,66,42,
10.2022,43,-43,66,42,
10.2037,39,-47,53,36,
10.2051,25,-81,48,47,
10.2064,20,-97,45,47,
10.2078,5,-108,40,48,
10.2091,-3,-124,46,51,
10.2105,3,-136,55,41,
10.2119,3,-136,55,41,
10.2132,27,-147,55,33,
10.2146,44,-130,69,46,
10.2159,53,-136,79,45,
10.2173,66,-124,83,51,
10.2187,52,-143,62,64,
10.2201,52,-143,62,64,
10.2214,48,-157,61,53,
10.2228,12,-207,50,47,
10.2242,12,-207,50,47,
10.2255,13,-220,34,50,
10.2269,6,-272,9,22,
10.2282,7,-283,5,12,
10.2296,7,-283,5,12,
10.2309,32,-264,1,2,
10.2323,21,-250,-3,-2,
10.2336,20,-230,-21,-21,
10.235,-45,-202,-80,-86,
10.2364,-45,-202,-80,-86,
10.2378,-92,-227,-140,-153,
10.2392,-174,-453,-241,-254,
10.2406,-269,-812,-337,-364,
10.2419,-351,-1158,-406,-468,
10.2434,-425,-1409,-451,-548,
10.2448,-479,-1594,-497,-628,
10.2461,-460,-1595,-497,-633,
10.2475,-460,-1595,-497,-633,
10.2489,-416,-1472,-461,-600,
10.2503,-416,-1472,-461,-600,
10.2516,-393,-1381,-425,-566,
10.253,-329,-1206,-369,-505,
10.2542,-308,-1114,-343,-471,
10.2556,-291,-1037,-315,-432,
10.2569,-291,-968,-296,-411,
10.2583,-272,-912,-282,-385,
10.2597,-266,-856,-270,-347,
10.2611,-238,-752,-240,-315,
10.2625,-218,-700,-227,-303,
10.2638,-218,-700,-227,-303,
10.2652,-191,-660,-209,-283,
10.2666,-149,-603,-187,-263,
10.2679,-137,-570,-160,-230,
10.2693,-124,-534,-154,-204,
10.2706,-122,-475,-122,-192,
10.2719,-127,-453,-123,-181,
10.2732,-127,-453,-123,-181,
10.2746,-138,-443,-131,-160,
10.276,-131,-413,-125,-161,
10.2773,-124,-407,-129,-156,
10.2786,-129,-393,-119,-150,
10.28,-120,-389,-112,-150,
10.2813,-120,-389,-112,-150,
10.2827,-108,-369,-104,-147,
10.2841,-75,-324,-86,-128,
10.2855,-64,-303,-81,-113,
10.2868,-62,-282,-73,-102,
10.2882,-67,-277,-64,-102,
10.2895,-69,-283,-68,-100,
10.2909,-69,-283,-68,-100,
10.2923,-80,-276,-67,-92,
10.2937,-80,-276,-67,-92,
10.2951,-84,-260,-68,-96,
10.2964,-82,-255,-76,-100,
10.2978,-66,-252,-74,-96,
10.2991,-66,-252,-74,-96,
10.3005,-49,-230,-67,-83,
10.3019,-35,-183,-50,-74,
10.3033,-16,-171,-49,-64,
10.3046,-20,-172,-39,-65,
10.306,-41,-175,-32,-69,
10.3074,-36,-173,-34,-77,
10.3088,-42,-170,-43,-73,
10.3101,-44,-166,-45,-74,
10.3114,-40,-159,-48,-72,
10.3128,-53,-160,-49,-79,
10.3141,-58,-146,-55,-71,
10.3155,-58,-146,-55,-71,
10.3168,-45,-135,-44,-63,
10.3182,-42,-128,-21,-45,
10.3195,-28,-107,-21,-27,
10.3209,-2,-96,-18,-23,
10.3222,-1,-105,-25,-23,
10.3236,-12,-97,-13,-30,
10.325,-28,-100,-4,-25,
10.3263,-28,-100,-4,-25,
10.3277,-20,-98,-17,-38,
10.329,-30,-103,-17,-32,
10.3304,-39,-107,-26,-33,
10.3317,-39,-107,-26,-33,
10.3331,-43,-92,-21,-35,
10.3345,-37,-83,-19,-20,
10.3358,-12,-71,-6,-10,
10.3371,4,-56,-4,-5,
10.3385,4,-56,-4,-5,
10.3399,7,-56,8,-10,
10.3412,-2,-64,-7,-11,
10.3425,-2,-64,-7,-11,
10.3439,-11,-67,-13,-8,
10.3452,-11,-66,-10,-19,
10.3466,-42,-59,-6,-19,
10.348,-42,-59,-6,-19,
10.3493,-31,-60,-4,-18,
10.3506,-12,-59,7,-11,
10.352,4,-49,3,-6,
10.3533,9,-27,1,-4,
10.3547,17,-13,10,4,
10.3561,23,-19,11,14,
10.3574,8,-25,7,15,
10.3588,8,-25,7,15,
10.3602,7,-22,4,7,
10.3615,-4,-29,7,11,
10.3629,-9,-31,7,4,
10.3643,-14,-34,6,0,
10.3656,-17,-39,4,0,
10.367,-13,-41,0,-2,
10.3683,-16,-26,0,-1,
10.3696,10,-9,7,3,
10.371,24,-13,15,5,
10.3724,24,-13,15,5,
10.3737,27,-3,23,12,
10.3751,17,3,20,16,
10.3764,1,-4,13,9,
10.3777,9,-12,17,5,
10.3791,-9,-5,4,-3,
10.3805,-9,-5,4,-3,
10.3818,-27,-15,9,-4,
10.3832,-10,-14,6,2,
10.3845,8,-2,6,3,
10.3859,11,-5,7,12,
10.3872,24,20,23,13,
10.3885,24,20,23,13,
10.3899,24,20,23,13,
10.3912,32,7,27,15,
10.3927,27,12,28,12,
10.394,21,8,25,26,
10.3954,-3,6,8,24,
10.3967,-9,5,-1,12,
10.398,-9,5,-1,12,
10.3994,-18,4,13,7,
10.4007,5,9,14,0,
10.4021,15,16,24,6,
10.4034,15,16,24,6,
10.4048,24,25,29,19,
10.4061,16,12,23,16,
10.4075,16,12,23,16,
10.4088,26,20,30,25,
10.4101,23,16,23,17,
10.4114,17,16,25,28,
10.4128,5,19,20,25,
10.4141,10,11,16,18,
10.4155,5,8,21,23,
10.4169,-7,2,12,19,
10.4182,-3,4,13,14,
10.4196,-5,14,13,11,
10.421,15,10,15,21,
10.4223,25,18,24,24,
10.4237,33,25,22,20,
10.425,26,29,22,18,
10.4264,23,20,22,19,
10.4278,39,21,13,22,
10.4292,10,14,13,19,
10.4306,9,13,15,22,
10.432,6,10,10,22,
10.4333,6,10,10,22,
10.4347,5,3,20,13,
10.4361,-7,4,19,7,
10.4374,9,4,21,13,
10.4388,25,9,30,17,
10.4402,42,13,36,19,
10.4416,32,23,37,27,
10.443,37,32,32,22,
10.4445,44,25,28,17,
10.4459,23,12,28,20,
10.4474,10,12,21,21,
10.4489,15,9,25,27,
10.4503,15,9,25,27,
10.4517,5,8,5,13,
10.453,0,9,8,5,
10.4544,1,10,8,7,
10.4558,26,32,35,20,
10.4571,32,31,31,24,
10.4585,32,31,31,24,
10.4599,35,30,34,31,
10.4612,32,34,30,34,
10.4625,32,34,30,34,
10.4639,25,29,32,35,
10.4653,5,24,24,23,
10.4666,5,24,24,23,
10.468,3,16,12,16,
10.4693,-2,-10,3,16,
10.4707,0,1,3,20,
10.472,5,11,10,22,
10.4733,14,12,23,27,
10.4748,22,25,22,32,
10.4762,40,32,12,35,
10.4775,32,24,42,27,
10.4789,31,27,39,21,
10.4803,31,27,39,21,
10.4816,29,26,34,19,
10.483,15,29,33,14,
10.4843,10,20,31,16,
10.4857,-1,17,21,21,
10.4871,2,8,10,11,
10.4885,0,5,5,21,
10.4898,10,13,22,20,
10.4912,37,31,24,23,
10.4925,35,37,31,27,
10.4938,25,42,26,30,
10.4952,28,46,32,31,
10.4965,30,32,26,31,
10.4979,30,32,26,31,
10.4992,14,19,25,28,
10.5006,1,15,28,10,
10.5019,5,13,27,8,
10.5033,-4,14,26,17,
10.5047,-19,9,16,15,
10.506,-5,7,7,14,
10.5074,-1,15,20,24,
10.5088,37,32,26,26,
10.5101,33,34,33,24,
10.5115,33,34,33,24,
10.5129,36,26,27,30,
10.5142,36,26,27,30,
10.5156,29,33,27,34,
10.5169,19,21,26,38,
10.5183,0,6,21,17,
10.5196,1,10,15,20,
10.5209,-16,12,10,21,
10.5223,-15,9,8,28,
10.5236,-11,15,9,22,
10.525,8,17,19,22,
10.5264,8,17,19,22,
10.5278,30,28,33,29,
10.5292,26,38,28,35,
10.5306,33,29,30,29,
10.5319,33,29,30,29,
10.5332,35,21,28,26,
10.5347,29,24,30,29,
10.536,7,16,24,20,
10.5373,8,17,26,18,
10.5387,-10,14,18,24,
10.54,-10,14,18,24,
10.5413,-10,4,14,22,
10.5427,15,4,18,16,
10.544,31,23,19,21,
10.5453,34,26,20,31,
10.5467,37,43,33,24,
10.548,37,43,33,24,
10.5493,32,46,28,19,
10.5507,11,25,29,30,
10.552,3,13,22,18,
10.5533,-7,21,31,16,
10.5547,-12,14,10,20,
10.556,-12,14,10,20,
10.5574,-12,14,10,20,
10.5587,3,14,23,16,
10.5601,25,23,23,18,
10.5614,40,23,26,21,
10.5628,31,15,33,31,
10.5642,26,20,34,30,
10.5655,26,20,34,30,
10.5669,27,32,24,25,
10.5683,12,24,15,23,
10.5696,12,24,15,23,
10.571,7,21,16,18,
10.5723,-2,14,10,7,
10.5737,2,9,1,6,
10.575,2,9,1,6,
10.5764,20,17,10,21,
10.5777,22,29,15,31,
10.5791,35,38,26,34,
10.5804,35,27,27,32,
10.5818,15,25,26,28,
10.5831,15,25,26,28,
10.5845,15,25,26,28,
10.5859,20,23,28,25,
10.5872,16,23,21,27,
10.5886,10,22,15,32,
10.5899,-5,-3,24,14,
10.5913,-5,-3,24,14,
10.5927,0,-1,15,7,
10.594,16,22,23,15,
10.5954,35,34,32,20,
10.5968,35,25,29,22,
10.5982,35,20,30,22,
10.5995,42,31,38,22,
10.6008,42,31,38,22,
10.6022,37,36,40,30,
10.6036,18,14,29,23,
10.605,4,5,17,18,
10.6063,-5,14,14,20,
10.6077,-10,21,16,16,
10.609,-4,8,14,15,
10.6104,3,15,14,7,
10.6118,30,30,20,23,
10.6131,30,24,18,24,
10.6145,41,25,31,26,
10.6158,41,25,31,26,
10.6172,50,32,28,37,
10.6186,39,35,25,34,
10.6199,33,26,23,35,
10.6213,13,10,17,22,
10.6226,3,10,21,23,
10.624,3,10,21,23,
10.6255,-7,17,4,16,
10.627,-4,27,6,24,
10.6283,17,25,12,21,
10.6297,25,23,25,26,
10.6311,21,30,35,23,
10.6325,27,31,33,28,
10.6338,38,38,30,28,
10.6352,33,37,16,23,
10.6366,20,28,25,24,
10.6379,10,14,20,20,
10.6393,8,12,21,23,
10.6407,10,13,11,25,
10.642,-10,1,-1,11,
10.6434,-10,1,-1,11,
10.6448,-16,10,3,7,
10.6461,4,7,7,8,
10.6475,15,27,10,12,
10.6488,15,33,25,17,
10.6502,35,40,37,26,
10.6516,41,32,33,20,
10.653,33,22,27,28,
10.6544,20,23,22,24,
10.6558,3,21,17,21,
10.6571,6,16,13,18,
10.6585,-2,7,15,11,
10.6599,-2,7,15,11,
10.6613,-5,-1,13,14,
10.6626,-14,6,10,15,
10.664,27,23,14,20,
10.6653,29,36,23,24,
10.6667,37,33,21,20,
10.6681,42,30,25,32,
10.6694,28,27,30,37,
10.6707,23,35,31,28,
10.6721,18,36,26,30,
10.6734,5,19,26,22,
10.6748,6,14,29,19,
10.6761,-7,13,20,27,
10.6775,-11,0,13,19,
10.6788,-12,-5,7,15,
10.6801,-3,3,7,9,
10.6815,23,27,25,25,
10.6829,37,33,23,23,
10.6842,53,32,22,20,
10.6855,53,32,22,20,
10.6869,44,34,28,31,
10.6883,35,33,21,34,
10.6896,18,16,24,25,
10.691,8,23,19,28,
10.6923,13,23,21,35,
10.6936,-2,10,18,30,
10.695,-9,11,8,29,
10.6964,-13,20,9,16,
10.6977,-1,19,16,11,
10.6991,9,24,16,11,
10.7005,27,30,26,10,
10.7018,41,30,20,13,
10.7032,50,37,22,19,
10.7045,37,38,14,20,
10.7059,11,39,11,22,
10.7072,-3,33,17,19,
10.7085,16,24,8,17,
10.7099,-3,26,14,15,
10.7112,-10,10,19,6,
10.7126,-10,10,19,6,
10.714,-11,-2,11,12,
10.7153,-3,4,7,21,
10.7166,17,5,11,20,
10.718,35,32,22,23,
10.7193,45,43,26,30,
10.7206,53,41,24,27,
10.7219,53,41,24,27,
10.7232,29,35,30,25,
10.7246,6,21,33,22,
10.7259,14,19,23,14,
10.7272,9,18,19,14,
10.7286,3,9,7,19,
10.7299,3,9,7,19,
10.7312,0,6,9,18,
10.7326,10,24,19,21,
10.7339,23,20,31,22,
10.7353,22,33,29,28,
10.7366,23,46,25,33,
10.738,32,46,33,39,
10.7394,25,27,33,29,
10.7407,16,14,34,33,
10.742,9,16,30,32,
10.7434,13,16,19,32,
10.7448,13,16,19,32,
10.7462,8,11,16,23,
10.7476,-8,1,13,12,
10.7489,1,-1,14,10,
10.7503,27,17,34,11,
10.7517,39,30,28,16,
10.753,30,40,26,26,
10.7544,29,39,30,30,
10.7558,38,34,30,32,
10.7571,38,28,36,28,
10.7585,23,21,27,16,
10.7599,23,21,27,16,
10.7612,22,27,16,25,
10.7626,19,18,14,30,
10.764,-6,9,21,27,
10.7654,0,11,13,19,
10.7668,12,13,11,18,
10.7681,34,23,21,28,
10.7695,38,33,24,33,
10.7708,40,28,28,27,
10.7722,47,33,27,23,
10.7735,40,32,34,32,
10.7749,40,32,34,32,
10.7763,35,26,29,28,
10.7776,10,22,24,35,
10.779,-5,22,18,31,
10.7804,4,21,22,20,
10.7817,-8,14,19,19,
10.7831,-8,8,9,15,
10.7845,26,13,31,25,
10.7858,28,27,26,35,
10.7872,28,19,21,35,
10.7885,28,19,21,35,
10.7899,27,33,34,35,
10.7912,35,42,40,31,
10.7926,35,41,31,22,
10.7939,11,28,16,12,
10.7953,12,22,15,17,
10.7967,12,22,15,17,
10.798,2,19,20,20,
10.7994,-3,16,26,16,
10.8007,2,12,27,14,
10.8021,18,29,29,24,
10.8034,34,31,36,27,
10.8047,42,38,43,26,
10.8061,43,43,42,29,
10.8074,35,39,25,32,
10.8088,33,26,22,30,
10.8101,37,24,34,28,
10.8115,13,13,31,18,
10.8128,2,6,29,15,
10.8142,8,9,25,15,
10.8155,9,17,18,13,
10.8169,8,-3,23,17,
10.8182,7,3,24,13,
10.8196,15,18,23,9,
10.821,26,35,26,26,
10.8223,26,35,26,26,
10.8237,37,39,23,31,
10.8251,57,31,33,35,
10.8265,55,21,32,38,
10.828,38,27,38,36,
10.8295,17,20,28,29,
10.8309,16,26,27,27,
10.8323,1,15,17,16,
10.8337,2,19,16,24,
10.8351,13,27,18,29,
10.8364,21,28,24,27,
10.8378,21,28,24,27,
10.8392,35,35,23,30,
10.8406,30,36,22,36,
10.842,58,40,28,38,
10.8434,55,38,33,30,
10.8448,34,34,36,31,
10.8461,13,32,30,36,
10.8475,15,22,30,31,
10.8488,6,27,20,25,
10.8501,-16,7,18,28,
10.8514,-1,10,27,30,
10.8528,-1,10,27,30,
10.8541,16,16,23,24,
10.8555,16,22,36,24,
10.8568,39,20,33,36,
10.8581,41,26,30,38,
10.8594,44,29,29,34,
10.8608,28,32,26,37,
10.8621,20,22,19,30,
10.8635,20,22,19,30,
10.8649,20,20,30,32,
10.8662,23,22,24,30,
10.8676,5,13,18,33,
10.8689,5,6,24,27,
10.8703,10,18,17,24,
10.8716,10,18,17,24,
10.873,40,33,31,39,
10.8743,45,44,27,33,
10.8756,54,34,31,29,
10.8771,60,29,30,28,
10.8785,39,31,30,28,
10.8798,32,28,26,34,
10.8811,14,26,18,37,
10.8824,5,28,23,35,
10.8838,5,28,23,35,
10.8851,-4,24,29,30,
10.8865,0,6,21,23,
10.8878,12,3,16,21,
10.8892,16,12,22,22,
10.8906,19,28,25,34,
10.8919,45,36,38,31,
10.8932,41,33,37,28,
10.8946,41,33,37,28,
10.8959,35,29,36,41,
10.8972,26,25,39,32,
10.8986,7,12,41,30,
10.8999,3,19,41,29,
10.9012,8,12,41,21,
10.9026,8,12,41,21,
10.9039,-3,-2,34,22,
10.9053,5,6,28,23,
10.9066,26,18,33,31,
10.908,39,17,36,39,
10.9093,44,39,47,40,
10.9107,44,39,47,40,
10.912,38,39,40,48,
10.9133,46,24,31,48,
10.9146,22,17,20,25,
10.916,25,16,30,31,
10.9173,25,15,33,25,
10.9187,25,15,33,25,
10.92,-1,5,26,22,
10.9213,5,9,17,23,
10.9227,-2,12,18,17,
10.924,32,22,20,34,
10.9253,32,22,20,34,
10.9267,44,25,28,31,
10.9281,43,24,29,37,
10.9294,45,32,31,47,
10.9308,32,30,23,40,
10.9321,18,29,20,34,
10.9334,6,13,19,34,
10.9348,5,19,24,36,
10.9361,5,11,24,26,
10.9375,4,9,22,19,
10.9388,-3,3,21,24,
10.9402,2,2,26,21,
10.9415,24,10,30,26,
10.9429,37,21,34,29,
10.9443,37,26,34,32,
10.9456,50,34,39,40,
10.947,56,37,21,44,
10.9483,40,28,31,37,
10.9497,40,28,31,37,
10.951,0,22,31,31,
10.9524,-4,17,25,38,
10.9537,-4,17,25,38,
10.9551,-3,14,28,22,
10.9565,-4,2,27,27,
10.9578,-4,2,27,27,
10.9592,5,14,33,30,
10.9606,40,25,32,37,
10.9619,44,39,41,43,
10.9633,44,35,54,44,
10.9646,32,41,29,47,
10.966,32,41,29,47,
10.9674,32,41,29,47,
10.9687,22,21,21,33,
10.9701,20,23,27,26,
10.9715,3,20,30,25,
10.9728,9,24,18,35,
10.9742,22,36,21,31,
10.9755,22,36,21,31,
10.977,42,34,24,28,
10.9783,51,39,26,39,
10.9797,59,39,31,37,
10.9811,55,30,43,33,
10.9824,44,23,39,37,
10.9838,44,23,39,37,
10.9851,31,16,35,48,
10.9865,11,15,35,21,
10.9878,-2,18,23,24,
10.9892,-9,11,22,25,
10.9905,-10,2,26,27,
10.9919,-3,0,20,33,
10.9931,14,17,17,32,
10.9945,38,32,30,40,
10.9959,45,27,37,32,
10.9972,42,22,34,39,
10.9985,42,22,34,39,
10.9999,41,34,34,42,
11.0012,39,41,37,33,
11.0026,13,36,29,35,
11.0039,10,13,31,36,
11.0143,36,31,40,35,
11.0157,33,38,38,36,
11.0171,33,38,38,36,
11.0184,29,37,35,38,
11.0199,20,15,24,34,
11.0212,7,5,23,32,
11.0226,3,12,27,29,
11.024,5,4,18,22,
11.0253,0,3,19,26,
11.0267,4,5,19,31,
11.0281,28,22,23,26,
11.0294,28,22,23,26,
11.0309,26,27,24,30,
11.0322,42,36,23,34,
11.0336,42,36,23,34,
11.0351,33,38,21,35,
11.0365,22,25,17,29,
11.0379,8,8,25,23,
11.0392,10,11,27,22,
11.0406,0,18,21,32,
11.042,0,18,21,32,
11.0434,0,18,21,32,
11.0449,16,19,32,40,
11.0462,33,27,34,46,
11.0476,35,26,30,47,
11.049,41,26,43,54,
11.0504,30,27,47,45,
11.0519,28,22,34,36,
11.0532,25,26,21,34,
11.0546,11,18,24,35,
11.056,11,18,24,35,
11.0573,2,24,18,31,
11.0587,-4,2,24,34,
11.0601,-3,-5,20,25,
11.0615,5,3,26,25,
11.0628,28,22,24,38,
11.0642,32,30,23,38,
11.0655,52,33,26,42,
11.0669,53,36,36,46,
11.0683,53,36,36,46,
11.0696,37,24,44,36,
11.071,22,24,34,38,
11.0723,22,24,34,38,
11.0737,8,26,18,28,
11.075,13,8,27,32,
11.0764,5,10,14,28,
11.0777,5,10,14,28,
11.0791,24,27,25,36,
11.0805,27,28,32,39,
11.0818,34,29,45,43,
11.0832,57,49,47,41,
11.0845,57,49,47,41,
11.0859,40,45,52,41,
11.0873,40,45,52,41,
11.0887,33,27,39,34,
11.0901,21,24,41,41,
11.0915,25,21,37,35,
11.0928,4,24,12,38,
11.0942,4,24,12,38,
11.0955,14,28,20,35,
11.0968,18,24,22,37,
11.0982,39,27,32,53,
11.0996,40,30,33,50,
11.1009,44,38,35,53,
11.1023,44,38,35,53,
11.1037,48,42,35,61,
11.105,28,24,29,45,
11.1064,16,13,30,47,
11.1078,9,9,24,40,
11.1091,11,12,17,35,
11.1106,1,12,22,25,
11.1119,-8,19,20,31,
11.1132,-3,9,26,39,
11.1146,29,11,37,37,
11.116,35,29,41,44,
11.1173,35,29,39,51,
11.1186,35,29,39,51,
11.12,37,38,46,54,
11.1213,37,41,48,49,
11.1226,21,29,32,35,
11.124,1,24,22,30,
11.1253,7,16,24,31,
11.1267,7,16,24,31,
11.128,0,16,27,32,
11.1294,-1,19,29,31,
11.1307,18,19,33,35,
11.1321,28,32,37,33,
11.1334,35,36,40,34,
11.1348,50,26,44,41,
11.1362,61,27,38,50,
11.1376,64,29,35,48,
11.1389,54,38,33,47,
11.1403,38,37,38,44,
11.1416,24,23,27,28,
11.1429,11,11,28,31,
11.1443,-10,7,15,22,
11.1457,-10,7,15,22,
11.147,6,10,12,23,
11.1484,12,11,22,31,
11.1497,24,13,25,38,
11.1511,42,21,42,35,
11.1524,46,29,43,31,
11.1537,46,29,43,31,
11.1551,48,41,42,46,
11.1564,31,30,33,50,
11.1578,30,25,32,45,
11.1591,20,20,29,38,
11.1604,2,24,21,35,
11.1618,2,24,21,35,
11.1631,-2,10,18,26,
11.1645,-10,13,19,24,
11.1658,2,9,24,30,
11.1672,33,21,27,34,
11.1685,35,43,32,37,
11.1699,35,43,32,37,
11.1712,47,36,31,37,
11.1726,56,26,32,34,
11.1739,40,27,41,32,
11.1752,19,26,32,39,
11.1766,19,26,32,39,
11.1779,12,6,16,39,
11.1793,12,6,16,39,
11.1806,-4,0,25,36,
11.182,-1,4,24,27,
11.1833,23,12,26,35,
11.1847,33,27,35,42,
11.186,40,37,32,34,
11.1874,43,42,38,44,
11.1887,49,50,38,52,
11.1901,39,42,41,53,
11.1914,31,23,34,44,
11.1928,25,17,29,36,
11.1941,24,21,21,36,
11.1955,22,24,19,28,
11.1969,13,20,12,24,
11.1982,7,10,19,22,
11.1996,5,6,22,21,
11.2009,25,28,27,31,
11.2023,41,31,34,34,
11.2037,41,31,34,34,
11.2051,49,37,46,45,
11.2064,49,37,46,45,
11.2078,33,39,40,38,
11.2092,18,24,39,44,
11.2105,7,29,35,41,
11.2119,7,29,35,41,
11.2132,16,13,19,34,
11.2145,7,11,17,28,
11.2159,8,4,12,21,
11.2172,16,7,12,26,
11.2186,23,18,16,35,
11.22,32,30,25,38,
11.2213,30,35,22,42,
11.2227,55,35,25,37,
11.2241,49,29,22,29,
11.2255,49,29,22,29,
11.2268,26,32,16,30,
11.2282,9,25,21,31,
11.2296,3,10,23,25,
11.2309,6,17,23,31,
11.2323,1,9,14,31,
11.2336,-4,-6,14,31,
11.235,-1,5,14,26,
11.2363,23,21,26,29,
11.2377,38,29,36,41,
11.2391,46,28,40,42,
11.2405,63,35,41,48,
11.2419,44,32,35,46,
11.2433,37,26,32,35,
11.2446,17,23,24,30,
11.246,26,21,26,34,
11.2473,20,14,28,27,
11.2486,2,23,20,26,
11.25,9,18,21,28,
11.2513,9,18,21,28,
11.2526,9,17,17,32,
11.254,41,40,23,32,
11.2554,40,39,27,43,
11.2567,40,39,27,43,
11.2581,52,38,39,53,
11.2595,40,28,41,44,
11.2608,40,28,41,44,
11.2623,15,23,25,44,
11.2638,1,24,16,37,
11.2651,-2,19,19,24,
11.2665,2,0,22,21,
11.2678,2,0,22,21,
11.2692,11,10,19,20,
11.2705,31,35,22,32,
11.2719,31,35,22,32,
11.2732,50,45,31,41,
11.2746,58,35,34,49,
11.276,49,31,39,48,
11.2773,40,28,36,49,
11.2787,28,20,31,41,
11.2801,4,26,7,31,
11.2814,-1,16,11,29,
11.2828,-1,16,11,29,
11.2841,-10,12,24,14,
11.2855,-7,15,28,13,
11.2869,3,8,18,26,
11.2882,24,17,25,40,
11.2895,24,17,25,40,
11.2908,31,16,27,34,
11.2922,45,25,30,36,
11.2936,41,24,30,31,
11.295,39,26,32,28,
11.2964,29,27,31,24,
11.2977,5,2,28,20,
11.299,5,2,28,20,
11.3004,10,14,14,17,
11.3018,-13,14,6,24,
11.3031,-1,7,17,27,
11.3045,0,6,23,27,
11.3059,14,12,28,37,
11.3072,14,12,28,37,
11.3086,27,25,31,40,
11.31,37,29,28,43,
11.3113,47,39,36,34,
11.3127,35,24,34,35,
11.3141,17,17,27,26,
11.3154,11,16,11,31,
11.3168,11,16,11,31,
11.3182,9,14,7,19,
11.3196,-8,-2,16,12,
11.3209,-8,-2,16,12,
11.3223,-5,-2,14,24,
11.3237,31,27,34,26,
11.325,31,27,34,26,
11.3264,28,40,36,26,
11.3277,46,35,42,23,
11.3292,28,21,34,30,
11.3305,18,21,24,37,
11.3318,5,25,25,29,
11.3331,0,25,19,27,
11.3345,-1,14,20,25,
11.3359,-15,7,21,20,
11.3372,0,6,11,24,
11.3386,0,6,11,24,
11.3399,10,22,7,30,
11.3413,24,22,14,32,
11.3427,27,21,20,29,
11.3441,42,33,33,30,
11.3454,38,28,21,21,
11.3468,32,23,18,31,
11.3481,32,23,18,31,
11.3494,7,13,23,24,
11.3508,3,4,19,27,
11.3521,-4,4,21,27,
11.3534,-8,3,17,23,
11.3547,-9,7,18,25,
11.3561,-9,7,18,25,
11.3574,11,11,20,24,
11.3588,8,20,22,19,
11.3601,35,37,26,31,
11.3614,41,37,20,35,
11.3628,35,24,27,40,
11.3642,25,32,34,30,
11.3655,15,24,25,22,
11.3669,12,7,18,25,
11.3683,10,-1,25,25,
11.3696,-12,3,15,22,
11.371,-12,3,15,22,
11.3723,-1,14,7,15,
11.3737,1,9,11,25,
11.375,16,18,11,27,
11.3764,37,19,19,35,
11.3777,46,31,38,31,
11.3791,44,38,33,40,
11.3804,34,28,36,40,
11.3818,28,22,37,35,
11.3831,23,17,23,32,
11.3845,-1,12,23,36,
11.3858,-11,9,18,29,
11.3872,-8,-2,16,20,
11.3886,-8,-2,16,20,
11.39,-17,-2,8,22,
11.3914,3,9,14,32,
11.3927,17,8,20,32,
11.3942,41,25,23,40,
11.3955,40,43,49,41,
11.3969,40,43,49,41,
11.3983,31,45,39,41,
11.3996,24,23,24,33,
11.401,6,20,22,24,
11.4024,8,15,28,25,
11.4038,-4,18,33,23,
11.4051,-9,10,27,20,
11.4065,-9,10,27,20,
11.4079,6,18,17,23,
11.4092,12,14,20,26,
11.4106,26,27,25,27,
11.4119,38,38,30,30,
11.4133,40,37,26,40,
11.4146,40,41,26,49,
11.416,29,33,39,44,
11.4173,21,18,28,28,
11.4187,21,18,28,28,
11.4201,16,16,30,28,
11.4214,22,21,24,24,
11.4228,8,18,20,26,
11.4241,-5,14,17,27,
11.4255,-14,14,26,20,
11.4269,24,27,19,28,
11.4283,35,32,25,33,
11.4296,50,30,23,38,
11.431,60,44,29,45,
11.4324,55,38,24,41,
11.4337,55,38,24,41,
11.4352,25,34,20,34,
11.4366,22,27,18,28,
11.438,18,23,19,31,
11.4394,5,15,13,33,
11.4408,-2,7,11,29,
11.4423,6,8,19,15,
11.4437,6,8,19,15,
11.4451,10,13,25,17,
11.4465,45,25,33,38,
11.4478,43,21,40,42,
11.4492,28,29,46,37,
11.4505,24,29,45,36,
11.4518,28,26,24,39,
11.4531,13,25,22,38,
11.4545,5,21,31,37,
11.4559,-6,15,29,24,
11.4572,-9,20,15,25,
11.4586,-9,20,15,25,
11.4599,-3,24,17,22,
11.4612,7,25,19,27,
11.4626,22,21,25,26,
11.464,40,33,32,36,
11.4653,55,38,37,46,
11.4666,55,38,37,46,
11.468,47,26,44,39,
11.4693,6,25,25,32,
11.4707,-2,25,24,23,
11.472,1,12,23,27,
11.4734,7,16,22,22,
11.4747,-2,18,21,22,
11.4761,-2,18,21,22,
11.4774,8,20,10,33,
11.4788,28,22,32,35,
11.4802,34,26,31,35,
11.4815,39,39,36,34,
11.4829,47,52,37,35,
11.4842,29,37,31,38,
11.4856,38,29,28,37,
11.4869,25,21,23,32,
11.4883,11,18,16,37,
11.4896,11,18,16,37,
11.491,4,13,16,32,
11.4924,-7,14,6,20,
11.4938,-6,12,5,15,
11.4952,1,12,2,18,
11.4965,28,16,23,26,
11.4979,28,31,37,22,
11.4992,28,31,37,22,
11.5006,42,46,37,37,
11.5019,32,37,33,38,
11.5032,24,41,32,36,
11.5046,12,23,25,20,
11.506,12,23,25,20,
11.5073,1,14,32,26,
11.5087,-3,7,22,30,
11.51,0,12,11,23,
11.5114,12,25,21,25,
11.5128,3,30,19,31,
11.5142,21,33,27,33,
11.5155,44,35,40,39,
11.5169,46,30,39,48,
11.5183,51,47,25,41,
11.5197,39,31,28,42,
11.5211,39,31,28,42,
11.5225,20,30,24,26,
11.5238,6,16,14,23,
11.5252,11,20,22,19,
11.5265,-12,1,13,20,
11.5279,-12,1,13,20,
11.5293,-3,-9,24,28,
11.5306,37,31,28,24,
11.532,37,31,28,24,
11.5334,41,24,36,36,
11.5347,37,19,33,43,
11.5361,43,27,23,36,
11.5375,31,38,22,30,
11.5389,28,25,20,28,
11.5403,2,16,15,35,
11.5416,8,17,17,30,
11.543,3,18,20,23,
11.5444,-2,19,11,19,
11.5457,-2,19,11,19,
11.5471,-4,20,7,24,
11.5485,26,25,26,20,
11.5499,35,39,34,30,
11.5512,47,43,44,34,
11.5526,56,41,49,39,
11.5539,48,40,39,45,
11.5553,31,29,33,39,
11.5567,7,22,15,33,
11.558,-2,20,8,31,
11.5594,-5,14,14,18,
11.5608,3,10,14,10,
11.5621,3,10,14,10,
11.5634,-1,9,22,13,
11.5647,-2,9,24,22,
11.5661,34,26,21,35,
11.5674,36,23,27,26,
11.5688,38,26,40,42,
11.5701,43,35,38,47,
11.5715,32,38,37,31,
11.5728,23,30,34,34,
11.5742,21,23,29,35,
11.5755,9,12,27,32,
11.5769,10,13,23,32,
11.5783,0,8,9,18,
11.5796,0,11,10,15,
11.581,4,11,13,17,
11.5824,15,23,12,18,
11.5837,32,41,26,32,
11.5851,22,44,28,26,
11.5865,22,44,28,26,
11.5878,31,31,22,42,
11.5892,41,29,20,33,
11.5905,26,34,14,23,
11.5919,3,28,16,29,
11.5932,13,19,18,32,
11.5946,13,19,18,32,
11.5959,-2,20,17,33,
11.5973,-4,13,15,8,
11.5986,6,15,20,10,
11.5999,8,17,29,17,
11.6012,33,19,34,23,
11.6026,38,26,26,33,
11.6039,30,28,21,33,
11.6052,32,26,31,35,
11.6066,33,24,30,25,
11.608,33,24,30,25,
11.6093,13,28,31,24,
11.6107,-8,15,27,19,
11.6121,0,5,19,13,
11.6134,-10,9,22,6,
11.6148,-18,6,17,2,
11.6161,5,22,11,8,
11.6175,23,29,23,23,
11.6188,23,29,23,23,
11.6202,48,38,33,38,
11.6216,45,37,27,42,
11.6229,37,24,25,40,
11.6243,23,28,34,31,
11.6256,30,28,34,28,
11.627,30,28,34,28,
11.6284,28,16,22,24,
11.6298,3,7,14,25,
11.6312,3,-2,13,24,
11.6327,17,7,22,14,
11.634,15,12,23,17,
11.6354,15,12,23,17,
11.6368,43,26,33,35,
11.6382,56,26,35,38,
11.6396,56,26,35,38,
11.641,39,36,28,23,
11.6423,17,31,29,24,
11.6439,17,31,29,24,
11.6451,9,16,32,26,
11.6466,3,21,17,23,
11.648,4,18,7,22,
11.6493,5,19,22,24,
11.6507,11,28,19,19,
11.6521,11,28,19,19,
11.6534,39,28,26,27,
11.6548,43,36,35,31,
11.6562,43,36,35,31,
11.6575,45,50,31,40,
11.6588,36,27,26,32,
11.6602,36,27,26,32,
11.6615,30,26,27,32,
11.6629,13,12,24,27,
11.6642,3,18,24,19,
11.6655,-10,0,16,5,
11.6669,-16,4,7,11,
11.6683,7,13,19,13,
11.6696,12,10,25,16,
11.671,25,24,21,24,
11.6724,35,34,30,26,
11.6737,44,45,31,34,
11.6751,35,36,26,38,
11.6764,25,25,27,34,
11.6778,19,26,23,27,
11.6791,7,15,15,28,
11.6804,6,6,19,20,
11.6818,0,7,23,16,
11.6831,0,7,23,16,
11.6845,-8,5,18,12,
11.6858,9,14,12,23,
11.6873,9,14,12,23,
11.6886,31,26,12,36,
11.69,50,34,24,34,
11.6913,50,31,22,39,
11.6927,50,31,22,39,
11.694,32,23,25,33,
11.6954,31,18,15,32,
11.6967,17,19,21,19,
11.6981,12,22,29,21,
11.6995,-5,11,13,18,
11.7008,-4,5,6,8,
11.7022,-2,21,15,0,
11.7035,15,30,23,18,
11.7049,15,30,23,18,
11.7062,27,46,32,19,
11.7076,41,30,25,36,
11.7089,41,30,25,36,
11.7103,30,35,31,26,
11.7116,29,29,26,25,
11.713,10,19,27,17,
11.7143,12,14,30,17,
11.7157,14,10,20,18,
11.717,-3,13,16,14,
11.7184,-3,13,16,14,
11.7197,0,8,11,10,
11.7211,15,10,22,16,
11.7225,29,20,24,28,
11.7239,34,32,22,22,
11.7252,54,29,22,21,
11.7266,54,29,22,21,
11.728,44,29,30,24,
11.7294,14,16,33,13,
11.7308,11,11,21,18,
11.7322,11,11,21,18,
11.7335,-4,11,12,17,
11.7348,-12,9,14,12,
11.7362,-12,9,14,12,
11.7376,-10,4,9,4,
11.7389,22,28,20,12,
11.7403,37,28,15,27,
11.7416,38,40,17,27,
11.743,28,40,20,35,
11.7444,29,32,20,29,
11.7457,24,37,21,26,
11.747,17,35,21,24,
11.7484,5,28,15,29,
11.7497,1,16,11,26,
11.7511,9,17,15,20,
11.7524,0,15,15,8,
11.7538,3,15,16,2,
11.7551,4,9,10,8,
11.7564,35,20,25,28,
11.7578,43,17,33,34,
11.7592,39,19,35,29,
11.7606,39,19,35,29,
11.762,33,34,27,32,
11.7633,33,34,27,32,
11.7647,13,12,24,31,
11.766,-2,17,20,26,
11.7674,-2,17,20,26,
11.7687,5,21,17,19,
11.7701,6,18,11,16,
11.7714,-7,14,13,7,
11.7727,7,13,18,7,
11.774,19,14,22,18,
11.7754,24,19,27,21,
11.7767,38,21,31,31,
11.7781,39,30,38,34,
11.7795,35,32,29,33,
11.7809,11,12,21,23,
11.7822,11,12,21,23,
11.7836,8,13,13,11,
11.785,12,11,21,10,
11.7863,2,19,14,5,
11.7877,-16,12,12,3,
11.789,-10,11,22,0,
11.7903,2,20,19,4,
11.7917,27,26,27,18,
11.793,31,39,38,21,
11.7944,48,32,40,24,
11.7957,48,32,40,24,
11.7971,27,24,27,25,
11.7985,16,25,18,18,
11.7998,10,29,13,13,
11.8012,11,23,21,16,
11.8026,1,14,24,17,
11.804,-15,3,14,20,
11.8053,3,4,7,2,
11.8068,16,10,15,11,
11.8081,29,14,25,31,
11.8095,35,30,30,36,
11.8108,35,30,30,36,
11.8122,41,35,33,32,
11.8136,45,41,34,33,
11.8149,28,27,26,32,
11.8163,17,22,30,23,
11.8176,17,22,30,23,
11.819,0,12,17,29,
11.8203,-4,16,13,22,
11.8216,-2,7,5,6,
11.823,-1,20,18,16,
11.8244,-1,20,18,16,
11.8257,8,33,21,17,
11.8271,27,38,28,23,
11.8285,40,33,29,34,
11.8298,52,25,36,30,
11.8312,54,29,39,27,
11.8326,36,32,38,25,
11.834,27,25,27,30,
11.8354,26,15,30,26,
11.8368,8,20,35,21,
11.8382,-2,14,20,16,
11.8396,-7,12,11,29,
11.8409,-10,10,20,27,
11.8423,5,22,30,25,
11.8438,5,22,30,25,
11.8451,50,28,25,36,
11.8466,64,40,33,47,
11.848,63,41,33,50,
11.8493,57,31,28,52,
11.8507,49,25,32,42,
11.8522,11,18,32,33,
11.8535,1,21,30,30,
11.8549,3,20,28,36,
11.8563,6,-1,27,29,
11.8576,4,0,25,36,
11.859,4,0,25,36,
11.8603,23,11,18,32,
11.8617,41,39,21,42,
11.8631,48,49,32,51,
11.8644,57,52,41,54,
11.8658,42,47,43,56,
11.8672,42,47,43,56,
11.8685,29,31,37,47,
11.8698,13,25,32,38,
11.8712,5,27,40,50,
11.8725,5,27,40,50,
11.8739,14,20,37,44,
11.8753,21,23,21,37,
11.8767,21,23,21,37,
11.878,37,26,25,52,
11.8793,54,43,51,58,
11.8807,54,51,55,60,
11.882,59,50,66,64,
11.8834,58,41,59,78,
11.8848,50,37,61,92,
11.8861,41,42,45,90,
11.8875,30,39,40,77,
11.8889,26,43,43,70,
11.8903,27,39,40,79,
11.8917,13,19,28,84,
11.893,28,16,25,87,
11.8944,34,26,43,87,
11.8957,41,36,56,83,
11.8971,70,49,56,112,
11.8985,74,57,58,114,
11.8999,81,54,60,120,
11.9012,88,55,75,127,
11.9026,88,55,75,127,
11.9039,86,47,73,130,
11.9053,55,48,58,124,
11.9067,51,47,54,126,
11.908,35,46,55,119,
11.9093,39,48,61,124,
11.9108,61,53,67,126,
11.9121,82,67,67,134,
11.9134,95,70,81,141,
11.9148,111,85,106,161,
11.9161,111,85,106,161,
11.9174,116,89,110,189,
11.9187,122,82,105,202,
11.92,114,78,101,215,
11.9214,109,83,107,218,
11.9227,109,83,107,218,
11.924,114,77,112,237,
11.9254,111,75,110,244,
11.9267,116,78,119,252,
11.928,119,87,120,276,
11.9294,175,109,139,333,
11.9308,215,134,161,364,
11.9321,215,134,161,364,
11.9334,256,171,212,451,
11.9348,280,181,235,516,
11.9361,307,197,256,578,
11.9375,358,244,315,753,
11.9389,358,244,315,753,
11.9402,358,244,315,753,
11.9416,517,321,442,1248,
11.9429,584,386,648,1993,
11.9442,798,594,931,2191,
11.9456,751,616,803,1621,
11.947,584,517,619,1183,
11.9483,454,410,483,927,
11.9496,372,326,374,759,
11.951,336,271,303,614,
11.9523,272,209,215,396,
11.9537,221,184,184,319,
11.9551,221,184,184,319,
11.9565,177,137,154,262,
11.9578,139,127,123,194,
11.9592,121,113,112,141,
11.9606,95,70,93,69,
11.9619,80,68,93,49,
11.9632,84,67,91,41,
11.9646,109,75,87,58,
11.9659,109,75,87,58,
11.9673,109,75,87,58,
11.9687,104,68,81,67,
11.97,105,63,91,81,
11.9714,91,62,90,85,
11.9727,78,60,82,77,
11.974,68,53,66,65,
11.9754,62,54,57,61,
11.9767,64,45,54,66,
11.9781,37,30,39,53,
11.9794,23,35,29,43,
11.9808,49,35,41,44,
11.9822,49,35,41,44,
11.9836,78,42,50,59,
11.985,89,49,52,62,
11.9863,84,60,62,77,
11.9877,78,60,59,75,
11.9891,59,49,55,77,
11.9904,59,49,55,77,
11.9918,30,32,43,61,
11.9931,23,28,28,45,
11.9945,24,26,24,37,
11.9959,12,22,27,31,
11.9972,24,32,38,39,
11.9985,24,32,38,39,
11.9999,40,43,52,46,
12.0012,59,47,63,56,
12.0026,80,39,59,66,
12.0039,92,36,53,72,
12.0052,64,46,43,76,
12.0067,47,38,38,75,
12.008,47,38,38,75,
12.0094,28,32,31,56,
12.0107,17,35,28,45,
12.0121,19,30,29,35,
12.0134,8,30,30,36,
12.0148,18,32,39,39,
12.0161,31,34,35,46,
12.0175,47,45,36,60,
12.0189,60,55,44,64,
12.0202,69,49,54,71,
12.0215,57,40,55,76,
12.0228,59,49,56,72,
12.0242,59,49,56,72,
12.0255,34,48,57,54,
12.0269,19,39,47,44,
12.0283,19,19,46,50,
12.0296,-1,15,33,45,
12.031,-4,13,27,41,
12.0324,30,24,40,35,
12.0338,34,38,35,55,
12.0351,34,38,35,55,
12.0365,45,41,45,73,
12.0378,53,48,44,85,
12.0391,53,48,44,85,
12.0405,56,37,51,73,
12.0419,48,25,50,67,
12.0432,20,30,43,51,
12.0446,20,30,43,51,
12.046,17,22,38,43,
12.0474,3,15,33,46,
12.0487,9,18,21,42,
12.0501,28,29,32,44,
12.0515,45,41,42,44,
12.0529,45,41,42,44,
12.0542,45,41,41,54,
12.0556,55,49,41,61,
12.057,64,43,46,65,
12.0583,45,34,47,64,
12.0597,19,41,44,60,
12.061,23,34,36,55,
12.0624,16,29,23,44,
12.0638,10,14,28,38,
12.0651,-8,8,28,41,
12.0665,19,17,33,31,
12.0679,19,17,33,31,
12.0692,34,30,45,49,
12.0706,34,30,45,49,
12.072,57,42,48,53,
12.0733,67,47,52,64,
12.0747,64,44,48,63,
12.0761,51,39,40,61,
12.0774,33,38,31,50,
12.0788,30,32,23,39,
12.0801,2,17,14,35,
12.0815,6,3,23,36,
12.0829,1,15,17,39,
12.0842,14,24,24,32,
12.0855,14,24,24,32,
12.0869,31,27,30,37,
12.0882,43,39,29,40,
12.0896,55,44,41,55,
12.0909,45,35,47,60,
12.0923,40,35,34,62,
12.0936,39,39,35,59,
12.095,33,38,42,48,
12.0964,23,20,32,47,
12.0978,-6,15,22,26,
12.0991,-1,12,17,31,
12.1005,-1,12,17,31,
12.1019,14,9,17,36,
12.1032,23,13,21,39,
12.1046,43,30,32,51,
12.1059,46,28,37,48,
12.1074,56,38,50,58,
12.1088,58,38,48,62,
12.1101,58,38,48,62,
12.1115,44,39,34,57,
12.1129,20,26,24,52,
12.1143,13,21,30,41,
12.1156,-11,3,27,29,
12.117,-11,3,27,29,
12.1184,-11,3,27,29,
12.1198,5,23,24,35,
12.1212,37,32,28,40,
12.1225,43,31,40,47,
12.1239,52,36,35,44,
12.1252,49,44,39,36,
12.1265,49,44,39,36,
12.1278,41,42,43,35,
12.1291,25,27,25,40,
12.1305,16,20,25,40,
12.1319,13,23,25,28,
12.1332,-1,15,24,21,
12.1345,-1,15,24,21,
12.1358,-1,12,16,19,
12.1372,9,13,15,27,
12.1386,44,46,33,37,
12.1399,46,41,29,42,
12.1413,51,47,36,40,
12.1426,63,43,40,48,
12.144,57,33,43,53,
12.1453,42,31,33,56,
12.1467,29,35,30,46,
12.148,19,31,26,29,
12.1494,10,31,26,27,
12.1507,9,20,18,20,
12.152,8,4,21,18,
12.1533,2,-2,33,18,
12.1546,12,8,37,22,
12.1559,31,19,38,27,
12.1573,37,38,47,40,
12.1586,55,44,38,42,
12.16,55,44,38,42,
12.1613,40,36,46,32,
12.1627,40,36,46,32,
12.1641,38,31,48,33,
12.1654,11,25,44,32,
12.1667,-2,20,29,31,
12.1681,-17,15,26,20,
12.1694,-17,15,26,20,
12.1708,-2,12,23,24,
12.1721,18,8,27,29,
12.1734,49,16,25,30,
12.1747,58,30,36,36,
12.1761,67,37,41,48,
12.1774,67,37,41,48,
12.1787,64,40,46,50,
12.1801,33,50,54,41,
12.1814,23,30,38,36,
12.1828,10,21,27,34,
12.1842,8,15,18,25,
12.1856,8,15,18,25,
12.187,11,10,14,17,
12.1883,15,13,15,23,
12.1896,23,18,23,33,
12.1911,23,18,23,33,
12.1924,39,30,31,38,
12.1938,67,40,44,52,
12.1951,67,40,44,52,
12.1964,56,38,45,49,
12.1977,21,35,43,40,
12.1991,22,17,37,32,
12.2005,14,15,29,23,
12.2019,-3,14,29,24,
12.2032,-11,4,24,24,
12.2045,0,16,11,21,
12.2059,0,16,11,21,
12.2072,26,32,24,26,
12.2085,39,34,39,37,
12.2098,31,34,45,33,
12.2112,45,44,45,48,
12.2126,56,38,49,54,
12.2139,54,38,46,53,
12.2153,19,29,31,33,
12.2167,11,21,25,22,
12.218,0,13,16,21,
12.2194,0,13,16,21,
12.2208,-7,17,17,24,
12.2222,-5,22,23,23,
12.2235,-6,12,19,24,
12.2249,21,25,17,33,
12.2263,27,40,23,45,
12.2277,27,40,23,45,
12.229,48,48,44,49,
12.2304,39,37,52,44,
12.2318,33,36,53,40,
12.2331,15,21,31,37,
12.2346,15,21,31,37,
12.236,12,28,33,34,
12.2373,-7,18,35,20,
12.2387,-8,2,27,24,
12.2401,-1,4,21,23,
12.2414,32,27,23,40,
12.2427,43,34,25,45,
12.2441,47,35,27,49,
12.2454,47,35,27,49,
12.2468,53,45,38,58,
12.2481,41,44,33,64,
12.2494,37,33,29,60,
12.2508,12,24,20,37,
12.2522,12,24,20,37,
12.2535,12,24,20,37,
12.2549,7,17,26,27,
12.2562,-4,7,29,23,
12.2575,-9,15,24,17,
12.2588,7,20,13,31,
12.2602,32,34,19,46,
12.2615,42,40,35,52,
12.2629,54,47,40,49,
12.2642,55,49,48,48,
12.2655,32,46,37,48,
12.2669,26,34,39,46,
12.2683,26,34,39,46,
12.2696,20,25,37,31,
12.271,8,16,32,23,
12.2724,-2,1,32,30,
12.2737,3,7,23,31,
12.275,15,24,18,23,
12.2763,36,32,29,31,
12.2776,36,32,29,31,
12.279,43,35,26,49,
12.2803,63,41,33,61,
12.2817,60,41,47,58,
12.283,39,44,46,59,
12.2843,19,27,32,55,
12.2856,11,16,22,40,
12.287,11,16,22,40,
12.2884,-1,14,30,29,
12.2897,-15,18,33,18,
12.291,-8,20,27,30,
12.2923,4,30,19,24,
12.2936,20,38,28,24,
12.2949,20,38,28,24,
12.2963,25,39,36,26,
12.2977,36,39,42,39,
12.2992,43,35,46,46,
12.3006,42,30,44,52,
12.3019,19,29,44,49,
12.3033,19,29,44,49,
12.3046,16,25,27,49,
12.306,6,21,21,31,
12.3073,-4,20,20,18,
12.3087,-8,6,31,19,
12.31,10,10,28,38,
12.3114,10,10,28,38,
12.3128,10,10,28,38,
12.3141,34,29,40,45,
12.3155,42,30,52,59,
12.3169,46,29,54,62,
12.3182,36,32,49,60,
12.3196,25,37,50,61,
12.321,9,21,35,55,
12.3223,-2,21,28,36,
12.3237,-7,22,20,29,
12.325,-7,22,20,29,
12.3264,-7,25,14,26,
12.3278,9,21,23,26,
12.3291,44,24,26,45,
12.3304,44,24,26,45,
12.3318,27,21,26,53,
12.3331,53,40,39,48,
12.3344,35,32,47,44,
12.3357,27,27,45,38,
12.337,15,24,32,32,
12.3383,5,21,26,38,
12.3397,8,18,26,34,
12.3411,-11,7,27,32,
12.3425,-8,10,20,19,
12.3439,-3,10,11,15,
12.3452,11,9,17,28,
12.3466,36,25,27,34,
12.348,35,37,38,35,
12.3493,41,41,38,36,
12.3507,41,34,33,46,
12.3521,40,36,37,50,
12.3534,21,34,25,53,
12.3547,21,34,25,53,
12.3561,12,26,18,42,
12.3574,3,23,14,27,
12.3587,-15,18,16,26,
12.3601,-11,5,15,10,
12.3614,-1,18,19,15,
12.3627,15,24,20,28,
12.3641,46,32,24,34,
12.3654,38,37,21,42,
12.3668,45,44,32,45,
12.3681,45,47,36,44,
12.3694,34,35,30,40,
12.3708,23,38,30,40,
12.3722,25,19,28,43,
12.3735,25,19,28,43,
12.3748,12,21,24,36,
12.3761,-3,14,20,28,
12.3775,-11,12,17,25,
12.3789,13,27,30,16,
12.3802,13,27,30,16,
12.3815,37,35,31,26,
12.3828,57,29,43,52,
12.3842,67,36,41,55,
12.3855,67,36,41,55,
12.3869,56,31,43,55,
12.3882,24,25,38,31,
12.3896,24,25,38,31,
12.3909,7,24,34,29,
12.3923,-8,11,22,33,
12.3937,-8,10,21,26,
12.395,-15,15,25,23,
12.3964,5,28,22,30,
12.3977,23,37,25,27,
12.3991,34,40,23,36,
12.4004,34,40,23,36,
12.4018,58,44,28,48,
12.4032,54,31,29,54,
12.4046,43,33,34,50,
12.4059,25,23,33,39,
12.4073,27,22,22,31,
12.4086,8,12,13,27,
12.41,-6,7,18,14,
12.4113,0,7,13,15,
12.4127,10,9,16,22,
12.4141,23,18,18,26,
12.4154,23,18,18,26,
12.4168,36,27,29,41,
12.4181,52,41,28,35,
12.4196,39,34,42,35,
12.4209,41,34,31,44,
12.4223,42,33,24,41,
12.4237,38,21,19,34,
12.425,19,13,27,29,
12.4265,10,21,29,19,
12.4279,-14,10,4,9,
12.4293,-14,10,4,9,
12.4308,-3,8,9,14,
12.4321,-3,8,9,14,
12.4334,28,16,11,23,
12.4348,34,31,19,29,
12.4361,41,44,27,36,
12.4374,45,44,31,39,
12.4388,35,39,31,46,
12.4402,17,30,28,41,
12.4415,13,24,31,28,
12.4429,13,24,31,28,
12.4442,17,26,28,29,
12.4455,-14,12,21,19,
12.4469,-11,14,16,19,
12.4483,-13,15,8,18,
12.4496,39,30,29,34,
12.4509,39,30,29,34,
12.4523,46,42,24,42,
12.4536,60,43,25,46,
12.455,60,43,25,46,
12.4564,49,33,29,48,
12.4577,37,32,29,50,
12.4591,13,35,31,40,
12.4604,12,33,29,24,
12.4618,8,17,23,26,
12.4631,-2,7,18,23,
12.4645,6,5,17,29,
12.4658,5,16,17,26,
12.4672,17,33,22,32,
12.4686,25,27,29,36,
12.4699,30,22,33,41,
12.4713,54,35,37,36,
12.4726,57,36,41,36,
12.4739,53,32,46,38,
12.4753,53,32,46,38,
12.4766,27,32,43,42,
12.478,21,37,24,34,
12.4794,4,30,11,28,
12.4807,5,8,20,16,
12.4821,5,8,20,16,
12.4834,1,17,16,23,
12.4847,19,24,9,30,
12.4861,43,22,32,37,
12.4874,45,30,31,45,
12.4888,45,33,40,40,
12.4901,42,28,47,31,
12.4914,42,28,47,31,
12.4928,41,37,44,34,
12.4941,21,33,32,39,
12.4954,7,17,28,24,
12.4968,-5,17,26,15,
12.4981,-5,17,26,15,
12.4994,3,9,26,8,
12.5008,21,9,34,15,
12.5021,44,12,43,22,
12.5035,43,19,31,28,
12.5049,57,31,42,38,
12.5062,57,31,42,38,
12.5076,57,31,42,38,
12.509,30,35,45,31,
12.5103,19,27,32,37,
12.5117,12,15,21,33,
12.513,-6,18,19,23,
12.5144,-6,18,19,23,
12.5158,-3,15,8,20,
12.5172,0,9,17,15,
12.5186,2,14,30,18,
12.5199,25,33,35,22,
12.5213,37,33,33,31,
12.5226,50,41,38,42,
12.5239,58,46,37,41,
12.5252,58,38,37,41,
12.5266,36,33,38,35,
12.528,13,32,37,30,
12.5293,13,32,37,30,
12.5306,-1,22,25,29,
12.532,-12,10,13,20,
12.5333,0,10,8,9,
12.5347,-12,7,15,15,
12.536,27,12,36,25,
12.5373,27,12,36,25,
12.5386,43,25,40,34,
12.5399,50,31,41,38,
12.5413,38,32,46,36,
12.5426,38,32,46,36,
12.544,36,38,46,43,
12.5453,28,32,48,38,
12.5466,14,24,32,24,
12.548,16,22,24,17,
12.5493,11,7,16,15,
12.5506,-3,-4,15,13,
12.552,-3,-5,14,14,
12.5533,-3,-5,14,14,
12.5546,42,30,30,33,
12.556,43,36,39,40,
12.5573,53,41,31,41,
12.5586,53,41,31,41,
12.56,49,29,37,36,
12.5613,32,32,33,31,
12.5627,32,32,33,31,
12.564,10,28,29,29,
12.5653,7,25,29,28,
12.5667,-7,12,18,18,
12.5681,-10,11,22,17,
12.5694,0,20,25,17,
12.5707,16,15,20,16,
12.572,29,17,27,28,
12.5733,39,29,31,39,
12.5747,50,45,33,38,
12.576,56,42,35,38,
12.5774,45,31,45,38,
12.5788,24,32,44,37,
12.5801,26,21,35,41,
12.5815,21,17,29,36,
12.5828,12,19,14,17,
12.5842,-7,5,10,17,
12.5855,3,3,22,16,
12.5869,12,19,22,10,
12.5882,12,19,22,10,
12.5895,19,25,18,15,
12.5909,31,27,22,23,
12.5923,50,31,27,30,
12.5936,46,39,33,43,
12.595,38,39,35,41,
12.5963,32,21,24,28,
12.5976,19,28,31,20,
12.599,14,32,25,25,
12.6004,3,13,22,30,
12.6018,-7,10,18,15,
12.6032,-7,10,18,15,
12.6045,-14,14,19,4,
12.6059,7,12,28,12,
12.6072,31,28,25,22,
12.6085,40,33,32,25,
12.6098,54,41,45,38,
12.6112,41,37,45,40,
12.6125,41,37,45,40,
12.6139,21,39,18,31,
12.6152,4,30,19,20,
12.6165,5,12,16,16,
12.6179,-5,4,11,22,
12.6192,-9,7,8,15,
12.6205,-7,11,17,12,
12.6219,-7,11,17,12,
12.6232,17,24,24,25,
12.6246,30,31,32,35,
12.626,35,26,36,38,
12.6273,40,50,34,34,
12.6286,40,47,32,32,
12.63,39,39,38,43,
12.6314,24,35,32,42,
12.6327,10,17,20,26,
12.6341,3,19,9,17,
12.6356,3,19,9,17,
12.637,4,7,17,2,
12.6383,-10,11,22,7,
12.6398,3,15,22,17,
12.6411,25,33,33,27,
12.6427,32,31,26,24,
12.6441,44,47,43,36,
12.6455,44,47,43,36,
12.6469,50,38,31,45,
12.6483,42,22,30,39,
12.6498,23,23,33,32,
12.6511,18,21,31,29,
12.6525,6,25,34,24,
12.6539,-8,17,27,17,
12.6554,2,19,11,14,
12.6568,7,27,17,13,
12.6581,28,19,29,32,
12.6595,28,19,29,32,
12.6609,41,44,36,28,
12.6622,48,40,37,33,
12.6635,38,33,29,43,
12.6649,32,35,30,40,
12.6662,31,21,27,39,
12.6676,20,28,22,29,
12.669,8,11,20,33,
12.6703,-10,5,22,19,
12.6717,-10,6,26,11,
12.673,-7,-3,28,3,
12.6743,-7,-3,28,3,
12.6757,8,7,34,12,
12.677,36,32,37,30,
12.6784,44,33,28,31,
12.6798,61,35,36,35,
12.6812,54,26,45,36,
12.6825,54,26,45,36,
12.6838,21,30,23,29,
12.6851,15,26,18,31,
12.6865,0,16,27,37,
12.6879,-1,8,30,26,
12.6892,3,9,28,23,
12.6905,-5,5,15,20,
12.6919,-5,5,15,20,
12.6932,24,18,28,26,
12.6945,37,17,36,27,
12.6959,41,24,40,30,
12.6973,47,38,38,35,
12.6986,34,31,28,39,
12.7,34,31,28,39,
12.7013,21,36,24,38,
12.7026,16,29,11,28,
12.704,7,26,15,30,
12.7053,2,17,16,22,
12.7066,-20,16,19,4,
12.708,-20,16,19,4,
12.7093,2,14,18,5,
12.7106,37,22,35,20,
12.712,32,25,41,35,
12.7133,49,34,44,41,
12.7147,45,35,45,41,
12.716,32,38,39,38,
12.7173,37,41,38,35,
12.7187,37,41,38,35,
12.72,2,25,14,35,
12.7214,10,26,17,34,
12.7227,-4,14,20,19,
12.7241,-7,8,13,18,
12.7255,-5,3,14,27,
12.7268,17,6,24,21,
12.7281,36,29,28,22,
12.7295,37,35,28,27,
12.7308,38,42,29,25,
12.7322,38,42,29,25,
12.7335,48,40,38,23,
12.7349,42,45,27,25,
12.7362,42,45,27,25,
12.7376,28,32,24,31,
12.7389,7,16,23,14,
12.7403,7,16,23,14,
12.7416,-7,13,23,11,
12.743,3,11,21,18,
12.7443,28,24,25,27,
12.7456,44,37,24,31,
12.747,42,34,19,36,
12.7483,47,33,28,37,
12.7497,49,44,36,42,
12.7511,48,43,30,46,
12.7524,29,31,26,37,
12.7538,17,16,23,27,
12.7551,21,24,26,24,
12.7565,7,14,15,10,
12.7579,7,14,15,10,
12.7593,-2,19,12,9,
12.7606,12,20,17,11,
12.762,35,39,26,29,
12.7634,43,42,36,28,
12.7647,48,40,34,37,
12.7661,48,40,34,37,
12.7674,59,40,30,45,
12.7687,59,39,32,39,
12.7701,19,32,31,29,
12.7714,13,33,23,19,
12.7728,1,25,14,26,
12.7741,-14,12,23,22,
12.7755,-20,10,25,12,
12.7769,-18,10,28,12,
12.7782,-5,9,22,21,
12.7796,43,28,36,34,
12.781,39,35,33,40,
12.7824,39,35,33,40,
12.7837,42,30,29,41,
12.7851,38,32,28,40,
12.7864,42,32,27,27,
12.7878,18,13,32,18,
12.7892,0,2,24,14,
12.7906,0,2,24,14,
12.7919,-16,11,9,11,
12.7932,-8,0,18,8,
12.7946,-1,0,13,9,
12.796,9,15,12,16,
12.7973,28,28,21,30,
12.7987,34,42,24,39,
12.8,34,42,24,39,
12.8013,52,38,32,47,
12.8027,48,32,33,44,
12.804,49,27,28,44,
12.8053,2,18,36,36,
12.8067,2,18,36,36,
12.8081,12,12,29,32,
12.8094,-2,8,26,24,
12.8108,5,10,22,13,
12.8121,11,19,14,24,
12.8134,11,19,14,24,
12.8148,28,29,21,21,
12.8162,33,32,41,23,
12.8175,36,37,46,22,
12.8189,42,33,26,29,
12.8202,32,39,19,34,
12.8216,20,43,16,28,
12.8229,20,43,16,28,
12.8243,4,22,24,22,
12.8256,-4,7,23,14,
12.827,0,2,10,5,
12.8284,9,14,8,14,
12.8297,9,14,8,14,
12.8311,13,13,11,22,
12.8325,20,28,28,28,
12.8338,33,36,29,32,
12.8352,44,40,38,36,
12.8366,38,47,45,46,
12.8379,25,28,30,43,
12.8392,25,28,30,43,
12.8406,27,28,31,28,
12.8419,-3,16,25,19,
12.8433,-11,-1,11,16,
12.8447,-19,-9,2,14,
12.846,0,1,6,13,
12.8473,13,5,15,16,
12.8487,13,5,15,16,
12.85,28,20,23,26,
12.8513,36,30,17,25,
12.8526,58,36,22,37,
12.8539,51,38,29,43,
12.8552,32,43,28,40,
12.8566,24,34,26,32,
12.858,13,20,36,31,
12.8593,5,8,25,32,
12.8607,1,21,22,24,
12.862,-2,10,19,12,
12.8634,4,8,20,7,
12.8648,7,13,15,15,
12.8661,11,20,26,23,
12.8675,35,27,37,32,
12.8688,32,23,40,39,
12.8702,42,43,41,40,
12.8716,42,44,32,36,
12.8729,42,44,32,36,
12.8743,10,29,23,30,
12.8756,10,29,23,30,
12.877,11,16,26,19,
12.8784,8,0,9,11,
12.8797,8,7,12,4,
12.881,8,7,12,4,
12.8823,15,14,19,8,
12.8837,35,22,23,25,
12.8851,36,33,34,26,
12.8865,31,37,39,38,
12.8878,33,43,35,40,
12.8892,42,35,33,40,
12.8905,42,29,42,42,
12.8919,32,28,33,35,
12.8932,9,28,23,31,
12.8946,2,18,26,31,
12.8959,-3,3,10,10,
12.8973,9,-2,16,12,
12.8987,9,-2,16,12,
12.9,13,10,11,18,
12.9014,25,38,21,25,
12.9027,28,34,32,38,
12.9041,37,37,39,42,
12.9054,41,37,36,36,
12.9068,41,37,36,36,
12.9081,44,26,30,41,
12.9094,31,35,23,27,
12.9108,12,23,24,25,
12.9122,0,17,22,21,
12.9135,-20,7,24,10,
12.9148,-17,12,15,7,
12.9162,-5,16,11,5,
12.9176,5,18,23,9,
12.9189,35,32,24,22,
12.9203,35,32,24,22,
12.9216,36,35,34,30,
12.923,43,48,35,44,
12.9243,43,48,35,44,
12.9257,33,36,35,39,
12.9271,17,27,24,27,
12.9285,4,26,20,32,
12.9298,-5,15,21,27,
12.9312,-14,1,7,19,
12.9325,-18,1,18,10,
12.9339,-5,18,26,7,
12.9352,-5,18,26,7,
12.9366,38,29,23,28,
12.938,36,35,33,35,
12.9394,42,38,35,35,
12.9407,46,28,36,34,
12.9421,46,27,39,27,
12.9434,32,26,32,21,
12.9448,9,23,23,19,
12.9461,-2,26,23,13,
12.9476,-21,23,21,12,
12.9489,-21,23,21,12,
12.9503,-12,16,5,9,
12.9517,-12,16,5,9,
12.953,2,22,20,9,
12.9544,25,26,38,28,
12.9558,40,29,40,32,
12.9571,55,40,33,36,
12.9585,51,37,38,35,
12.9599,38,27,35,29,
12.9612,32,19,19,31,
12.9625,4,13,24,32,
12.9638,-10,12,26,31,
12.9652,-10,12,26,31,
12.9666,-10,12,26,31,
12.9679,-15,7,10,24,
12.9693,-5,3,16,22,
12.9706,17,19,19,25,
12.972,45,37,28,26,
12.9734,45,37,28,26,
12.9748,55,36,32,31,
12.9762,28,29,29,36,
12.9775,31,23,27,32,
12.9789,31,17,20,30,
12.9802,5,13,19,24,
12.9816,5,13,19,24,
12.9829,5,13,19,24,
12.9843,-9,10,7,8,
12.9856,-1,12,16,17,
12.987,23,16,13,20,
12.9883,43,31,26,25,
12.9897,43,47,34,33,
12.9911,39,36,24,38,
12.9925,46,43,22,41,
12.9938,27,36,29,34,
12.9952,24,35,27,28,
12.9965,24,35,27,28,
12.9978,5,6,24,26,
12.9992,5,6,24,26,
13.0005,-3,11,26,18,
13.0019,-4,4,14,7,
13.0033,8,3,23,9,
13.0046,30,9,24,23,
13.006,31,26,34,30,
13.0073,35,40,38,29,
13.0088,48,49,39,38,
13.0102,48,49,39,38,
13.0115,33,21,46,40,
13.0129,31,21,27,26,
13.0143,23,14,20,30,
13.0157,5,7,12,34,
13.017,-9,6,14,27,
13.0184,-21,-5,10,20,
13.0197,-8,4,13,18,
13.0211,6,24,17,27,
13.0225,32,28,21,38,
13.0238,45,37,30,41,
13.0252,44,36,27,43,
13.0266,44,36,27,43,
13.0279,49,36,32,51,
13.0293,40,28,43,40,
13.0307,16,17,31,31,
13.0322,8,23,28,31,
13.0335,3,29,30,23,
13.0349,-9,16,25,10,
13.0362,-11,16,22,-1,
13.0377,1,15,17,3,
13.0391,36,23,26,13,
13.0406,36,23,26,13,
13.042,41,28,26,18,
13.0434,39,24,32,34,
13.0448,57,35,38,47,
13.0462,43,38,31,43,
13.0476,26,29,22,33,
13.049,23,11,20,29,
13.0503,7,10,28,24,
13.0517,-5,9,26,19,
13.053,3,-3,21,14,
13.0544,10,13,17,19,
13.0557,13,15,25,24,
13.0571,13,15,25,24,
13.0585,24,19,30,39,
13.0598,41,20,31,34,
13.0612,58,27,39,28,
13.0626,37,39,43,43,
13.0639,15,33,30,45,
13.0652,15,33,30,45,
13.0666,17,30,17,25,
13.068,8,22,20,26,
13.0693,-6,6,20,18,
13.0707,-14,17,21,21,
13.0721,12,18,22,13,
13.0734,12,18,22,13,
13.0748,12,18,22,13,
13.0762,23,27,33,39,
13.0775,38,29,39,40,
13.0789,51,43,37,48,
13.0802,31,39,35,46,
13.0816,29,21,36,36,
13.0829,29,21,36,36,
13.0843,6,13,21,25,
13.0856,-9,8,19,27,
13.087,-9,-3,17,17,
13.0884,-8,-2,13,15,
13.0897,8,8,19,14,
13.0911,8,8,19,14,
13.0925,11,19,24,25,
13.0938,32,32,41,31,
13.0952,40,50,44,38,
13.0965,42,41,39,45,
13.0979,41,35,41,49,
13.0992,35,24,47,48,
13.1005,10,23,41,32,
13.1018,0,29,29,25,
13.1033,-5,15,22,23,
13.1046,-1,22,21,9,
13.106,-1,22,21,9,
13.1074,6,8,24,10,
13.1088,15,11,15,19,
13.1101,24,25,21,31,
13.1115,35,24,32,30,
13.1128,47,30,40,36,
13.1142,47,30,40,36,
13.1155,35,30,28,32,
13.1169,26,24,23,27,
13.1183,8,20,18,31,
13.1196,-7,7,21,20,
13.121,-7,7,21,20,
13.1223,-11,-9,26,18,
13.1237,-11,-9,26,18,
13.1251,4,6,20,26,
13.1265,33,15,29,28,
13.1279,44,18,26,27,
13.1292,60,44,34,41,
13.1307,53,44,31,46,
13.132,53,44,31,46,
13.1334,27,30,43,42,
13.1347,8,21,34,36,
13.1361,8,21,34,36,
13.1375,5,14,26,29,
13.1389,-18,0,15,14,
13.1402,-2,10,13,7,
13.1416,-2,15,17,11,
13.1429,6,10,14,24,
13.1443,25,22,26,23,
13.1456,41,46,25,27,
13.1472,42,45,25,27,
13.1485,42,45,25,27,
13.1499,38,37,27,28,
13.1512,38,37,27,28,
13.1526,20,19,31,23,
13.154,2,7,22,30,
13.1553,4,3,16,24,
13.1567,-2,-1,13,13,
13.158,-2,-1,13,13,
13.1594,2,23,15,12,
13.1608,19,30,19,29,
13.1622,31,30,23,31,
13.1635,57,27,37,41,
13.1649,57,27,37,41,
13.1663,42,23,34,39,
13.1677,35,29,31,30,
13.1691,37,30,21,36,
13.1705,28,20,25,37,
13.1718,2,19,15,15,
13.1732,-1,14,3,14,
13.1746,5,6,13,13,
13.1759,1,7,19,18,
13.1773,23,30,18,22,
13.1787,23,30,18,22,
13.18,45,40,35,35,
13.1814,50,38,42,36,
13.1827,61,31,40,43,
13.1841,46,30,29,45,
13.1854,20,31,33,39,
13.1868,18,21,23,23,
13.1882,3,27,13,23,
13.1897,-13,21,12,15,
13.1911,-11,11,6,5,
13.1924,-11,11,6,5,
13.1939,-2,1,15,9,
13.1952,11,10,16,15,
13.1966,19,23,20,23,
13.1979,27,35,40,34,
13.1992,47,38,42,44,
13.2006,45,37,30,48,
13.2019,30,36,22,41,
13.2032,27,30,22,34,
13.2045,15,26,27,33,
13.2059,1,22,30,35,
13.2072,-8,13,24,26,
13.2086,-12,8,8,14,
13.21,-12,9,4,14,
13.2113,-8,22,19,12,
13.2127,-4,12,27,19,
13.214,27,28,32,26,
13.2153,48,33,48,48,
13.2167,51,41,55,54,
13.218,51,41,55,54,
13.2194,28,29,48,58,
13.2208,21,33,45,40,
13.2221,21,33,45,40,
13.2235,12,15,33,24,
13.2249,-13,20,20,15,
13.2263,-10,7,17,12,
13.2277,-10,7,17,12,
13.2291,0,15,23,18,
13.2306,22,24,29,33,
13.232,32,35,38,35,
13.2334,44,39,40,40,
13.2348,44,39,40,40,
13.2363,33,38,43,36,
13.2377,22,43,42,33,
13.2391,10,30,28,32,
13.2405,8,18,26,32,
13.242,-5,4,20,20,
13.2433,-14,6,18,21,
13.2447,-17,12,17,24,
13.2461,-6,9,18,26,
13.2475,19,23,25,23,
13.2488,25,33,31,23,
13.2502,34,38,39,35,
13.2516,36,39,45,38,
13.253,26,34,36,40,
13.2543,26,34,36,40,
13.2557,32,29,29,31,
13.2571,20,21,22,29,
13.2585,16,21,27,31,
13.2598,-9,28,18,18,
13.2611,-11,11,23,5,
13.2624,-16,-3,17,7,
13.2638,1,17,22,10,
13.2651,1,17,22,10,
13.2665,17,31,24,25,
13.2679,26,38,33,37,
13.2692,44,43,31,38,
13.2706,40,31,34,31,
13.2719,26,33,32,31,
13.2732,13,28,26,37,
13.2747,-11,14,28,31,
13.276,-18,1,22,27,
13.2774,-18,1,22,27,
13.2787,-17,-4,8,16,
13.2801,5,4,23,26,
13.2814,5,4,23,26,
13.2828,16,13,21,21,
13.2842,27,32,45,48,
13.2855,32,31,42,51,
13.2869,32,31,42,51,
13.2882,44,40,38,32,
13.2895,26,22,31,38,
13.2909,7,20,30,28,
13.2922,11,19,20,27,
13.2936,-13,0,16,19,
13.295,-13,0,16,19,
13.2964,-13,0,16,19,
13.2977,-4,14,18,11,
13.2991,3,15,29,15,
13.3004,17,32,29,25,
13.3018,42,26,44,40,
13.3031,37,35,47,41,
13.3044,37,35,47,41,
13.3058,40,30,39,45,
13.3071,25,19,40,34,
13.3085,5,19,33,26,
13.3098,5,19,33,26,
13.3112,-5,19,34,18,
13.3126,-5,19,34,18,
13.3139,-10,0,21,2,
13.3153,10,19,16,23,
13.3167,7,24,28,24,
13.318,34,30,26,27,
13.3194,36,42,27,28,
13.3207,32,40,42,35,
13.322,21,38,50,35,
13.3234,32,33,46,29,
13.3248,24,15,36,24,
13.3262,24,15,36,24,
13.3275,0,20,23,12,
13.3289,-6,18,25,13,
13.3303,-21,11,17,11,
13.3316,-15,11,21,1,
13.333,6,17,17,21,
13.3343,34,26,30,35,
13.3357,30,37,35,31,
13.3371,42,47,44,29,
13.3385,54,45,53,39,
13.3398,49,44,44,44,
13.3411,49,44,44,44,
13.3425,24,17,40,35,
13.3439,5,10,37,21,
13.3452,6,14,40,20,
13.3466,-2,10,23,11,
13.348,-15,12,7,0,
13.3493,-19,12,20,9,
13.3507,18,30,22,32,
13.3521,31,44,37,33,
13.3534,43,42,37,32,
13.3548,43,42,37,32,
13.3561,61,45,31,32,
13.3575,47,43,33,35,
13.3589,41,34,34,28,
13.3602,3,9,29,23,
13.3616,1,7,33,18,
13.3629,1,7,33,18,
13.3643,-14,-3,26,13,
13.3656,-4,5,18,7,
13.367,-6,6,17,12,
13.3683,37,31,28,26,
13.3697,37,31,28,26,
13.371,40,31,24,27,
13.3724,40,31,24,27,
13.3738,40,43,42,35,
13.3751,38,35,39,33,
13.3765,34,37,38,34,
13.3779,-10,10,29,14,
13.3792,-10,10,29,14,
13.3806,-5,16,34,19,
13.382,-8,4,15,11,
13.3834,-4,4,13,7,
13.3847,2,4,26,10,
13.3861,30,16,28,17,
13.3874,30,16,28,17,
13.3888,35,29,33,31,
13.3901,40,39,41,41,
13.3915,33,38,42,33,
13.3928,30,39,40,26,
13.3942,11,29,34,25,
13.3956,0,23,34,31,
13.397,3,22,22,22,
13.3983,-5,21,21,15,
13.3997,-14,20,11,4,
13.4011,-4,11,19,12,
13.4025,3,17,19,17,
13.4038,30,23,37,20,
13.4052,30,23,37,20,
13.4066,38,30,34,23,
13.408,50,40,53,27,
13.4093,39,36,46,28,
13.4107,21,39,33,34,
13.412,-6,26,25,29,
13.4134,-6,26,25,29,
13.4147,-6,26,25,29,
13.4161,-3,29,18,18,
13.4174,-5,3,13,12,
13.4188,-13,4,25,9,
13.4202,-1,8,30,11,
13.4215,33,27,33,31,
13.4229,33,27,33,31,
13.4242,34,37,29,36,
13.4256,41,39,51,37,
13.4269,32,24,49,33,
13.4283,32,24,49,33,
13.4297,20,16,38,22,
13.4311,12,20,22,25,
13.4324,6,21,26,22,
13.4339,-10,16,16,21,
13.4353,-7,15,12,9,
13.4369,9,13,25,4,
13.4382,23,27,28,23,
13.4396,23,27,28,23,
13.441,35,39,29,42,
13.4424,50,44,38,49,
13.4437,46,43,43,46,
13.4452,34,36,41,43,
13.4467,20,34,28,30,
13.4482,8,27,30,29,
13.4496,-9,19,21,25,
13.4511,-15,-2,21,25,
13.4526,-12,-5,14,18,
13.454,15,1,33,12,
13.4553,36,17,35,22,
13.4567,36,17,35,22,
13.458,29,29,35,25,
13.4594,38,36,32,24,
13.4608,40,41,36,33,
13.4621,36,29,24,21,
13.4635,26,16,27,19,
13.4648,14,20,23,20,
13.4662,4,16,25,23,
13.4676,-13,16,22,13,
13.4689,-23,1,26,2,
13.4703,0,-1,19,6,
13.4717,0,-1,19,6,
13.4731,10,7,27,9,
13.4744,26,20,38,21,
13.4758,40,42,50,26,
13.4771,47,42,45,31,
13.4785,35,24,44,29,
13.4799,22,15,30,28,
13.4813,8,15,27,31,
13.4826,8,15,27,31,
13.484,1,14,24,15,
13.4854,-8,15,20,-4,
13.4868,-14,17,25,-10,
13.4882,-15,10,28,2,
13.4895,-15,10,28,2,
13.4909,7,10,31,17,
13.4923,33,18,40,26,
13.4936,41,24,48,25,
13.495,52,42,45,36,
13.4963,26,47,29,26,
13.4977,26,47,29,26,
13.499,14,44,29,29,
13.5004,-1,30,31,16,
13.5018,0,21,25,8,
13.5031,-3,8,15,1,
13.5045,-3,14,17,3,
13.5059,-3,14,17,3,
13.5073,5,12,22,6,
13.5086,10,11,22,1,
13.51,42,29,39,26,
13.5114,46,45,40,31,
13.5127,27,50,41,34,
13.514,21,31,46,25,
13.5154,15,23,41,20,
13.5167,13,23,32,22,
13.5181,-7,24,22,0,
13.5195,-22,8,26,-5,
13.5209,-11,8,33,-4,
13.5222,-11,8,33,-4,
13.5236,-4,1,23,0,
13.5249,8,12,15,3,
13.5263,26,26,20,18,
13.5276,40,35,42,23,
13.529,50,40,36,20,
13.5303,50,40,36,20,
13.5317,25,38,29,26,
13.5331,23,28,28,17,
13.5345,4,27,31,5,
13.5358,8,17,21,-2,
13.5372,3,5,10,-7,
13.5386,3,5,10,-7,
13.5399,-15,1,21,-7,
13.5413,-8,19,17,7,
13.5426,12,27,23,16,
13.5439,25,35,20,15,
13.5452,37,46,25,32,
13.5466,37,46,25,32,
13.5479,24,45,34,34,
13.5491,26,29,34,28,
13.5505,-1,21,18,13,
13.5518,6,19,15,4,
13.5531,3,18,26,4,
13.5545,3,18,26,4,
13.5558,-10,17,30,3,
13.5572,-10,19,24,0,
13.5586,2,16,19,3,
13.5599,28,21,34,8,
13.5613,39,29,32,14,
13.5626,44,37,39,23,
13.5639,44,37,39,23,
13.5652,38,40,44,33,
13.5666,28,38,42,29,
13.568,15,32,41,21,
13.5693,5,29,35,13,
13.5707,5,29,35,13,
13.572,0,21,37,16,
13.5733,-8,23,21,2,
13.5747,-5,22,22,0,
13.576,3,10,25,0,
13.5773,10,13,30,2,
13.5787,27,25,37,14,
13.5801,38,30,47,19,
13.5814,40,29,46,20,
13.5827,33,28,49,15,
13.5841,21,14,36,15,
13.5854,21,14,36,15,
13.5868,5,9,22,10,
13.5882,1,6,22,3,
13.5895,-10,3,23,5,
13.5909,-23,0,16,1,
13.5922,-8,10,25,1,
13.5936,12,24,32,7,
13.5949,40,30,36,21,
13.5962,34,32,41,24,
13.5975,35,42,39,29,
13.5989,35,39,47,35,
13.6002,42,29,47,27,
13.6016,34,38,35,23,
13.6029,13,33,35,18,
13.6043,13,33,35,18,
13.6056,4,17,23,9,
13.607,-7,1,26,1,
13.6083,-9,1,24,-1,
13.6097,-5,13,19,2,
13.6111,13,14,11,5,
13.6124,26,19,28,16,
13.6137,30,19,37,24,
13.6151,34,38,47,22,
13.6165,45,37,39,18,
13.6179,44,40,33,25,
13.6193,44,40,33,25,
13.6206,25,29,33,27,
13.6219,12,18,26,19,
13.6233,-6,18,14,-2,
13.6246,-18,-3,13,0,
13.626,-11,5,17,7,
13.6274,-12,14,21,13,
13.6288,11,16,19,6,
13.6301,31,26,24,9,
13.6314,32,30,27,17,
13.6328,53,44,26,29,
13.6341,53,44,26,29,
13.6355,42,36,27,23,
13.6368,25,28,38,25,
13.6382,14,13,39,27,
13.6396,0,16,23,23,
13.6409,-4,10,20,11,
13.6423,-7,10,19,1,
13.6437,7,16,17,-5,
13.6451,7,16,17,-5,
13.6465,24,22,24,7,
13.6478,33,29,29,10,
13.6491,33,29,29,10,
13.6505,44,44,52,15,
13.6519,26,42,53,11,
13.6532,26,42,53,11,
13.6546,16,14,29,9,
13.6559,2,4,27,12,
13.6572,-4,9,25,3,
13.6586,-12,1,15,-1,
13.66,-9,4,27,-5,
13.6613,-9,4,27,-5,
13.6626,-14,23,31,-4,
13.664,15,25,33,-5,
13.6653,38,21,33,4,
13.6666,38,35,29,13,
13.668,44,45,52,26,
13.6693,44,45,52,26,
13.6707,38,32,50,24,
13.672,22,35,44,19,
13.6733,1,27,28,5,
13.6747,5,28,18,4,
13.676,-20,9,13,-2,
13.6774,-22,7,20,-4,
13.6787,-4,4,14,-2,
13.6801,11,7,18,-2,
13.6814,21,14,23,11,
13.6827,30,31,32,24,
13.6841,44,43,37,29,
13.6854,44,43,37,29,
13.6868,44,36,49,28,
13.6881,27,34,43,26,
13.6895,13,37,35,18,
13.6908,2,16,31,7,
13.6921,5,0,19,-3,
13.6934,-6,3,17,-5,
13.6948,-6,3,17,-5,
13.6962,-10,10,20,-3,
13.6975,2,22,22,-5,
13.6989,9,23,24,0,
13.7002,23,22,37,6,
13.7015,55,27,34,17,
13.7029,55,27,34,17,
13.7043,42,31,35,20,
13.7056,24,27,23,14,
13.707,9,24,23,6,
13.7083,-4,20,30,5,
13.7097,-18,19,25,10,
13.711,-14,-1,21,2,
13.7124,-14,-1,21,2,
13.7137,-10,14,21,-19,
13.7151,13,15,29,-8,
13.7165,34,19,35,6,
13.7179,37,31,33,14,
13.7192,35,35,39,23,
13.7206,37,39,36,31,
13.7219,44,30,34,27,
13.7233,17,28,25,21,
13.7246,14,18,25,20,
13.726,6,7,20,13,
13.7273,6,7,20,13,
13.7287,-2,0,15,-3,
13.7301,-15,2,16,-5,
13.7314,16,0,20,8,
13.7329,20,17,34,17,
13.7343,28,40,51,18,
13.7356,28,40,51,18,
13.7371,28,34,46,13,
13.7384,30,38,34,16,
13.7398,22,42,31,13,
13.7411,2,7,26,5,
13.7425,6,0,23,-5,
13.7439,6,0,23,-5,
13.7452,5,8,21,-4,
13.7465,-16,1,10,1,
13.7479,-7,-5,23,-3,
13.7492,9,24,28,-3,
13.7506,34,32,40,3,
13.7519,34,32,40,3,
13.7532,43,35,40,8,
13.7546,48,42,44,26,
13.7559,33,34,43,18,
13.7574,33,34,43,18,
13.7587,17,27,37,17,
13.7601,6,16,36,14,
13.7614,7,12,26,8,
13.7627,-1,1,24,1,
13.7641,-7,-5,19,-7,
13.7654,-1,-6,19,-2,
13.7669,25,16,22,14,
13.7683,33,26,25,13,
13.7696,33,26,25,13,
13.7709,31,37,31,20,
13.7723,37,43,44,21,
13.7736,29,33,49,14,
13.775,17,29,38,8,
13.7764,17,1,19,12,
13.7778,17,1,19,12,
13.7791,-2,3,20,4,
13.7804,-14,-2,12,-11,
13.7817,-10,3,8,-19,
13.7831,0,13,13,-20,
13.7845,4,15,24,-5,
13.7858,21,30,33,9,
13.7872,20,42,38,11,
13.7885,20,42,38,11,
13.7899,33,50,27,24,
13.7912,28,43,33,28,
13.7926,20,26,36,27,
13.7939,17,10,23,20,
13.7952,2,18,19,3,
13.7966,-8,23,20,7,
13.7979,-13,13,17,-1,
13.7993,1,7,11,-7,
13.8007,1,7,11,-7,
13.802,12,28,17,3,
13.8034,38,35,36,14,
13.8048,44,37,39,15,
13.8061,38,43,44,30,
13.8075,29,41,42,38,
13.8088,23,42,35,25,
13.8102,23,42,35,25,
13.8115,23,35,38,20,
13.8129,11,21,22,13,
13.8142,2,5,27,9,
13.8156,-11,-4,29,9,
13.8169,-3,7,27,12,
13.8183,5,12,31,9,
13.8196,17,22,40,14,
13.821,45,35,31,30,
13.8224,45,35,31,30,
13.8238,46,47,36,41,
13.8251,48,45,46,31,
13.8265,50,45,49,29,
13.8279,32,38,51,28,
13.8292,20,28,38,22,
13.8308,-1,17,37,15,
13.8321,-7,11,27,3,
13.8335,-5,10,16,4,
13.8348,-3,15,20,3,
13.8362,0,18,21,15,
13.8375,35,35,19,20,
13.8391,32,42,36,28,
13.8405,45,48,51,37,
13.8419,51,44,54,26,
13.8433,42,32,57,25,
13.8447,42,32,57,25,
13.846,11,17,31,22,
13.8474,10,4,30,27,
13.8487,-5,17,26,11,
13.8501,-12,16,28,-5,
13.8514,-10,20,21,-10,
13.8528,-10,20,21,-10,
13.8541,7,17,21,-9,
13.8555,46,25,24,7,
13.8569,48,29,33,12,
13.8582,51,33,37,24,
13.8596,48,32,43,36,
13.8609,47,35,49,30,
13.8623,35,26,41,25,
13.8636,18,17,24,22,
13.865,5,-3,22,0,
13.8664,5,-3,22,0,
13.8677,-18,-8,16,-5,
13.8691,-4,0,17,-12,
13.8705,7,13,20,-6,
13.8718,14,15,32,-5,
13.8732,39,30,37,15,
13.8745,34,43,46,14,
13.8759,41,50,43,8,
13.8772,29,36,32,16,
13.8785,20,27,27,22,
13.8799,6,25,33,9,
13.8812,6,25,33,9,
13.8826,-9,20,19,-14,
13.8839,-8,8,20,-9,
13.8852,-20,5,31,-21,
13.8866,-13,13,23,-30,
13.888,3,11,22,-21,
13.8893,25,27,26,-17,
13.8907,17,37,45,-5,
13.8921,24,40,55,-3,
13.8934,27,33,58,-15,
13.8948,27,33,58,-15,
13.8961,24,40,48,-21,
13.8974,15,32,46,-27,
13.8988,1,14,46,-34,
13.9002,-16,9,40,-47,
13.9015,-23,-5,35,-55,
13.9029,-23,-5,35,-55,
13.9042,-26,2,37,-60,
13.9055,3,19,37,-48,
13.9068,18,34,44,-33,
13.9082,18,35,50,-23,
13.9095,14,33,60,-19,
13.9109,28,27,64,-18,
13.9122,28,27,64,-18,
13.9135,18,27,51,-50,
13.9149,4,12,38,-53,
13.9162,-11,11,37,-57,
13.9176,-22,15,37,-67,
13.919,-43,16,27,-70,
13.9203,-52,17,38,-74,
13.9217,-43,15,45,-76,
13.928,19,42,87,-54,
13.9293,8,35,90,-56,
13.9306,11,41,96,-56,
13.932,-1,33,92,-52,
13.9333,-7,31,82,-69,
13.9347,-3,37,88,-79,
13.936,-25,37,87,-91,
13.9373,-53,27,85,-93,
13.9387,-33,25,100,-97,
13.9401,-2,36,106,-86,
13.9414,13,52,120,-82,
13.9427,20,52,117,-85,
13.9441,20,52,117,-85,
13.9454,16,76,134,-85,
13.9468,10,85,171,-89,
13.9482,16,69,209,-102,
13.9495,-3,84,217,-110,
13.9509,-26,92,213,-120,
13.9522,-19,90,194,-114,
13.9536,-15,64,177,-107,
13.9549,-16,60,166,-108,
13.9562,-7,49,156,-117,
13.9576,12,56,163,-99,
13.9589,12,56,163,-99,
13.9603,9,66,163,-87,
13.9616,10,74,164,-85,
13.963,27,80,162,-84,
13.9643,19,69,159,-82,
13.9657,-2,56,148,-99,
13.9671,-22,52,150,-101,
13.9684,-22,52,150,-101,
13.9697,-27,48,156,-98,
13.9711,-47,24,145,-107,
13.9724,-36,31,138,-109,
13.9738,-31,35,126,-110,
13.9751,-15,45,130,-99,
13.9765,4,52,143,-82,
13.9778,4,52,143,-82,
13.9792,18,71,144,-78,
13.9805,21,64,143,-63,
13.9819,12,57,149,-56,
13.9833,-5,50,136,-54,
13.9846,-18,41,123,-55,
13.986,-24,44,108,-63,
13.9873,-19,44,107,-60,
13.9887,-20,30,99,-57,
13.99,-23,17,97,-62,
13.9914,-16,11,97,-56,
13.9927,6,30,101,-23,
13.9941,6,30,101,-23,
13.9954,28,45,105,-18,
13.9968,40,56,107,-12,
13.9982,33,56,102,-8,
13.9995,22,54,95,-11,
14.0008,7,35,99,-17,
14.0021,-2,20,100,-27,
14.0035,4,20,95,-31,
14.0048,-16,25,91,-34,
14.0061,-20,21,92,-36,
14.0074,-18,11,90,-38,
14.0088,-8,14,93,-37,
14.0102,-8,14,93,-37,
14.0116,36,31,91,-1,
14.0129,30,49,94,-2,
14.0143,26,53,98,-4,
14.0157,28,44,96,1,
14.0171,28,44,96,1,
14.0185,28,34,96,-1,
14.0198,-12,17,86,-15,
14.0212,-12,26,84,-18,
14.0225,-24,8,71,-22,
14.0239,-24,8,71,-22,
14.0252,-17,8,69,-28,
14.0265,-5,17,78,-28,
14.0279,6,26,86,-18,
14.0293,27,43,92,1,
14.0309,41,45,96,1,
14.0323,34,44,98,5,
14.0337,34,44,98,5,
14.0353,18,47,103,4,
14.0366,3,28,96,9,
14.0379,6,16,93,13,
14.0394,9,11,95,5,
14.0408,-29,6,80,-5,
14.0422,-26,10,76,-11,
14.0436,-26,10,76,-11,
14.045,7,26,88,3,
14.0463,21,45,97,5,
14.0477,21,45,97,5,
14.0491,49,41,91,17,
14.0504,45,36,92,12,
14.0518,40,45,99,7,
14.0531,32,41,92,6,
14.0544,6,33,80,1,
14.0558,1,23,76,0,
14.0571,-27,17,58,-16,
14.0585,-22,15,55,-16,
14.0598,-14,13,60,-13,
14.0611,-14,13,60,-13,
14.0625,35,40,71,-3,
14.0638,32,41,70,10,
14.0652,49,46,65,9,
14.0665,49,46,65,9,
14.0679,58,51,70,3,
14.0692,45,53,65,5,
14.0705,23,52,65,13,
14.0719,-7,18,57,1,
14.0732,2,22,59,5,
14.0745,-12,22,45,4,
14.0759,-22,21,36,2,
14.0772,-9,28,41,-5,
14.0785,1,30,40,-6,
14.0799,20,41,41,4,
14.0812,42,52,72,11,
14.0825,42,52,72,11,
14.0839,61,50,82,15,
14.0852,61,50,82,15,
14.0865,24,54,78,10,
14.0878,24,46,56,10,
14.0892,7,31,45,5,
14.0905,-9,19,35,2,
14.0918,-12,12,27,-6,
14.0931,-13,12,27,-2,
14.0945,-16,11,31,-4,
14.0959,10,31,30,1,
14.0973,37,45,40,13,
14.0987,37,45,40,13,
14.1,37,39,45,18,
14.1013,37,39,45,18,
14.1027,46,45,43,23,
14.1041,24,43,54,3,
14.1054,5,40,58,4,
14.1068,5,31,48,3,
14.1082,9,20,46,-9,
14.1095,2,15,40,-10,
14.1109,-6,9,18,-16,
14.1122,-12,13,17,-14,
14.1136,-10,23,24,-6,
14.115,14,37,36,4,
14.1163,32,46,40,14,
14.1177,37,54,41,20,
14.1191,46,62,44,18,
14.1206,42,58,43,5,
14.122,28,35,37,14,
14.1234,4,35,31,4,
14.1248,9,32,37,1,
14.1261,-11,23,21,-8,
14.1275,-23,14,23,-8,
14.1289,-23,14,23,-8,
14.1303,-6,20,19,-4,
14.1317,3,31,29,1,
14.133,31,37,39,8,
14.1344,41,44,35,11,
14.1357,38,42,33,9,
14.1371,45,49,32,10,
14.1385,34,58,32,7,
14.1399,25,44,36,-9,
14.1412,3,44,24,-7,
14.1426,-4,43,26,-8,
14.1439,-22,31,17,-4,
14.1452,-22,31,17,-4,
14.1466,-11,13,9,-6,
14.148,15,23,8,5,
14.1493,24,36,19,3,
14.1507,26,45,35,14,
14.152,33,54,41,25,
14.1533,49,56,35,24,
14.1547,46,57,35,22,
14.1561,38,39,31,24,
14.1574,19,41,21,11,
14.1587,19,41,21,11,
14.1601,0,42,9,4,
14.1614,-9,31,7,5,
14.1627,-7,15,16,-2,
14.164,-16,12,21,-5,
14.1654,-8,18,13,-2,
14.1667,14,28,9,2,
14.1681,38,47,23,10,
14.1694,44,58,34,25,
14.1707,31,52,33,16,
14.1721,41,55,29,8,
14.1734,27,50,23,15,
14.1748,3,47,22,15,
14.1761,3,47,22,15,
14.1775,-15,44,12,14,
14.1788,-9,47,9,6,
14.1802,-15,26,3,-4,
14.1815,-1,26,-3,-3,
14.183,9,29,8,-8,
14.1843,30,49,21,1,
14.1857,38,48,22,18,
14.187,33,52,23,19,
14.1884,34,45,23,17,
14.1897,28,39,18,24,
14.1911,28,39,18,24,
14.1924,11,37,16,18,
14.1938,-9,19,21,7,
14.1951,2,20,24,6,
14.1964,-5,20,6,6,
14.1978,-20,24,11,0,
14.1992,-3,20,8,-7,
14.2005,-3,20,8,-7,
14.2018,27,21,17,-4,
14.2031,45,41,16,9,
14.2044,52,53,28,17,
14.2058,55,61,33,22,
14.2072,41,48,34,24,
14.2086,41,48,34,24,
14.2099,24,46,23,20,
14.2113,-9,35,12,8,
14.2127,-7,20,9,8,
14.214,-11,16,2,-2,
14.2154,-5,14,-2,-4,
14.2168,-15,28,1,-3,
14.2181,-5,42,24,6,
14.2195,24,43,39,6,
14.2208,36,38,40,18,
14.2222,34,55,36,14,
14.2236,40,46,37,10,
14.225,40,46,37,10,
14.2263,37,42,35,7,
14.2277,21,33,20,3,
14.2291,-1,14,9,6,
14.2305,-19,17,-1,8,
14.2319,-19,23,1,-2,
14.2332,-11,23,8,-3,
14.2345,10,27,15,4,
14.2359,33,32,26,7,
14.2372,43,50,37,12,
14.2386,60,50,26,18,
14.24,60,50,26,18,
14.2413,48,42,29,18,
14.2427,35,41,30,26,
14.244,33,45,25,17,
14.2454,11,33,18,2,
14.2468,-16,28,9,8,
14.2482,-31,20,-3,8,
14.2496,-31,20,-3,8,
14.251,4,21,7,0,
14.2524,10,35,10,3,
14.2537,10,35,10,3,
14.2552,44,50,21,6,
14.2566,50,48,29,22,
14.2579,44,56,26,24,
14.2593,44,57,18,17,
14.2607,40,48,24,22,
14.262,22,34,23,20,
14.2634,4,25,11,14,
14.2647,-4,16,6,8,
14.2661,-4,16,6,8,
14.2675,-8,14,5,0,
14.2689,6,23,4,-1,
14.2702,6,23,4,-1,
14.2716,42,53,19,9,
14.2729,36,51,17,20,
14.2743,53,59,29,22,
14.2757,53,59,29,22,
14.2771,34,49,19,26,
14.2785,11,38,13,23,
14.2799,5,40,10,7,
14.2812,-3,43,9,6,
14.2826,-3,43,9,6,
14.284,-11,32,3,2,
14.2853,-10,32,-5,1,
14.2867,-2,30,-5,5,
14.288,7,33,7,11,
14.2894,26,48,18,16,
14.2908,26,48,18,16,
14.2921,50,57,31,23,
14.2934,59,56,23,26,
14.2948,47,44,19,27,
14.2962,26,31,15,31,
14.2975,2,42,7,13,
14.2988,2,42,7,13,
14.3002,-8,37,-6,4,
14.3016,-8,37,-6,4,
14.3029,-7,19,-8,10,
14.3043,16,21,-1,11,
14.3056,31,37,5,22,
14.307,50,56,19,27,
14.3083,54,61,19,26,
14.3096,65,61,23,25,
14.311,50,61,14,25,
14.3124,32,53,-4,15,
14.3137,16,51,-3,16,
14.3151,14,43,-1,15,
14.3165,14,43,-1,15,
14.3177,3,30,-11,11,
14.3192,-9,22,-19,8,
14.3205,-6,19,-18,15,
14.3218,19,33,-14,7,
14.3231,42,52,4,9,
14.3244,42,52,4,9,
14.3258,56,56,13,30,
14.3271,49,65,3,25,
14.3285,39,62,-2,32,
14.3299,33,54,-1,37,
14.3313,28,47,-10,27,
14.3326,12,43,-6,22,
14.334,5,33,2,18,
14.3354,-4,21,-9,18,
14.3367,-3,23,-20,16,
14.338,-1,25,-17,14,
14.3394,19,31,-6,14,
14.3407,30,42,-3,16,
14.342,39,51,11,30,
14.3434,59,75,15,27,
14.3447,51,70,11,35,
14.346,36,52,-2,38,
14.3474,26,42,-4,39,
14.3487,26,42,-4,39,
14.3501,11,38,-3,25,
14.3514,13,37,0,25,
14.3528,-8,26,-6,6,
14.3542,-1,35,-6,-1,
14.3555,10,46,-1,7,
14.3568,10,46,-1,7,
14.3582,41,72,0,30,
14.3595,52,72,2,41,
14.3609,63,72,12,48,
14.3622,45,66,13,27,
14.3636,45,66,13,27,
14.365,42,56,6,34,
14.3664,12,52,0,29,
14.3677,10,47,-12,29,
14.3691,7,55,-9,25,
14.3705,3,44,-9,21,
14.3718,10,54,-2,16,
14.3732,15,57,7,27,
14.3746,45,58,7,34,
14.3759,53,71,11,36,
14.3773,53,65,22,34,
14.3787,53,65,22,34,
14.3801,44,67,16,42,
14.3814,38,63,12,37,
14.3829,38,63,12,37,
14.3843,9,47,10,40,
14.3856,8,39,2,39,
14.387,9,27,-3,32,
14.3884,-11,30,-18,20,
14.3897,4,44,-8,31,
14.3911,4,44,-8,31,
14.3924,47,64,4,23,
14.3937,47,64,4,23,
14.3951,42,54,9,34,
14.3964,52,67,23,34,
14.3978,39,68,18,39,
14.3991,39,68,18,39,
14.4005,22,63,1,29,
14.4018,8,40,-7,27,
14.4031,7,33,2,28,
14.4044,-12,36,2,21,
14.4058,-8,27,-12,9,
14.4071,-8,27,-12,9,
14.4084,-8,27,-12,9,
14.4098,18,37,-10,20,
14.4112,39,58,10,32,
14.4125,60,68,4,30,
14.4139,62,68,17,28,
14.4154,28,40,4,23,
14.4167,28,40,4,23,
14.4181,27,31,1,23,
14.4195,6,34,-3,13,
14.4208,2,32,-2,11,
14.4222,1,28,-2,4,
14.4236,-10,18,-9,-2,
14.4249,-10,18,-9,-2,
14.4263,-8,23,-12,12,
14.4276,51,46,14,29,
14.429,61,46,12,34,
14.4303,72,55,22,28,
14.4317,56,61,25,24,
14.4331,42,61,25,24,
14.4345,27,45,14,30,
14.4359,8,42,0,30,
14.4373,-2,31,5,31,
14.4387,-3,18,2,20,
14.4401,-10,20,-7,14,
14.4415,-2,24,1,1,
14.4428,19,36,9,4,
14.4442,19,36,9,4,
14.4456,46,52,6,10,
14.4469,52,52,15,15,
14.4483,40,56,20,23,
14.4497,30,53,7,29,
14.451,28,52,-3,18,
14.4524,20,48,0,9,
14.4537,-1,33,-5,19,
14.4551,6,27,-15,19,
14.4565,-5,21,-23,6,
14.4578,-3,23,-10,-4,
14.4592,6,33,-1,2,
14.4605,6,33,-1,2,
14.4619,20,43,-2,3,
14.4633,50,51,11,25,
14.4647,50,51,11,25,
14.466,67,67,7,31,
14.4674,25,58,1,29,
14.4687,14,49,-1,20,
14.47,14,49,-1,20,
14.4713,4,46,6,16,
14.4727,-13,25,-8,6,
14.474,-26,22,-17,-1,
14.4753,-15,23,-21,6,
14.4766,3,26,-8,5,
14.478,23,44,3,11,
14.4794,34,43,4,11,
14.4807,42,56,1,24,
14.4821,48,56,-5,28,
14.4835,56,56,5,21,
14.4849,50,60,11,21,
14.4863,31,56,5,20,
14.4876,13,49,1,16,
14.489,3,37,4,17,
14.4903,-21,27,-7,26,
14.4917,-18,25,-16,20,
14.4931,-3,24,-24,9,
14.4945,-3,24,-24,9,
14.4958,26,29,-17,16,
14.4971,38,39,-2,30,
14.4985,64,61,2,22,
14.4999,65,71,-1,22,
14.5011,45,70,0,21,
14.5025,45,70,0,21,
14.5039,28,46,-7,27,
14.5051,7,44,-4,25,
14.5065,4,40,-14,15,
14.5078,-14,17,-16,10,
14.5092,-14,17,-16,10,
14.5105,-18,18,-13,5,
14.5119,-1,32,-11,-3,
14.5133,19,34,-9,1,
14.5146,40,44,-15,14,
14.516,49,52,-13,24,
14.5174,55,64,-7,28,
14.5187,55,64,-7,28,
14.5201,55,49,-3,24,
14.5214,20,49,-6,14,
14.5228,9,46,-17,17,
14.5241,9,38,-25,18,
14.5254,-12,30,-23,8,
14.5268,-9,26,-18,0,
14.5281,-9,26,-18,0,
14.5295,6,34,-17,4,
14.5308,44,51,-13,12,
14.5322,45,56,-13,19,
14.5335,49,62,-1,17,
14.5349,65,62,7,16,
14.5363,51,55,1,14,
14.5376,46,56,1,11,
14.5389,25,57,-5,13,
14.5403,9,37,-19,7,
14.5416,6,40,-25,7,
14.543,6,40,-25,7,
14.5444,-7,38,-35,0,
14.5457,-9,34,-23,0,
14.5471,10,36,-20,3,
14.5485,48,61,-12,17,
14.5498,41,69,-3,17,
14.5511,41,69,-3,17,
14.5525,48,61,-5,31,
14.5539,44,69,-13,22,
14.5552,30,55,-9,12,
14.5565,12,48,-5,0,
14.5579,7,44,-10,2,
14.5591,-1,42,-15,6,
14.5605,-1,42,-15,6,
14.5619,-16,35,-22,2,
14.5632,-15,52,-18,-3,
14.5646,15,56,-12,-4,
14.5659,43,62,2,15,
14.5673,42,73,15,29,
14.5686,41,83,13,33,
14.5699,51,89,4,29,
14.5713,46,74,-2,22,
14.5726,31,61,-16,22,
14.5739,31,61,-16,22,
14.5753,14,52,-20,18,
14.5767,0,41,-20,15,
14.5781,3,40,-28,16,
14.5795,3,40,-28,16,
14.5808,15,50,-21,15,
14.5822,15,50,-21,15,
14.5835,37,51,-8,21,
14.5849,51,70,4,27,
14.5862,69,79,0,21,
14.5875,64,78,5,30,
14.5889,55,68,14,36,
14.5903,36,65,10,29,
14.5916,15,73,-3,28,
14.593,12,68,-8,27,
14.5943,-20,61,-18,11,
14.5957,-20,60,-9,17,
14.5971,-20,60,-9,17,
14.5984,-6,60,-5,12,
14.5997,8,62,-3,5,
14.6011,31,74,-2,18,
14.6025,35,86,3,20,
14.6039,46,100,14,16,
14.6051,46,100,14,16,
14.6065,56,97,3,14,
14.6078,23,87,-1,6,
14.6092,9,80,-8,2,
14.6105,6,80,-10,4,
14.6119,-10,85,-24,-8,
14.6132,-8,77,-20,-1,
14.6145,-8,77,-20,-1,
14.6159,-2,73,-23,3,
14.6173,34,85,-16,5,
14.6186,55,104,2,8,
14.62,52,108,-1,9,
14.6213,51,106,4,19,
14.6227,56,109,-3,20,
14.624,49,107,-7,16,
14.6254,9,83,-8,14,
14.6267,0,78,-17,13,
14.6281,-7,71,-18,5,
14.6295,-7,71,-18,5,
14.6311,-19,50,-16,-9,
14.6325,-19,51,-22,-3,
14.6339,15,71,-24,-3,
14.6353,39,79,-16,9,
14.6367,45,74,-6,21,
14.638,48,80,3,27,
14.6394,55,84,15,23,
14.6407,58,81,18,28,
14.6421,34,78,14,27,
14.6435,13,69,7,14,
14.6449,18,67,7,6,
14.6462,-1,58,-9,2,
14.6476,-6,49,-12,-1,
14.6491,-6,49,-12,-1,
14.6505,7,51,-1,-11,
14.6518,40,64,-2,7,
14.6531,52,68,-2,9,
14.6545,61,76,-1,12,
14.6559,69,90,4,22,
14.6572,51,82,10,29,
14.6586,51,82,10,29,
14.66,23,59,1,25,
14.6613,8,49,-4,19,
14.6626,1,52,1,7,
14.664,-18,41,5,-7,
14.6653,0,40,-2,2,
14.6667,0,40,-2,2,
14.668,3,37,-5,-1,
14.6694,8,45,0,-4,
14.6707,43,60,6,11,
14.6721,52,63,5,14,
14.6734,52,73,17,18,
14.6747,42,74,13,27,
14.6761,42,74,13,27,
14.6774,29,60,2,21,
14.6789,19,58,0,11,
14.6803,0,51,6,5,
14.6816,-7,45,-3,-2,
14.683,-3,31,-11,-3,
14.6844,-3,31,-11,-3,
14.6857,5,39,-2,-1,
14.6871,22,54,-3,6,
14.6884,38,59,8,21,
14.6898,47,64,9,29,
14.6912,43,50,8,23,
14.6925,43,50,8,23,
14.6938,35,61,10,25,
14.6952,-3,30,1,13,
14.6965,-3,30,1,13,
14.6979,0,39,-3,8,
14.6993,-8,29,-8,14,
14.7006,-4,37,-18,4,
14.7019,-4,37,-18,4,
14.7032,2,38,-19,0,
14.7046,48,60,-2,22,
14.706,45,66,0,22,
14.7073,47,59,12,22,
14.7087,48,57,13,28,
14.71,48,57,13,28,
14.7114,48,57,13,28,
14.7128,34,50,10,25,
14.7141,25,49,1,18,
14.7154,16,47,8,15,
14.7167,-5,32,7,9,
14.7181,-1,36,-4,-1,
14.7195,-6,43,-6,-1,
14.7208,10,42,7,-3,
14.7222,41,60,1,-1,
14.7235,48,78,3,4,
14.7249,49,76,17,5,
14.7263,49,76,17,5,
14.7276,48,59,18,3,
14.729,44,61,13,0,
14.7303,38,52,7,-4,
14.7317,17,44,-4,12,
14.733,10,45,-10,6,
14.7344,1,36,-15,0,
14.7358,-5,37,-16,1,
14.7371,0,49,-16,-1,
14.7385,20,55,-14,-5,
14.7398,37,63,-10,-4,
14.7412,60,85,8,13,
14.7425,60,85,8,13,
14.7439,60,85,8,13,
14.7452,40,73,-7,7,
14.7466,31,66,-12,8,
14.7479,11,56,-9,11,
14.7493,1,54,-12,-2,
14.7507,-11,46,-13,-6,
14.752,-11,46,-13,-6,
14.7534,5,50,-27,-5,
14.7547,21,60,-15,3,
14.7561,29,71,-1,4,
14.7575,39,83,-1,1,
14.7588,55,90,6,3,
14.7602,55,94,3,11,
14.7615,55,94,3,11,
14.7629,32,73,-4,2,
14.7643,31,68,-4,2,
14.7656,28,66,-8,3,
14.767,24,60,-15,-1,
14.7684,-1,41,-21,1,
14.7698,3,44,-25,-2,
14.7712,13,50,-15,-9,
14.7726,30,61,-6,-5,
14.7739,30,61,-6,-5,
14.7753,46,80,-1,9,
14.7766,46,80,-1,9,
14.7779,53,77,-1,20,
14.7793,54,81,2,26,
14.7807,46,73,-13,26,
14.782,18,65,-12,16,
14.7834,18,56,-12,12,
14.7847,21,55,-15,10,
14.7861,8,42,-19,8,
14.7874,2,40,-22,0,
14.7887,34,54,-20,3,
14.7901,34,54,-20,3,
14.7914,46,53,-2,10,
14.7928,46,53,-2,10,
14.7941,63,70,2,15,
14.7955,72,76,-2,24,
14.7969,59,60,-3,27,
14.7982,34,51,1,13,
14.7996,34,51,1,13,
14.8009,33,33,-11,14,
14.8023,-4,32,-17,20,
14.8036,3,27,-17,6,
14.805,15,21,-9,6,
14.8063,22,25,-11,5,
14.8076,22,25,-11,5,
14.8089,45,40,-1,16,
14.8103,53,51,14,25,
14.8117,84,59,13,38,
14.813,64,51,12,37,
14.8144,49,36,8,24,
14.8157,37,32,3,26,
14.817,28,30,8,24,
14.8184,15,27,10,18,
14.8198,14,17,8,18,
14.8211,24,21,-4,11,
14.8225,34,23,-6,14,
14.8238,34,23,-6,14,
14.8251,34,23,-6,14,
14.8266,70,39,2,23,
14.8279,72,50,14,29,
14.8293,79,48,10,29,
14.8307,67,41,12,27,
14.8321,67,41,12,27,
14.8334,39,25,2,26,
14.8348,15,18,-4,21,
14.8362,19,21,-11,17,
14.8375,7,17,-2,22,
14.839,4,7,2,18,
14.8404,17,13,-3,13,
14.8418,17,13,-3,13,
14.8432,41,22,-3,24,
14.8446,52,32,2,33,
14.846,54,27,8,28,
14.8474,72,50,5,22,
14.8487,60,49,14,22,
14.8501,37,34,9,22,
14.8515,25,18,4,21,
14.8529,25,22,-7,17,
14.8542,25,22,-7,17,
14.8556,6,7,-9,9,
14.8569,15,10,-10,10,
14.8583,15,10,-10,10,
14.8597,43,30,8,7,
14.861,62,40,14,14,
14.8623,76,38,6,16,
14.8638,71,52,5,15,
14.8651,71,52,5,15,
14.8665,61,42,-1,13,
14.8678,51,35,4,22,
14.8691,26,28,-3,18,
14.8705,26,28,-3,18,
14.8718,28,33,-4,12,
14.8731,21,18,-2,8,
14.8744,14,19,-7,9,
14.8758,2,21,-7,11,
14.8771,11,35,-2,17,
14.8785,63,60,8,19,
14.8798,66,49,4,15,
14.8811,66,49,4,15,
14.8825,62,43,5,15,
14.8838,57,44,3,17,
14.8852,32,43,-3,18,
14.8865,24,23,-2,12,
14.8879,24,23,-2,12,
14.8892,24,23,-2,12,
14.8906,19,20,-12,17,
14.8919,5,28,-11,-1,
14.8933,16,26,-5,3,
14.8947,30,24,-1,5,
14.8961,61,50,12,14,
14.8974,61,50,12,14,
14.8988,73,57,5,11,
14.9001,56,49,14,19,
14.9015,47,50,1,16,
14.9029,40,37,-10,11,
14.9043,34,28,-8,1,
14.9056,34,28,-8,1,
14.907,17,39,-5,-3,
14.9084,1,35,-8,-3,
14.9097,19,36,-21,-5,
14.911,28,45,-18,-2,
14.9124,36,54,-3,0,
14.9138,44,61,9,7,
14.9151,65,55,7,21,
14.9164,79,68,6,26,
14.9177,60,66,17,28,
14.9191,46,52,19,22,
14.9205,35,51,18,22,
14.9218,18,51,5,20,
14.9231,16,49,2,18,
14.9244,17,50,-1,14,
14.9258,14,37,-10,16,
14.9271,26,54,6,12,
14.9285,26,54,6,12,
14.9298,49,53,4,13,
14.9312,53,63,-1,13,
14.9326,73,72,11,18,
14.9339,77,71,12,17,
14.9353,83,65,16,19,
14.9366,63,57,14,20,
14.9379,51,52,7,18,
14.9393,37,55,9,15,
14.9406,25,49,7,10,
14.9419,14,48,-9,8,
14.9433,17,49,-6,11,
14.9446,17,49,-6,11,
14.946,28,50,4,15,
14.9473,54,67,12,20,
14.9487,72,66,9,24,
14.95,83,57,3,29,
14.9514,76,71,9,25,
14.9528,76,71,9,25,
14.9541,54,63,17,23,
14.9555,39,50,3,20,
14.9569,26,42,1,22,
14.9582,32,40,0,26,
14.9595,13,24,-2,15,
14.9608,13,24,-2,15,
14.9622,21,29,-2,19,
14.9636,43,46,0,18,
14.965,49,50,10,21,
14.9663,66,48,11,22,
14.9677,68,53,29,27,
14.969,68,53,29,27,
14.9704,68,53,29,27,
14.9717,58,52,19,30,
14.9731,28,35,20,19,
14.9745,18,27,14,13,
14.9758,16,20,9,13,
14.9771,9,8,9,22,
14.9785,15,6,16,19,
14.9798,19,8,6,8,
14.9811,34,31,5,16,
14.9825,63,55,21,23,
14.9839,61,48,25,23,
14.9852,61,48,25,23,
14.9866,59,44,26,28,
14.988,57,43,34,35,
14.9893,46,45,24,36,
14.9906,18,42,16,31,
14.992,9,35,11,26,
14.9933,2,26,12,19,
14.9947,2,26,12,19,
14.9961,7,19,1,11,
14.9974,17,26,8,8,
14.9988,32,36,22,11,
15.0001,54,51,26,31,
15.0015,54,51,26,31,
15.0029,54,51,26,31,
15.0042,35,54,33,22,
15.0056,44,55,26,17,
15.0069,23,52,19,21,
15.0083,9,30,20,24,
15.0097,19,27,16,24,
15.0111,19,27,16,24,
15.0124,-3,31,7,20,
15.0139,12,26,13,14,
15.0153,31,36,22,25,
15.0168,37,52,29,27,
15.0181,42,48,27,32,
15.0195,51,48,36,26,
15.0208,53,55,32,26,
15.0222,43,57,29,35,
15.0235,31,43,20,32,
15.0249,26,35,9,32,
15.0263,12,25,8,31,
15.0277,13,21,11,29,
15.0291,2,13,14,18,
15.0304,8,10,7,11,
15.0319,19,10,17,13,
15.0332,31,24,27,28,
15.0346,44,32,25,25,
15.036,40,38,27,30,
15.0373,40,38,27,30,
15.0387,47,45,43,48,
15.0401,52,45,35,44,
15.0414,48,31,31,42,
15.0429,48,31,31,42,
15.0443,8,25,11,23,
15.0457,5,16,20,18,
15.047,8,13,16,19,
15.0484,13,21,8,27,
15.0498,26,19,11,28,
15.0512,26,19,11,28,
15.0525,46,22,18,31,
15.0539,54,29,26,31,
15.0552,47,49,26,40,
15.0566,50,48,30,40,
15.0579,36,38,33,35,
15.0592,17,33,32,33,
15.0606,26,20,27,25,
15.0619,13,25,32,31,
15.0632,-2,17,26,21,
15.0646,-5,11,22,24,
15.0659,-2,11,11,24,
15.0673,6,27,12,24,
15.0686,30,27,17,31,
15.07,41,25,32,27,
15.0713,45,29,37,25,
15.0727,53,39,42,37,
15.074,29,25,43,29,
15.0754,29,25,43,29,
15.0767,16,32,38,15,
15.0781,-1,13,22,8,
15.0794,-13,17,27,8,
15.0808,-11,14,14,2,
15.0821,-8,8,10,5,
15.0835,-8,8,10,5,
15.0848,10,5,23,13,
15.0862,6,22,21,18,
15.0875,43,23,37,26,
15.0889,51,44,43,32,
15.0902,54,37,42,34,
15.0916,35,29,47,26,
15.093,15,19,47,20,
15.0943,-1,7,44,15,
15.0956,-5,-5,35,15,
15.097,-1,0,29,16,
15.0983,-3,-8,22,11,
15.0997,-14,-1,20,14,
15.101,-14,-5,29,15,
15.1024,-7,-2,31,19,
15.1037,23,11,29,22,
15.1051,28,11,32,27,
15.1064,37,16,47,35,
15.1078,20,12,37,35,
15.1092,20,12,37,35,
15.1106,0,17,30,29,
15.1119,-2,4,26,25,
15.1132,-2,4,26,25,
15.1146,-14,-10,21,11,
15.116,-19,-10,23,6,
15.1173,-19,-10,23,6,
15.1187,-13,-10,25,12,
15.1201,8,3,21,18,
15.1214,25,13,33,30,
15.1227,21,13,37,29,
15.1241,36,12,31,31,
15.1254,36,12,31,31,
15.1269,29,1,36,27,
15.1283,15,-1,32,19,
15.1296,15,-1,32,19,
15.131,-1,-6,28,28,
15.1323,-26,-5,24,15,
15.1337,-26,-5,24,15,
15.1351,-20,-10,31,9,
15.1364,1,-12,29,18,
15.1378,25,2,33,24,
15.1391,24,19,37,29,
15.1405,21,18,34,25,
15.1419,38,16,36,28,
15.1432,30,22,34,32,
15.1446,25,18,37,34,
15.1459,-5,6,42,34,
15.1473,-5,6,42,34,
15.1487,-1,7,40,26,
15.15,-7,-2,27,19,
15.1513,-7,-15,28,22,
15.1527,-9,-18,29,30,
15.154,32,14,39,28,
15.1554,42,21,39,27,
15.1567,42,21,39,27,
15.1581,38,29,34,36,
15.1595,35,29,38,35,
15.1608,23,26,38,39,
15.1622,6,22,36,35,
15.1635,0,7,25,25,
15.1648,-1,4,26,20,
15.1662,-1,4,26,20,
15.1675,-27,-19,22,20,
15.1689,-18,-10,17,17,
15.1703,-14,3,23,7,
15.1716,14,19,44,29,
15.173,14,19,44,29,
15.1743,21,20,48,35,
15.1757,32,30,56,33,
15.177,31,17,57,48,
15.1783,31,17,57,48,
15.1797,14,21,43,42,
15.181,-12,10,41,33,
15.1824,-12,-4,39,30,
15.1838,-10,-11,37,29,
15.1851,-24,-7,26,24,
15.1865,-9,-23,29,32,
15.1879,3,-4,42,28,
15.1892,3,-4,42,28,
15.1905,31,15,59,42,
15.1919,25,17,56,37,
15.1932,32,25,54,35,
15.1945,26,14,58,35,
15.1959,26,14,58,35,
15.1972,22,9,55,32,
15.1986,-8,3,47,32,
15.2,-18,-7,50,38,
15.2014,-12,-8,45,33,
15.2028,-16,-11,36,22,
15.2041,-24,-16,51,29,
15.2055,-24,-16,51,29,
15.2068,-3,-4,46,37,
15.2082,19,15,53,41,
15.2095,17,21,64,45,
15.2108,27,26,62,45,
15.2122,27,26,62,45,
15.2135,27,14,60,33,
15.2149,13,15,65,25,
15.2163,-2,6,55,24,
15.2177,-21,-19,34,33,
15.2191,-37,-35,29,30,
15.2205,-23,-31,23,20,
15.2218,-2,-34,24,17,
15.2232,-5,-24,35,25,
15.2246,4,-16,44,34,
15.2259,28,0,47,32,
15.2273,28,0,47,32,
15.2287,35,-1,56,33,
15.2302,18,-5,56,42,
15.2316,12,-9,55,46,
15.233,5,-22,61,44,
15.2344,-7,-20,40,39,
15.2358,-16,-33,40,33,
15.2372,-18,-47,39,30,
15.2387,-14,-33,35,27,
15.2401,-9,-13,39,39,
15.2414,-9,-13,39,39,
15.2429,31,-4,46,35,
15.2443,30,-8,50,43,
15.2456,35,-5,65,47,
15.2471,35,-5,65,47,
15.2485,32,5,60,47,
15.2498,16,-16,51,44,
15.2512,9,-13,42,38,
15.2526,-10,-6,48,34,
15.2539,-15,-31,43,31,
15.2553,-15,-31,43,31,
15.2566,-14,-30,45,23,
15.258,-14,-30,45,23,
15.2594,21,6,55,39,
15.2607,19,4,54,39,
15.2621,32,2,56,49,
15.2635,27,7,63,52,
15.2649,27,7,63,52,
15.2662,24,-3,66,42,
15.2676,-3,4,61,39,
15.2689,7,5,61,43,
15.2703,3,8,53,39,
15.2716,-5,-12,37,32,
15.273,-17,-19,27,28,
15.2743,-17,-19,27,28,
15.2757,10,-3,45,49,
15.277,24,13,52,48,
15.2784,33,18,61,42,
15.2798,40,22,67,43,
15.2811,28,18,61,43,
15.2825,36,19,59,42,
15.2838,22,9,59,32,
15.2851,7,-5,56,48,
15.2865,5,-6,58,42,
15.2878,5,-6,58,42,
15.2891,-10,-31,55,37,
15.2905,-17,-43,58,46,
15.2918,-5,-32,54,41,
15.2932,13,-23,53,43,
15.2945,24,-2,64,56,
15.2958,24,-2,64,56,
15.2971,28,6,61,65,
15.2985,25,7,64,68,
15.2998,24,-17,77,61,
15.3011,11,-27,71,63,
15.3024,-5,-33,67,49,
15.3038,-5,-33,67,49,
15.3051,-7,-58,50,38,
15.3064,-14,-53,34,31,
15.3078,-8,-57,28,25,
15.3091,-9,-61,42,29,
15.3105,-4,-57,65,42,
15.3119,-4,-57,65,42,
15.3132,31,-47,63,47,
15.3145,34,-50,70,50,
15.3158,24,-65,69,49,
15.3171,14,-76,68,51,
15.3184,10,-82,68,49,
15.3198,-8,-88,71,48,
15.3212,-8,-101,61,37,
15.3226,-25,-118,64,36,
15.3239,-29,-120,63,41,
15.3252,-29,-120,63,41,
15.3266,-30,-124,60,46,
15.328,-15,-114,65,52,
15.3294,11,-103,73,54,
15.3308,20,-94,75,60,
15.3321,35,-86,82,55,
15.3335,36,-90,82,49,
15.3348,36,-90,82,49,
15.3362,-10,-94,75,57,
15.3375,-8,-90,72,58,
15.3389,2,-87,73,52,
15.3402,-23,-108,44,36,
15.3415,-23,-108,44,36,
15.343,-11,-104,42,31,
15.3444,4,-98,54,42,
15.3457,22,-85,70,48,
15.3471,24,-76,69,55,
15.3484,29,-63,71,66,
15.3497,32,-48,70,83,
15.3511,25,-51,78,81,
15.3524,26,-51,84,71,
15.3538,27,-52,81,58,
15.3551,-2,-63,53,57,
15.3565,-14,-74,49,54,
15.3578,-14,-74,49,54,
15.3592,-12,-72,58,44,
15.3605,-1,-69,52,49,
15.3618,-1,-69,52,49,
15.3632,38,-49,81,53,
15.3646,35,-37,78,58,
15.3659,35,-37,78,58,
15.3673,30,-25,75,70,
15.3686,27,-25,77,60,
15.3699,20,-31,81,59,
15.3713,3,-32,77,56,
15.3727,10,-45,57,44,
15.374,10,-45,57,44,
15.3754,-1,-55,52,35,
15.3767,-11,-54,49,37,
15.3781,-1,-49,54,42,
15.3794,11,-36,62,45,
15.3808,28,-35,68,52,
15.3822,26,-32,72,65,
15.3835,26,-32,72,65,
15.3849,30,-21,82,64,
15.3862,24,-19,78,64,
15.3876,11,-32,68,66,
15.389,-6,-42,63,53,
15.3903,-6,-37,69,45,
15.3917,-18,-31,66,50,
15.3931,-18,-31,66,50,
15.3945,-11,-50,51,32,
15.3958,-1,-48,54,33,
15.3971,17,-35,54,40,
15.3985,43,-23,59,52,
15.3999,42,-32,73,59,
15.4012,42,-32,73,59,
15.4026,30,-23,75,57,
15.404,26,-22,82,52,
15.4053,24,-26,86,44,
15.4067,14,-34,76,42,
15.408,-3,-30,62,49,
15.4093,-3,-30,62,49,
15.4107,-8,-36,54,38,
15.4121,-18,-47,48,27,
15.4134,22,-39,58,53,
15.4147,30,-18,73,59,
15.4161,37,-21,73,65,
15.4174,41,-16,64,60,
15.4187,52,-16,76,53,
15.42,45,-18,85,54,
15.4214,45,-18,85,54,
15.4227,21,-21,78,50,
15.4241,7,-32,70,47,
15.4254,7,-32,70,47,
15.4268,3,-35,56,46,
15.4282,-12,-39,54,49,
15.4296,-12,-42,59,43,
15.431,-1,-35,53,43,
15.4325,10,-33,61,56,
15.4338,34,-19,63,63,
15.4353,38,-4,71,80,
15.4367,28,-9,71,75,
15.438,23,-8,77,64,
15.4394,21,-9,74,48,
15.4408,3,-16,72,52,
15.4422,3,-16,72,52,
15.4436,-9,-25,55,50,
15.445,-7,-40,49,48,
15.4463,-3,-38,52,34,
15.4478,11,-21,59,46,
15.4491,42,-18,67,40,
15.4505,42,-18,67,40,
15.4518,41,-7,66,36,
15.4532,34,-7,65,47,
15.4546,47,-2,65,51,
15.456,44,1,68,51,
15.4573,28,4,52,53,
15.4587,1,-8,49,35,
15.46,-6,-22,37,36,
15.4613,3,-28,33,39,
15.4627,-9,-31,26,30,
15.464,-4,-30,21,22,
15.4654,-5,-21,26,24,
15.4667,21,-20,42,31,
15.4681,35,-17,60,41,
15.4694,40,-2,62,52,
15.4708,43,-2,71,62,
15.4722,34,-2,76,58,
15.4735,29,3,62,55,
15.4749,13,-19,39,32,
15.4763,4,-17,35,30,
15.4776,-4,-26,30,23,
15.479,-4,-26,30,23,
15.4803,-21,-33,26,19,
15.4816,-17,-24,26,23,
15.4829,12,-15,33,31,
15.4843,27,7,32,31,
15.4856,37,18,43,39,
15.487,51,16,51,44,
15.4884,46,16,48,37,
15.4897,35,17,53,32,
15.4911,35,17,53,32,
15.4924,8,4,57,30,
15.4939,5,-9,42,34,
15.4953,6,-10,29,39,
15.4966,-7,-12,21,28,
15.498,-19,-18,26,18,
15.4993,-6,-26,22,22,
15.5007,35,-3,46,44,
15.502,49,10,48,45,
15.5034,49,10,48,45,
15.5048,59,16,57,40,
15.5061,52,16,60,43,
15.5075,52,16,60,43,
15.5088,21,11,38,51,
15.5102,8,5,37,45,
15.5116,-2,9,37,32,
15.5129,-2,9,37,32,
15.5143,-16,-19,24,24,
15.5156,-7,-22,25,22,
15.517,5,-16,31,27,
15.5184,39,6,53,49,
15.5198,39,6,53,49,
15.5211,43,12,50,54,
15.5225,55,16,47,59,
15.5239,54,10,48,57,
15.5252,48,17,47,55,
15.5266,42,9,39,45,
15.528,29,-2,38,32,
15.5293,12,-9,43,33,
15.5306,13,-18,39,44,
15.532,2,-24,27,48,
15.5333,-3,-17,32,43,
15.5347,12,-3,26,35,
15.536,35,5,26,35,
15.5373,29,7,35,42,
15.5387,29,7,35,42,
15.5401,51,27,46,50,
15.5414,43,17,41,57,
15.5428,36,13,33,56,
15.5442,26,9,30,47,
15.5455,8,5,29,38,
15.5468,18,-3,26,50,
15.5482,-5,8,33,40,
15.5495,-11,-7,14,31,
15.5508,4,-1,19,34,
15.5522,4,-1,19,34,
15.5535,24,7,30,40,
15.5549,44,21,43,54,
15.5562,43,22,38,54,
15.5576,40,25,37,51,
15.559,44,11,35,56,
15.5603,34,10,42,51,
15.5616,17,1,49,46,
15.563,1,2,34,43,
15.5643,12,-5,20,32,
15.5656,8,-5,14,34,
15.567,-2,-5,16,31,
15.5684,-7,-7,22,35,
15.5697,14,-8,33,33,
15.571,14,-8,33,33,
15.5724,41,11,46,55,
15.5737,43,22,41,64,
15.5751,58,22,39,68,
15.5765,34,20,40,61,
15.5779,23,11,38,49,
15.5793,23,11,38,49,
15.5806,25,9,29,44,
15.582,9,6,30,46,
15.5833,-6,0,27,41,
15.5846,0,-17,16,36,
15.586,7,-16,21,36,
15.5874,18,-3,26,41,
15.5887,18,-3,26,41,
15.5901,40,19,37,49,
15.5914,54,14,43,51,
15.5928,48,10,42,50,
15.5941,35,2,26,55,
15.5955,35,2,26,55,
15.5969,14,0,26,58,
15.5982,14,0,26,58,
15.5996,-12,-21,22,59,
15.601,-25,-26,20,54,
15.6023,-20,-24,24,37,
15.6037,-3,-17,29,31,
15.6051,15,-16,22,34,
15.6064,42,-14,25,45,
15.6078,44,8,32,42,
15.6092,49,10,27,57,
15.6105,37,8,27,63,
15.6119,35,1,26,66,
15.6132,20,5,29,58,
15.6145,4,2,16,53,
15.6159,4,2,16,53,
15.6172,5,-23,3,41,
15.6186,1,-33,0,33,
15.62,1,-33,0,33,
15.6213,6,-16,3,46,
15.6227,14,-17,22,47,
15.624,34,-4,36,47,
15.6254,53,26,36,47,
15.6268,53,26,36,47,
15.6281,47,14,33,54,
15.6295,37,-8,27,60,
15.631,10,-17,12,62,
15.6324,3,-17,18,55,
15.6338,1,-12,12,53,
15.6352,1,-12,12,53,
15.6366,1,-23,-3,42,
15.6379,6,-29,12,40,
15.6393,10,-17,17,36,
15.6406,34,-13,20,40,
15.6419,40,-9,17,52,
15.6433,45,-4,21,63,
15.6447,46,14,28,72,
15.6461,41,15,23,66,
15.6475,35,16,20,59,
15.6488,13,-4,18,53,
15.6502,12,-20,8,42,
15.6516,-6,-29,1,39,
15.6529,-6,-29,1,39,
15.6543,-10,-32,1,37,
15.6556,-4,-17,10,46,
15.657,13,1,11,46,
15.6584,37,8,17,52,
15.6597,49,7,19,55,
15.661,53,8,24,65,
15.6624,53,8,24,65,
15.6637,52,3,29,79,
15.665,26,1,15,75,
15.6663,8,-14,2,67,
15.6677,17,-17,4,63,
15.6691,17,-17,4,63,
15.6705,-12,-26,-5,44,
15.6718,-2,-23,-5,44,
15.6731,4,-13,-1,38,
15.6745,35,5,9,56,
15.6759,35,5,9,56,
15.6773,44,4,13,59,
15.6786,60,8,22,62,
15.68,65,5,25,74,
15.6814,61,-7,12,79,
15.6827,32,-15,17,68,
15.6841,1,-24,14,59,
15.6854,-2,-15,0,60,
15.6868,-7,-21,-13,59,
15.6882,-6,-36,-12,56,
15.6895,-10,-35,-13,47,
15.6909,4,-24,-9,47,
15.6923,22,-14,-9,54,
15.6936,31,-13,7,70,
15.695,31,-5,17,78,
15.6964,46,16,21,89,
15.6977,45,19,16,90,
15.6991,42,13,15,80,
15.7005,13,-14,4,65,
15.7018,10,-15,4,65,
15.7032,10,-15,4,65,
15.7045,1,-19,-19,60,
15.7059,1,-23,-26,61,
15.7073,9,-20,-20,60,
15.7086,20,-8,-4,59,
15.71,48,0,-2,68,
15.7113,48,0,-2,68,
15.7127,59,9,-7,73,
15.714,54,19,3,73,
15.7154,57,18,8,77,
15.7167,46,8,6,77,
15.718,11,-18,-4,74,
15.7194,11,-18,-4,74,
15.7208,5,-11,-8,63,
15.7221,-15,-16,-10,45,
15.7235,-5,-21,-20,40,
15.7248,0,-18,-19,47,
15.7263,16,-20,-7,54,
15.7277,34,-5,0,64,
15.7291,47,10,14,79,
15.7304,47,14,9,82,
15.7318,65,21,11,81,
15.7331,46,23,16,75,
15.7345,42,13,16,63,
15.7359,16,1,11,59,
15.7373,21,-10,-2,52,
15.7387,21,-10,-2,52,
15.7401,-8,-26,-21,49,
15.7414,-14,-21,-25,45,
15.7428,-5,-3,-15,42,
15.7441,16,2,-4,53,
15.7454,31,11,5,64,
15.7468,48,20,0,70,
15.7481,57,19,11,66,
15.7495,56,17,2,64,
15.7508,45,19,5,62,
15.7522,20,-3,-4,63,
15.7536,20,-3,-4,63,
15.755,4,-17,-4,52,
15.7563,-2,-15,4,51,
15.7577,-14,-14,-9,29,
15.759,3,-17,-22,35,
15.7604,11,-1,-11,42,
15.7618,22,8,0,41,
15.7631,31,21,10,46,
15.7645,35,27,4,50,
15.7658,59,20,10,64,
15.7672,39,11,4,66,
15.7686,39,11,4,66,
15.7699,28,7,-2,53,
15.7713,19,7,-3,45,
15.7726,5,11,2,42,
15.7739,-5,9,0,34,
15.7752,-13,-14,-1,28,
15.7766,3,-16,-6,35,
15.7779,18,-17,-6,33,
15.7793,26,-3,3,32,
15.7807,41,10,20,52,
15.782,45,20,21,56,
15.7834,44,10,21,61,
15.7847,54,9,17,64,
15.7861,50,9,10,71,
15.7874,50,9,10,71,
15.7888,6,2,1,58,
15.7901,4,-1,-1,51,
15.7915,-12,-11,0,34,
15.7928,-11,-16,3,30,
15.7942,-1,-5,8,33,
15.7955,11,2,7,34,
15.7969,29,9,21,40,
15.7983,50,22,22,48,
15.7997,50,22,22,48,
15.801,63,25,27,55,
15.8024,32,8,20,55,
15.8038,32,11,9,50,
15.8051,32,11,9,50,
15.8064,14,12,15,48,
15.8078,-2,-5,7,30,
15.8091,-2,-5,7,30,
15.8105,-15,-15,3,33,
15.8119,8,-6,3,35,
15.8132,35,2,9,36,
15.8146,43,6,9,50,
15.8159,46,25,8,60,
15.8172,54,28,18,61,
15.8186,57,27,19,50,
15.8199,48,24,14,49,
15.8213,38,25,5,40,
15.8226,23,21,4,40,
15.824,18,19,3,45,
15.8253,10,14,2,44,
15.8266,-4,-4,-1,31,
15.828,1,-11,2,28,
15.8293,26,3,14,38,
15.8307,35,22,19,42,
15.832,44,30,14,45,
15.8334,58,23,24,49,
15.835,58,23,24,49,
15.8365,62,33,30,60,
15.8379,29,12,28,71,
15.8393,19,14,18,71,
15.8406,17,17,12,61,
15.842,14,13,17,51,
15.8434,-10,3,12,40,
15.8448,-7,-8,9,30,
15.8462,18,4,3,32,
15.8475,18,4,3,32,
15.8489,39,8,11,30,
15.8503,56,16,16,56,
15.8516,73,31,25,57,
15.853,73,31,25,57,
15.8543,36,33,30,51,
15.8557,26,30,16,56,
15.857,21,26,6,44,
15.8584,1,14,1,33,
15.8598,0,9,5,28,
15.8611,-2,7,4,21,
15.8625,-2,7,4,21,
15.8639,7,12,12,27,
15.8652,24,17,14,38,
15.8666,39,24,12,43,
15.8679,54,35,27,55,
15.8692,54,35,27,55,
15.8706,68,36,28,59,
15.872,62,26,22,56,
15.8733,30,21,17,46,
15.8747,20,11,6,41,
15.8761,13,2,13,34,
15.8774,-10,10,15,30,
15.8788,-10,10,15,30,
15.8802,-12,11,4,34,
15.8815,6,7,3,22,
15.8828,34,16,18,32,
15.8842,46,25,28,37,
15.8855,51,27,33,39,
15.8869,71,24,24,44,
15.8882,70,26,16,44,
15.8896,58,30,12,46,
15.891,37,19,14,41,
15.8923,20,5,16,29,
15.8937,1,6,12,31,
15.895,-10,7,4,40,
15.8964,-4,1,-4,34,
15.8977,-7,3,-5,25,
15.8991,27,29,23,33,
15.9005,42,23,30,31,
15.9018,44,25,18,38,
15.9032,44,25,18,38,
15.9046,42,41,22,47,
15.906,43,38,31,49,
15.9073,35,24,30,42,
15.9087,26,20,14,41,
15.91,26,8,13,39,
15.9114,16,3,8,31,
15.9127,3,0,10,27,
15.9141,-5,12,6,18,
15.9154,6,6,5,17,
15.9168,45,16,13,35,
15.9182,54,17,18,35,
15.9195,54,17,18,35,
15.9209,62,27,18,28,
15.9223,76,36,18,45,
15.9236,67,34,18,43,
15.925,46,34,22,34,
15.9263,22,11,9,41,
15.9276,11,8,6,42,
15.929,11,8,6,42,
15.9303,-10,8,-1,18,
15.9317,-11,2,3,21,
15.933,4,4,11,21,
15.9344,35,12,22,19,
15.9358,50,22,34,26,
15.9371,60,21,30,42,
15.9386,60,21,30,42,
15.9399,60,47,29,53,
15.9413,40,38,27,46,
15.9426,20,24,28,32,
15.944,22,17,20,28,
15.9453,9,14,18,33,
15.9467,12,4,15,36,
15.9481,-2,1,8,22,
15.9494,-1,3,7,16,
15.9508,14,6,10,23,
15.9521,27,23,10,33,
15.9535,27,23,10,33,
15.9549,38,36,13,35,
15.9563,67,40,33,48,
15.9576,65,27,25,48,
15.959,41,18,23,49,
15.9604,25,21,17,47,
15.9617,12,16,15,39,
15.9631,15,19,21,34,
15.9645,-2,6,22,26,
15.9658,5,7,12,27,
15.9672,16,12,17,22,
15.9686,32,15,21,25,
15.9699,32,15,21,25,
15.9713,50,23,28,33,
15.9726,44,23,29,37,
15.974,56,21,26,47,
15.9753,42,41,22,49,
15.9766,23,32,23,45,
15.978,23,32,23,45,
15.9793,15,15,16,31,
15.9807,20,18,13,34,
15.982,1,12,15,21,
15.9833,14,2,8,24,
15.9847,14,2,8,24,
15.986,14,12,0,28,
15.9874,14,12,0,28,
15.9887,40,30,23,37,
15.9901,43,46,26,33,
15.9914,51,51,28,40,
15.9928,27,42,24,36,
15.9942,27,42,24,36,
15.9955,21,40,18,32,
15.9969,28,3,20,22,
15.9983,17,0,10,23,
15.9997,17,0,10,23,
16.001,3,-6,9,16,
16.0024,8,5,0,23,
16.0037,8,5,0,23,
16.0051,25,24,5,30,
16.0065,59,35,34,38,
16.0078,68,37,35,36,
16.0092,52,25,23,36,
16.0105,45,28,16,30,
16.0119,33,26,24,25,
16.0132,16,11,28,22,
16.0146,16,14,18,26,
16.0159,13,20,9,21,
16.0173,2,11,11,24,
16.0186,-1,8,11,24,
16.02,16,17,10,16,
16.0214,31,19,15,20,
16.0227,44,15,27,22,
16.0241,64,31,27,35,
16.0255,68,41,27,43,
16.0269,68,41,27,43,
16.0284,49,21,27,30,
16.0298,37,19,15,23,
16.0313,37,19,15,23,
16.0327,23,8,20,22,
16.0341,16,11,16,25,
16.0355,12,1,15,20,
16.0369,31,22,16,17,
16.0383,31,22,16,17,
16.0398,51,39,15,31,
16.0411,51,39,15,31,
16.0425,64,34,11,36,
16.0438,51,33,33,38,
16.0451,44,23,30,42,
16.0465,41,27,29,40,
16.0478,41,26,23,25,
16.0492,23,13,16,15,
16.0506,16,8,14,22,
16.0519,-4,10,12,21,
16.0532,4,15,4,7,
16.0546,7,27,8,7,
16.056,37,27,10,23,
16.0573,46,33,18,27,
16.0587,56,40,17,31,
16.0601,70,38,21,27,
16.0614,66,31,13,36,
16.0628,50,25,21,39,
16.0641,50,25,21,39,
16.0654,36,26,21,30,
16.0668,22,13,7,26,
16.0681,4,16,0,15,
16.0695,11,6,-12,4,
16.0709,17,-1,-3,5,
16.0723,19,17,3,14,
16.0737,19,17,3,14,
16.075,50,26,26,25,
16.0764,65,33,19,36,
16.0777,79,39,15,30,
16.0791,50,26,26,23,
16.0805,42,26,10,22,
16.0818,42,26,10,22,
16.0832,31,20,15,20,
16.0846,19,25,9,13,
16.086,0,16,3,16,
16.0873,10,4,-6,18,
16.0886,30,8,-3,16,
16.09,30,8,-3,16,
16.0914,40,21,7,23,
16.0927,63,21,20,18,
16.094,80,41,27,26,
16.0954,70,37,24,29,
16.0967,52,34,15,25,
16.098,45,20,21,28,
16.0993,32,6,18,31,
16.1007,32,6,18,31,
16.102,24,5,5,17,
16.1034,15,-3,12,7,
16.1048,14,9,19,5,
16.1062,45,16,-2,21,
16.1075,45,16,-2,21,
16.1089,64,25,5,31,
16.1103,68,32,21,32,
16.1116,63,30,22,25,
16.113,81,31,23,28,
16.1144,85,21,21,28,
16.1158,59,25,24,19,
16.1171,59,25,24,19,
16.1185,43,23,19,16,
16.1199,21,23,11,0,
16.1212,21,11,-3,2,
16.1226,21,19,-3,4,
16.124,43,24,8,14,
16.1253,43,24,8,14,
16.1266,43,24,8,14,
16.128,70,32,10,27,
16.1293,81,37,16,25,
16.1307,70,43,15,20,
16.132,67,37,11,29,
16.1334,55,29,14,27,
16.1347,38,21,12,14,
16.1361,41,22,11,7,
16.1375,21,18,10,10,
16.1389,5,15,8,10,
16.1402,10,8,0,12,
16.1415,30,12,0,12,
16.1429,30,12,0,12,
16.1442,60,22,10,19,
16.1455,70,34,16,17,
16.1469,79,33,25,19,
16.1482,78,25,23,17,
16.1496,78,25,23,17,
16.1509,64,28,19,19,
16.1524,41,31,21,16,
16.1538,29,19,14,18,
16.1551,20,0,2,0,
16.1565,27,7,0,-1,
16.1579,27,7,0,-1,
16.1593,46,11,0,2,
16.1606,52,27,2,7,
16.162,62,40,16,12,
16.1633,71,39,26,15,
16.1647,63,36,23,13,
16.1661,61,38,18,17,
16.1675,61,38,18,17,
16.1689,31,23,19,-1,
16.1702,31,11,16,3,
16.1715,23,14,7,3,
16.1728,9,18,3,-5,
16.1742,15,22,10,-9,
16.1756,15,22,10,-9,
16.1769,33,22,8,3,
16.1783,58,26,16,0,
16.1797,79,32,20,-3,
16.181,76,36,22,9,
16.1824,82,43,25,15,
16.1838,72,34,26,14,
16.1851,50,32,27,8,
16.1865,34,21,9,8,
16.1878,36,20,0,-3,
16.1892,19,13,5,-5,
16.1905,26,7,11,-9,
16.1919,26,7,11,-9,
16.1932,28,23,5,-17,
16.1946,45,17,13,-7,
16.1959,66,30,18,1,
16.1972,71,38,20,3,
16.1985,69,47,31,4,
16.1999,76,44,32,4,
16.2012,68,35,29,1,
16.2025,58,35,31,-1,
16.2039,58,35,31,-1,
16.2052,39,24,5,-7,
16.2066,38,14,6,-10,
16.208,32,0,3,-17,
16.2093,32,-3,4,-22,
16.2107,34,21,12,-25,
16.2121,44,26,15,-22,
16.2135,73,50,26,-4,
16.2149,74,40,35,6,
16.2162,75,28,27,11,
16.2176,65,27,26,7,
16.219,65,27,26,7,
16.2203,57,32,31,3,
16.2217,31,30,14,-16,
16.223,35,32,8,-6,
16.2244,10,23,14,-10,
16.2258,10,23,14,-10,
16.2272,8,12,4,-18,
16.2285,25,20,12,-18,
16.2299,52,31,20,-16,
16.2316,70,36,15,-5,
16.2331,81,30,11,6,
16.2346,89,32,27,2,
16.236,77,38,33,8,
16.2374,54,45,29,-8,
16.2388,37,29,19,-3,
16.2402,27,25,19,-8,
16.2416,29,28,11,-10,
16.243,24,10,-1,-17,
16.2443,18,17,5,-20,
16.2457,51,29,13,-7,
16.2471,65,40,26,-6,
16.2485,75,35,16,-10,
16.2499,83,28,21,-4,
16.2512,83,28,21,-4,
16.2526,84,38,17,2,
16.254,43,33,21,2,
16.2553,46,29,21,-8,
16.2567,35,36,11,-10,
16.258,27,30,8,-17,
16.2594,27,30,8,-17,
16.2608,23,27,8,-24,
16.2622,12,23,13,-16,
16.2635,39,48,11,-2,
16.2649,39,48,11,-2,
16.2662,49,57,22,-7,
16.2676,73,46,33,-8,
16.2689,78,49,26,-6,
16.2703,64,38,25,-2,
16.2717,57,29,18,4,
16.273,44,28,13,-4,
16.2744,36,26,17,-4,
16.2757,26,26,19,-6,
16.2771,14,25,6,-18,
16.2784,15,13,-1,-27,
16.2797,26,14,8,-24,
16.281,43,32,16,-17,
16.2824,56,44,20,-4,
16.2837,56,44,20,-4,
16.2851,55,46,27,-8,
16.2865,66,44,20,3,
16.2879,58,44,20,3,
16.2892,51,43,10,0,
16.2906,35,24,9,-10,
16.2919,35,24,9,-10,
16.2933,26,26,11,-8,
16.2946,21,17,20,-17,
16.296,25,22,21,-25,
16.2973,25,22,21,-25,
16.2987,58,41,21,-11,
16.3001,58,41,21,-11,
16.3014,62,47,25,-3,
16.3028,74,52,30,-2,
16.3041,83,50,27,9,
16.3055,68,55,23,-5,
16.3068,59,44,14,-14,
16.3082,39,38,19,-6,
16.3096,30,38,19,-3,
16.3112,22,33,11,-18,
16.3126,17,35,8,-30,
16.314,26,32,17,-21,
16.3153,43,35,21,-21,
16.3167,43,35,21,-21,
16.3181,62,44,25,-10,
16.3195,72,65,37,-17,
16.3209,70,60,41,-11,
16.3222,77,43,34,-10,
16.3236,70,42,24,-5,
16.325,55,37,22,-14,
16.3263,41,32,25,-15,
16.3277,21,37,17,-18,
16.329,16,33,17,-27,
16.3304,16,33,22,-26,
16.3318,22,25,21,-24,
16.3331,29,33,8,-17,
16.3345,47,49,16,-10,
16.3359,60,48,18,-4,
16.3372,84,60,31,8,
16.3386,80,57,26,7,
16.34,67,51,23,-7,
16.3413,48,46,21,-9,
16.3427,24,45,16,-10,
16.344,24,45,16,-10,
16.3453,21,34,24,-23,
16.3467,27,24,19,-18,
16.3481,23,23,14,-9,
16.3494,33,36,13,-17,
16.3508,42,34,12,-10,
16.3522,48,40,16,-1,
16.3535,50,57,17,-3,
16.3549,78,58,31,-1,
16.3563,81,53,31,5,
16.3576,81,53,31,5,
16.359,58,43,25,-5,
16.3603,38,35,22,-6,
16.3617,34,24,25,0,
16.3631,17,19,30,-4,
16.3644,11,31,16,-19,
16.3658,11,31,16,-19,
16.3672,19,36,22,-19,
16.3686,47,39,24,-8,
16.3699,51,49,22,-6,
16.3713,65,57,33,0,
16.3727,61,54,22,1,
16.374,61,54,22,1,
16.3754,49,47,20,0,
16.3767,39,39,16,1,
16.3781,27,30,13,-1,
16.3794,31,35,18,-5,
16.3808,13,30,12,-6,
16.3821,11,30,10,-8,
16.3835,16,34,16,-12,
16.3849,31,41,17,-4,
16.3862,47,54,36,-11,
16.3876,60,60,34,-5,
16.389,71,54,28,7,
16.3903,61,48,17,6,
16.3917,61,48,17,6,
16.3931,48,52,23,9,
16.3944,37,42,21,-9,
16.3958,35,35,23,-6,
16.3971,23,26,17,-1,
16.3985,7,23,21,-4,
16.3999,16,28,27,-12,
16.4012,19,37,19,-14,
16.4027,31,35,18,-9,
16.404,60,44,19,-7,
16.4053,76,40,20,3,
16.4067,76,40,20,3,
16.408,76,42,25,20,
16.4093,62,52,23,11,
16.4107,45,59,30,1,
16.4121,40,56,25,-2,
16.4134,17,36,23,-14,
16.4147,-1,33,20,-18,
16.4161,-1,33,20,-18,
16.4174,12,36,16,-16,
16.4187,15,39,11,-12,
16.4201,37,41,20,-6,
16.4214,54,49,19,6,
16.4228,65,48,26,16,
16.4242,65,48,26,16,
16.4255,68,52,24,21,
16.427,47,47,24,1,
16.4283,31,43,30,1,
16.4297,18,39,30,-2,
16.431,6,32,22,-9,
16.4324,6,32,22,-9,
16.4338,3,19,14,-10,
16.4352,7,26,29,-10,
16.4365,33,27,25,-1,
16.4378,42,40,28,2,
16.4392,42,40,28,2,
16.4406,40,49,27,-1,
16.442,67,47,31,-1,
16.4434,55,49,33,11,
16.4451,53,50,29,-2,
16.4466,31,40,22,-6,
16.448,25,30,11,-4,
16.4494,25,30,11,-4,
16.4508,10,21,11,-6,
16.4521,12,25,5,-13,
16.4534,22,26,11,-15,
16.4548,50,47,20,-7,
16.4562,72,53,33,8,
16.4575,74,50,34,10,
16.4588,74,50,34,10,
16.4602,72,49,23,10,
16.4615,69,40,20,15,
16.4628,53,38,28,13,
16.4642,26,37,19,-8,
16.4655,26,37,19,-8,
16.4669,26,37,19,-8,
16.4682,22,30,13,-8,
16.4696,21,18,8,-9,
16.4709,25,21,13,-1,
16.4723,41,34,16,10,
16.4736,64,44,22,14,
16.4749,64,44,22,14,
16.4763,63,50,32,25,
16.4777,39,36,24,22,
16.479,19,35,25,19,
16.4804,19,35,25,19,
16.4818,7,32,27,9,
16.4832,13,12,17,11,
16.4845,13,12,17,11,
16.4858,4,8,14,4,
16.4872,1,17,14,-2,
16.4886,3,19,21,-3,
16.4899,18,21,31,3,
16.4913,46,44,32,12,
16.4926,46,44,32,12,
16.494,42,45,41,13,
16.4953,39,36,33,16,
16.4967,27,29,23,12,
16.498,16,32,29,17,
16.4994,0,28,28,13,
16.5007,-11,24,20,5,
16.5021,-29,10,25,-4,
16.5035,-14,1,20,-10,
16.5048,-2,12,23,-8,
16.5062,6,27,28,-2,
16.5076,19,35,33,7,
16.5089,32,40,35,20,
16.5103,32,40,35,20,
16.5116,51,40,38,33,
16.513,36,36,38,19,
16.5143,8,32,37,17,
16.5157,-6,32,27,7,
16.5171,3,21,27,10,
16.5185,2,17,20,12,
16.5198,-23,10,20,4,
16.5212,-26,11,20,1,
16.5226,-16,18,16,-2,
16.524,-5,20,25,2,
16.5253,18,32,23,5,
16.5267,21,41,34,6,
16.5281,30,46,38,12,
16.5295,43,39,34,25,
16.5309,13,38,38,20,
16.5322,13,30,25,7,
16.5336,-2,30,18,5,
16.5349,-3,20,19,13,
16.5363,-23,20,8,8,
16.5377,-29,17,8,3,
16.539,-18,20,16,4,
16.5404,-9,33,28,1,
16.5417,19,34,31,10,
16.5431,24,36,25,17,
16.5445,34,44,24,12,
16.5459,40,38,29,14,
16.5473,35,41,32,16,
16.5486,6,42,29,23,
16.55,-2,31,25,23,
16.5514,-11,14,27,12,
16.5527,-20,25,28,5,
16.5541,-20,25,28,5,
16.5554,-27,27,17,-3,
16.5568,0,15,25,0,
16.5581,14,26,25,16,
16.5595,22,39,24,22,
16.5609,22,39,24,22,
16.5622,31,34,28,11,
16.5636,46,35,23,15,
16.565,38,38,28,24,
16.5664,6,39,27,12,
16.5677,-9,32,28,4,
16.5691,-9,32,28,4,
16.5705,-14,27,22,2,
16.5719,-13,13,8,-6,
16.5732,-28,3,9,-8,
16.5746,5,22,21,10,
16.5759,22,42,21,16,
16.5773,32,32,20,17,
16.5786,35,27,25,23,
16.5799,35,31,32,31,
16.5812,29,43,27,22,
16.5826,29,43,27,22,
16.5839,13,39,19,19,
16.5853,9,33,20,19,
16.5866,-4,32,19,25,
16.5879,-19,14,21,28,
16.5893,-25,7,6,15,
16.5906,-25,16,1,-1,
16.592,-11,19,2,0,
16.5934,19,32,23,20,
16.5947,19,32,23,20,
16.5961,18,31,30,21,
16.5975,35,42,27,26,
16.5987,31,45,32,27,
16.6001,28,48,39,30,
16.6014,25,34,33,26,
16.6028,-2,25,20,15,
16.6042,-2,25,20,15,
16.6055,-7,23,11,16,
16.6069,-29,15,22,-3,
16.6082,-23,20,21,-3,
16.6096,-3,27,25,1,
16.6109,22,32,32,12,
16.6123,22,32,32,12,
16.6136,28,34,28,19,
16.615,38,44,30,29,
16.6164,24,45,24,33,
16.6178,8,41,32,34,
16.6192,-3,43,29,32,
16.6206,0,45,23,19,
16.622,8,31,20,7,
16.6233,-17,18,11,-6,
16.6247,-22,20,19,-3,
16.6261,-14,22,22,-2,
16.6275,2,23,16,4,
16.6289,2,23,16,4,
16.6303,25,31,24,23,
16.6316,38,40,20,20,
16.633,36,45,20,28,
16.6344,33,51,28,21,
16.6359,19,41,29,18,
16.6373,6,41,21,23,
16.6387,-3,36,22,21,
16.6401,-11,30,24,20,
16.6415,-23,31,7,15,
16.6429,-16,30,6,5,
16.6443,3,39,14,6,
16.6457,3,39,14,6,
16.6472,16,48,20,10,
16.6487,24,52,25,31,
16.65,33,55,33,25,
16.6514,24,44,30,14,
16.6527,2,41,33,13,
16.6541,2,41,33,13,
16.6555,-21,38,19,10,
16.6568,-32,28,11,24,
16.6582,-39,18,11,9,
16.6596,-31,24,9,3,
16.6609,-31,24,9,3,
16.6623,-15,28,16,5,
16.6637,6,31,19,13,
16.6651,25,46,31,29,
16.6665,21,51,30,21,
16.6679,10,51,33,28,
16.6692,18,55,43,30,
16.6706,-3,42,36,17,
16.672,-17,37,19,11,
16.6734,-24,35,26,13,
16.6747,-23,39,21,5,
16.6761,-21,25,14,4,
16.6774,-21,25,14,4,
16.6788,-32,17,11,-1,
16.6802,-8,31,13,2,
16.6815,21,44,19,15,
16.6829,29,51,29,22,
16.6842,26,44,35,26,
16.6856,5,56,35,22,
16.687,2,54,34,22,
16.6884,-13,49,25,18,
16.6898,-13,49,25,18,
16.6912,-16,42,20,23,
16.6925,-40,34,17,22,
16.6938,-51,37,9,15,
16.6951,-46,39,10,11,
16.6965,-19,42,17,9,
16.6979,1,44,24,5,
16.6993,16,59,23,28,
16.7007,16,59,23,28,
16.7021,27,59,27,23,
16.7034,14,55,37,25,
16.7048,4,50,37,19,
16.7062,4,50,37,19,
16.7075,-15,38,38,9,
16.7089,-32,50,17,7,
16.7102,-33,41,8,-6,
16.7116,-26,35,20,-11,
16.7129,-9,39,29,3,
16.7143,-9,39,29,3,
16.7157,-9,39,29,3,
16.717,14,49,27,13,
16.7184,27,56,40,12,
16.7198,32,66,49,8,
16.7212,10,63,44,17,
16.7225,-2,43,43,21,
16.7239,-23,41,38,16,
16.7252,-23,41,38,16,
16.7266,-25,40,23,19,
16.728,-39,43,24,10,
16.7293,-44,44,27,-6,
16.7307,-10,58,23,-10,
16.732,-1,55,30,6,
16.7334,17,60,27,14,
16.7348,20,67,22,11,
16.7361,20,80,34,14,
16.7375,18,79,28,19,
16.7388,4,53,32,14,
16.7402,4,53,32,14,
16.7416,-8,50,31,11,
16.7429,-18,58,21,15,
16.7443,-34,54,25,17,
16.7456,-38,42,22,5,
16.747,-22,42,27,-3,
16.7484,-6,50,20,11,
16.7497,1,59,22,13,
16.7511,1,59,22,13,
16.7525,12,75,45,12,
16.7539,12,79,57,25,
16.7552,12,79,57,25,
16.7566,3,77,30,25,
16.7579,-9,71,33,17,
16.7593,-9,71,33,17,
16.7607,-25,75,30,11,
16.762,-26,58,31,17,
16.7634,-38,61,28,10,
16.7647,-46,63,17,7,
16.7661,-34,66,13,4,
16.7675,-2,77,30,15,
16.7689,3,88,39,25,
16.7702,19,98,40,20,
16.7716,16,96,43,17,
16.773,16,96,43,17,
16.7743,-13,82,35,25,
16.7757,-13,82,35,25,
16.7771,-23,69,39,16,
16.7784,-29,68,27,23,
16.7798,-40,65,25,11,
16.7811,-41,65,33,-1,
16.7825,-36,61,32,0,
16.7839,-13,66,28,3,
16.7852,-1,81,24,14,
16.7866,5,87,36,18,
16.788,4,89,51,18,
16.7893,6,93,59,25,
16.7907,16,92,48,28,
16.792,9,89,36,21,
16.7933,0,81,24,19,
16.7946,-21,74,19,12,
16.796,-40,63,23,-3,
16.7973,-36,58,18,1,
16.7987,-32,58,15,-5,
16.8001,-32,58,15,-5,
16.8015,-3,71,24,9,
16.8028,-1,67,31,12,
16.8042,-1,67,31,12,
16.8055,10,88,42,23,
16.8068,11,89,45,13,
16.8082,11,89,45,13,
16.8095,-3,82,43,14,
16.8109,-15,60,25,4,
16.8122,-18,63,21,8,
16.8135,-30,57,16,1,
16.8149,-30,53,24,-9,
16.8162,-26,47,19,-4,
16.8175,-25,63,18,-5,
16.8189,-20,63,22,2,
16.8203,-7,67,25,15,
16.8217,3,73,36,24,
16.8231,19,87,44,28,
16.8244,19,87,44,20,
16.8258,11,73,34,18,
16.8272,0,66,25,8,
16.8287,-7,56,25,10,
16.8301,-7,58,18,11,
16.8316,-34,45,12,0,
16.833,-47,58,21,-7,
16.8344,-46,60,29,-8,
16.8358,-37,74,33,-11,
16.8371,-16,89,27,-2,
16.8385,-11,99,31,7,
16.8399,12,119,54,10,
16.8412,12,119,54,10,
16.8428,12,107,43,15,
16.8442,-11,80,31,18,
16.8456,-32,69,23,10,
16.8469,-40,61,26,-5,
16.8483,-42,55,15,-7,
16.8496,-47,60,22,-12,
16.8509,-47,65,21,-5,
16.8523,-40,73,15,6,
16.8536,-32,73,29,2,
16.8549,-5,85,43,-3,
16.8563,-3,96,49,-3,
16.8576,3,94,41,14,
16.859,-3,90,36,23,
16.8603,-3,90,36,23,
16.8616,-23,76,25,20,
16.863,-32,63,26,8,
16.8643,-47,61,27,-3,
16.8657,-46,54,24,-3,
16.867,-42,50,39,-10,
16.8684,-42,50,39,-10,
16.8698,-43,59,39,-4,
16.8712,-5,65,35,13,
16.8725,1,67,39,16,
16.8738,11,77,45,23,
16.8752,12,75,48,24,
16.8766,6,77,36,29,
16.8779,0,69,23,23,
16.8792,-17,62,18,12,
16.8806,-43,58,19,9,
16.882,-41,55,25,10,
16.8833,-52,58,29,3,
16.8847,-61,53,17,2,
16.8861,-55,39,11,0,
16.8874,-32,46,14,-3,
16.8888,-19,59,29,13,
16.8901,-17,56,42,12,
16.8915,-1,57,44,19,
16.8929,-1,60,49,25,
16.8943,-1,60,49,25,
16.8957,-4,53,48,28,
16.8971,-29,38,21,13,
16.8985,-36,29,23,3,
16.8999,-43,23,32,5,
16.9012,-49,17,23,4,
16.9026,-53,24,25,-9,
16.904,-45,36,24,-5,
16.9053,-1,58,38,-1,
16.9066,-5,48,47,12,
16.908,-5,48,47,12,
16.9093,6,44,45,22,
16.9107,9,41,48,25,
16.912,1,41,48,21,
16.9134,3,34,44,9,
16.9147,-22,22,34,9,
16.9161,-22,22,34,9,
16.9174,-34,13,31,6,
16.9188,-42,11,25,3,
16.9202,-26,19,27,5,
16.9215,-22,22,35,11,
16.9228,0,33,33,13,
16.9242,10,36,35,19,
16.9255,8,40,45,24,
16.9269,12,45,44,28,
16.9282,7,50,47,30,
16.9296,6,42,48,31,
16.931,6,42,48,31,
16.9324,-4,37,33,21,
16.9337,-12,32,29,12,
16.9351,-29,11,27,4,
16.9365,-39,12,15,9,
16.9378,-25,8,34,12,
16.9392,-25,8,34,12,
16.9406,-10,13,34,15,
16.9419,12,36,49,16,
16.9433,16,34,49,25,
16.9447,19,41,46,28,
16.946,12,34,46,33,
16.9474,2,29,46,27,
16.9487,2,29,46,27,
16.9501,-2,16,45,27,
16.9515,-25,12,40,29,
16.9528,-37,11,32,27,
16.9542,-30,7,22,22,
16.9556,-30,7,22,22,
16.957,-24,14,21,21,
16.9583,6,30,36,31,
16.9597,22,26,55,28,
16.9611,22,26,55,28,
16.9625,34,32,56,23,
16.9638,8,31,37,28,
16.9652,8,31,37,28,
16.9666,-6,27,41,22,
16.968,-12,26,27,25,
16.9694,-13,23,29,21,
16.9708,-29,18,29,14,
16.9721,-19,16,30,18,
16.9735,-6,25,26,24,
16.9748,0,29,33,26,
16.9762,13,28,37,31,
16.9775,27,42,40,29,
16.9789,35,47,46,33,
16.9802,24,49,44,39,
16.9816,18,47,35,34,
16.983,2,46,27,31,
16.9844,-8,27,32,29,
16.9858,-13,20,26,21,
16.9871,-23,14,17,21,
16.9884,-36,23,25,24,
16.9897,-16,21,25,25,
16.9911,-16,21,25,25,
16.9924,1,30,26,23,
16.9937,29,48,41,20,
16.9951,27,47,46,29,
16.9965,25,42,50,33,
16.9978,14,41,52,29,
16.9992,9,51,54,34,
17.0005,-4,36,41,26,
17.0019,-15,19,34,24,
17.0033,-21,21,37,16,
17.0047,-19,22,39,5,
17.006,-20,28,37,8,
17.0074,-9,27,31,11,
17.0087,-9,27,31,11,
17.0101,2,27,28,32,
17.0114,33,43,57,21,
17.0129,49,54,54,22,
17.0142,37,56,46,19,
17.0156,27,54,46,29,
17.017,9,43,52,33,
17.0183,9,43,52,33,
17.0197,-2,32,44,33,
17.0211,-13,22,32,23,
17.0225,-37,11,21,17,
17.0238,-39,18,26,24,
17.0252,-36,28,39,17,
17.0265,-11,32,48,20,
17.0279,15,41,61,30,
17.0293,27,45,71,32,
17.0307,32,38,62,43,
17.0321,22,38,65,38,
17.0334,23,35,68,39,
17.0348,23,35,68,39,
17.0362,-2,24,65,39,
17.0375,-5,10,40,30,
17.039,-15,-7,43,29,
17.0403,-33,-11,46,27,
17.0421,-34,-5,41,19,
17.0435,-27,6,39,17,
17.045,1,20,64,21,
17.0464,1,20,64,21,
17.0478,13,11,72,24,
17.0492,12,2,77,41,
17.0506,12,2,77,41,
17.052,18,0,70,36,
17.0534,-12,-15,55,27,
17.0547,-20,-26,52,27,
17.0561,-23,-25,56,26,
17.0574,-32,-36,54,23,
17.0588,-32,-36,54,23,
17.0601,-29,-32,59,23,
17.0615,6,-25,63,48,
17.0629,28,-34,70,50,
17.0642,28,-34,70,50,
17.0656,34,-23,76,48,
17.067,34,-23,76,48,
17.0683,16,-32,66,55,
17.0697,19,-49,66,50,
17.071,-5,-61,62,41,
17.0724,-4,-61,56,49,
17.0737,-20,-68,53,42,
17.0751,-18,-75,50,26,
17.0765,-15,-74,59,26,
17.0778,-2,-64,65,36,
17.0792,22,-64,76,58,
17.0806,33,-48,80,56,
17.0819,33,-48,80,56,
17.0833,33,-48,80,56,
17.0846,34,-56,65,49,
17.0859,16,-51,61,44,
17.0873,10,-52,62,46,
17.0886,-8,-68,55,45,
17.09,-18,-72,53,48,
17.0914,-30,-72,47,43,
17.0928,-17,-81,43,36,
17.0941,-1,-73,51,37,
17.0955,10,-73,59,43,
17.0968,18,-59,66,41,
17.0981,21,-58,66,43,
17.0995,21,-58,66,43,
17.1009,30,-56,67,44,
17.1023,33,-49,69,46,
17.1036,14,-50,76,43,
17.105,5,-54,70,48,
17.1063,-3,-50,71,45,
17.1077,-8,-58,64,39,
17.109,-11,-80,54,38,
17.1103,-19,-70,60,33,
17.1117,-16,-73,49,40,
17.113,9,-62,55,44,
17.1144,9,-62,55,44,
17.1158,21,-54,64,51,
17.1171,36,-47,61,62,
17.1185,49,-37,78,67,
17.1199,26,-48,82,44,
17.1212,13,-46,78,45,
17.1226,4,-47,73,37,
17.124,-4,-57,72,41,
17.1253,-9,-63,58,34,
17.1267,-22,-65,55,23,
17.128,-6,-58,58,40,
17.1294,-6,-58,58,40,
17.1308,5,-44,66,33,
17.1322,5,-44,66,33,
17.1335,39,-46,66,55,
17.1349,50,-31,68,56,
17.1363,47,-27,73,57,
17.1376,21,-33,80,52,
17.139,-2,-42,85,46,
17.1404,-2,-42,85,46,
17.1417,-6,-47,67,45,
17.1431,-6,-47,67,45,
17.1445,-23,-61,56,34,
17.1458,-19,-55,62,29,
17.1472,-9,-47,72,30,
17.1486,-9,-47,72,30,
17.1499,38,-34,78,53,
17.1513,42,-37,78,60,
17.1527,47,-17,76,68,
17.154,21,-21,77,63,
17.1554,10,-37,78,63,
17.1568,10,-37,78,63,
17.1581,8,-47,80,57,
17.1595,-23,-61,67,33,
17.1608,-23,-61,67,33,
17.1622,-29,-75,59,27,
17.1636,3,-55,64,32,
17.165,3,-55,64,32,
17.1664,11,-54,60,39,
17.1679,25,-34,81,65,
17.1692,47,-26,88,59,
17.1706,35,-33,89,50,
17.172,15,-48,82,61,
17.1733,15,-48,82,61,
17.1747,15,-48,82,61,
17.1761,-7,-53,68,43,
17.1775,-17,-51,68,34,
17.1789,-29,-54,59,26,
17.1802,-31,-52,57,26,
17.1816,0,-39,66,40,
17.183,0,-39,66,40,
17.1844,36,-29,88,39,
17.1856,32,-33,86,39,
17.187,35,-17,89,47,
17.1883,37,-16,92,52,
17.1897,25,-21,93,41,
17.1911,16,-30,89,36,
17.1924,16,-30,89,36,
17.1938,1,-48,67,30,
17.1952,-6,-54,57,30,
17.1965,-7,-56,57,28,
17.1979,-3,-38,51,27,
17.1992,-3,-38,51,27,
17.2006,16,-35,65,29,
17.2019,23,-11,80,36,
17.2033,23,-11,80,36,
17.2046,50,-13,78,43,
17.206,39,-18,75,48,
17.2074,26,-18,82,31,
17.2087,26,-18,82,31,
17.2101,2,-21,64,27,
17.2114,-13,-35,68,32,
17.2128,-15,-38,66,23,
17.2141,-27,-40,67,20,
17.2154,-15,-43,67,20,
17.2168,5,-35,65,25,
17.2181,5,-35,65,25,
17.2194,21,-20,69,30,
17.2207,50,-11,76,43,
17.2221,50,0,87,47,
17.2234,45,3,86,47,
17.2248,28,-9,84,42,
17.2262,13,-19,75,36,
17.2276,-6,-22,74,28,
17.2289,-6,-13,71,28,
17.2303,-13,-32,62,15,
17.2316,-10,-31,64,13,
17.233,-10,-31,64,13,
17.2346,5,-21,62,16,
17.236,12,-13,70,21,
17.2374,32,-1,77,35,
17.2389,44,5,86,46,
17.2403,38,-3,84,47,
17.2417,19,-8,80,44,
17.2432,19,-8,80,44,
17.2445,19,-8,80,44,
17.2459,-5,-17,55,28,
17.2473,-5,-15,62,21,
17.2487,-8,-13,61,23,
17.2501,-8,-15,59,31,
17.2515,5,-9,63,26,
17.2528,33,6,67,34,
17.2542,34,8,76,34,
17.2556,42,17,85,45,
17.257,42,17,85,45,
17.2583,30,2,71,52,
17.2597,21,-7,67,49,
17.2611,5,-13,59,41,
17.2624,-10,-5,52,34,
17.2638,-1,-7,50,30,
17.2651,-11,-14,58,32,
17.2665,-10,-21,52,32,
17.2679,0,-7,56,33,
17.2693,11,6,60,29,
17.2706,23,8,58,31,
17.272,44,12,68,34,
17.2733,44,12,68,36,
17.2747,54,24,79,36,
17.276,40,10,85,41,
17.2773,15,8,68,32,
17.2788,15,8,68,32,
17.2801,-10,-12,46,32,
17.2815,-19,-9,42,31,
17.2829,-25,-14,47,22,
17.2843,-4,-2,43,29,
17.2856,15,13,56,30,
17.287,15,13,56,30,
17.2883,29,27,57,38,
17.2896,33,18,65,41,
17.291,50,18,73,47,
17.2924,52,27,63,45,
17.2938,26,9,55,32,
17.2952,26,9,55,32,
17.2965,8,9,59,23,
17.2979,-8,2,48,34,
17.2992,-22,1,45,28,
17.3005,-28,-3,38,21,
17.3019,22,10,35,25,
17.3032,22,10,35,25,
17.3045,22,10,35,25,
17.3059,29,13,42,27,
17.3072,43,13,52,33,
17.3086,45,14,60,29,
17.3099,45,11,63,30,
17.3113,41,17,68,30,
17.3126,30,11,63,32,
17.314,8,-2,57,31,
17.3153,-9,1,46,27,
17.3167,-18,12,25,14,
17.318,-22,8,14,9,
17.3193,-22,8,14,9,
17.3207,19,18,26,24,
17.322,40,31,35,38,
17.3234,40,31,35,38,
17.3247,56,27,58,48,
17.3261,50,36,62,49,
17.3274,50,36,62,49,
17.3288,41,27,56,49,
17.3301,13,-5,38,33,
17.3314,7,0,31,22,
17.3327,-7,8,31,19,
17.334,-21,-2,22,18,
17.3354,-8,12,18,14,
17.3367,-6,8,15,23,
17.338,6,8,19,24,
17.3393,41,22,42,26,
17.3406,41,22,42,26,
17.342,32,30,38,26,
17.3434,32,30,38,26,
17.3447,43,36,58,32,
17.3461,31,30,49,33,
17.3475,19,18,46,29,
17.3488,-8,8,27,27,
17.3502,-10,1,16,21,
17.3515,-10,1,16,21,
17.3528,-29,16,16,25,
17.3542,-10,16,27,29,
17.3555,-10,16,27,29,
17.3569,27,22,36,27,
17.3582,43,31,34,23,
17.3596,43,31,34,23,
17.361,48,32,42,30,
17.3623,44,25,42,31,
17.3637,28,26,40,26,
17.365,14,21,36,30,
17.3664,11,9,21,25,
17.3678,11,9,21,25,
17.3691,-14,9,17,19,
17.3705,-11,17,15,17,
17.3719,-6,12,21,19,
17.3732,6,18,20,22,
17.3746,40,33,27,23,
17.376,53,39,40,20,
17.3773,63,48,41,25,
17.3787,63,48,35,29,
17.3801,38,23,49,25,
17.3814,18,21,42,29,
17.3828,7,11,35,17,
17.3841,0,6,26,20,
17.3854,0,6,26,20,
17.3868,-14,11,21,20,
17.3881,-10,6,15,14,
17.3895,13,24,21,6,
17.3908,21,24,24,18,
17.3922,32,33,28,25,
17.3935,34,38,34,27,
17.3949,54,44,37,34,
17.3962,57,44,42,31,
17.3975,33,37,41,24,
17.3989,17,26,41,22,
17.4003,17,26,41,22,
17.4016,8,29,29,17,
17.403,-3,20,30,9,
17.4043,-20,9,24,14,
17.4057,-4,7,16,23,
17.407,22,17,27,24,
17.4084,38,37,35,22,
17.4097,53,39,36,31,
17.4111,53,50,39,34,
17.4125,53,50,39,34,
17.4139,56,53,36,41,
17.4152,40,33,32,32,
17.4166,23,34,27,30,
17.4179,11,29,29,30,
17.4193,11,29,29,30,
17.4207,-22,23,14,30,
17.422,-6,23,21,18,
17.4234,-10,7,14,12,
17.4247,26,34,13,32,
17.4261,28,36,22,39,
17.4276,28,36,22,39,
17.429,42,42,37,41,
17.4304,55,46,48,32,
17.4318,49,37,50,24,
17.4332,34,30,25,27,
17.4346,8,18,26,26,
17.436,4,20,15,30,
17.4374,9,22,3,22,
17.4388,-11,4,1,19,
17.4402,-10,10,11,24,
17.4417,-3,16,24,16,
17.4436,42,37,27,26,
17.445,48,31,25,36,
17.4463,48,31,25,36,
17.4477,44,37,33,44,
17.4491,32,38,25,40,
17.4505,25,36,15,42,
17.4518,13,21,12,29,
17.4532,3,11,9,16,
17.4546,3,11,9,16,
17.4559,-14,-1,8,17,
17.4573,-13,1,16,12,
17.4587,-9,7,9,11,
17.46,31,24,19,22,
17.4613,44,32,24,21,
17.4628,44,32,24,21,
17.4641,44,48,30,39,
17.4655,48,49,38,36,
17.4668,40,33,33,33,
17.4682,27,25,24,31,
17.4695,14,14,20,23,
17.4708,-6,14,14,23,
17.4722,-6,14,14,23,
17.4735,-28,7,3,0,
17.4748,-16,6,10,7,
17.4762,-8,11,9,13,
17.4775,0,31,17,28,
17.4788,32,41,37,32,
17.4802,32,41,37,32,
17.4815,46,35,45,32,
17.483,34,35,37,33,
17.4844,34,35,37,33,
17.4857,21,28,26,36,
17.487,4,27,20,30,
17.4884,-9,24,22,23,
17.4897,-9,24,22,23,
17.4911,-30,0,11,16,
17.4925,-16,0,9,10,
17.4938,7,10,11,13,
17.4952,26,24,21,21,
17.4965,40,29,33,20,
17.4978,45,30,37,21,
17.4992,55,34,44,36,
17.5006,56,37,44,36,
17.5019,34,35,44,33,
17.5033,14,34,37,33,
17.5047,2,34,22,26,
17.5061,0,19,19,31,
17.5074,-8,15,11,24,
17.5088,-8,4,16,22,
17.5102,-2,17,29,18,
17.5115,11,33,29,28,
17.5129,39,39,28,30,
17.5143,45,35,32,34,
17.5157,45,35,32,34,
17.517,46,44,46,34,
17.5184,28,37,48,32,
17.5197,11,34,41,36,
17.5211,-3,19,34,22,
17.5225,4,19,26,16,
17.5238,6,25,20,25,
17.5251,-12,26,20,21,
17.5265,-2,12,16,15,
17.5279,9,10,22,18,
17.5292,9,10,22,18,
17.5306,32,26,29,32,
17.5319,36,35,25,28,
17.5332,47,38,29,33,
17.5346,55,50,36,32,
17.536,36,44,32,29,
17.5373,18,24,21,31,
17.5387,18,24,21,31,
17.54,-1,16,15,19,
17.5414,-10,12,14,12,
17.5427,-12,13,5,14,
17.5441,0,15,-2,10,
17.5454,21,21,10,18,
17.5468,21,21,10,18,
17.5482,28,27,18,26,
17.5495,42,40,25,30,
17.5509,56,47,40,38,
17.5522,53,48,37,32,
17.5536,47,46,30,30,
17.5549,30,38,27,25,
17.5563,13,32,18,30,
17.5576,11,29,24,28,
17.559,-20,1,19,18,
17.5604,-10,1,8,9,
17.5617,5,3,8,2,
17.563,21,3,10,10,
17.5644,21,3,10,10,
17.5657,37,29,19,29,
17.5671,41,34,19,30,
17.5684,62,35,34,38,
17.5697,52,39,37,45,
17.571,42,41,30,42,
17.5724,23,35,24,24,
17.5737,0,25,19,14,
17.5751,-3,7,21,17,
17.5765,0,-8,13,25,
17.5778,4,-9,6,28,
17.5792,6,-7,12,20,
17.5806,10,4,24,16,
17.582,34,6,26,19,
17.5833,41,20,25,23,
17.5847,34,30,31,29,
17.586,57,36,27,34,
17.5874,48,40,31,34,
17.5888,48,40,31,34,
17.5901,35,35,33,25,
17.5915,18,30,30,15,
17.5928,10,20,19,13,
17.5942,-4,18,12,22,
17.5955,-9,-3,25,14,
17.5969,-10,1,20,19,
17.5983,-10,1,20,19,
17.5996,38,29,23,31,
17.601,37,30,32,38,
17.6022,42,26,41,35,
17.6036,53,42,44,35,
17.6049,40,40,40,32,
17.6062,40,40,40,32,
17.6076,40,40,40,32,
17.609,-3,24,19,22,
17.6104,-5,11,15,15,
17.6117,-16,-7,15,8,
17.6131,-12,-4,22,16,
17.6144,-12,-4,22,16,
17.6158,10,5,23,28,
17.6171,44,26,37,27,
17.6187,47,32,32,29,
17.62,59,39,35,35,
17.6214,47,38,28,31,
17.6228,28,44,27,23,
17.6241,23,23,32,20,
17.6255,11,9,33,31,
17.6268,7,10,18,23,
17.6282,3,17,20,13,
17.6295,2,7,16,6,
17.6309,-7,1,22,11,
17.6323,-7,1,22,11,
17.6336,14,13,27,20,
17.635,34,23,25,24,
17.6364,42,35,22,32,
17.6377,39,32,34,34,
17.6392,36,40,40,42,
17.6405,16,36,29,42,
17.6419,4,24,24,25,
17.6432,9,19,23,25,
17.6446,-11,14,22,29,
17.6459,-11,14,22,29,
17.6473,-9,6,23,8,
17.6487,-6,6,13,5,
17.6501,7,7,22,8,
17.6514,40,15,21,11,
17.6528,58,31,20,26,
17.6542,58,39,21,38,
17.6555,51,43,26,42,
17.6569,25,40,39,28,
17.6582,26,32,27,24,
17.6596,26,32,27,24,
17.6609,8,13,13,29,
17.6623,16,10,20,27,
17.6637,-4,18,10,19,
17.665,-22,7,11,6,
17.6664,-9,12,17,3,
17.6678,-9,12,17,3,
17.6691,55,38,26,18,
17.6705,60,33,26,18,
17.6718,58,35,27,32,
17.6732,46,37,28,36,
17.6745,34,32,35,31,
17.6759,34,32,35,31,
17.6772,34,32,35,31,
17.6786,0,8,19,24,
17.68,-6,1,13,22,
17.6813,-22,4,11,13,
17.6827,-9,10,14,6,
17.6841,-9,10,14,6,
17.6854,4,11,22,9,
17.6868,37,30,23,21,
17.6881,55,34,36,27,
17.6895,45,37,40,30,
17.6908,40,30,28,28,
17.6922,28,25,29,34,
17.6935,28,25,29,34,
17.6949,13,23,28,29,
17.6962,5,14,24,15,
17.6975,-9,13,17,7,
17.6989,-13,2,7,8,
17.7003,-5,-4,11,1,
17.7016,-3,-5,9,2,
17.703,25,18,24,21,
17.7043,40,35,43,26,
17.7056,57,40,49,36,
17.707,45,35,42,40,
17.7083,45,35,42,40,
17.7097,45,35,42,40,
17.7111,29,27,23,28,
17.7124,12,22,18,24,
17.7138,10,16,10,16,
17.7152,-14,3,14,14,
17.7165,-14,3,14,14,
17.7179,-18,7,10,6,
17.7193,12,9,19,10,
17.7206,40,34,28,18,
17.722,46,40,25,28,
17.7234,38,37,25,40,
17.7247,35,38,22,36,
17.7261,34,46,20,34,
17.7275,11,34,24,30,
17.7289,11,34,24,30,
17.7302,-2,23,22,17,
17.7316,-1,18,20,23,
17.733,1,12,5,27,
17.7343,-6,9,5,15,
17.7357,-7,5,10,19,
17.737,20,22,11,23,
17.7384,41,30,19,23,
17.7397,41,30,19,23,
17.7411,50,47,29,28,
17.7424,40,50,40,34,
17.7438,36,42,32,27,
17.7451,28,35,24,22,
17.7465,5,17,13,30,
17.7479,5,17,13,30,
17.7492,12,18,7,34,
17.7506,-11,-1,11,9,
17.7519,-16,-4,13,6,
17.7532,-18,-3,9,10,
17.7545,31,23,27,25,
17.7559,31,23,27,25,
17.7572,47,37,24,30,
17.7586,63,37,23,34,
17.76,63,37,23,34,
17.7613,48,34,23,25,
17.7627,34,36,17,25,
17.764,3,18,16,25,
17.7654,3,18,16,25,
17.7667,8,16,9,15,
17.7681,-12,17,2,11,
17.7694,-6,14,0,7,
17.7708,5,14,-2,3,
17.7721,19,25,11,12,
17.7734,31,30,26,20,
17.7748,31,30,26,20,
17.7761,36,34,34,33,
17.7775,60,47,21,38,
17.7789,53,53,17,34,
17.7802,39,43,22,29,
17.7815,12,36,21,31,
17.7829,9,26,18,19,
17.7842,0,12,8,9,
17.7856,-15,13,9,7,
17.7869,5,20,2,15,
17.7883,24,27,9,13,
17.7897,24,27,9,13,
17.7911,40,40,23,23,
17.7925,46,44,31,32,
17.7938,61,47,25,31,
17.7952,46,42,21,27,
17.7966,41,40,23,30,
17.7979,41,40,23,30,
17.7993,13,12,5,23,
17.8006,0,11,12,18,
17.8019,-4,13,13,15,
17.8033,-10,11,1,5,
17.8047,3,14,0,10,
17.806,3,14,0,10,
17.8074,16,14,13,22,
17.8088,42,33,9,30,
17.8102,47,50,22,34,
17.8116,47,58,25,37,
17.8129,32,45,28,21,
17.8142,32,45,28,21,
17.8156,29,26,30,24,
17.8169,-5,28,7,26,
17.8183,-10,26,6,9,
17.8196,-20,5,1,1,
17.821,-20,5,1,1,
17.8224,-1,30,15,3,
17.8238,-1,30,15,3,
17.8251,19,40,14,8,
17.8265,41,37,24,23,
17.8279,51,42,27,32,
17.8293,52,54,24,30,
17.8308,49,46,23,23,
17.8323,30,41,26,23,
17.8338,16,31,20,8,
17.8352,16,31,20,8,
17.8366,2,24,8,11,
17.8381,-4,15,-4,5,
17.8395,7,18,-6,9,
17.8409,13,26,3,9,
17.8423,44,39,12,9,
17.8437,53,42,16,12,
17.8451,57,47,32,18,
17.8466,46,43,26,15,
17.8479,46,43,26,15,
17.8493,12,34,24,11,
17.8507,12,34,24,11,
17.8521,4,18,25,9,
17.8534,-10,19,-3,14,
17.8547,-27,18,-14,5,
17.856,-16,20,-2,0,
17.8574,-16,20,-2,0,
17.8588,27,39,14,9,
17.8602,35,57,9,16,
17.8615,43,55,16,20,
17.8629,54,36,21,33,
17.8643,31,37,22,30,
17.8657,31,37,22,30,
17.867,23,30,13,29,
17.8684,7,37,12,23,
17.8698,-2,32,3,26,
17.8711,-15,23,3,4,
17.8725,-20,17,6,-3,
17.8739,-20,17,6,-3,
17.8752,5,23,4,3,
17.8766,39,35,1,5,
17.8779,42,43,7,10,
17.8793,49,49,16,11,
17.8807,51,63,26,18,
17.882,31,46,26,24,
17.8834,31,46,26,24,
17.8847,9,40,5,25,
17.8861,-4,32,-5,21,
17.8875,-7,30,-17,10,
17.8889,-8,24,-21,-8,
17.8903,-8,24,-21,-8,
17.8918,-3,27,-10,-9,
17.8931,15,37,7,0,
17.8945,30,49,5,18,
17.8959,32,47,0,20,
17.8972,44,58,13,28,
17.8985,44,58,13,28,
17.8998,33,53,13,21,
17.9012,32,43,3,24,
17.9026,6,35,-2,18,
17.9039,6,32,4,11,
17.9052,-5,39,1,2,
17.9066,-24,30,-1,-8,
17.908,-20,31,-3,-8,
17.9093,-7,34,-8,-2,
17.9107,32,63,-1,1,
17.912,39,60,10,10,
17.9134,39,60,10,10,
17.9147,47,60,10,26,
17.916,57,72,16,32,
17.9174,49,74,13,25,
17.9188,28,62,14,16,
17.9201,9,47,-1,11,
17.9214,-2,40,-3,6,
17.9228,-6,36,-12,1,
17.9241,-5,38,-8,1,
17.9255,-5,38,-8,1,
17.9269,-17,29,-5,-1,
17.9282,23,60,5,-4,
17.9296,41,64,2,-4,
17.931,44,70,4,1,
17.9324,42,70,2,8,
17.9338,37,76,4,16,
17.9351,42,72,11,17,
17.9365,6,47,7,14,
17.9379,-1,45,-2,6,
17.9393,-18,48,-12,-10,
17.9407,-18,48,-12,-10,
17.9421,-31,39,-18,-7,
17.9434,-23,36,-16,-12,
17.9448,-3,48,-11,-19,
17.9462,33,72,-3,4,
17.9476,39,77,2,18,
17.9489,47,81,-3,18,
17.9503,58,77,-2,24,
17.9516,47,76,-1,17,
17.953,31,76,-6,16,
17.9543,5,66,-14,8,
17.9557,-4,66,-22,5,
17.9571,-4,66,-22,5,
17.9585,-18,49,-28,-7,
17.9598,-15,46,-25,-8,
17.9612,-7,57,-14,-2,
17.9625,6,68,-17,-3,
17.9639,29,83,-4,5,
17.9653,29,83,-4,5,
17.9666,41,86,8,11,
17.968,48,83,-4,2,
17.9693,30,77,-8,6,
17.9707,21,64,-9,6,
17.9721,13,61,-8,1,
17.9734,0,66,-8,-6,
17.9747,0,66,-8,-6,
17.9761,-24,61,-20,-10,
17.9774,-19,57,-18,-3,
17.9789,-1,66,-14,-11,
17.9802,12,80,-3,-16,
17.9816,40,93,-6,-9,
17.983,48,105,-12,-10,
17.9843,49,108,-4,0,
17.9857,43,121,0,-8,
17.9871,28,114,-2,-6,
17.9884,9,95,0,-1,
17.9898,1,82,-6,-4,
17.9911,1,82,-6,-4,
17.9925,-11,86,-6,-13,
17.9938,-23,86,-9,-17,
17.9951,-26,94,-8,-19,
17.9965,-3,112,-12,-24,
17.9978,31,130,-5,-19,
17.9991,36,148,-3,-15,
18.0004,37,156,-4,-11,
18.0018,41,148,1,0,
18.0031,32,156,4,8,
18.0045,30,148,1,0,
18.0059,14,149,-10,-5,
18.0072,-3,127,-16,-9,
18.0086,-4,140,-16,-7,
18.01,-15,139,-17,-9,
18.0113,-33,135,-27,-27,
18.0127,-1,149,-23,-31,
18.014,16,150,-20,-34,
18.0154,16,150,-20,-34,
18.0168,44,141,-3,-11,
18.0181,65,158,4,-4,
18.0195,65,158,4,-4,
18.0208,32,142,7,-3,
18.0223,28,136,3,-1,
18.0237,8,119,3,0,
18.0251,0,109,0,-6,
18.0265,1,105,-7,-7,
18.0279,-13,91,-23,-10,
18.0293,-16,80,-31,-13,
18.0307,-3,104,-24,-8,
18.032,-3,104,-24,-8,
18.0334,21,133,-10,-12,
18.0349,21,133,-10,-12,
18.0365,45,142,9,10,
18.0379,38,140,9,3,
18.0393,32,132,1,-5,
18.0407,24,122,-7,-11,
18.042,0,108,-12,-9,
18.0434,2,94,-4,-1,
18.0448,-13,82,-10,-15,
18.0461,-15,88,-5,-18,
18.0476,-15,88,-5,-18,
18.0491,5,82,-9,-20,
18.0505,32,96,3,-19,
18.052,49,100,6,-14,
18.0533,50,123,3,-5,
18.0547,45,137,5,-7,
18.0561,46,135,10,-14,
18.0574,28,113,2,-10,
18.0588,11,91,0,0,
18.0602,5,90,-7,-10,
18.0615,1,95,-11,-5,
18.0628,-17,91,-20,-16,
18.0642,-24,92,-24,-19,
18.0656,10,94,-3,-16,
18.0669,10,94,-3,-16,
18.0683,38,106,4,-10,
18.0696,35,119,10,-1,
18.071,46,144,5,15,
18.0724,32,132,-3,11,
18.0737,19,112,-7,-3,
18.0751,14,92,-1,-13,
18.0765,6,82,-8,-8,
18.0778,6,82,-8,-8,
18.0792,-12,80,-23,-17,
18.0806,-26,73,-18,-20,
18.0819,-25,72,-18,-21,
18.0833,-11,83,-13,-25,
18.0847,12,90,4,-24,
18.086,24,96,6,-6,
18.0874,36,105,6,1,
18.0888,39,119,8,-12,
18.0901,27,112,9,-13,
18.0915,6,99,4,-10,
18.0929,6,99,4,-10,
18.0943,9,75,0,-3,
18.0956,4,76,-9,-3,
18.097,-17,59,-20,-20,
18.0983,-25,59,-23,-16,
18.0997,-8,59,-12,-10,
18.101,6,66,-3,-6,
18.1024,24,79,11,0,
18.1038,30,84,18,3,
18.1051,30,81,18,7,
18.1065,33,83,14,7,
18.1079,15,82,4,3,
18.1093,15,82,4,3,
18.1107,2,77,2,7,
18.112,-1,67,1,2,
18.1134,-10,54,2,-4,
18.1147,-8,33,-11,-5,
18.1161,-18,42,-9,-12,
18.1175,-4,55,-5,-1,
18.1189,18,67,6,2,
18.1202,44,79,7,5,
18.1216,44,79,7,5,
18.123,53,78,3,13,
18.1244,43,69,4,23,
18.1257,35,77,7,19,
18.1271,22,67,4,6,
18.1285,0,49,3,0,
18.1298,-4,36,-1,-3,
18.1312,-15,47,-9,-11,
18.1326,-19,37,-4,-10,
18.1339,-19,37,-4,-10,
18.1353,2,43,9,1,
18.1367,36,61,16,9,
18.1381,50,66,15,6,
18.1394,42,68,10,6,
18.1408,30,72,11,10,
18.1421,30,72,11,10,
18.1435,29,74,5,8,
18.1449,8,47,-2,14,
18.1462,-15,51,-6,3,
18.1477,-18,42,4,-3,
18.149,-21,30,5,-14,
18.1504,-22,43,3,-15,
18.1517,-8,44,2,-8,
18.1531,29,64,-5,-7,
18.1545,40,78,8,2,
18.1558,41,70,8,15,
18.1571,41,70,8,15,
18.1585,46,76,18,14,
18.1599,35,73,23,1,
18.1613,20,59,21,1,
18.1626,-5,52,8,2,
18.164,-4,48,5,1,
18.1653,-4,48,5,1,
18.1666,-27,48,-21,-7,
18.168,-24,47,-12,-9,
18.1693,-9,48,-8,-7,
18.1707,31,66,10,-14,
18.1721,28,65,4,-13,
18.1734,28,65,4,-13,
18.1748,28,65,4,-13,
18.1761,26,63,5,4,
18.1775,25,61,2,5,
18.1789,13,58,3,4,
18.1802,-5,56,6,-7,
18.1815,-5,56,6,-7,
18.1829,-22,50,-3,-13,
18.1842,-26,37,-14,-24,
18.1856,-14,38,-21,-16,
18.1869,7,43,-13,-6,
18.1883,32,69,0,-4,
18.1896,21,70,3,-5,
18.191,21,70,3,-5,
18.1924,36,75,-3,-7,
18.1937,18,95,4,3,
18.1951,6,92,2,5,
18.1965,1,77,-1,-13,
18.1978,-9,77,-3,-16,
18.1992,-12,74,-5,-18,
18.2005,-17,70,-20,-27,
18.2019,-32,62,-26,-21,
18.2032,-22,64,-23,-16,
18.2046,-7,72,-16,-10,
18.206,9,75,-10,-10,
18.2073,25,94,-6,-4,
18.2087,35,100,-9,-10,
18.2101,36,103,-7,-9,
18.2114,7,122,5,-9,
18.2128,-7,124,-1,-12,
18.2142,-8,122,-10,-18,
18.2155,-8,110,-14,-19,
18.2169,-15,98,-19,-20,
18.2182,-35,89,-23,-20,
18.2196,-28,94,-21,-23,
18.221,-28,94,-21,-23,
18.2223,-28,94,-21,-23,
18.2237,-8,99,-26,-26,
18.225,19,148,-9,-21,
18.2264,23,149,-1,-11,
18.2277,15,152,-5,1,
18.2291,15,153,-11,-5,
18.2305,-3,154,-17,-14,
18.2319,-4,151,-17,-25,
18.2332,-36,149,-31,-40,
18.2346,-43,143,-28,-47,
18.236,-50,141,-28,-46,
18.2373,-37,146,-37,-37,
18.2387,-24,145,-35,-35,
18.24,-10,146,-23,-26,
18.2414,-10,146,-23,-26,
18.2427,26,162,-7,-21,
18.2441,36,164,3,-19,
18.2454,36,164,3,-19,
18.2468,13,158,-12,-20,
18.2481,3,159,-11,-32,
18.2495,-9,141,-12,-27,
18.2508,-26,146,-10,-16,
18.2521,-41,146,-9,-21,
18.2535,-50,146,-20,-24,
18.2549,-44,144,-26,-26,
18.2563,-10,143,-29,-28,
18.2576,4,156,-18,-31,
18.259,6,156,-15,-27,
18.2604,6,156,-15,-27,
18.2617,19,165,-16,-25,
18.2631,10,172,-12,-23,
18.2645,-5,157,-19,-26,
18.2659,-29,143,-24,-27,
18.2672,-37,144,-25,-26,
18.2686,-38,145,-18,-26,
18.27,-50,149,-23,-31,
18.2713,-53,136,-29,-35,
18.2727,-33,152,-21,-33,
18.2741,-19,151,-12,-38,
18.2755,-19,151,-12,-38,
18.2768,-12,156,-16,-25,
18.2782,-8,154,-9,-14,
18.2795,11,163,0,-13,
18.2809,2,150,-3,-21,
18.2823,-14,151,-2,-21,
18.2837,-14,151,-2,-21,
18.285,-27,147,-13,-28,
18.2864,-38,141,-22,-43,
18.2878,-54,129,-15,-47,
18.2891,-52,119,-18,-51,
18.2905,-47,129,-10,-42,
18.2919,-20,133,-15,-39,
18.2932,5,145,-19,-41,
18.2946,5,153,-9,-31,
18.296,22,166,-2,-17,
18.2973,24,161,-1,-19,
18.2986,10,148,0,-21,
18.2999,-4,155,-10,-14,
18.3013,-21,145,-20,-17,
18.3026,-32,140,-17,-29,
18.304,-50,121,-6,-26,
18.3053,-51,106,-14,-24,
18.3067,-46,112,-9,-33,
18.308,-46,112,-9,-33,
18.3093,-19,117,-8,-34,
18.3107,11,130,-11,-24,
18.312,17,125,5,-12,
18.3134,18,151,16,-12,
18.3147,19,149,4,-12,
18.3161,12,144,-11,-7,
18.3174,-1,135,-6,-13,
18.3187,-9,114,-2,-14,
18.32,-16,103,-5,-11,
18.3214,-21,96,-3,-15,
18.3228,-25,84,-2,-25,
18.3241,-34,89,-1,-20,
18.3255,-22,92,-3,-17,
18.3268,-6,94,6,-23,
18.3281,10,103,16,-12,
18.3295,11,107,15,-3,
18.3308,21,109,19,8,
18.3322,22,100,6,0,
18.3335,22,100,6,0,
18.3348,11,93,3,-1,
18.3361,0,78,12,1,
18.3374,-6,56,8,-8,
18.3388,-22,51,-1,-14,
18.3402,-22,51,-1,-14,
18.3415,-20,54,-6,-3,
18.3428,-10,60,-3,2,
18.3442,-5,71,12,6,
18.3455,37,86,18,19,
18.3468,46,80,28,22,
18.3481,46,80,28,22,
18.3495,38,83,36,26,
18.3508,20,70,20,10,
18.3522,13,58,15,10,
18.3535,-10,62,16,16,
18.3548,-18,54,22,21,
18.3561,-26,37,16,19,
18.3575,-26,24,9,5,
18.3588,-26,24,9,5,
18.3602,-3,35,1,13,
18.3615,14,41,9,11,
18.3629,29,52,16,3,
18.3642,30,58,15,15,
18.3655,49,78,22,28,
18.3669,37,67,23,25,
18.3683,35,52,26,22,
18.3697,1,45,13,8,
18.371,1,30,8,10,
18.3724,-6,31,12,14,
18.3737,-6,31,12,14,
18.375,-21,27,14,10,
18.3764,-20,12,7,10,
18.3778,-17,14,3,9,
18.3792,25,44,19,10,
18.3805,37,48,32,9,
18.3819,37,48,32,9,
18.3832,48,69,27,18,
18.3846,35,52,30,23,
18.386,18,52,39,23,
18.3874,-1,29,27,31,
18.3887,-1,29,27,31,
18.3901,0,26,24,18,
18.3915,-7,25,17,20,
18.3928,-18,20,14,18,
18.3942,-8,24,20,11,
18.3955,17,31,27,14,
18.3969,34,53,31,21,
18.3983,34,53,31,21,
18.3996,48,52,37,34,
18.401,44,52,40,27,
18.4024,34,48,35,28,
18.4037,20,35,30,28,
18.4051,0,17,30,22,
18.4065,0,17,30,22,
18.4079,-8,5,26,16,
18.4092,-16,-1,20,13,
18.4106,-5,2,16,11,
18.4119,7,9,19,13,
18.4132,45,38,25,32,
18.4146,45,38,25,32,
18.4159,46,52,30,32,
18.4172,42,37,32,32,
18.4186,48,30,26,35,
18.4199,21,33,30,25,
18.4212,21,33,30,25,
18.4226,3,29,37,19,
18.4239,1,16,26,14,
18.4253,-7,26,21,9,
18.4267,-12,11,18,7,
18.4281,-9,3,21,17,
18.4294,0,10,19,31,
18.4308,0,10,19,31,
18.4323,46,31,34,29,
18.4337,43,21,28,31,
18.4352,52,34,27,25,
18.4366,45,31,25,24,
18.438,47,36,25,36,
18.4394,10,11,25,31,
18.4407,10,11,25,31,
18.4421,10,16,16,21,
18.4435,-14,-4,10,20,
18.4449,-14,-7,11,12,
18.4463,-5,1,20,9,
18.4477,13,5,22,13,
18.449,39,21,29,28,
18.4503,39,21,29,28,
18.4517,51,31,39,37,
18.453,43,30,27,38,
18.4544,31,27,22,37,
18.4558,35,25,22,32,
18.4573,22,14,31,25,
18.4587,14,19,24,22,
18.46,1,3,30,14,
18.4614,-4,-2,19,13,
18.4627,-13,-4,22,10,
18.4641,11,9,29,16,
18.4654,11,9,29,16,
18.4668,30,16,32,24,
18.4681,34,18,35,38,
18.4695,47,35,42,27,
18.4709,47,28,46,22,
18.4722,56,30,37,27,
18.4735,42,24,32,26,
18.4749,19,13,32,19,
18.4763,17,7,31,16,
18.4777,-18,-13,11,27,
18.4792,-8,-9,15,28,
18.4806,-8,-9,15,28,
18.4819,4,4,20,28,
18.4832,23,18,22,25,
18.4846,40,24,22,26,
18.486,36,25,23,22,
18.4874,54,40,28,43,
18.4887,41,42,38,43,
18.4901,41,42,38,43,
18.4914,15,23,23,34,
18.4927,3,19,16,28,
18.4941,2,16,19,30,
18.4954,-9,-1,23,20,
18.4968,-9,-1,23,20,
18.4981,-9,-1,23,20,
18.4995,-2,4,24,23,
18.5008,31,28,24,27,
18.5022,45,44,22,28,
18.5036,41,53,20,28,
18.5049,45,44,26,19,
18.5063,45,44,26,19,
18.5077,31,34,23,19,
18.5091,4,17,13,24,
18.5105,-5,10,14,25,
18.5119,-1,19,16,26,
18.5132,-9,4,13,20,
18.5146,-9,4,13,20,
18.5159,-3,2,-1,20,
18.5172,13,8,5,20,
18.5186,39,33,19,30,
18.5199,42,39,27,26,
18.5212,54,50,39,24,
18.5226,61,42,38,31,
18.5239,56,35,25,31,
18.5252,30,38,10,21,
18.5266,3,23,21,18,
18.528,-2,4,17,8,
18.5294,-2,4,17,8,
18.5307,-2,4,17,8,
18.532,-27,4,19,17,
18.5333,-16,6,17,18,
18.5347,16,23,19,19,
18.536,38,34,25,24,
18.5373,34,37,32,25,
18.5387,34,37,32,25,
18.54,43,43,41,25,
18.5414,27,39,26,36,
18.5427,11,29,27,31,
18.544,-10,23,28,26,
18.5454,-3,22,16,25,
18.5467,-11,7,8,28,
18.548,-11,7,8,28,
18.5494,-15,5,6,20,
18.5507,-12,22,16,13,
18.5521,13,38,22,18,
18.5534,29,47,31,27,
18.5547,29,35,37,33,
18.5561,43,43,33,38,
18.5574,42,47,25,30,
18.5588,19,48,29,26,
18.5602,9,29,33,17,
18.5615,5,22,23,14,
18.563,5,22,23,14,
18.5643,3,16,11,16,
18.5656,-12,16,8,12,
18.567,-4,11,3,22,
18.5684,15,20,25,6,
18.5698,34,31,37,19,
18.5711,34,31,37,19,
18.5726,34,43,32,24,
18.574,37,49,40,21,
18.5753,37,32,26,21,
18.5767,30,25,21,27,
18.578,13,24,20,27,
18.5794,-3,12,21,24,
18.5808,0,16,10,19,
18.5821,-10,7,12,18,
18.5835,-8,-6,14,20,
18.5849,2,20,28,21,
18.5862,23,19,27,24,
18.5876,32,33,23,28,
18.589,32,33,23,28,
18.5904,49,52,32,32,
18.5917,49,52,32,32,
18.5931,48,39,38,38,
18.5945,22,25,26,25,
18.5958,13,22,14,26,
18.5971,1,20,14,20,
18.5985,-12,13,28,14,
18.5999,-21,15,27,21,
18.6012,-9,7,26,23,
18.6026,21,31,21,23,
18.6039,26,47,32,21,
18.6052,26,47,32,21,
18.6066,26,47,32,21,
18.608,66,45,30,34,
18.6093,63,45,25,30,
18.6107,54,48,25,28,
18.612,16,39,24,23,
18.6133,2,25,16,16,
18.6147,2,25,16,16,
18.6161,-24,13,19,22,
18.6174,-9,8,19,14,
18.6188,-6,-3,20,7,
18.6201,-1,5,24,15,
18.6215,31,18,27,25,
18.6228,31,18,27,25,
18.6242,48,29,27,28,
18.6255,59,46,22,36,
18.6269,51,38,27,28,
18.6283,47,35,23,19,
18.6296,21,25,27,33,
18.631,0,14,19,28,
18.6323,4,7,17,29,
18.6337,5,-1,19,33,
18.6352,-2,-10,11,28,
18.6367,-7,-2,14,23,
18.6381,13,17,14,32,
18.6395,44,35,32,26,
18.6408,44,35,32,26,
18.6422,56,27,31,23,
18.6436,49,47,23,29,
18.645,37,48,23,30,
18.6463,20,30,28,26,
18.6477,9,11,30,29,
18.649,0,5,26,27,
18.6504,-3,7,28,27,
18.6518,-11,4,15,20,
18.6532,-6,-6,14,5,
18.6546,7,-7,17,14,
18.656,36,13,23,25,
18.6573,42,17,32,22,
18.6587,43,29,39,24,
18.66,43,29,39,24,
18.6613,56,44,40,36,
18.6627,55,36,37,26,
18.6641,30,25,25,33,
18.6654,6,13,13,26,
18.6668,-4,6,19,29,
18.6681,-15,-4,20,25,
18.6694,-10,-5,22,17,
18.6708,-3,-2,25,8,
18.6721,10,8,16,5,
18.6734,50,16,24,18,
18.6748,50,16,24,18,
18.6762,48,25,25,29,
18.6776,55,28,28,32,
18.6789,53,26,30,25,
18.6803,38,12,31,22,
18.6817,16,17,17,35,
18.683,3,5,14,26,
18.6843,3,5,14,26,
18.6857,-1,-12,24,15,
18.687,-24,-21,15,20,
18.6883,-7,-19,22,23,
18.6897,19,-15,24,20,
18.6911,45,1,25,19,
18.6924,45,1,25,19,
18.6938,45,6,32,29,
18.6951,40,4,44,35,
18.6965,36,3,45,42,
18.6979,35,-5,47,47,
18.6992,32,-15,36,43,
18.7006,12,-20,23,36,
18.702,11,-36,21,33,
18.7033,8,-41,18,28,
18.7047,4,-39,15,10,
18.706,18,-54,11,14,
18.7074,18,-54,11,14,
18.7087,30,-53,19,23,
18.7101,35,-42,27,28,
18.7114,42,-28,34,36,
18.7127,49,-18,33,42,
18.7141,40,-43,40,50,
18.7154,19,-55,39,42,
18.7167,19,-55,39,42,
18.718,7,-70,38,31,
18.7194,-2,-85,34,31,
18.7207,-8,-103,17,32,
18.722,6,-102,13,26,
18.7233,12,-100,34,31,
18.7247,12,-100,34,31,
18.726,28,-100,47,36,
18.7274,36,-98,57,41,
18.7286,53,-87,48,44,
18.73,59,-79,50,43,
18.7313,55,-91,50,35,
18.7327,46,-97,47,40,
18.734,30,-118,42,42,
18.7354,11,-143,26,35,
18.7368,4,-149,17,18,
18.7381,-15,-159,12,5,
18.7395,-17,-161,4,0,
18.7409,-10,-173,-13,-5,
18.7423,-2,-193,-23,-11,
18.7436,6,-183,-26,-8,
18.745,17,-175,-26,-10,
18.7464,10,-174,-39,-37,
18.7478,-10,-159,-50,-46,
18.7491,-55,-133,-92,-79,
18.7505,-129,-239,-176,-173,
18.7519,-241,-652,-289,-307,
18.7532,-241,-652,-289,-307,
18.7545,-464,-1683,-517,-609,
18.7559,-542,-1987,-578,-712,
18.7572,-574,-2105,-618,-759,
18.7588,-575,-2119,-622,-776,
18.7602,-556,-2063,-599,-765,
18.7615,-504,-1962,-574,-731,
18.7628,-422,-1708,-479,-635,
18.7642,-381,-1570,-437,-591,
18.7655,-351,-1448,-401,-546,
18.7669,-324,-1341,-374,-495,
18.7683,-324,-1341,-374,-495,
18.7696,-310,-1238,-348,-447,
18.771,-301,-1141,-324,-421,
18.7723,-278,-1005,-283,-370,
18.7737,-258,-934,-264,-339,
18.7751,-258,-934,-264,-339,
18.7764,-217,-805,-218,-292,
18.7778,-180,-744,-201,-267,
18.7792,-149,-700,-187,-245,
18.7805,-112,-625,-161,-208,
18.7819,-115,-589,-146,-199,
18.7832,-115,-589,-146,-199,
18.7846,-118,-564,-136,-189,
18.7859,-130,-551,-141,-171,
18.7873,-132,-527,-131,-169,
18.7887,-127,-497,-129,-161,
18.79,-137,-457,-115,-154,
18.7914,-129,-446,-105,-155,
18.7927,-129,-446,-105,-155,
18.7941,-79,-399,-96,-137,
18.7954,-62,-376,-85,-123,
18.7967,-63,-355,-80,-122,
18.7981,-53,-336,-78,-117,
18.7994,-56,-326,-71,-103,
18.8007,-56,-326,-71,-103,
18.802,-59,-322,-62,-95,
18.8034,-80,-325,-68,-92,
18.8047,-91,-317,-79,-100,
18.8061,-93,-316,-81,-104,
18.8074,-95,-306,-81,-103,
18.8088,-79,-298,-81,-109,
18.8101,-70,-281,-81,-108,
18.8114,-67,-267,-78,-91,
18.8128,-38,-252,-57,-76,
18.8141,-38,-252,-57,-76,
18.8154,-41,-245,-56,-64,
18.8168,-36,-225,-44,-57,
18.8182,-33,-205,-48,-66,
18.8195,-31,-200,-52,-74,
18.8208,-42,-196,-56,-65,
18.8222,-54,-203,-42,-54,
18.8236,-68,-190,-37,-64,
18.8249,-68,-181,-50,-68,
18.8262,-68,-181,-50,-68,
18.8276,-53,-164,-48,-64,
18.829,-53,-164,-48,-64,
18.8304,-42,-145,-38,-56,
18.8318,-19,-140,-36,-42,
18.8331,-13,-129,-21,-35,
18.8345,-13,-121,-19,-38,
18.8359,-5,-108,-27,-39,
18.8373,-20,-107,-31,-48,
18.8386,-40,-119,-25,-47,
18.84,-34,-119,-22,-44,
18.8414,-34,-119,-22,-44,
18.8428,-47,-118,-32,-44,
18.8442,-38,-108,-36,-34,
18.8456,-35,-102,-26,-40,
18.847,-20,-103,-23,-43,
18.8483,-1,-75,-16,-19,
18.8497,-9,-71,-9,-11,
18.8512,-3,-57,-14,-11,
18.8526,-14,-61,-19,-15,
18.854,-19,-60,-11,-24,
18.8553,-19,-60,-11,-24,
18.8567,-14,-63,-20,-21,
18.8581,-23,-59,-18,-16,
18.8595,-24,-68,-10,-17,
18.8609,-32,-69,-13,-12,
18.8622,-32,-69,-13,-12,
18.8636,-16,-50,-9,-8,
18.8649,12,-43,-12,-7,
18.8663,12,-47,-3,-7,
18.8677,21,-40,-2,-9,
18.8691,4,-29,4,-16,
18.8705,-1,-23,15,-10,
18.8719,-1,-23,15,-10,
18.8732,-2,-28,5,-6,
18.8746,-16,-33,-1,0,
18.8759,-12,-27,-4,-9,
18.8772,-23,-27,2,-9,
18.8785,-24,-42,-4,-13,
18.8799,-6,-42,-5,-11,
18.8812,1,-34,1,4,
18.8826,22,-22,6,12,
18.8839,32,-2,11,12,
18.8852,32,-2,11,12,
18.8867,21,11,11,5,
18.8881,21,2,14,-1,
18.8894,9,-16,12,1,
18.8907,4,-13,5,-4,
18.8921,2,-19,7,-2,
18.8934,-14,-26,2,-5,
18.8948,-14,-26,2,-5,
18.8961,-21,-17,12,-4,
18.8975,-11,-11,11,1,
18.8988,18,-18,5,3,
18.9001,24,9,16,15,
18.9015,24,9,16,15,
18.9028,38,22,16,24,
18.9042,38,22,16,24,
18.9055,12,3,9,19,
18.9069,-1,-5,1,21,
18.9082,6,-17,1,15,
18.9095,4,-15,26,6,
18.9109,4,-15,26,6,
18.9122,-7,-13,16,8,
18.9136,-16,-13,5,9,
18.9149,13,-3,12,8,
18.9162,16,14,19,9,
18.9176,22,12,25,12,
18.9189,22,12,25,12,
18.9202,36,22,23,22,
18.9216,28,35,14,35,
18.9276,-1,6,22,18,
18.9289,-7,-8,21,25,
18.9303,0,-11,13,21,
18.9317,-2,14,17,21,
18.9331,18,20,12,26,
18.9344,18,20,12,26,
18.9358,37,28,23,27,
18.9371,37,18,35,26,
18.9385,42,18,45,24,
18.9398,15,17,23,27,
18.9411,12,22,12,30,
18.9425,1,13,13,20,
18.9437,1,13,13,20,
18.945,-3,4,9,15,
18.9463,-16,-1,6,12,
18.9477,-14,9,11,8,
18.949,-5,10,7,4,
18.9504,8,3,14,12,
18.9517,31,13,19,16,
18.953,26,16,23,22,
18.9544,31,21,34,24,
18.9558,35,34,30,32,
18.9571,26,18,17,22,
18.9585,14,15,24,22,
18.9599,14,15,24,22,
18.9612,7,6,16,12,
18.9626,-1,-5,18,10,
18.9639,-14,-2,24,5,
18.9652,-4,1,28,17,
18.9666,-4,1,28,17,
18.9679,16,5,17,23,
18.9692,28,8,15,30,
18.9706,26,19,24,33,
18.972,32,19,32,29,
18.9733,28,23,30,33,
18.9747,34,30,26,35,
18.976,15,32,16,25,
18.9773,-1,8,7,26,
18.9787,9,6,6,29,
18.9801,1,9,4,23,
18.9814,-2,13,3,20,
18.9828,12,14,1,10,
18.9841,19,16,9,9,
18.9855,25,16,28,17,
18.9868,19,31,33,20,
18.9882,21,41,37,24,
18.9895,31,39,35,32,
18.9909,45,21,21,33,
18.9922,31,13,19,36,
18.9936,31,13,19,36,
18.9949,12,13,8,31,
18.9963,12,14,24,19,
18.9977,9,17,28,17,
18.9991,-8,3,9,27,
19.0004,3,11,17,22,
19.0018,22,22,24,20,
19.0031,22,22,24,20,
19.0045,26,22,16,27,
19.0059,25,25,23,33,
19.0073,42,41,21,27,
19.0086,42,36,17,24,
19.01,30,36,24,31,
19.0114,22,29,26,29,
19.0127,6,23,23,30,
19.0141,8,19,14,24,
19.0155,3,19,15,16,
19.0169,-10,6,15,18,
19.0183,-7,12,16,22,
19.0197,-7,19,23,17,
19.021,33,33,27,28,
19.0224,39,25,33,24,
19.0238,46,27,29,19,
19.0252,48,34,26,29,
19.0265,42,29,23,31,
19.0279,25,14,18,32,
19.0292,16,15,13,30,
19.0307,16,29,18,33,
19.0321,21,18,12,23,
19.0335,0,6,20,16,
19.0349,-3,6,27,22,
19.0363,-8,2,24,23,
19.0376,25,23,15,30,
19.0391,32,40,24,26,
19.0404,32,47,24,31,
19.0418,29,33,29,34,
19.0431,32,28,30,35,
19.0445,32,35,21,30,
19.0458,24,17,30,28,
19.0472,10,16,29,27,
19.0485,7,23,19,18,
19.0499,7,23,19,18,
19.0513,11,20,23,17,
19.0526,2,14,24,14,
19.054,4,14,30,17,
19.0553,24,22,30,27,
19.0567,27,28,32,34,
19.058,27,28,32,34,
19.0594,43,41,25,23,
19.0607,25,40,29,21,
19.0621,25,40,29,21,
19.0634,18,32,23,18,
19.0648,1,20,18,28,
19.0662,2,20,18,21,
19.0675,2,20,18,21,
19.0689,4,21,25,23,
19.0702,7,17,22,28,
19.0715,8,9,29,24,
19.0729,28,32,38,28,
19.0742,28,32,38,28,
19.0756,38,30,36,29,
19.077,48,40,43,31,
19.0784,37,35,44,24,
19.0797,29,32,40,24,
19.0811,25,23,37,22,
19.0825,6,22,33,25,
19.0838,7,11,23,20,
19.0851,1,12,20,12,
19.0865,-2,10,22,13,
19.0879,4,28,23,16,
19.0892,24,28,28,19,
19.0906,29,25,37,29,
19.0919,38,28,36,25,
19.0932,38,28,36,25,
19.0946,53,25,29,27,
19.0959,29,39,27,27,
19.0972,21,43,23,25,
19.0986,14,29,26,31,
19.1,8,11,21,23,
19.1013,14,7,22,19,
19.1027,5,15,17,13,
19.104,0,9,10,14,
19.1054,12,22,18,24,
19.1068,25,26,29,33,
19.1081,25,26,29,33,
19.1095,31,37,33,26,
19.1109,43,37,29,21,
19.1122,48,28,25,29,
19.1135,30,18,29,34,
19.1149,24,21,24,30,
19.1163,9,10,17,21,
19.1176,11,18,17,15,
19.119,-2,12,26,11,
19.1203,-2,8,20,14,
19.1217,-2,8,28,24,
19.1231,25,21,28,22,
19.1245,25,21,28,22,
19.1258,25,21,28,22,
19.1272,37,29,22,28,
19.1285,54,30,26,26,
19.1299,39,23,32,32,
19.1312,14,20,24,29,
19.1326,-4,19,23,27,
19.134,-4,19,23,27,
19.1353,-1,22,19,18,
19.1366,-7,3,14,20,
19.138,-7,3,14,20,
19.1394,7,12,16,30,
19.1407,17,17,31,22,
19.1421,17,17,31,22,
19.1434,31,26,28,25,
19.1447,41,46,25,29,
19.1461,49,44,20,25,
19.1474,41,38,23,18,
19.1488,25,27,20,29,
19.1501,24,29,17,25,
19.1514,7,17,11,26,
19.1527,11,12,17,18,
19.1541,11,12,17,18,
19.1554,1,15,20,13,
19.1568,11,15,11,18,
19.1581,9,17,13,21,
19.1594,25,24,12,28,
19.1607,35,32,24,19,
19.1621,44,41,34,25,
19.1634,35,33,45,28,
19.1648,34,31,35,21,
19.1661,19,26,23,15,
19.1674,19,26,23,15,
19.1688,9,20,21,9,
19.1701,4,20,16,7,
19.1715,-1,13,17,12,
19.1729,-14,7,13,23,
19.1742,8,24,24,25,
19.1755,8,24,24,25,
19.1769,14,16,23,26,
19.1783,28,18,17,32,
19.1796,46,24,19,23,
19.181,40,38,30,20,
19.1824,35,47,33,27,
19.1837,36,38,26,28,
19.1851,36,38,26,28,
19.1864,9,14,18,21,
19.1877,0,19,18,15,
19.189,0,18,23,15,
19.1902,-4,22,17,27,
19.1916,-6,19,19,25,
19.1929,17,29,15,26,
19.1943,37,23,18,34,
19.1956,40,24,26,27,
19.1969,48,38,35,41,
19.1983,34,31,30,32,
19.1997,34,31,30,32,
19.201,30,21,32,30,
19.2024,17,22,26,25,
19.2037,12,9,16,25,
19.2051,2,7,27,22,
19.2065,-1,13,29,13,
19.2078,-4,15,27,14,
19.2091,-4,15,27,14,
19.2105,16,25,16,23,
19.2119,24,34,32,28,
19.2132,36,27,38,37,
19.2146,34,27,29,34,
19.2159,34,27,29,34,
19.2173,34,27,29,34,
19.2186,30,14,15,28,
19.22,8,15,10,18,
19.2213,0,18,13,11,
19.2227,-4,18,18,15,
19.2241,-14,0,21,20,
19.2254,-9,10,26,20,
19.2268,3,23,16,18,
19.2281,30,30,20,30,
19.2295,41,29,20,25,
19.2309,40,31,24,22,
19.2322,40,31,24,22,
19.2336,49,41,29,23,
19.2351,34,32,25,24,
19.2365,22,26,23,18,
19.2378,17,11,17,25,
19.2392,10,11,15,20,
19.2406,-3,12,18,20,
19.2419,1,17,22,19,
19.2434,12,14,21,19,
19.2449,19,10,17,24,
19.2465,28,21,21,28,
19.248,35,23,35,33,
19.2493,35,23,35,33,
19.2507,34,28,45,31,
19.2522,24,28,40,21,
19.2535,29,14,33,29,
19.2549,25,6,23,27,
19.2562,8,3,33,21,
19.2577,8,3,33,21,
19.2591,-2,-5,20,17,
19.2604,-9,-3,19,22,
19.2617,1,4,19,17,
19.2631,24,23,16,18,
19.2644,30,28,21,29,
19.2658,28,27,17,37,
19.2671,28,27,17,37,
19.2685,33,34,31,39,
19.2698,41,29,33,25,
19.2712,21,24,19,26,
19.2725,11,19,16,31,
19.2739,-1,5,15,15,
19.2752,-1,5,15,15,
19.2766,-1,5,15,15,
19.2779,-2,-1,26,12,
19.2792,4,1,22,17,
19.2806,26,9,23,23,
19.282,38,16,32,36,
19.2833,31,31,37,40,
19.2847,31,31,37,40,
19.286,38,33,35,40,
19.2874,20,22,30,30,
19.2887,20,22,30,30,
19.2901,17,9,17,26,
19.2915,8,20,26,32,
19.2928,8,20,26,32,
19.2941,-1,11,15,28,
19.2955,-1,13,17,30,
19.2968,10,18,34,31,
19.2982,34,17,43,35,
19.2996,30,13,47,36,
19.3009,28,26,34,35,
19.3022,36,32,28,37,
19.3036,37,29,25,39,
19.305,28,22,27,35,
19.3063,26,21,23,30,
19.3077,11,26,19,20,
19.3091,-3,17,19,22,
19.3104,-1,13,17,26,
19.3118,-4,8,21,27,
19.3131,-2,7,13,27,
19.3145,36,25,19,31,
19.3159,35,38,23,29,
19.3172,32,33,31,28,
19.3185,33,33,35,32,
19.3199,42,38,32,36,
19.3212,42,38,32,36,
19.3226,43,26,37,34,
19.3239,18,13,29,22,
19.3252,24,10,24,25,
19.3266,24,10,24,25,
19.328,-2,0,24,8,
19.3293,11,9,30,22,
19.3306,4,18,23,33,
19.332,26,32,24,28,
19.3333,39,21,31,26,
19.3347,39,21,31,26,
19.3361,39,21,31,26,
19.3374,53,33,24,36,
19.3387,40,41,26,36,
19.3401,19,32,33,36,
19.3414,7,18,30,31,
19.3428,12,11,20,28,
19.3441,12,11,20,28,
19.3455,-6,2,20,29,
19.3468,1,3,12,27,
19.3482,20,11,21,32,
19.3495,23,18,27,42,
19.3509,23,18,27,42,
19.3522,24,20,33,42,
19.3536,38,28,31,32,
19.3549,44,38,33,44,
19.3563,22,28,40,46,
19.3576,28,13,36,43,
19.359,10,12,26,30,
19.3603,6,13,18,33,
19.3617,3,9,18,38,
19.3631,-2,3,22,36,
19.3645,-2,10,21,27,
19.3658,16,8,18,25,
19.3672,34,17,26,36,
19.3685,32,40,24,40,
19.3699,32,40,24,40,
19.3713,39,41,34,43,
19.3726,39,35,40,37,
19.3739,22,22,38,39,
19.3752,25,32,44,37,
19.3766,24,32,23,32,
19.3779,11,27,21,37,
19.3793,11,27,21,37,
19.3806,1,19,21,26,
19.3819,13,9,14,24,
19.3833,15,15,19,26,
19.3846,20,19,25,29,
19.386,29,35,29,38,
19.3873,45,36,28,34,
19.3887,64,41,39,42,
19.39,56,35,45,47,
19.3914,28,14,33,42,
19.3927,28,14,33,42,
19.394,22,12,24,33,
19.3954,14,13,21,28,
19.3968,17,9,15,21,
19.3981,10,18,8,16,
19.3995,6,22,12,25,
19.4009,10,21,22,25,
19.4022,40,34,28,29,
19.4036,46,48,30,30,
19.4049,58,47,37,30,
19.4063,58,47,37,30,
19.4077,59,40,49,38,
19.409,39,40,53,41,
19.4103,26,25,43,33,
19.4117,23,21,34,27,
19.4131,23,21,34,27,
19.4145,9,25,18,38,
19.4158,-1,17,23,39,
19.4173,3,18,33,41,
19.4186,49,28,29,39,
19.42,58,38,26,37,
19.4213,58,38,26,37,
19.4226,51,39,34,42,
19.424,58,44,41,50,
19.4253,43,41,35,54,
19.4266,33,40,27,58,
19.428,30,30,18,53,
19.4293,13,17,28,47,
19.4307,6,12,37,39,
19.4321,5,17,23,38,
19.4335,9,21,19,35,
19.4349,8,18,25,34,
19.4363,38,27,22,42,
19.4376,47,24,25,51,
19.439,47,24,25,51,
19.4404,44,44,52,63,
19.4417,40,44,48,60,
19.4431,34,42,43,53,
19.4445,34,30,43,50,
19.4459,18,20,18,25,
19.4474,18,20,18,25,
19.4487,7,13,26,37,
19.4501,7,13,26,37,
19.4514,-1,14,21,37,
19.4528,15,11,21,31,
19.4541,51,32,34,43,
19.4555,51,32,34,43,
19.4568,65,37,39,44,
19.4582,57,35,45,42,
19.4595,45,41,46,41,
19.4609,39,31,33,43,
19.4623,35,23,29,46,
19.4636,28,29,24,40,
19.4649,26,20,22,37,
19.4663,16,4,12,33,
19.4678,16,4,12,33,
19.4692,18,12,13,25,
19.4706,39,39,22,37,
19.4719,39,39,22,37,
19.4732,55,46,28,40,
19.4746,61,40,29,44,
19.4761,53,48,39,44,
19.4775,35,42,44,48,
19.4788,30,29,36,45,
19.4802,26,15,30,35,
19.4815,7,15,27,35,
19.4828,8,27,29,32,
19.4842,12,28,18,34,
19.4855,17,16,27,38,
19.4869,17,23,31,30,
19.4883,28,32,32,31,
19.4896,33,33,40,44,
19.4909,46,27,42,55,
19.4922,63,35,50,60,
19.4936,50,33,41,44,
19.4949,22,31,36,42,
19.4963,22,31,36,42,
19.4977,23,20,31,40,
19.4991,19,29,24,35,
19.5004,13,23,30,38,
19.5018,1,8,29,27,
19.5031,6,13,24,32,
19.5045,29,28,20,42,
19.5058,39,31,34,47,
19.5072,34,30,47,45,
19.5085,36,40,45,46,
19.5099,54,50,50,52,
19.5113,47,37,46,55,
19.5126,47,37,46,55,
19.514,47,37,46,55,
19.5153,33,17,44,27,
19.5166,15,23,36,32,
19.518,8,15,26,33,
19.5193,12,23,22,26,
19.5207,30,17,30,27,
19.5221,30,17,30,27,
19.5234,35,26,34,35,
19.5248,57,50,45,41,
19.5261,53,47,43,43,
19.5275,48,36,34,51,
19.5289,38,28,22,48,
19.5302,38,28,22,48,
19.5316,19,32,20,51,
19.5329,21,18,30,34,
19.5343,8,10,36,32,
19.5356,1,11,23,30,
19.537,-5,17,8,34,
19.5383,-4,22,15,34,
19.5397,15,26,19,33,
19.541,42,28,31,38,
19.5424,63,27,38,50,
19.5438,74,38,29,53,
19.5451,74,38,29,53,
19.5465,54,36,33,45,
19.5479,34,27,35,41,
19.5492,23,28,27,29,
19.5506,14,19,19,34,
19.5519,11,19,13,32,
19.5532,12,18,10,30,
19.5546,12,18,10,30,
19.556,19,19,24,33,
19.5573,29,28,21,28,
19.5587,46,37,27,29,
19.5601,45,35,29,33,
19.5614,45,35,29,33,
19.5627,41,39,38,37,
19.5641,32,33,48,41,
19.5654,33,31,34,37,
19.5668,29,20,34,42,
19.5681,10,20,38,35,
19.5694,-1,17,32,31,
19.5708,-11,9,30,32,
19.5722,3,23,23,32,
19.5735,33,23,31,42,
19.5749,39,28,37,39,
19.5763,39,28,37,39,
19.5777,55,38,38,45,
19.579,60,33,55,47,
19.5804,60,33,55,47,
19.5818,41,25,29,43,
19.5831,31,26,32,46,
19.5845,22,28,37,37,
19.5859,12,33,35,34,
19.5873,-1,14,21,33,
19.5887,-1,14,21,33,
19.59,-1,14,21,33,
19.5914,15,25,26,37,
19.5928,36,29,33,36,
19.5941,46,38,37,41,
19.5955,61,48,29,49,
19.5968,61,48,29,49,
19.5981,57,44,36,48,
19.5995,35,37,29,39,
19.6009,30,32,28,43,
19.6022,16,25,38,37,
19.6036,6,18,29,36,
19.6049,4,12,15,39,
19.6062,4,12,15,39,
19.6076,8,13,16,34,
19.609,31,32,37,35,
19.6103,40,47,29,40,
19.6118,35,42,38,47,
19.6132,50,46,52,56,
19.6145,67,44,61,54,
19.6159,56,46,52,48,
19.6172,23,15,32,41,
19.6185,23,15,32,41,
19.6199,13,14,37,43,
19.6212,2,19,29,39,
19.6226,2,19,29,39,
19.624,-5,7,26,33,
19.6253,-10,18,26,34,
19.6266,31,20,29,47,
19.628,43,37,30,56,
19.6294,43,37,30,56,
19.6308,53,39,26,53,
19.6321,57,37,37,48,
19.6335,44,30,42,46,
19.6348,19,24,31,42,
19.6362,8,21,18,39,
19.6376,8,21,18,39,
19.6391,8,21,18,39,
19.6404,-3,2,21,31,
19.6418,-4,6,17,28,
19.6432,5,15,18,30,
19.6446,50,27,46,44,
19.646,50,27,46,44,
19.6474,58,33,53,52,
19.6488,54,48,48,44,
19.6502,54,43,41,44,
19.6516,36,32,45,39,
19.653,17,30,38,41,
19.6543,16,21,33,48,
19.6558,16,5,26,36,
19.6571,-1,14,14,32,
19.6586,-5,11,8,30,
19.66,9,14,26,26,
19.6614,27,26,35,34,
19.6628,27,26,35,34,
19.6642,39,39,41,48,
19.6655,45,35,46,45,
19.6669,39,32,38,52,
19.6682,23,23,26,50,
19.6696,23,23,26,50,
19.6709,23,23,26,50,
19.6723,22,22,27,41,
19.6736,10,18,14,23,
19.675,0,12,16,21,
19.6764,10,13,16,31,
19.6778,24,14,25,40,
19.6791,39,14,27,43,
19.6804,51,23,32,42,
19.6818,47,32,34,41,
19.6832,54,28,29,40,
19.6846,50,30,34,52,
19.6859,50,30,34,52,
19.6873,36,37,30,54,
19.6887,13,30,31,53,
19.69,10,24,31,48,
19.6914,2,14,17,38,
19.6927,4,8,16,28,
19.6941,10,5,20,34,
19.6955,28,8,20,39,
19.6968,43,21,23,46,
19.6982,49,25,30,42,
19.6995,53,35,34,50,
19.7009,33,29,38,47,
19.7022,33,29,38,47,
19.7036,40,30,42,44,
19.705,30,30,31,46,
19.7063,17,18,26,44,
19.7077,11,10,25,43,
19.7091,-9,5,23,35,
19.7104,-9,5,23,35,
19.7118,1,17,29,30,
19.7131,21,25,22,30,
19.7145,33,35,37,38,
19.7159,37,41,46,40,
19.7172,41,45,42,54,
19.7186,51,39,28,51,
19.72,51,39,28,51,
19.7213,19,29,22,45,
19.7226,14,18,23,37,
19.724,12,13,26,37,
19.7253,4,6,14,19,
19.7266,4,6,14,19,
19.728,5,3,13,23,
19.7293,15,17,26,27,
19.7307,28,40,29,42,
19.7321,35,39,38,46,
19.7334,35,39,38,46,
19.7348,49,38,27,53,
19.7361,49,38,27,53,
19.7374,39,31,27,53,
19.7388,38,29,24,43,
19.7402,32,22,17,29,
19.7415,22,20,21,33,
19.7429,9,18,21,24,
19.7443,-4,12,9,24,
19.7456,-7,10,9,27,
19.7469,4,21,21,28,
19.7482,4,21,21,28,
19.7496,39,29,34,35,
19.7509,40,21,28,40,
19.7522,44,39,33,51,
19.7535,53,50,32,47,
19.7549,54,46,27,48,
19.7562,32,22,24,39,
19.7576,13,21,28,29,
19.759,13,23,26,31,
19.7603,-2,20,21,28,
19.7616,-2,20,21,28,
19.7629,-7,20,15,23,
19.7643,10,18,19,30,
19.7657,22,17,15,32,
19.767,35,34,31,47,
19.7684,36,40,20,41,
19.7697,36,40,20,41,
19.7711,35,34,34,47,
19.7724,30,36,24,42,
19.7738,30,29,18,32,
19.7752,17,18,18,33,
19.7765,10,2,10,31,
19.7778,-2,6,6,22,
19.7792,-2,6,6,22,
19.7805,3,7,3,27,
19.7819,4,8,28,33,
19.7832,23,19,21,35,
19.7845,37,35,28,39,
19.7859,37,32,24,37,
19.7873,39,32,18,50,
19.7887,26,29,23,49,
19.79,21,21,28,38,
19.7914,8,16,23,26,
19.7927,4,13,18,24,
19.794,4,13,18,24,
19.7954,7,16,15,21,
19.7968,-10,19,9,26,
19.7981,-10,2,8,17,
19.7995,7,12,14,14,
19.8009,28,21,23,31,
19.8022,33,16,24,26,
19.8036,30,30,24,36,
19.8049,28,39,29,44,
19.8063,35,34,27,38,
19.8077,31,19,31,28,
19.809,31,19,31,28,
19.8104,10,15,28,32,
19.8118,5,22,27,30,
19.8131,-10,13,22,20,
19.8145,-1,17,15,20,
19.8159,9,16,16,24,
19.8172,38,21,20,31,
19.8186,35,22,27,35,
19.8199,35,22,27,35,
19.8212,51,38,38,32,
19.8225,52,35,29,49,
19.8239,52,35,29,49,
19.8252,37,22,23,45,
19.8266,24,13,24,41,
19.828,21,7,15,38,
19.8294,5,13,22,30,
19.8308,1,17,12,15,
19.8321,-12,19,8,16,
19.8335,-1,7,12,17,
19.8349,18,16,20,26,
19.8363,36,31,27,36,
19.8377,41,34,38,37,
19.8391,46,36,32,39,
19.8406,46,36,32,39,
19.842,37,35,34,44,
19.8435,22,23,29,41,
19.8449,22,23,29,41,
19.8463,14,20,19,30,
19.8477,-14,9,16,29,
19.849,-1,10,11,28,
19.8504,-4,12,15,34,
19.8517,16,12,17,28,
19.853,37,27,23,29,
19.8544,32,36,26,35,
19.8557,25,33,28,44,
19.8571,37,37,36,52,
19.8585,48,29,29,56,
19.8598,9,32,23,42,
19.8612,0,33,30,34,
19.8625,0,18,32,27,
19.8639,4,1,29,27,
19.8652,4,1,29,27,
19.8666,-10,6,22,18,
19.868,-4,10,12,30,
19.8693,20,13,22,37,
19.8706,32,28,30,40,
19.872,32,30,35,42,
19.8734,45,45,39,44,
19.8747,38,50,40,45,
19.8761,36,48,39,46,
19.8775,32,29,19,40,
19.8789,10,24,26,38,
19.8803,10,24,26,38,
19.8816,13,22,29,35,
19.883,12,18,24,30,
19.8843,4,4,20,28,
19.8857,10,28,15,30,
19.887,21,46,21,45,
19.8884,28,49,27,52,
19.8897,28,49,27,52,
19.8911,48,39,27,55,
19.8925,41,41,31,60,
19.8938,26,33,25,55,
19.8952,10,16,30,39,
19.8966,8,12,31,25,
19.8979,8,12,31,25,
19.8993,-1,-5,15,31,
19.9006,-7,-10,9,26,
19.9019,6,5,14,28,
19.9033,21,21,24,43,
19.9047,21,21,24,43,
19.906,32,26,22,37,
19.9074,32,29,23,41,
19.9087,45,26,32,28,
19.9101,30,24,21,31,
19.9114,25,23,26,36,
19.9128,25,23,26,36,
19.9141,21,22,26,25,
19.9156,2,6,20,27,
19.9169,6,22,14,32,
19.9183,4,6,7,20,
19.9196,0,12,20,21,
19.921,7,15,30,21,
19.9223,31,31,27,21,
19.9238,44,32,37,35,
19.9251,46,29,29,41,
19.9265,33,24,25,47,
19.9278,27,24,30,35,
19.9291,27,24,30,35,
19.9305,18,31,32,28,
19.9319,10,14,29,25,
19.9332,9,9,31,29,
19.9346,-18,9,16,20,
19.9359,-5,15,15,17,
19.9373,-5,15,15,17,
19.9386,-2,26,16,18,
19.94,23,24,30,32,
19.9413,34,17,30,25,
19.9427,43,18,37,33,
19.9441,27,28,37,28,
19.9454,27,29,24,28,
19.9468,27,29,24,28,
19.9482,18,18,17,20,
19.9495,4,18,22,21,
19.9508,2,8,22,17,
19.9522,-4,6,12,4,
19.9535,-17,10,7,4,
19.9548,-9,9,4,7,
19.9562,10,8,7,18,
19.9575,29,18,22,20,
19.959,40,28,18,25,
19.9604,51,39,22,36,
19.9617,46,35,25,35,
19.9631,46,35,25,35,
19.9644,33,23,21,22,
19.9657,13,5,22,17,
19.9671,-2,7,23,20,
19.9684,-2,7,23,20,
19.9698,-5,-3,25,17,
19.9711,-15,-4,18,7,
19.9724,-10,1,15,10,
19.9737,0,11,17,13,
19.9751,26,18,27,22,
19.9764,40,23,24,34,
19.9778,35,22,29,33,
19.9792,39,20,34,34,
19.9805,23,19,25,18,
19.9819,11,12,22,17,
19.9833,11,12,22,17,
19.9847,-3,22,21,25,
19.986,-11,18,25,24,
19.9874,-7,10,23,13,
19.9888,-15,3,14,20,
19.9901,0,12,10,19,
19.9915,0,12,10,19,
19.9928,22,28,33,31,
19.9941,34,33,27,32,
19.9955,40,44,32,30,
19.9968,25,41,27,38,
19.9981,13,29,28,32,
19.9995,13,29,28,32,
20.0008,5,14,20,24,
20.0021,-4,5,14,17,
20.0035,-6,4,22,15,
20.0048,-19,-10,21,21,
20.0062,-11,9,17,20,
20.0076,6,15,20,14,
20.009,20,26,18,16,
20.0103,28,25,32,32,
20.0117,55,39,32,33,
20.0131,38,28,26,32,
20.0144,24,24,27,27,
20.0158,24,24,27,27,
20.0172,16,20,20,31,
20.0185,17,10,11,29,
20.0199,17,17,13,22,
20.0211,5,17,12,9,
20.0224,-2,15,16,11,
20.0238,-2,15,16,11,
20.0251,17,19,12,14,
20.0265,37,20,26,34,
20.0278,41,23,25,38,
20.0292,46,28,28,38,
20.0305,34,37,24,31,
20.0319,34,37,24,31,
20.0332,34,37,24,31,
20.0346,9,21,27,26,
20.0359,5,22,25,21,
20.0373,-1,11,22,16,
20.0386,-4,-1,24,20,
20.04,-2,0,12,27,
20.0413,5,6,4,23,
20.0426,6,11,6,20,
20.044,20,18,25,23,
20.0453,18,15,24,21,
20.0467,36,19,25,35,
20.0481,36,19,25,35,
20.0494,36,19,27,44,
20.0508,22,31,31,34,
20.0522,-6,17,24,27,
20.0535,-2,20,18,20,
20.0549,-14,22,19,15,
20.0562,-15,13,18,13,
20.0575,-2,9,13,7,
20.0589,-4,19,21,15,
20.0602,5,14,31,29,
20.0615,27,16,32,34,
20.0629,21,17,27,29,
20.0642,32,26,29,32,
20.0656,42,28,34,30,
20.067,30,26,23,36,
20.0683,20,19,17,33,
20.0697,3,16,17,19,
20.071,-3,11,20,14,
20.0724,-6,17,11,21,
20.0738,-16,17,8,19,
20.0751,-3,1,14,13,
20.0765,14,-1,24,4,
20.0779,29,11,17,17,
20.0793,36,30,27,19,
20.0806,25,38,24,27,
20.082,25,38,24,27,
20.0833,42,41,31,30,
20.0847,33,39,33,28,
20.086,24,29,29,16,
20.0874,5,13,21,7,
20.0887,0,9,17,5,
20.0901,-17,13,11,3,
20.0915,-12,17,15,7,
20.0929,-2,19,17,13,
20.0942,22,31,25,23,
20.0956,25,42,25,28,
20.0969,25,42,25,28,
20.0983,27,40,21,32,
20.0997,40,44,31,42,
20.101,40,26,19,30,
20.1024,13,23,20,33,
20.1038,0,15,24,23,
20.1051,-5,17,30,11,
20.1065,-13,12,23,8,
20.1079,-12,11,12,8,
20.1092,-16,0,7,19,
20.1106,-5,-3,10,26,
20.1119,12,12,19,30,
20.1133,24,23,23,24,
20.1147,36,26,25,24,
20.1161,33,35,29,33,
20.1174,39,45,36,39,
20.1188,14,36,41,33,
20.1202,25,29,35,30,
20.1215,22,26,24,26,
20.1229,14,16,16,21,
20.1243,2,17,9,25,
20.1256,2,17,9,25,
20.127,1,3,3,21,
20.1283,9,11,21,26,
20.1296,31,18,24,29,
20.131,47,28,29,39,
20.1323,40,24,29,43,
20.1337,40,24,30,38,
20.1351,47,28,33,36,
20.1364,15,25,36,37,
20.1378,12,12,25,34,
20.1391,12,12,25,34,
20.1405,18,10,19,19,
20.1418,5,2,22,19,
20.1431,-2,-6,17,21,
20.1445,-10,2,18,21,
20.1458,22,16,13,34,
20.1472,22,16,13,34,
20.1485,38,29,18,36,
20.1499,53,44,36,35,
20.1512,52,43,34,40,
20.1525,45,29,41,37,
20.1539,35,28,42,35,
20.1553,19,24,39,29,
20.1566,12,17,26,27,
20.158,5,8,17,29,
20.1593,-4,12,19,26,
20.1607,-9,11,16,22,
20.1621,5,11,21,18,
20.1634,9,18,20,14,
20.1648,33,20,25,25,
20.1662,36,20,36,38,
20.1675,29,22,34,46,
20.1689,34,28,37,36,
20.1702,34,28,37,36,
20.1716,34,31,43,32,
20.1729,9,9,21,26,
20.1743,16,2,25,21,
20.1757,1,7,21,21,
20.177,-18,7,17,19,
20.1784,-18,7,17,19,
20.1798,-5,6,19,13,
20.1811,5,24,24,17,
20.1825,32,37,27,30,
20.1838,37,25,26,34,
20.1852,47,36,36,28,
20.1865,41,46,39,32,
20.1879,29,38,28,25,
20.1892,20,32,26,31,
20.1906,11,15,13,16,
20.192,0,14,10,16,
20.1933,0,14,10,16,
20.1946,-17,11,9,16,
20.196,-7,16,8,18,
20.1973,0,20,13,19,
20.1987,10,24,19,19,
20.2001,43,35,32,21,
20.2014,44,35,27,23,
20.2028,44,35,27,23,
20.2041,43,31,25,26,
20.2054,32,26,17,21,
20.2068,12,17,12,21,
20.2082,3,5,14,28,
20.2095,5,4,11,30,
20.2109,5,4,11,30,
20.2123,-1,9,19,28,
20.2137,-6,0,8,17,
20.2151,6,10,16,20,
20.2164,14,21,21,17,
20.2177,41,29,27,23,
20.2191,41,29,27,23,
20.2205,44,33,27,28,
20.2218,38,36,24,32,
20.2232,34,31,25,30,
20.2245,19,25,27,32,
20.2259,15,21,27,25,
20.2274,14,14,17,15,
20.2287,-1,6,11,10,
20.23,-3,4,10,8,
20.2313,7,9,11,7,
20.2326,1,16,11,21,
20.2339,27,33,15,26,
20.2353,27,33,15,26,
20.2367,38,41,28,34,
20.2381,36,42,26,44,
20.2395,28,23,21,30,
20.2408,28,23,21,30,
20.2422,15,22,28,33,
20.2436,7,22,24,33,
20.245,10,16,15,30,
20.2464,-6,12,15,29,
20.2478,-11,24,27,18,
20.2492,2,24,31,20,
20.2506,27,30,37,34,
20.252,37,33,39,38,
20.2534,26,39,28,30,
20.2549,35,42,32,32,
20.2562,42,34,45,30,
20.2575,38,34,46,33,
20.2589,35,36,37,35,
20.2602,35,36,37,35,
20.2615,12,29,33,35,
20.2629,6,31,26,23,
20.2643,-16,17,16,19,
20.2656,-5,9,13,19,
20.267,2,22,21,28,
20.2684,31,25,27,37,
20.2698,31,25,27,37,
20.2711,33,33,34,40,
20.2725,41,36,27,42,
20.2738,35,32,41,47,
20.2752,20,25,34,39,
20.2766,20,19,33,33,
20.2779,19,17,26,27,
20.2792,8,28,21,32,
20.2806,4,14,21,21,
20.282,2,6,13,16,
20.2833,-4,5,15,27,
20.2847,3,16,14,27,
20.286,12,21,21,35,
20.2874,41,36,35,33,
20.2888,41,44,36,31,
20.2901,53,33,30,41,
20.2914,48,28,29,42,
20.2928,26,40,21,24,
20.2941,16,22,21,27,
20.2955,4,23,18,27,
20.2969,4,23,18,27,
20.2982,6,12,15,33,
20.2995,2,10,12,25,
20.3009,9,19,20,23,
20.3023,24,24,26,28,
20.3037,39,25,33,35,
20.305,35,22,30,38,
20.3065,44,24,28,33,
20.308,49,37,21,37,
20.3094,51,36,29,39,
20.3107,41,33,33,41,
20.3121,16,34,36,42,
20.3134,12,11,26,30,
20.3147,12,11,26,30,
20.3161,9,3,21,22,
20.3174,6,15,12,31,
20.3188,17,17,11,24,
20.3201,29,17,30,34,
20.3215,38,22,46,42,
20.3229,41,39,42,39,
20.3243,38,40,35,39,
20.3257,38,40,35,39,
20.327,45,28,30,33,
20.3284,24,28,35,39,
20.3298,11,26,36,34,
20.3311,13,20,32,23,
20.3325,9,20,24,20,
20.3338,8,12,15,15,
20.3352,21,21,8,26,
20.3366,24,17,7,28,
20.338,33,32,20,41,
20.3393,28,32,27,34,
20.3407,28,32,27,34,
20.342,36,30,23,26,
20.3435,42,25,27,38,
20.3448,32,35,31,30,
20.3462,28,34,37,32,
20.3475,28,34,37,32,
20.3489,4,16,28,26,
20.3503,-4,0,25,20,
20.3517,0,10,20,18,
20.353,14,36,17,35,
20.3543,34,38,22,38,
20.3557,34,38,22,38,
20.357,51,38,22,39,
20.3583,44,32,32,34,
20.3596,42,37,41,40,
20.361,40,47,44,48,
20.3623,40,16,38,44,
20.3636,40,16,38,44,
20.365,24,11,27,35,
20.3664,15,7,22,36,
20.3678,2,3,15,26,
20.3691,2,12,7,32,
20.3705,1,16,17,25,
20.3718,19,20,29,28,
20.3732,19,20,29,28,
20.3746,37,24,45,43,
20.3759,52,30,51,51,
20.3773,44,41,43,55,
20.3786,45,46,43,55,
20.38,23,16,26,46,
20.3813,23,16,26,46,
20.3827,2,11,35,36,
20.384,12,12,25,26,
20.3853,0,2,21,20,
20.3867,6,15,14,32,
20.3881,14,23,15,39,
20.3894,10,34,28,42,
20.3908,26,40,31,42,
20.3922,46,35,24,46,
20.3935,63,38,40,55,
20.3948,68,37,41,54,
20.3962,60,47,39,52,
20.3975,37,29,38,62,
20.3989,19,27,29,63,
20.4002,19,27,29,63,
20.4015,20,27,34,62,
20.4029,0,24,22,40,
20.4043,4,16,22,42,
20.4056,12,30,27,51,
20.407,43,43,30,57,
20.4084,54,50,44,74,
20.4097,54,35,47,77,
20.411,60,44,45,79,
20.4124,77,48,43,72,
20.4137,77,48,43,72,
20.415,53,30,39,71,
20.4163,31,32,45,82,
20.4177,31,32,45,82,
20.419,35,20,43,78,
20.4203,41,20,42,83,
20.4217,32,21,47,85,
20.4231,32,21,47,85,
20.4244,55,38,46,86,
20.4257,87,55,61,107,
20.4271,85,63,63,114,
20.4284,94,58,76,122,
20.4297,88,53,84,122,
20.431,78,57,79,125,
20.4324,78,57,79,125,
20.4337,73,50,75,127,
20.4351,72,49,72,130,
20.4364,51,38,68,119,
20.4377,53,43,67,120,
20.4392,53,43,67,120,
20.4405,70,58,73,142,
20.4419,93,63,87,155,
20.444,116,71,103,178,
20.4454,116,71,103,178,
20.4469,123,90,104,187,
20.4483,125,88,107,202,
20.4497,118,84,109,226,
20.4511,108,86,110,238,
20.4524,109,81,118,251,
20.4538,122,88,122,279,
20.4552,126,96,128,299,
20.4566,136,102,149,334,
20.4579,183,121,168,368,
20.4593,183,121,168,368,
20.4606,224,142,185,400,
20.4619,241,160,202,442,
20.4633,288,210,241,564,
20.4646,320,213,268,643,
20.4659,349,226,296,729,
20.4673,349,226,296,729,
20.4687,442,288,398,1067,
20.47,546,341,490,1437,
20.4714,649,413,685,2532,
20.4728,825,578,855,2248,
20.4742,702,587,738,1567,
20.4755,702,587,738,1567,
20.4769,422,392,425,852,
20.4782,348,306,335,661,
20.4796,276,251,276,542,
20.481,204,187,200,362,
20.4823,182,161,181,294,
20.4837,182,161,181,294,
20.4851,130,131,144,228,
20.4865,110,103,124,201,
20.4879,108,77,106,175,
20.4892,87,74,104,131,
20.4906,87,74,104,131,
20.4919,87,74,104,131,
20.4932,87,70,91,117,
20.4946,102,80,107,119,
20.496,111,80,108,119,
20.4973,109,89,95,119,
20.4986,115,87,98,118,
20.5,97,70,98,107,
20.5013,85,70,93,90,
20.5027,70,45,84,82,
20.504,66,44,79,75,
20.5053,45,48,62,62,
20.5067,45,48,62,62,
20.508,49,35,50,47,
20.5093,38,39,50,36,
20.5107,32,40,50,42,
20.512,57,50,48,55,
20.5133,70,64,67,72,
20.5147,75,65,65,82,
20.516,75,65,65,82,
20.5174,72,53,64,76,
20.5188,70,53,51,73,
20.5201,54,50,39,73,
20.5215,27,39,40,59,
20.5228,27,39,40,59,
20.5242,27,39,40,59,
20.5255,12,25,44,50,
20.5269,9,38,26,52,
20.5283,24,51,40,58,
20.5296,56,49,52,65,
20.5309,63,50,61,64,
20.5323,67,47,64,62,
20.5336,64,55,65,66,
20.535,54,46,56,72,
20.5364,27,30,49,73,
20.5377,20,33,35,63,
20.5391,20,33,35,63,
20.5404,20,29,36,55,
20.5418,1,28,30,44,
20.5431,4,32,23,33,
20.5445,36,32,33,47,
20.5459,35,41,36,62,
20.5472,33,40,39,66,
20.5486,43,54,42,71,
20.5499,71,60,52,81,
20.5513,63,58,57,83,
20.5527,48,53,46,78,
20.5541,26,42,51,66,
20.5554,30,44,47,60,
20.5568,27,33,30,60,
20.5581,12,29,18,62,
20.5594,-1,22,26,56,
20.5608,2,14,24,50,
20.5621,29,30,30,46,
20.5634,48,42,37,47,
20.5648,47,48,47,49,
20.5661,47,48,47,49,
20.5675,62,52,50,65,
20.5688,62,52,50,65,
20.5702,63,40,43,56,
20.5715,15,20,38,49,
20.5729,21,14,26,46,
20.5742,21,14,26,46,
20.5755,-1,27,31,41,
20.5769,3,18,28,39,
20.5782,15,8,24,38,
20.5795,32,21,30,39,
20.5808,49,28,29,44,
20.5822,59,40,32,44,
20.5835,61,44,38,47,
20.5849,62,44,52,65,
20.5862,53,34,43,64,
20.5875,51,37,38,53,
20.5888,36,34,40,54,
20.5902,19,26,35,54,
20.5915,28,19,38,42,
20.5929,22,10,41,39,
20.5942,6,9,31,38,
20.5956,18,6,32,42,
20.597,18,6,32,42,
20.5983,42,16,30,51,
20.5997,56,28,41,53,
20.601,63,39,50,61,
20.6024,63,39,50,61,
20.6037,38,49,57,66,
20.605,32,43,55,52,
20.6064,32,43,55,52,
20.6077,30,29,43,46,
20.6091,26,17,22,25,
20.6104,3,19,15,25,
20.6118,0,23,18,18,
20.6131,2,22,22,25,
20.6145,10,25,28,31,
20.6158,38,30,33,31,
20.6172,47,45,36,53,
20.6185,56,46,45,55,
20.6198,56,46,45,55,
20.6212,50,33,46,61,
20.6225,36,32,48,58,
20.6239,24,32,37,47,
20.6253,13,29,34,44,
20.6266,1,3,18,18,
20.628,1,3,18,18,
20.6293,-6,9,27,20,
20.6307,11,16,31,25,
20.6321,24,28,27,30,
20.6335,48,32,40,39,
20.6349,61,37,47,47,
20.6362,61,37,47,47,
20.6376,61,37,47,47,
20.639,47,36,43,45,
20.6404,31,25,32,47,
20.6417,24,26,33,38,
20.6433,0,27,27,24,
20.6446,0,27,27,24,
20.6459,-2,25,19,29,
20.6473,-10,23,22,34,
20.6487,7,21,38,29,
20.65,30,29,31,46,
20.6514,36,36,35,52,
20.6528,43,41,45,48,
20.6541,43,41,45,48,
20.6555,57,38,49,43,
20.6568,34,36,42,42,
20.6582,23,36,40,38,
20.6596,10,20,30,30,
20.661,16,17,22,22,
20.6623,1,7,24,14,
20.6637,-1,7,18,16,
20.6651,15,25,17,40,
20.6665,15,25,17,40,
20.6678,33,26,28,47,
20.6692,44,45,43,53,
20.6706,48,44,47,56,
20.6719,48,44,47,56,
20.6733,37,49,40,55,
20.6747,43,24,38,46,
20.676,21,31,34,47,
20.6773,5,23,27,32,
20.6787,7,10,20,20,
20.68,6,4,25,20,
20.6814,14,5,32,26,
20.6827,17,24,30,34,
20.6841,24,33,38,43,
20.6854,24,33,38,43,
20.6868,24,33,38,43,
20.6881,50,41,39,47,
20.6895,47,48,42,39,
20.6908,45,43,40,38,
20.6922,32,32,35,34,
20.6935,29,28,28,27,
20.6949,29,28,28,27,
20.6962,30,15,20,24,
20.6975,12,20,22,17,
20.6989,18,15,23,20,
20.7002,18,15,23,20,
20.7015,39,39,28,30,
20.7028,39,39,28,30,
20.7041,45,43,27,34,
20.7055,50,41,39,44,
20.7068,48,34,39,36,
20.7081,38,37,36,40,
20.7095,18,32,31,40,
20.7109,19,32,21,26,
20.7122,18,29,22,24,
20.7135,10,21,21,25,
20.715,-2,18,21,27,
20.7164,-10,20,15,24,
20.7177,6,26,23,22,
20.719,25,28,30,19,
20.7204,39,27,30,31,
20.7217,42,31,36,41,
20.7231,53,49,40,43,
20.7244,43,48,35,43,
20.7258,42,46,39,35,
20.7272,42,46,39,35,
20.7286,28,28,34,24,
20.7299,28,28,34,24,
20.7313,21,20,35,18,
20.7326,11,19,20,26,
20.734,2,17,13,24,
20.7354,5,14,12,26,
20.7367,5,14,12,26,
20.738,43,44,25,35,
20.7394,66,43,43,41,
20.7407,64,42,51,42,
20.7421,60,50,51,30,
20.7434,60,50,51,30,
20.7448,38,41,39,33,
20.7462,38,41,39,33,
20.7476,9,19,30,28,
20.749,4,18,29,26,
20.7503,11,8,26,5,
20.7517,20,10,15,15,
20.7531,20,10,15,15,
20.7544,18,32,10,23,
20.7558,49,37,42,25,
20.7571,43,36,41,43,
20.7585,40,27,37,43,
20.7599,40,29,38,38,
20.7612,32,37,37,38,
20.7625,32,37,37,38,
20.7639,14,18,30,33,
20.7652,3,22,23,24,
20.7666,-5,22,14,25,
20.768,-7,3,20,20,
20.7693,17,15,27,23,
20.7707,17,15,27,23,
20.7721,37,33,36,37,
20.7735,44,30,29,41,
20.7748,47,43,30,50,
20.7762,47,43,30,50,
20.7775,40,41,39,43,
20.7788,40,41,39,43,
20.7802,32,24,26,30,
20.7815,18,11,39,25,
20.7829,6,9,25,26,
20.7842,-11,15,23,29,
20.7856,-11,22,22,26,
20.787,4,21,26,23,
20.7883,4,21,26,23,
20.7897,21,19,37,26,
20.7911,49,42,29,38,
20.7924,45,35,26,33,
20.7937,49,41,33,32,
20.7951,36,23,35,34,
20.7964,36,23,35,34,
20.7977,14,23,28,28,
20.7991,8,21,23,33,
20.8005,0,3,26,23,
20.8019,-8,3,23,19,
20.8032,-5,5,11,23,
20.8046,-5,5,11,23,
20.806,21,6,19,25,
20.8073,44,31,36,30,
20.8086,56,43,42,46,
20.81,65,47,46,51,
20.8113,44,42,46,43,
20.8126,34,41,42,36,
20.814,17,28,42,29,
20.8153,8,10,34,34,
20.8167,16,17,23,39,
20.8181,5,14,17,26,
20.8194,5,14,17,26,
20.8208,-8,6,12,13,
20.8221,-8,6,12,13,
20.8235,34,28,26,26,
20.8248,44,39,33,30,
20.8262,42,36,42,37,
20.8275,48,32,33,36,
20.8289,48,32,33,36,
20.8303,45,35,36,34,
20.8317,16,20,36,32,
20.833,10,15,29,27,
20.8344,5,16,22,16,
20.8359,-15,25,23,12,
20.8372,-7,30,20,17,
20.8386,-7,30,20,17,
20.84,25,19,26,23,
20.8413,32,19,35,27,
20.8427,44,26,34,35,
20.8441,39,38,44,37,
20.8455,39,38,44,37,
20.8469,36,32,34,36,
20.8483,35,38,32,37,
20.8498,21,29,26,27,
20.8512,4,24,15,30,
20.8526,-11,16,17,15,
20.8539,-3,10,10,18,
20.8553,9,13,4,28,
20.8567,10,15,20,35,
20.858,24,22,31,28,
20.8594,33,24,45,30,
20.8608,43,31,53,35,
20.8621,48,50,48,43,
20.8635,31,35,35,37,
20.8649,20,23,31,40,
20.8662,27,32,34,32,
20.8676,26,32,29,29,
20.8689,6,26,27,34,
20.8702,-7,-3,8,10,
20.8716,-9,10,12,13,
20.873,-9,10,12,13,
20.8742,19,29,16,22,
20.8756,19,29,16,22,
20.877,25,46,30,31,
20.8783,36,48,40,28,
20.8797,62,43,41,52,
20.881,44,37,29,52,
20.8824,44,37,29,52,
20.8838,30,17,22,40,
20.8851,16,18,22,27,
20.8865,11,14,28,20,
20.8879,2,15,16,14,
20.8892,8,23,21,17,
20.8905,8,23,21,17,
20.8919,11,21,31,16,
20.8932,29,28,33,30,
20.8945,41,36,37,38,
20.8959,34,32,40,43,
20.8972,42,37,47,46,
20.8986,42,37,47,46,
20.9,36,32,40,33,
20.9013,23,16,20,35,
20.9026,12,26,17,32,
20.904,2,22,16,23,
20.9054,-7,11,21,15,
20.9069,-6,10,20,16,
20.9082,-5,7,20,19,
20.9096,3,12,19,19,
20.911,28,29,24,25,
20.9123,35,42,28,31,
20.9137,53,51,28,35,
20.9151,30,36,34,39,
20.9164,30,36,34,39,
20.9178,17,33,23,28,
20.9191,25,21,19,33,
20.9205,2,11,14,28,
20.9218,-2,8,24,24,
20.9232,-3,16,8,25,
20.9245,-4,16,16,23,
20.9259,-4,16,16,23,
20.9272,39,36,23,29,
20.9286,34,40,29,33,
20.93,29,35,37,39,
20.9313,51,40,32,45,
20.9327,54,39,37,40,
20.934,54,39,37,40,
20.9354,44,45,36,39,
20.9368,17,28,30,23,
20.9381,13,18,19,29,
20.9394,-5,12,21,27,
20.9408,-2,16,23,17,
20.9421,-2,16,23,17,
20.9434,13,16,22,17,
20.9447,21,23,20,24,
20.9461,48,44,26,40,
20.9475,54,49,27,49,
20.9488,54,49,27,49,
20.9501,43,37,35,43,
20.9515,38,28,36,34,
20.9529,33,25,24,32,
20.9542,19,19,22,29,
20.9556,15,15,18,28,
20.9569,-6,0,12,22,
20.9582,-10,-2,20,15,
20.9596,1,10,27,21,
20.961,10,16,20,21,
20.9624,34,29,21,25,
20.9637,42,24,34,36,
20.9651,38,26,37,33,
20.9665,39,29,40,36,
20.9678,38,40,45,43,
20.9692,40,47,49,46,
20.9705,28,38,44,37,
20.9719,19,24,27,34,
20.9732,-8,8,11,20,
20.9746,-9,3,18,18,
20.976,-9,3,18,18,
20.9773,-6,11,35,15,
20.9787,19,25,26,26,
20.9801,19,25,26,26,
20.9814,51,33,25,30,
20.9828,58,47,39,35,
20.9841,59,50,50,45,
20.9854,59,50,50,45,
20.9868,25,22,32,30,
20.9882,20,22,29,26,
20.9895,16,21,29,26,
20.9909,-5,11,26,13,
20.9922,-5,11,26,13,
20.9935,-5,11,26,13,
20.9949,0,13,18,18,
20.9962,7,25,25,22,
20.9975,21,36,29,27,
20.9989,30,36,38,41,
21.0003,59,49,34,38,
21.0016,56,43,26,41,
21.003,56,43,26,41,
21.0043,16,15,26,28,
21.0056,1,11,17,29,
21.007,1,11,17,29,
21.0084,-1,11,27,30,
21.0097,-16,20,22,11,
21.0111,-16,20,22,11,
21.0125,-21,15,27,2,
21.0138,23,17,24,28,
21.0152,42,18,31,25,
21.0165,35,26,34,21,
21.0179,41,36,39,35,
21.0193,41,36,39,35,
21.0206,37,31,43,38,
21.0219,20,18,31,32,
21.0233,21,14,21,34,
21.0246,24,17,23,20,
21.0259,13,5,23,14,
21.0273,-14,-3,18,23,
21.0286,-15,2,15,12,
21.0299,-6,14,8,9,
21.0312,2,23,15,13,
21.0326,41,44,37,36,
21.0339,53,45,45,38,
21.0353,50,40,40,38,
21.0367,50,40,40,38,
21.0381,40,51,29,35,
21.0395,39,46,37,37,
21.0409,10,21,25,26,
21.0423,6,15,24,28,
21.0437,-4,15,11,15,
21.0451,-4,17,12,8,
21.0465,0,9,13,11,
21.0479,16,12,16,22,
21.0493,27,35,37,32,
21.0507,27,35,37,32,
21.0521,42,31,37,34,
21.0534,55,36,37,42,
21.0547,49,32,31,34,
21.0561,36,29,33,36,
21.0574,18,16,16,32,
21.0587,14,20,20,22,
21.06,12,19,25,16,
21.0614,12,19,25,16,
21.0627,-17,-3,23,9,
21.0641,-11,5,16,11,
21.0655,21,18,19,26,
21.0669,35,33,32,33,
21.0683,40,34,32,32,
21.0697,56,33,24,41,
21.0712,60,37,26,39,
21.0726,42,34,21,35,
21.074,27,30,35,26,
21.0754,22,17,33,25,
21.0767,6,10,31,29,
21.0781,-15,13,20,13,
21.0794,-2,17,10,10,
21.0808,-2,17,10,10,
21.0822,0,7,17,15,
21.0835,32,34,33,18,
21.0849,44,45,23,27,
21.0862,59,42,31,37,
21.0876,57,32,35,41,
21.089,46,34,35,39,
21.0903,30,34,32,29,
21.0917,17,28,22,19,
21.093,0,18,22,22,
21.0943,-8,14,27,27,
21.0957,-8,14,27,27,
21.0971,-16,6,17,13,
21.0985,-7,16,16,11,
21.0998,4,22,14,22,
21.1012,38,18,32,23,
21.1025,41,32,37,31,
21.1039,58,49,39,47,
21.1052,52,41,34,42,
21.1066,41,40,23,32,
21.1079,31,31,28,29,
21.1093,22,23,29,22,
21.1106,6,29,21,21,
21.112,6,29,21,21,
21.1133,6,29,21,21,
21.1147,-5,10,8,1,
21.1161,-6,12,20,12,
21.1174,13,13,33,18,
21.1188,44,39,35,24,
21.1201,44,39,35,24,
21.1215,38,49,36,28,
21.1229,53,39,34,33,
21.1243,42,36,48,32,
21.1256,22,35,50,26,
21.127,22,35,50,26,
21.1283,8,17,33,23,
21.1296,8,17,33,23,
21.131,-4,16,26,18,
21.1323,-2,4,13,12,
21.1337,9,17,21,15,
21.135,35,24,24,13,
21.1364,46,30,23,13,
21.1378,30,25,25,30,
21.1391,49,31,37,32,
21.1404,49,31,37,32,
21.1418,29,43,32,31,
21.1432,23,35,27,30,
21.1446,8,24,31,27,
21.1459,2,17,29,27,
21.1473,0,23,20,25,
21.1486,-15,20,21,27,
21.15,-17,17,24,22,
21.1513,8,25,24,28,
21.1526,21,37,27,32,
21.154,40,42,25,30,
21.1553,44,40,40,35,
21.1566,44,40,40,35,
21.158,44,46,38,34,
21.1593,28,31,31,34,
21.1607,17,18,35,31,
21.162,8,10,27,23,
21.1634,8,10,27,23,
21.1647,-12,7,8,19,
21.1661,-15,5,18,12,
21.1674,-9,13,19,15,
21.1688,14,22,21,20,
21.1701,37,19,30,33,
21.1714,37,19,30,33,
21.1727,37,19,30,33,
21.1741,55,29,51,38,
21.1754,48,22,38,37,
21.1767,32,22,32,40,
21.1781,8,22,30,24,
21.1795,8,22,30,24,
21.1808,14,24,25,28,
21.1822,-2,9,23,17,
21.1835,-4,-6,26,5,
21.1849,-6,9,26,10,
21.1863,-6,9,26,10,
21.1876,31,33,31,26,
21.189,31,33,31,26,
21.1903,43,37,28,38,
21.1917,56,42,28,43,
21.193,45,43,29,38,
21.1944,44,28,26,30,
21.1958,27,19,18,29,
21.1971,11,11,21,20,
21.1985,-1,12,23,15,
21.1999,-10,12,18,19,
21.2012,-19,18,19,19,
21.2026,-19,18,19,19,
21.204,-5,17,20,27,
21.2053,20,14,30,34,
21.2067,35,26,44,37,
21.2081,41,34,34,32,
21.2095,46,40,30,29,
21.2108,29,44,25,29,
21.2122,23,38,32,28,
21.2136,1,24,27,27,
21.2149,-6,26,25,22,
21.2163,-3,21,23,18,
21.2176,-18,21,23,11,
21.219,-18,21,23,11,
21.2204,-7,21,23,9,
21.2217,-7,21,23,9,
21.2231,33,36,27,26,
21.2244,26,42,42,35,
21.2258,40,52,47,28,
21.2272,39,40,42,30,
21.2286,34,40,37,28,
21.2299,34,40,37,28,
21.2313,3,16,25,24,
21.2327,5,13,26,15,
21.234,5,13,26,15,
21.2354,-26,9,21,10,
21.2367,-12,7,12,17,
21.2381,-12,7,12,17,
21.2395,29,25,30,24,
21.2409,34,26,39,23,
21.2423,32,33,37,26,
21.2437,49,35,37,34,
21.2451,49,35,37,34,
21.2465,27,33,35,31,
21.2478,1,17,30,11,
21.2491,1,17,30,11,
21.2506,11,21,25,10,
21.2519,-6,4,23,5,
21.2532,-8,12,22,1,
21.2546,-8,12,22,1,
21.256,-1,18,17,10,
21.2573,26,40,30,26,
21.2587,23,44,43,32,
21.26,35,43,42,29,
21.2613,48,31,37,31,
21.2627,48,31,37,31,
21.264,48,31,37,31,
21.2653,35,24,33,31,
21.2666,8,18,19,26,
21.268,9,20,21,25,
21.2693,-4,12,12,6,
21.2706,-7,11,24,0,
21.2719,-7,11,24,0,
21.2733,13,15,30,11,
21.2746,33,25,36,19,
21.2759,33,50,39,37,
21.2773,42,54,47,36,
21.2786,42,54,47,36,
21.28,18,30,37,28,
21.2813,18,30,37,28,
21.2826,5,18,31,21,
21.2839,-5,17,29,12,
21.2853,-5,27,32,6,
21.2866,-1,29,33,10,
21.288,-14,19,23,11,
21.2894,14,18,22,14,
21.2907,33,20,28,23,
21.2921,35,23,39,27,
21.2934,29,20,38,32,
21.2948,34,35,30,31,
21.2962,26,39,30,34,
21.2975,26,39,30,34,
21.2989,25,27,28,26,
21.3003,21,25,33,19,
21.3017,4,23,26,14,
21.303,-16,8,19,-1,
21.3044,-16,8,19,-1,
21.3058,-10,9,20,-2,
21.3071,-1,23,21,14,
21.3085,34,29,30,20,
21.3099,32,38,37,23,
21.3112,32,38,37,23,
21.3126,25,50,40,19,
21.314,44,51,49,19,
21.3154,47,37,47,22,
21.3167,13,43,36,13,
21.3181,6,35,30,8,
21.3195,-1,23,20,16,
21.3209,-4,15,22,9,
21.3222,-8,9,29,-8,
21.3236,-10,16,27,-5,
21.3249,5,18,34,0,
21.3263,24,27,36,11,
21.3276,24,27,36,11,
21.329,29,25,30,17,
21.3303,48,33,32,31,
21.3317,35,46,36,31,
21.333,26,38,42,30,
21.3345,17,20,42,13,
21.3358,10,15,29,3,
21.3372,-3,18,32,7,
21.3385,-18,5,24,-4,
21.3399,-19,13,18,-5,
21.3412,-19,13,18,-5,
21.3426,10,32,36,5,
21.344,28,26,35,14,
21.3453,37,26,32,27,
21.3467,40,40,37,34,
21.3481,45,38,52,25,
21.3494,29,29,49,19,
21.3508,13,17,36,20,
21.3521,9,11,31,11,
21.3534,2,15,29,11,
21.3548,2,15,29,11,
21.3561,-11,18,25,13,
21.3575,-13,18,18,3,
21.3588,-11,15,21,-7,
21.3602,10,34,27,6,
21.3615,26,31,34,23,
21.3629,29,36,38,30,
21.3642,29,36,38,30,
21.3656,35,45,40,42,
21.3671,33,31,43,32,
21.3684,20,24,39,27,
21.3698,17,18,22,25,
21.3711,17,18,22,25,
21.3725,17,18,22,25,
21.3739,-3,9,10,5,
21.3752,3,13,23,0,
21.3766,4,18,26,-3,
21.3779,41,37,34,23,
21.3793,46,37,46,22,
21.3806,46,37,46,22,
21.3819,47,39,44,20,
21.3833,30,35,50,34,
21.3847,16,34,54,24,
21.386,16,34,54,24,
21.3874,0,12,31,8,
21.3887,-2,6,30,12,
21.3901,-2,6,30,12,
21.3915,-21,7,17,0,
21.3928,-15,-4,26,-1,
21.3942,3,13,24,-2,
21.3956,40,39,33,26,
21.3969,30,44,35,25,
21.3983,30,44,35,25,
21.3996,30,44,35,25,
21.401,40,45,56,37,
21.4024,42,31,51,32,
21.4037,28,22,46,24,
21.4051,12,10,23,15,
21.4065,-4,2,20,7,
21.4079,-4,2,20,7,
21.4092,-13,7,18,3,
21.4106,9,9,13,4,
21.4119,9,9,13,4,
21.4132,13,13,17,7,
21.4146,30,46,42,21,
21.4159,30,46,42,21,
21.4173,47,38,43,28,
21.4186,44,40,52,32,
21.42,38,34,50,33,
21.4213,12,34,35,27,
21.4227,-3,17,27,24,
21.424,-6,19,24,18,
21.4253,-6,20,27,15,
21.4267,-14,12,24,12,
21.4281,-1,31,23,7,
21.4295,-1,31,23,7,
21.4308,24,36,31,9,
21.4322,29,47,35,20,
21.4335,23,46,35,19,
21.4349,37,42,39,30,
21.4363,16,23,37,30,
21.4376,15,19,38,21,
21.439,6,28,35,15,
21.4404,-1,24,26,19,
21.4417,-23,9,23,24,
21.4431,-18,1,17,12,
21.4444,-13,5,21,3,
21.4457,-6,23,24,0,
21.447,3,29,24,10,
21.4484,3,29,24,10,
21.4497,30,35,48,29,
21.4511,45,41,57,34,
21.4525,43,43,55,37,
21.4538,25,23,30,22,
21.4551,15,22,19,18,
21.4565,12,15,21,8,
21.4578,12,15,21,8,
21.4592,-4,17,16,13,
21.4606,-20,18,9,7,
21.4619,-19,16,21,-11,
21.4632,12,9,27,2,
21.4646,34,17,29,15,
21.466,49,24,32,21,
21.4673,49,24,32,21,
21.4686,42,46,36,21,
21.47,32,43,39,18,
21.4713,19,32,42,18,
21.4726,15,19,44,16,
21.4739,0,15,41,11,
21.4753,0,3,28,7,
21.4766,0,3,28,7,
21.478,-8,5,18,-5,
21.4794,-11,7,7,-3,
21.4807,-3,15,24,-4,
21.4821,36,33,39,22,
21.4835,36,33,39,22,
21.4848,32,25,39,23,
21.4861,43,51,36,24,
21.4875,43,51,36,24,
21.4889,27,35,30,21,
21.4902,16,25,22,13,
21.4916,-7,14,22,3,
21.4929,-7,14,22,3,
21.4943,-14,8,21,-2,
21.4957,-16,14,19,0,
21.4972,-11,12,15,1,
21.4986,22,32,34,16,
21.4999,22,32,34,16,
21.5013,26,45,32,18,
21.5025,26,45,32,18,
21.5039,43,45,47,27,
21.5052,27,48,49,26,
21.5065,19,35,40,21,
21.5079,14,31,32,19,
21.5092,9,19,23,12,
21.5105,11,11,22,14,
21.5118,-12,6,23,14,
21.5132,-23,7,8,9,
21.5145,-4,18,17,2,
21.5158,23,18,32,2,
21.5172,23,18,32,2,
21.5186,37,25,39,14,
21.5199,37,26,52,18,
21.5212,46,31,57,28,
21.5225,35,27,37,23,
21.5239,23,32,24,25,
21.5252,7,25,26,19,
21.5266,7,25,26,19,
21.528,-13,16,28,-1,
21.5293,-22,11,19,3,
21.5307,-11,13,8,3,
21.532,2,23,18,-1,
21.5334,2,25,18,-2,
21.5348,2,25,18,-2,
21.5361,25,25,35,17,
21.5374,26,28,48,20,
21.5388,33,28,54,20,
21.5401,37,28,47,12,
21.5415,29,29,44,6,
21.5428,24,13,37,5,
21.5442,8,19,18,-1,
21.5455,-20,-8,25,3,
21.5469,-11,3,20,5,
21.5483,-11,16,22,-2,
21.5497,3,25,26,-11,
21.551,3,25,26,-11,
21.5523,25,32,30,-3,
21.5537,27,27,34,22,
21.555,36,25,39,31,
21.5563,37,33,36,24,
21.5577,25,32,39,25,
21.5591,6,23,32,17,
21.5605,-8,15,30,2,
21.5619,-5,13,17,3,
21.5633,-6,12,23,4,
21.5646,-20,9,26,-8,
21.5659,-18,13,18,-2,
21.5673,3,16,21,-11,
21.5686,16,16,24,-3,
21.5699,22,22,27,4,
21.5713,28,25,31,11,
21.5726,43,34,37,24,
21.574,33,32,35,25,
21.5753,28,32,36,19,
21.5767,23,21,36,11,
21.578,23,21,36,11,
21.5794,15,10,26,3,
21.5807,10,11,19,3,
21.582,-12,3,18,-8,
21.5834,-4,14,30,-8,
21.5848,-4,14,30,-8,
21.5862,16,33,35,-4,
21.5876,24,29,33,4,
21.589,33,30,39,14,
21.5904,35,44,43,33,
21.5917,32,30,45,31,
21.5931,32,30,45,31,
21.5945,9,25,35,23,
21.5958,2,19,18,28,
21.5972,4,20,24,19,
21.5986,-20,13,26,3,
21.6,-23,13,13,7,
21.6014,-23,13,13,7,
21.6027,14,11,23,13,
21.6041,44,29,24,10,
21.6054,54,31,38,10,
21.6068,56,28,43,20,
21.6082,53,45,43,27,
21.6095,44,38,52,27,
21.6109,34,22,56,23,
21.6123,29,18,51,14,
21.6136,25,22,32,10,
21.615,6,14,18,12,
21.6163,-18,2,24,2,
21.6177,-14,10,19,9,
21.6191,-14,10,19,9,
21.6204,8,24,28,21,
21.6218,25,34,39,27,
21.6232,29,41,45,34,
21.6245,57,40,41,29,
21.6259,41,41,43,27,
21.6272,34,45,37,28,
21.6286,34,45,37,28,
21.63,22,22,37,11,
21.6314,-1,17,45,7,
21.6328,-7,15,38,6,
21.6341,-10,9,21,-2,
21.6355,-7,14,20,1,
21.637,7,21,22,-4,
21.6384,17,22,23,-2,
21.6399,33,27,35,10,
21.6412,51,51,54,13,
21.6426,44,44,61,7,
21.644,37,41,53,0,
21.6453,37,41,53,0,
21.6467,17,24,52,-11,
21.6481,4,10,40,-18,
21.6495,4,10,40,-18,
21.6509,-32,24,29,-37,
21.6522,-16,28,32,-44,
21.6536,-3,32,42,-28,
21.6549,-3,32,42,-28,
21.6563,12,48,55,-18,
21.6577,14,49,66,-15,
21.659,31,59,87,-27,
21.6604,27,56,100,-36,
21.6618,12,61,108,-39,
21.6631,12,61,108,-39,
21.6645,-10,61,107,-56,
21.6658,-23,47,104,-60,
21.6672,-29,44,100,-73,
21.6685,-41,36,100,-91,
21.6698,-45,54,103,-97,
21.6711,-34,50,107,-96,
21.6725,2,59,107,-89,
21.6738,18,71,111,-81,
21.6752,18,78,108,-68,
21.6766,23,65,109,-82,
21.6779,4,57,110,-92,
21.6793,4,57,110,-92,
21.6806,4,57,110,-92,
21.6819,-14,51,111,-114,
21.6833,-32,54,116,-127,
21.6846,-43,45,106,-131,
21.686,-46,40,112,-151,
21.6874,-46,40,112,-151,
21.6887,-47,46,105,-152,
21.69,-27,61,114,-134,
21.6914,-17,61,115,-128,
21.6928,-14,66,117,-124,
21.6941,-14,66,117,-124,
21.6955,-7,60,105,-109,
21.6968,-7,60,105,-109,
21.6982,-20,52,104,-95,
21.6996,-20,39,103,-95,
21.7009,-21,29,103,-89,
21.7023,-31,20,94,-89,
21.7037,-50,25,94,-93,
21.705,-49,19,86,-95,
21.7063,-26,17,90,-86,
21.7077,4,32,102,-76,
21.7091,17,53,99,-54,
21.7104,17,53,99,-54,
21.7117,34,67,112,-46,
21.713,25,51,108,-39,
21.7143,13,40,97,-39,
21.7157,-3,42,96,-39,
21.717,-23,27,100,-41,
21.7183,-32,26,79,-46,
21.7197,-38,11,68,-50,
21.721,-38,11,68,-50,
21.7224,-23,18,69,-50,
21.7238,-6,25,77,-37,
21.7251,-6,25,77,-37,
21.7264,22,43,85,-20,
21.7278,35,56,93,-19,
21.7291,39,64,100,-14,
21.7305,39,64,100,-14,
21.7319,17,48,97,-17,
21.7333,7,29,96,-23,
21.7347,-11,14,94,-32,
21.736,-16,27,87,-48,
21.7373,-16,27,87,-48,
21.7386,-14,22,70,-48,
21.7399,-7,38,64,-22,
21.7412,11,44,71,-14,
21.7426,15,52,86,-10,
21.744,15,52,86,-10,
21.7454,36,54,91,-2,
21.7468,38,66,98,-5,
21.7481,22,53,88,-13,
21.7495,15,40,88,-16,
21.7508,-3,34,83,-20,
21.7522,-7,37,71,-18,
21.7535,-20,35,65,-15,
21.7549,-25,23,65,-26,
21.7563,-29,17,62,-23,
21.7576,-20,32,64,-21,
21.759,12,35,75,-20,
21.7603,12,35,75,-20,
21.7617,36,36,94,-9,
21.763,33,41,100,2,
21.7644,30,49,107,5,
21.7657,19,63,102,1,
21.7671,-5,51,100,-10,
21.7684,-5,51,100,-10,
21.7698,-14,31,95,-10,
21.7712,-22,24,94,-29,
21.7725,-28,18,100,-32,
21.7738,-19,27,103,-37,
21.7752,7,36,92,-27,
21.7765,24,46,102,-12,
21.7778,24,46,102,-12,
21.7791,36,46,104,-6,
21.7805,29,56,109,-10,
21.7819,17,53,108,-5,
21.7832,11,58,110,-7,
21.7845,11,58,110,-7,
21.7859,7,37,101,-14,
21.7872,2,23,98,-23,
21.7886,-13,11,94,-23,
21.7899,-36,15,92,-24,
21.7912,-13,35,78,-31,
21.7925,-13,35,78,-31,
21.7939,-13,35,78,-31,
21.7952,35,34,99,-20,
21.7965,50,35,99,-12,
21.7978,59,36,104,-17,
21.7991,42,34,106,-16,
21.8005,17,28,103,-9,
21.8018,0,22,100,-6,
21.8032,5,27,97,-15,
21.8045,-14,26,101,-10,
21.8059,-30,18,89,-31,
21.8072,-41,17,84,-35,
21.8085,-41,17,84,-35,
21.8099,0,20,90,-26,
21.8112,0,20,90,-26,
21.8126,6,31,103,-22,
21.8139,29,45,101,-20,
21.8153,25,58,106,-16,
21.8166,25,58,106,-16,
21.8179,10,52,109,-10,
21.8193,1,20,104,-11,
21.8206,-10,18,97,-13,
21.8219,-18,21,94,-10,
21.8233,-30,25,92,-12,
21.8246,-22,15,78,-14,
21.826,-27,17,76,-21,
21.8273,-27,17,76,-21,
21.8286,3,25,93,-16,
21.83,30,39,101,-4,
21.8313,33,45,99,-3,
21.8327,42,37,103,-5,
21.8341,26,36,102,-10,
21.8355,21,29,91,-13,
21.8368,3,18,79,-5,
21.8382,-7,16,76,0,
21.8397,-16,13,71,3,
21.8411,-30,15,56,-1,
21.8425,-30,15,56,-1,
21.8438,-24,9,53,-17,
21.8453,1,20,74,-19,
21.8467,20,30,76,-3,
21.8482,37,40,67,12,
21.8496,34,47,75,13,
21.851,34,47,75,13,
21.8523,26,41,89,1,
21.8537,14,33,81,8,
21.8551,14,33,81,8,
21.8565,-12,19,55,11,
21.8579,-23,-1,45,0,
21.8595,-23,-1,45,0,
21.8608,-24,-1,46,-3,
21.8622,-14,14,65,4,
21.8636,18,23,72,4,
21.8649,42,29,77,15,
21.8663,46,29,83,20,
21.8677,46,29,83,20,
21.8691,34,32,71,11,
21.8705,15,39,69,2,
21.8718,15,39,69,2,
21.8731,-1,33,73,10,
21.8746,-16,14,47,14,
21.8759,-16,14,47,14,
21.8772,-26,-1,45,3,
21.8786,-22,3,52,-10,
21.8799,2,3,57,-6,
21.8812,29,21,67,8,
21.8826,46,29,79,24,
21.884,46,29,79,24,
21.8853,52,39,87,20,
21.8867,52,39,87,20,
21.888,29,32,86,7,
21.8893,21,23,84,3,
21.8907,9,18,65,3,
21.8921,3,19,60,0,
21.8934,-12,16,52,2,
21.8948,-7,10,47,-7,
21.8962,-7,4,63,-11,
21.8975,13,22,59,-6,
21.8989,21,22,59,2,
21.9002,24,36,69,14,
21.9015,24,36,69,14,
21.9029,50,37,78,27,
21.9042,38,34,86,28,
21.9056,17,33,78,21,
21.9069,11,25,67,9,
21.9083,7,16,70,-4,
21.9096,-8,-4,64,-8,
21.9111,-16,-3,54,-14,
21.9124,-14,0,46,-12,
21.9137,7,12,63,2,
21.9151,7,12,63,2,
21.9164,36,23,73,5,
21.9177,39,25,74,8,
21.9191,51,38,75,15,
21.9205,52,41,76,19,
21.9218,40,32,84,22,
21.9232,15,22,83,19,
21.9245,7,22,69,11,
21.9259,7,22,69,11,
21.9272,-3,23,58,3,
21.9285,-7,-6,49,-3,
21.9299,-1,-2,49,-1,
21.9312,-1,-2,49,-1,
21.9326,13,18,57,-1,
21.9339,29,34,71,14,
21.9353,29,34,71,14,
21.9366,55,36,67,31,
21.938,37,30,63,37,
21.9394,30,20,64,24,
21.9407,19,15,59,14,
21.942,-3,22,54,27,
21.9433,-3,22,54,27,
21.9447,-20,16,56,24,
21.9461,-21,-2,38,15,
21.9474,-23,-7,29,8,
21.9488,-8,15,29,11,
21.9501,7,26,28,13,
21.9515,36,36,44,14,
21.9528,42,43,45,26,
21.9542,50,40,55,28,
21.9556,35,44,60,32,
21.957,32,39,53,28,
21.9583,32,39,53,28,
21.9596,12,16,49,29,
21.961,8,5,46,28,
21.9623,-13,4,29,16,
21.9637,-13,4,29,16,
21.9651,-14,14,21,10,
21.9665,15,17,35,8,
21.9679,35,31,36,17,
21.9692,34,39,44,20,
21.9705,45,34,43,22,
21.9719,55,42,52,36,
21.9732,25,38,64,37,
21.9745,25,38,64,37,
21.9759,21,30,54,40,
21.9773,-1,11,38,24,
21.9787,-13,7,30,25,
21.9801,-16,-6,26,19,
21.9815,-5,0,21,16,
21.9828,-5,0,21,16,
21.9842,5,2,26,22,
21.9855,32,19,47,22,
21.9868,51,33,63,19,
21.9881,73,31,69,36,
21.9895,70,37,68,33,
21.9908,60,43,59,30,
21.9922,36,45,58,33,
21.9935,20,32,51,25,
21.9949,0,29,45,20,
21.9963,-18,7,22,16,
21.9976,-18,7,22,16,
21.999,-21,0,18,13,
22.0003,-11,-1,25,14,
22.0017,9,5,42,14,
22.003,36,27,55,17,
22.0044,44,47,69,29,
22.0057,59,47,71,33,
22.0071,59,47,71,33,
22.0084,32,33,57,37,
22.0098,20,25,43,29,
22.0112,14,9,32,27,
22.0125,14,9,32,27,
22.0139,-18,20,37,31,
22.0153,-17,0,30,14,
22.0166,-17,0,30,14,
22.018,-3,2,27,18,
22.0193,14,13,35,22,
22.0207,38,29,46,19,
22.022,51,49,74,30,
22.0234,51,49,74,30,
22.0248,51,36,79,33,
22.0261,37,32,68,27,
22.0275,22,25,67,20,
22.0289,13,24,68,19,
22.0302,2,8,59,14,
22.0316,-15,3,35,6,
22.033,-15,3,35,6,
22.0343,-7,-5,40,-6,
22.0357,17,22,32,9,
22.0371,35,40,41,28,
22.0385,48,46,53,36,
22.0399,57,53,55,29,
22.0412,60,46,59,28,
22.0426,60,46,59,28,
22.0441,34,34,61,21,
22.0454,14,25,55,25,
22.0469,3,20,56,18,
22.0483,-9,-4,49,20,
22.0497,-9,-4,49,20,
22.0511,-25,-14,47,17,
22.0524,4,10,30,7,
22.0537,30,23,29,21,
22.055,40,32,34,18,
22.0564,40,46,38,16,
22.0577,55,49,56,29,
22.0591,55,49,56,29,
22.0604,46,38,62,35,
22.0618,23,37,55,37,
22.0632,4,22,51,27,
22.0646,3,17,50,18,
22.0659,9,14,33,21,
22.0672,-17,-5,21,18,
22.0685,-9,-3,24,10,
22.0699,2,4,34,18,
22.0712,42,16,47,32,
22.0726,46,37,48,37,
22.0739,46,37,48,37,
22.0753,46,46,42,38,
22.0767,61,51,53,31,
22.0781,47,43,58,30,
22.0795,15,21,46,27,
22.0808,0,26,29,24,
22.0821,-5,11,28,23,
22.0835,-17,12,23,20,
22.0848,-11,8,16,14,
22.0862,-11,8,16,14,
22.0875,2,18,27,21,
22.0888,25,27,21,24,
22.0901,34,34,30,31,
22.0915,52,46,35,32,
22.0929,58,53,37,35,
22.0942,47,40,39,35,
22.0956,32,39,41,35,
22.0969,-1,20,37,20,
22.0983,6,20,23,28,
22.0996,1,13,11,30,
22.1009,1,13,11,30,
22.1023,-19,14,4,24,
22.1036,-24,7,13,29,
22.105,4,9,16,24,
22.1063,48,21,29,18,
22.1077,60,23,34,19,
22.109,60,23,34,19,
22.1104,50,45,30,31,
22.1118,44,37,29,38,
22.1131,29,28,29,41,
22.1145,5,30,23,31,
22.1159,5,30,23,31,
22.1172,-4,32,24,28,
22.1186,-4,32,24,28,
22.12,-11,21,3,19,
22.1213,1,11,4,10,
22.1226,16,14,13,14,
22.124,47,32,33,21,
22.1253,47,32,33,21,
22.1267,61,35,38,31,
22.128,58,48,51,37,
22.1294,32,42,31,30,
22.1307,32,39,33,25,
22.1321,9,23,32,22,
22.1334,9,23,32,22,
22.1348,10,14,16,26,
22.1361,-3,0,18,32,
22.1374,-10,1,15,17,
22.1387,-1,12,19,14,
22.1401,11,32,22,15,
22.1414,11,32,22,15,
22.1428,54,31,43,39,
22.1441,63,44,46,36,
22.1454,69,51,42,41,
22.1467,50,41,43,41,
22.1481,24,28,45,34,
22.1494,8,19,33,34,
22.1508,8,19,33,34,
22.1522,-3,7,17,22,
22.1535,-7,-3,6,16,
22.1549,-3,8,7,20,
22.1562,21,20,15,20,
22.1576,33,31,21,26,
22.1589,33,31,21,26,
22.1602,32,32,31,25,
22.1616,39,44,36,26,
22.1629,60,41,36,34,
22.1643,55,30,30,31,
22.1657,21,28,33,26,
22.167,-2,16,20,20,
22.1683,-2,16,20,20,
22.1697,-4,13,19,30,
22.1711,-17,4,6,10,
22.1724,-16,10,2,11,
22.1738,6,4,-2,27,
22.1752,40,31,24,22,
22.1765,40,31,24,22,
22.1779,40,31,24,22,
22.1793,57,38,30,45,
22.1807,55,44,37,35,
22.182,42,42,28,25,
22.1833,7,26,14,25,
22.1847,7,26,14,25,
22.186,12,17,7,23,
22.1874,-12,9,9,15,
22.1887,-3,9,0,15,
22.1901,0,9,8,19,
22.1915,0,9,8,19,
22.1929,45,24,19,31,
22.1942,45,24,19,31,
22.1956,45,24,22,34,
22.1969,64,43,40,29,
22.1983,57,31,41,22,
22.1997,42,33,35,27,
22.201,24,20,30,23,
22.2024,7,22,27,29,
22.2038,-1,17,22,33,
22.2051,-13,11,13,20,
22.2065,-3,13,14,27,
22.2078,-3,13,14,27,
22.2092,20,17,16,18,
22.2107,34,29,18,19,
22.2122,56,36,18,24,
22.2135,76,50,33,30,
22.2149,62,45,29,30,
22.2162,34,43,20,32,
22.2176,25,37,19,34,
22.2189,0,30,13,34,
22.2203,6,18,22,29,
22.2217,-1,11,21,20,
22.2229,-17,9,16,20,
22.2243,-11,2,16,27,
22.2256,-9,7,12,25,
22.227,8,16,12,27,
22.2284,38,29,23,32,
22.2297,57,39,34,40,
22.2311,62,36,35,35,
22.2325,54,32,33,31,
22.234,54,32,33,31,
22.2355,43,23,27,31,
22.2368,24,13,29,24,
22.2382,5,7,17,18,
22.2396,-16,13,20,24,
22.2409,-23,7,10,19,
22.2423,-12,5,15,21,
22.2436,11,17,15,19,
22.245,27,23,21,18,
22.2465,46,40,22,26,
22.2479,62,50,50,36,
22.2493,48,50,49,43,
22.2507,48,50,49,43,
22.252,23,24,35,39,
22.2534,23,24,35,39,
22.2547,5,20,17,29,
22.256,-7,25,11,23,
22.2574,-16,8,-6,28,
22.2587,-9,1,-3,24,
22.2601,-5,11,11,24,
22.2614,10,32,19,18,
22.2627,47,34,30,20,
22.264,53,38,24,27,
22.2654,57,37,23,36,
22.2668,55,47,29,37,
22.2681,55,43,22,41,
22.2695,49,43,24,46,
22.2708,34,32,20,30,
22.2722,18,28,20,29,
22.2736,8,24,5,34,
22.275,1,7,10,26,
22.2763,1,7,10,26,
22.2777,-7,16,7,24,
22.279,36,35,12,31,
22.2804,54,28,21,36,
22.2817,54,28,21,36,
22.2831,64,44,32,37,
22.2844,61,30,37,42,
22.2858,41,44,25,39,
22.2871,41,44,25,39,
22.2885,6,23,6,24,
22.2899,7,13,13,28,
22.2912,-2,16,7,22,
22.2927,-10,9,6,21,
22.294,-10,9,6,21,
22.2954,-1,4,15,25,
22.2967,15,14,8,36,
22.2981,33,29,21,36,
22.2994,40,38,25,36,
22.3008,51,53,26,39,
22.3021,53,62,29,39,
22.3035,37,40,20,36,
22.3049,17,37,20,26,
22.3062,11,31,1,33,
22.3075,14,23,-5,28,
22.3089,3,12,-2,21,
22.3103,3,12,-2,21,
22.3116,8,-1,-4,9,
22.313,4,5,-4,18,
22.3143,41,26,15,22,
22.3157,40,30,8,26,
22.3171,51,38,4,33,
22.3185,76,52,20,36,
22.3198,69,49,21,37,
22.3211,53,39,19,29,
22.3226,39,29,5,33,
22.3239,18,14,-1,27,
22.3252,-10,17,-15,25,
22.3266,-13,16,-20,22,
22.3279,-13,16,-20,22,
22.3292,-8,17,-14,13,
22.3305,9,29,-9,10,
22.3319,26,34,-4,16,
22.3332,63,41,3,42,
22.3345,78,57,12,48,
22.3359,78,57,12,48,
22.3372,59,43,11,37,
22.3386,34,32,-6,35,
22.3399,17,25,-10,40,
22.3412,0,19,-14,41,
22.3426,-3,14,-24,36,
22.344,-21,12,-30,26,
22.3453,-24,19,-25,27,
22.3466,-14,13,-17,25,
22.348,5,23,-12,26,
22.3493,35,40,-4,34,
22.3506,46,46,8,36,
22.352,65,56,9,44,
22.3533,65,56,9,44,
22.3547,44,49,1,43,
22.356,31,36,-14,36,
22.3574,31,36,-14,36,
22.3587,16,16,-16,31,
22.3602,10,17,-18,35,
22.3615,-9,15,-36,26,
22.3628,-16,9,-34,27,
22.3641,-2,5,-23,27,
22.3654,35,26,-23,41,
22.3668,42,37,-23,49,
22.3681,43,32,-8,48,
22.3695,64,49,7,53,
22.3708,64,39,1,50,
22.3721,67,39,1,50,
22.3735,60,40,-2,47,
22.3748,16,27,-19,42,
22.3762,6,29,-25,46,
22.3775,8,27,-37,50,
22.3789,-6,12,-46,41,
22.3802,5,6,-43,25,
22.3815,7,16,-40,30,
22.3828,14,28,-33,40,
22.3842,60,47,-20,53,
22.3855,60,47,-20,53,
22.3868,62,54,-12,58,
22.3882,66,62,-8,60,
22.3895,58,42,-7,61,
22.3908,50,35,-15,66,
22.3922,30,32,-20,66,
22.3936,11,17,-34,39,
22.3949,11,17,-34,39,
22.3963,7,10,-34,30,
22.3976,-2,7,-31,29,
22.399,21,19,-38,42,
22.4004,43,35,-40,41,
22.4017,56,38,-29,39,
22.403,65,32,-21,47,
22.4044,65,32,-21,47,
22.4057,67,40,-13,57,
22.4071,52,50,-9,53,
22.4086,49,42,-13,43,
22.4099,30,23,-16,31,
22.4113,5,27,-28,32,
22.4128,5,32,-41,34,
22.4142,-8,11,-46,26,
22.4155,16,28,-38,34,
22.4168,23,38,-44,41,
22.4181,45,49,-32,37,
22.4195,45,49,-32,37,
22.4209,59,57,-24,47,
22.4222,65,48,-18,53,
22.4236,54,58,-8,47,
22.4249,45,41,-20,38,
22.4262,31,41,-23,45,
22.4276,31,41,-23,45,
22.429,9,39,-41,45,
22.4303,2,26,-51,28,
22.4317,-8,17,-55,25,
22.433,17,28,-40,42,
22.4343,17,28,-40,42,
22.4357,17,28,-40,42,
22.4372,48,47,-42,48,
22.4386,57,55,-24,53,
22.4399,64,57,-13,57,
22.4412,67,50,-14,55,
22.4427,57,42,-19,49,
22.4441,35,46,-25,45,
22.4455,16,48,-44,53,
22.4469,12,31,-50,47,
22.4482,-2,32,-56,35,
22.4496,8,33,-55,39,
22.451,15,37,-40,39,
22.4523,15,37,-40,39,
22.4537,27,40,-31,46,
22.4551,73,41,-35,49,
22.4565,83,53,-30,59,
22.4578,72,53,-21,61,
22.4592,66,51,-22,57,
22.4605,49,47,-37,55,
22.4619,28,38,-35,53,
22.4633,12,23,-39,43,
22.4646,-2,15,-39,31,
22.4659,4,26,-38,33,
22.4673,0,26,-31,29,
22.4686,18,36,-34,38,
22.47,40,49,-25,46,
22.4713,40,49,-25,46,
22.4727,67,54,-26,52,
22.474,77,46,-13,51,
22.4754,77,46,-13,51,
22.4767,66,43,-27,47,
22.4781,45,47,-25,39,
22.4794,22,35,-34,37,
22.4808,30,31,-34,37,
22.4821,9,30,-37,31,
22.4835,-5,29,-51,31,
22.4848,0,25,-51,29,
22.4861,7,33,-51,26,
22.4874,55,49,-42,47,
22.4887,55,49,-42,47,
22.4902,54,57,-41,58,
22.4915,66,54,-38,58,
22.4928,58,48,-32,48,
22.4941,59,47,-23,49,
22.4955,25,35,-33,41,
22.4969,17,29,-42,37,
22.4983,17,29,-42,37,
22.4996,13,15,-42,31,
22.501,3,23,-48,31,
22.5023,15,25,-42,31,
22.5036,25,28,-39,31,
22.5049,48,37,-32,38,
22.5063,61,34,-30,46,
22.5078,61,34,-30,46,
22.5091,86,52,-32,38,
22.5104,68,46,-32,49,
22.5117,54,47,-36,54,
22.5131,39,48,-38,45,
22.5144,20,43,-45,41,
22.5157,10,30,-42,41,
22.517,-6,17,-39,34,
22.5184,12,4,-54,21,
22.5198,12,4,-54,21,
22.5211,21,5,-50,30,
22.5225,45,18,-47,39,
22.5238,59,32,-36,41,
22.5251,72,38,-35,41,
22.5265,79,41,-28,53,
22.5279,61,34,-32,60,
22.5292,40,38,-34,56,
22.5306,28,30,-34,53,
22.532,28,18,-44,44,
22.5333,28,18,-44,44,
22.5347,24,15,-47,34,
22.5361,3,-4,-46,32,
22.5374,21,1,-48,29,
22.5388,31,11,-35,30,
22.5402,59,26,-21,42,
22.5415,64,38,-17,51,
22.5428,65,41,-16,63,
22.5442,71,36,-16,73,
22.5455,66,23,-25,66,
22.5469,57,17,-24,56,
22.5482,57,17,-24,56,
22.5496,34,10,-32,51,
22.5509,34,10,-32,51,
22.5523,22,0,-35,37,
22.5536,13,1,-40,36,
22.555,34,0,-25,40,
22.5563,56,19,-23,49,
22.5577,61,28,-25,57,
22.5591,66,24,-17,59,
22.5604,80,32,-12,61,
22.5617,69,30,-6,70,
22.5631,65,23,-5,78,
22.5645,56,15,-8,77,
22.5658,32,8,-20,73,
22.5672,23,4,-28,61,
22.5686,18,7,-19,64,
22.5699,13,0,-20,60,
22.5712,14,-6,-21,45,
22.5725,35,1,-36,62,
22.5739,64,13,-23,76,
22.5753,64,13,-23,76,
22.5766,80,16,-25,78,
22.578,76,25,-16,94,
22.5794,76,25,-16,94,
22.5807,44,9,-24,89,
22.5821,35,0,-34,93,
22.5835,35,0,-34,93,
22.5848,36,-22,-38,96,
22.5862,30,-27,-39,80,
22.5876,20,-15,-42,62,
22.589,17,-22,-42,58,
22.5903,31,-17,-45,62,
22.5917,49,-13,-34,62,
22.5931,56,0,-25,75,
22.5945,53,-5,-25,78,
22.5958,68,12,-15,73,
22.5971,66,21,-8,77,
22.5985,57,10,-19,82,
22.6,57,10,-19,82,
22.6013,35,-3,-32,72,
22.6027,10,-23,-42,50,
22.604,16,-34,-44,52,
22.6054,31,-21,-36,45,
22.6067,33,-11,-37,44,
22.6081,49,-13,-32,44,
22.6095,73,-3,-25,58,
22.6109,73,-3,-25,58,
22.6122,102,-4,-26,96,
22.6136,106,-12,-23,112,
22.615,100,-16,-28,121,
22.6163,88,-14,-36,115,
22.6177,67,-17,-32,100,
22.619,61,-27,-44,93,
22.6203,32,-41,-55,81,
22.6217,23,-50,-61,67,
22.623,35,-43,-63,59,
22.6243,35,-43,-63,59,
22.6257,59,-38,-64,63,
22.6271,74,-29,-53,72,
22.6284,80,-10,-49,82,
22.6298,95,5,-40,85,
22.6312,85,6,-37,80,
22.6326,85,6,-37,80,
22.6339,64,9,-30,73,
22.6353,42,-3,-43,77,
22.6366,45,-22,-51,67,
22.638,43,-22,-48,63,
22.6394,37,-27,-54,52,
22.6408,46,-23,-54,46,
22.6421,63,-21,-44,46,
22.6435,68,-22,-33,53,
22.6449,88,1,-34,60,
22.6463,101,-3,-30,71,
22.6478,106,14,-32,80,
22.6492,106,14,-32,80,
22.6505,97,12,-24,72,
22.6519,90,-1,-40,65,
22.6532,75,-8,-49,64,
22.6547,76,-24,-46,65,
22.6561,76,-24,-46,65,
22.6574,76,-24,-46,65,
22.6588,65,-20,-49,58,
22.6602,81,-12,-37,60,
22.6616,103,5,-29,55,
22.663,111,11,-28,52,
22.6643,121,20,-27,59,
22.6657,121,20,-27,59,
22.6671,115,20,-24,61,
22.6685,103,14,-24,69,
22.6698,102,4,-30,76,
22.6711,106,7,-38,77,
22.6726,103,2,-52,64,
22.674,94,5,-57,54,
22.6754,94,5,-57,54,
22.6768,113,17,-54,59,
22.6781,129,7,-48,61,
22.6794,158,31,-46,60,
22.681,172,48,-21,72,
22.6824,172,48,-21,72,
22.6838,168,47,-20,50,
22.6851,162,38,-26,34,
22.6865,148,37,-33,24,
22.6878,121,25,-37,13,
22.6892,103,21,-40,-7,
22.6906,94,10,-47,-15,
22.692,91,6,-61,-17,
22.6933,84,11,-62,-13,
22.6947,87,16,-45,-10,
22.696,109,25,-31,-4,
22.6973,123,29,-11,6,
22.6988,123,29,-11,6,
22.7002,119,47,-20,10,
22.7015,111,39,-29,-1,
22.7029,107,30,-26,-5,
22.7043,97,34,-35,-10,
22.7056,85,23,-33,-11,
22.707,71,0,-32,-1,
22.7083,63,7,-21,-13,
22.7096,63,7,-21,-13,
22.711,54,12,-25,-13,
22.7123,75,28,-13,-12,
22.7137,75,28,-13,-12,
22.715,94,49,-7,3,
22.7164,106,38,5,15,
22.7177,102,35,5,22,
22.7191,92,47,5,19,
22.7205,76,37,4,18,
22.7218,73,29,-2,19,
22.7232,64,14,-13,7,
22.7246,55,14,-16,-3,
22.7259,55,14,-16,-3,
22.7274,53,17,-9,-4,
22.7287,78,32,-2,-4,
22.7301,106,37,3,9,
22.7314,106,37,3,9,
22.7327,117,58,6,12,
22.7341,117,58,6,12,
22.7355,122,58,11,5,
22.7368,108,56,12,2,
22.7381,87,41,7,-7,
22.7394,76,37,3,-12,
22.7407,79,22,-6,-20,
22.7421,65,20,-18,-32,
22.7435,53,27,-19,-38,
22.7448,59,25,-16,-36,
22.7461,81,26,-8,-35,
22.7475,97,33,5,-31,
22.7488,98,43,-1,-26,
22.7502,98,43,-1,-26,
22.7516,106,51,-3,-24,
22.753,102,48,2,-20,
22.7543,94,39,-9,-26,
22.7556,72,38,-4,-31,
22.757,63,37,0,-34,
22.7584,63,37,0,-34,
22.7598,35,22,-20,-54,
22.7611,31,21,-26,-52,
22.7625,34,30,-29,-49,
22.7639,34,30,-29,-49,
22.7652,79,37,8,-40,
22.7666,79,37,8,-40,
22.7679,78,35,1,-31,
22.7692,105,46,14,-21,
22.7707,95,40,11,-18,
22.772,83,37,3,-21,
22.7734,53,17,5,-26,
22.7747,53,17,5,-26,
22.7761,43,22,2,-25,
22.7775,27,23,-9,-36,
22.7789,28,5,-19,-35,
22.7804,35,13,-8,-32,
22.7818,64,19,11,-18,
22.7831,77,27,14,-13,
22.7845,77,27,14,-13,
22.7859,91,45,17,1,
22.7873,80,34,15,4,
22.7886,60,29,19,1,
22.79,32,7,22,5,
22.7914,32,7,22,5,
22.7927,32,7,22,5,
22.7941,37,1,14,6,
22.7954,13,-1,-3,-1,
22.7968,9,2,3,-2,
22.7981,22,-4,17,-1,
22.7995,52,12,22,23,
22.8008,52,12,22,23,
22.8022,70,14,23,29,
22.8036,86,23,33,42,
22.805,64,17,24,52,
22.8063,64,17,16,51,
22.8077,60,-1,17,41,
22.809,50,6,20,39,
22.8104,50,6,20,39,
22.8117,35,-23,22,43,
22.8131,35,-22,17,49,
22.8145,22,-15,16,56,
22.8159,38,-7,20,61,
22.8172,54,3,27,70,
22.8187,74,-1,31,77,
22.8201,89,20,33,90,
22.8215,90,19,32,81,
22.8229,90,19,32,81,
22.8242,71,13,31,75,
22.8255,71,13,31,75,
22.8269,48,-11,22,76,
22.8282,29,-21,23,74,
22.8295,27,-6,12,58,
22.8309,18,-12,12,45,
22.8322,18,-12,12,45,
22.8336,51,-5,23,45,
22.835,67,10,15,49,
22.8363,77,3,13,49,
22.8377,99,-5,28,45,
22.8391,90,12,39,55,
22.8405,75,12,41,58,
22.8418,75,12,41,58,
22.8433,54,4,21,48,
22.8447,51,8,14,40,
22.8462,43,1,17,31,
22.8476,36,-21,5,34,
22.8491,36,-21,5,34,
22.8505,58,-20,0,33,
22.8519,83,-8,17,35,
22.8532,92,-6,17,39,
22.8545,96,7,23,38,
22.8559,98,17,18,39,
22.8572,88,11,22,45,
22.8586,85,8,25,41,
22.8599,82,4,25,34,
22.8612,61,-8,8,30,
22.8627,60,-16,8,37,
22.8641,61,-26,-3,29,
22.8655,60,-24,7,24,
22.8668,81,-30,5,21,
22.8682,81,-30,5,21,
22.8695,95,-16,11,33,
22.8709,110,-4,11,38,
22.8722,107,6,23,52,
22.8735,104,-2,28,57,
22.8749,108,-16,17,53,
22.8762,93,-23,11,47,
22.8776,80,-34,6,34,
22.8789,68,-24,9,28,
22.8803,63,-21,6,25,
22.8816,52,-26,4,28,
22.883,60,-31,1,25,
22.8844,61,-34,1,26,
22.8857,66,-28,8,33,
22.8871,92,-24,7,39,
22.8885,103,-2,14,44,
22.8899,113,6,18,35,
22.8912,101,-3,11,34,
22.8926,101,0,10,32,
22.8939,81,-1,6,22,
22.8953,81,-1,6,22,
22.8966,65,-21,6,8,
22.8979,64,-25,13,10,
22.8993,61,-16,10,7,
22.9006,66,-16,16,10,
22.9019,78,-16,11,11,
22.9033,78,-16,11,11,
22.9047,101,-8,10,23,
22.906,104,1,20,22,
22.9074,120,15,30,26,
22.9087,109,12,20,30,
22.9101,109,12,20,30,
22.9115,98,10,8,20,
22.9129,76,-2,19,13,
22.9143,68,-19,22,6,
22.9157,57,-20,8,5,
22.917,43,-14,-5,1,
22.9184,50,-4,2,7,
22.9198,50,-4,2,7,
22.9211,88,7,10,4,
22.9225,101,17,12,4,
22.9239,105,14,24,11,
22.9251,105,14,24,11,
22.9265,101,14,19,17,
22.9279,91,12,10,5,
22.9292,91,12,10,5,
22.9305,82,5,22,13,
22.9319,74,-7,19,1,
22.9332,66,-13,13,-9,
22.9346,59,-6,6,-13,
22.936,60,-2,6,1,
22.9373,60,-2,6,1,
22.9386,72,5,10,2,
22.94,91,17,23,3,
22.9413,102,15,19,6,
22.9427,107,22,23,14,
22.9441,101,15,21,13,
22.9454,89,6,8,9,
22.9468,89,6,8,9,
22.9481,59,5,0,1,
22.9495,61,1,5,-2,
22.9508,52,-3,3,-2,
22.9522,45,6,5,-16,
22.9535,45,6,5,-16,
22.9549,45,6,5,-16,
22.9563,62,13,13,-8,
22.9576,96,1,23,4,
22.959,96,9,29,8,
22.9604,103,19,30,4,
22.9617,94,15,17,5,
22.9631,85,5,13,4,
22.9645,72,5,10,1,
22.9658,37,4,11,-13,
22.9672,26,4,1,-18,
22.9686,26,4,1,-18,
22.97,38,-5,4,0,
22.9713,47,1,4,-4,
22.9727,47,1,4,-4,
22.974,56,6,1,-1,
22.9754,71,10,7,10,
22.9767,74,24,15,13,
22.9781,67,11,14,16,
22.9795,61,21,17,-3,
22.9808,61,21,17,-3,
22.9822,61,21,17,-3,
22.9835,43,6,3,-7,
22.9849,30,-3,5,-7,
22.9862,13,-13,8,-15,
22.9876,39,6,4,-9,
22.989,54,17,7,-10,
22.9903,54,17,7,-10,
22.9917,69,24,8,-4,
22.9931,81,28,25,13,
22.9944,79,23,22,8,
22.9958,64,22,27,15,
22.9971,52,13,19,12,
22.9985,52,13,19,12,
22.9998,58,12,9,4,
23.0012,51,1,8,4,
23.0025,33,-6,11,2,
23.0039,23,-7,-3,-5,
23.0052,30,-3,6,-5,
23.0066,27,-3,16,4,
23.008,55,9,18,7,
23.0093,64,20,22,8,
23.0106,84,24,29,13,
23.012,84,24,29,13,
23.0133,82,30,29,27,
23.0147,65,23,33,22,
23.016,52,4,33,25,
23.0173,24,0,23,15,
23.0188,27,5,20,5,
23.0202,26,-9,12,0,
23.0215,14,1,9,-4,
23.0228,14,1,9,-4,
23.0242,47,18,22,9,
23.0255,56,30,15,14,
23.0269,54,34,20,17,
23.0282,75,37,31,23,
23.0295,84,39,23,36,
23.0309,84,39,23,36,
23.0322,67,30,30,32,
23.0336,21,21,33,21,
23.0349,20,9,26,16,
23.0363,13,9,25,8,
23.0377,7,10,18,9,
23.0391,6,11,14,11,
23.0404,6,11,14,11,
23.0418,31,17,17,10,
23.0432,54,27,20,16,
23.0446,51,23,23,24,
23.046,58,21,29,32,
23.0475,71,30,25,38,
23.0488,48,30,34,28,
23.0502,37,18,11,26,
23.0517,25,22,8,19,
23.053,16,15,12,15,
23.0544,12,11,14,13,
23.0558,5,6,8,12,
23.0571,6,7,9,12,
23.0585,17,19,18,13,
23.0598,42,25,28,20,
23.0611,46,36,31,21,
23.0625,45,35,28,24,
23.0638,56,36,26,33,
23.0651,41,38,33,38,
23.0665,41,38,33,38,
23.0679,9,20,31,24,
23.0692,14,12,23,21,
23.0706,14,12,23,21,
23.0719,-8,16,17,29,
23.0732,-8,16,27,28,
23.0746,-15,23,21,21,
23.0759,-15,23,21,21,
23.0773,31,33,23,32,
23.0786,41,36,25,32,
23.08,54,41,31,38,
23.0813,45,37,41,35,
23.0826,45,37,41,35,
23.0842,25,28,35,29,
23.0855,21,17,37,27,
23.0869,16,15,33,26,
23.0882,18,23,26,22,
23.0895,-10,16,19,11,
23.0909,-11,11,17,14,
23.0922,-17,11,28,16,
23.0936,-2,28,36,23,
23.0949,35,46,32,38,
23.0963,28,44,29,31,
23.0976,29,44,28,28,
23.099,37,29,39,39,
23.1003,37,29,39,39,
23.1017,25,19,43,41,
23.103,11,26,29,27,
23.1043,12,21,24,31,
23.1058,-4,17,12,27,
23.1071,-22,7,7,17,
23.1085,-19,18,27,19,
23.1098,-19,18,27,19,
23.1112,-19,18,27,19,
23.1126,26,42,21,27,
23.1139,21,37,21,26,
23.1152,33,38,25,28,
23.1166,34,38,31,42,
23.1179,27,33,35,38,
23.1193,27,33,35,38,
23.1207,14,39,38,36,
23.1221,-14,13,33,23,
23.1235,-14,9,26,23,
23.1248,-12,4,20,18,
23.1262,-10,2,28,23,
23.1275,2,21,24,23,
23.1288,2,21,24,23,
23.1302,16,19,25,28,
23.1315,34,37,45,33,
23.1329,40,35,40,35,
23.1342,31,36,41,39,
23.1356,15,30,28,47,
23.1369,15,30,28,47,
23.1383,0,29,33,44,
23.1397,4,26,34,29,
23.141,-1,14,29,24,
23.1424,-16,9,21,18,
23.1437,-6,20,20,9,
23.1451,-6,20,20,9,
23.1465,6,28,19,23,
23.1478,18,23,33,34,
23.1491,36,49,49,48,
23.1505,32,45,47,41,
23.1519,29,32,49,43,
23.1532,18,29,50,49,
23.1546,1,25,42,45,
23.1559,1,25,42,45,
23.1572,-7,22,38,37,
23.1586,-19,22,24,27,
23.16,-11,20,18,22,
23.1613,-6,25,15,21,
23.1627,-4,22,16,22,
23.164,3,28,17,27,
23.1653,14,23,34,39,
23.1667,30,38,46,43,
23.1681,26,40,40,45,
23.1694,26,40,40,45,
23.1708,15,40,31,47,
23.1721,13,29,31,40,
23.1735,-5,21,31,36,
23.1748,-2,13,31,31,
23.1762,-24,13,23,16,
23.1775,-17,15,21,7,
23.1789,-9,14,23,13,
23.1803,16,33,27,24,
23.1816,31,41,38,31,
23.183,31,41,38,31,
23.1843,26,42,39,38,
23.1857,29,36,36,34,
23.187,26,33,28,30,
23.1885,22,24,26,39,
23.1898,17,29,20,38,
23.1912,3,26,25,32,
23.1926,-3,24,29,19,
23.1939,-17,-1,13,11,
23.1953,3,5,13,15,
23.1966,3,5,13,15,
23.198,3,17,11,23,
23.1994,16,21,14,19,
23.2008,38,29,28,26,
23.2021,53,42,36,26,
23.2035,44,43,35,21,
23.2048,30,40,28,33,
23.2062,17,33,28,31,
23.2076,-2,26,34,27,
23.2089,5,18,23,22,
23.2103,1,25,18,24,
23.2117,-13,30,15,23,
23.213,-2,29,18,24,
23.2144,10,26,27,14,
23.2158,36,35,23,19,
23.2171,36,35,23,19,
23.2186,50,39,22,17,
23.2199,55,36,23,27,
23.2213,30,38,18,29,
23.2226,31,36,29,28,
23.224,19,22,34,31,
23.2253,19,22,34,31,
23.2267,8,23,29,21,
23.2281,-16,31,14,9,
23.2294,-18,25,16,-2,
23.2308,-7,28,26,-2,
23.2321,-7,28,26,-2,
23.2335,32,39,35,8,
23.2348,37,36,31,15,
23.2362,51,44,34,9,
23.2376,54,43,32,13,
23.2391,35,39,29,14,
23.2405,35,39,29,14,
23.242,18,31,16,3,
23.2434,-1,29,21,0,
23.2448,-22,29,12,9,
23.2462,-21,32,4,1,
23.2475,-18,29,6,-1,
23.249,7,34,27,0,
23.2504,7,34,27,0,
23.2518,7,34,27,0,
23.2532,43,57,23,9,
23.2546,50,57,21,9,
23.256,54,50,23,14,
23.2573,13,47,25,19,
23.2586,-5,41,19,20,
23.26,-5,41,19,20,
23.2614,-20,35,27,5,
23.2627,-20,23,29,-6,
23.2641,-15,17,14,-12,
23.2654,6,45,14,-5,
23.2668,6,45,14,-5,
23.2682,6,45,14,-5,
23.2695,23,54,23,-1,
23.2709,40,49,32,5,
23.2723,42,53,30,5,
23.2737,23,60,35,2,
23.2751,18,67,30,-3,
23.2764,-4,67,27,-18,
23.2778,-14,60,27,-24,
23.2792,-15,53,8,-45,
23.2805,-10,54,2,-54,
23.2819,-7,55,2,-57,
23.2833,-14,54,5,-46,
23.2846,-14,54,5,-46,
23.286,2,58,12,-34,
23.2873,19,55,20,-38,
23.2887,31,70,27,-28,
23.2901,35,70,22,-22,
23.2914,17,64,19,-17,
23.2928,0,56,16,-19,
23.2942,-1,56,11,-10,
23.2956,-16,50,18,-12,
23.297,-44,35,19,-18,
23.2983,-38,37,14,-10,
23.2997,-38,37,14,-10,
23.301,-28,39,19,-16,
23.3024,-28,39,19,-16,
23.3037,2,58,27,-3,
23.3051,11,62,19,8,
23.3065,23,58,28,9,
23.3078,23,58,28,9,
23.3091,4,58,37,10,
23.3105,-11,50,34,5,
23.3119,-14,48,31,6,
23.3132,-14,43,30,10,
23.3147,-37,37,16,4,
23.316,-42,41,14,-1,
23.3173,-42,41,14,-1,
23.3187,-31,41,14,2,
23.3201,-16,50,26,10,
23.3214,-3,45,40,18,
23.3228,11,56,33,19,
23.3242,11,56,33,19,
23.3255,10,55,33,25,
23.3269,-14,48,27,21,
23.3282,-17,45,23,28,
23.3295,-34,44,19,18,
23.3309,-47,33,29,11,
23.3323,-54,26,35,0,
23.3336,-54,26,35,0,
23.335,-39,25,28,10,
23.3363,-8,50,30,7,
23.3377,2,48,35,10,
23.339,9,49,41,16,
23.3403,25,53,51,33,
23.3417,11,64,49,28,
23.3431,7,67,44,29,
23.3445,-6,51,39,19,
23.3458,-32,28,33,16,
23.3472,-32,28,33,16,
23.3486,-39,36,37,8,
23.35,-38,38,31,7,
23.3514,-47,37,27,18,
23.3527,-44,32,30,17,
23.3541,0,51,40,33,
23.3554,7,61,40,30,
23.3568,6,60,37,39,
23.3581,26,62,38,38,
23.3595,12,55,41,33,
23.3608,2,54,43,37,
23.3621,2,54,43,37,
23.3635,-29,40,44,29,
23.3649,-33,36,42,22,
23.3663,-45,39,36,23,
23.3676,-44,24,27,21,
23.369,-47,27,28,20,
23.3703,-34,38,30,14,
23.3717,5,42,31,29,
23.3731,13,45,25,32,
23.3744,22,45,32,25,
23.3758,14,53,42,31,
23.3772,14,53,42,31,
23.3786,8,48,40,36,
23.3799,-25,36,29,20,
23.3812,-41,42,20,22,
23.3825,-44,41,29,24,
23.3839,-44,41,29,24,
23.3852,-48,23,26,22,
23.3865,-41,26,20,24,
23.3879,-31,26,26,19,
23.3893,-7,40,33,32,
23.3906,-7,40,33,32,
23.392,-5,49,36,36,
23.3933,15,66,40,43,
23.3947,4,53,40,41,
23.3961,-6,45,32,41,
23.3974,-20,41,30,41,
23.3988,-29,38,31,23,
23.4001,-30,38,26,13,
23.4015,-54,34,16,7,
23.4028,-62,26,20,14,
23.4042,-51,42,21,6,
23.4056,-35,49,21,15,
23.4069,-12,51,28,16,
23.4083,-7,47,41,24,
23.4097,6,45,41,27,
23.411,6,45,41,27,
23.4124,-5,50,42,26,
23.4138,-10,54,36,23,
23.4151,-10,54,36,23,
23.4165,-33,35,29,16,
23.4179,-33,28,26,17,
23.4192,-54,22,34,18,
23.4206,-37,38,26,14,
23.422,-37,38,26,14,
23.4233,-27,46,29,21,
23.4247,-7,46,27,30,
23.426,-7,55,37,23,
23.4274,7,68,42,17,
23.4288,-2,66,37,17,
23.4302,-12,59,39,20,
23.4316,-12,59,39,20,
23.433,-47,40,29,28,
23.4345,-49,37,21,28,
23.4358,-55,27,19,17,
23.4371,-52,21,26,0,
23.4385,-58,31,16,1,
23.4399,-55,45,17,9,
23.4412,-33,53,14,20,
23.4426,-5,54,25,9,
23.444,4,64,34,18,
23.4453,4,64,34,18,
23.4466,-5,61,43,16,
23.448,-5,61,43,16,
23.4494,-23,58,36,22,
23.4507,-30,55,28,20,
23.4521,-27,52,25,21,
23.4534,-27,52,25,21,
23.4549,-35,45,28,20,
23.4562,-40,42,10,14,
23.4576,-28,44,27,9,
23.459,7,60,40,25,
23.4604,7,60,40,25,
23.4618,7,60,40,25,
23.4632,4,74,55,30,
23.4645,20,70,40,19,
23.4658,5,78,27,21,
23.4671,-16,67,24,25,
23.4685,-28,58,31,9,
23.4698,-46,52,27,3,
23.4711,-46,52,27,3,
23.4724,-45,54,23,10,
23.4737,-23,66,22,12,
23.475,2,88,29,13,
23.4764,2,88,29,13,
23.4777,1,100,36,19,
23.4791,17,109,38,16,
23.4805,17,109,38,16,
23.4818,0,119,31,20,
23.4831,-7,101,49,7,
23.4845,-17,102,40,5,
23.4858,-32,102,33,4,
23.4872,-43,102,28,2,
23.4885,-46,98,16,-11,
23.4899,-55,95,20,-15,
23.4912,-46,100,33,-15,
23.4926,-32,135,32,-15,
23.4939,-21,154,35,-4,
23.4952,-18,154,33,-6,
23.4966,-19,161,38,-6,
23.498,-9,164,47,-12,
23.4993,-16,170,46,-13,
23.5007,-59,181,35,-22,
23.502,-65,187,33,-32,
23.5033,-65,187,33,-32,
23.5047,-59,196,32,-26,
23.506,-80,151,31,-31,
23.5074,-79,164,26,-43,
23.5087,-72,164,20,-50,
23.51,-72,164,20,-50,
23.5113,-56,189,27,-53,
23.5127,-56,189,27,-53,
23.514,-62,194,26,-45,
23.5153,-73,212,31,-45,
23.5168,-92,221,23,-49,
23.5181,-88,222,31,-51,
23.5195,-100,222,32,-66,
23.5209,-113,220,26,-66,
23.5222,-117,208,16,-65,
23.5235,-142,207,12,-75,
23.5248,-133,213,8,-83,
23.5262,-124,223,13,-81,
23.5275,-109,237,10,-81,
23.5289,-83,253,21,-70,
23.5303,-83,248,30,-68,
23.5316,-89,239,37,-63,
23.533,-102,235,25,-66,
23.5343,-106,238,27,-57,
23.5357,-111,233,21,-53,
23.5371,-119,226,17,-57,
23.5384,-119,226,17,-57,
23.5398,-113,212,12,-68,
23.5411,-128,212,20,-77,
23.5425,-128,216,17,-75,
23.5438,-117,229,23,-70,
23.5451,-90,228,18,-67,
23.5465,-78,226,28,-64,
23.5478,-72,234,35,-50,
23.5491,-63,233,29,-48,
23.5505,-76,228,26,-43,
23.5519,-76,223,20,-39,
23.5532,-81,204,23,-34,
23.5546,-97,208,23,-45,
23.556,-108,203,31,-47,
23.5573,-117,204,27,-49,
23.5587,-122,196,13,-51,
23.56,-114,194,25,-48,
23.5613,-91,198,27,-52,
23.5626,-70,198,34,-45,
23.564,-70,198,34,-45,
23.5653,-67,191,24,-37,
23.5668,-60,200,23,-44,
23.5682,-59,209,36,-39,
23.5695,-96,187,37,-43,
23.5709,-101,177,31,-42,
23.5722,-109,172,33,-55,
23.5736,-122,164,26,-54,
23.575,-136,157,9,-54,
23.5763,-143,156,15,-57,
23.5776,-130,152,20,-60,
23.579,-87,177,28,-48,
23.5804,-87,177,28,-48,
23.5817,-87,177,28,-48,
23.5831,-82,189,22,-43,
23.5844,-69,192,33,-43,
23.5858,-76,185,29,-42,
23.5871,-98,185,27,-49,
23.5885,-106,168,22,-55,
23.5898,-106,168,22,-55,
23.5912,-103,160,27,-53,
23.5926,-105,159,28,-46,
23.5939,-111,148,23,-47,
23.5953,-98,155,23,-43,
23.5966,-73,162,24,-46,
23.598,-53,177,33,-37,
23.5993,-53,177,33,-37,
23.6006,-47,191,35,-19,
23.602,-44,178,37,-26,
23.6033,-40,159,30,-34,
23.6047,-76,139,11,-25,
23.606,-76,139,11,-25,
23.6074,-84,143,4,-39,
23.6087,-92,147,9,-44,
23.6101,-106,140,0,-56,
23.6114,-99,128,-3,-57,
23.6127,-99,133,-2,-51,
23.6141,-89,145,15,-49,
23.6154,-68,154,9,-44,
23.6168,-62,182,14,-45,
23.6182,-29,204,23,-48,
23.6196,-51,193,22,-43,
23.6209,-61,185,20,-46,
23.6222,-81,178,16,-55,
23.6236,-95,160,8,-53,
23.6249,-86,152,3,-62,
23.6263,-87,140,-5,-73,
23.6276,-104,142,-17,-78,
23.6289,-97,153,-9,-78,
23.6303,-97,149,-2,-72,
23.6316,-97,149,-2,-72,
23.633,-60,178,2,-57,
23.6344,-58,184,8,-54,
23.6358,-50,197,8,-57,
23.6371,-67,185,0,-58,
23.6385,-70,175,-2,-63,
23.6398,-70,175,-2,-63,
23.6411,-96,171,-12,-64,
23.6425,-105,174,-17,-64,
23.6438,-94,184,-20,-73,
23.6451,-102,180,-27,-83,
23.6465,-101,161,-29,-72,
23.6479,-101,161,-29,-72,
23.6492,-85,166,-18,-70,
23.6505,-55,198,3,-59,
23.6518,-39,195,8,-58,
23.6531,-28,194,-8,-54,
23.6545,-37,201,-18,-56,
23.6558,-57,193,-21,-62,
23.6571,-57,193,-21,-62,
23.6585,-66,181,-29,-67,
23.6599,-90,160,-16,-79,
23.6612,-90,140,-19,-75,
23.6626,-96,139,-18,-68,
23.6639,-84,137,-11,-61,
23.6652,-72,146,-5,-57,
23.6666,-42,152,-13,-58,
23.668,-26,161,-15,-54,
23.6693,-16,178,-4,-41,
23.6707,-23,182,2,-30,
23.6721,-23,182,2,-30,
23.6734,-45,172,-7,-36,
23.6749,-42,157,-16,-47,
23.6762,-45,145,-13,-52,
23.6776,-61,141,-12,-43,
23.679,-80,119,-27,-50,
23.6803,-71,111,-34,-54,
23.6816,-71,111,-34,-54,
23.6829,-47,146,-25,-51,
23.6843,-13,154,-7,-45,
23.6856,-17,145,3,-30,
23.687,-4,152,1,-28,
23.6883,-4,152,1,-28,
23.6897,-14,150,-2,-25,
23.691,-36,139,-5,-18,
23.6924,-50,135,-6,-31,
23.6938,-48,118,1,-24,
23.6952,-40,109,-1,-25,
23.6965,-52,89,-4,-33,
23.6978,-52,89,-4,-33,
23.6992,-51,90,4,-33,
23.7006,-18,98,7,-15,
23.7019,-11,118,18,-15,
23.7033,-4,116,19,-5,
23.7046,14,111,14,5,
23.7059,13,106,7,5,
23.7073,13,106,7,5,
23.7086,-2,104,7,-4,
23.71,-22,84,7,-7,
23.7114,-34,72,4,-14,
23.7127,-45,76,3,-3,
23.714,-37,61,3,-2,
23.7154,-28,66,6,-13,
23.7168,-21,64,3,-7,
23.7181,-2,68,15,-3,
23.7194,19,81,21,-6,
23.7208,15,84,21,2,
23.7222,36,91,33,16,
23.7235,33,93,26,19,
23.7249,23,86,28,15,
23.7263,3,77,26,9,
23.7277,-23,59,20,10,
23.729,-32,58,17,2,
23.7304,-44,47,18,-3,
23.7317,-35,37,5,6,
23.7331,-35,37,5,6,
23.7345,-28,47,12,5,
23.7358,3,60,20,15,
23.7371,23,68,16,11,
23.7385,39,73,32,14,
23.7398,44,78,34,18,
23.7411,35,81,27,11,
23.7425,17,67,26,16,
23.7438,11,45,19,11,
23.7451,0,49,14,0,
23.7465,-19,39,13,7,
23.7478,-19,39,13,7,
23.7491,-19,39,13,7,
23.7505,-20,45,13,1,
23.7519,-2,40,18,3,
23.7532,4,48,25,11,
23.7546,34,65,25,16,
23.7559,37,65,25,24,
23.7572,37,65,25,24,
23.7586,35,67,25,26,
23.76,16,59,16,27,
23.7613,2,50,6,24,
23.7627,7,48,7,22,
23.764,-4,36,11,12,
23.7653,-4,36,11,12,
23.7667,-30,17,3,1,
23.768,-8,46,12,4,
23.7693,0,53,20,12,
23.7707,26,62,17,11,
23.772,37,57,20,13,
23.7733,39,61,29,10,
23.7747,33,71,32,15,
23.7761,31,74,27,26,
23.7774,2,61,28,19,
23.7788,0,48,22,17,
23.7802,-15,40,28,4,
23.7815,-15,40,28,4,
23.7828,-29,32,24,-1,
23.7842,-28,26,17,1,
23.7856,-22,15,5,1,
23.7869,7,39,27,18,
23.7883,25,48,25,27,
23.7897,25,48,25,27,
23.791,31,55,27,27,
23.7924,25,65,29,34,
23.7937,34,51,24,31,
23.795,18,40,23,25,
23.7964,3,43,22,26,
23.7977,3,43,22,26,
23.799,-14,32,12,23,
23.8004,-31,13,21,19,
23.8018,-29,18,19,8,
23.8031,-10,25,18,9,
23.8045,1,30,17,15,
23.8059,24,48,25,22,
23.8072,28,52,37,24,
23.8086,41,52,45,26,
23.81,34,55,28,34,
23.8113,22,46,20,33,
23.8127,22,46,20,33,
23.8141,25,25,23,32,
23.8154,9,14,26,26,
23.8168,-8,15,28,29,
23.8181,-27,7,12,15,
23.8194,-20,5,20,13,
23.8207,2,13,21,14,
23.8221,39,20,18,21,
23.8234,58,24,25,33,
23.8248,48,34,25,31,
23.8261,51,48,40,40,
23.8275,41,46,37,43,
23.8288,37,47,36,37,
23.8302,30,38,35,24,
23.8316,10,15,19,15,
23.833,12,7,12,24,
23.8344,-4,7,10,26,
23.8359,-4,-1,16,19,
23.8372,9,14,14,20,
23.8387,9,14,14,20,
23.8402,24,25,24,30,
23.8416,40,27,39,32,
23.843,59,35,43,37,
23.8443,49,48,41,37,
23.8457,48,35,42,36,
23.8471,33,21,45,27,
23.8485,20,14,28,29,
23.8498,11,18,20,26,
23.8512,-2,10,24,32,
23.8526,-10,-6,11,28,
23.854,-9,6,12,28,
23.8553,3,10,16,29,
23.8567,28,26,27,36,
23.858,40,36,39,36,
23.8594,40,36,39,36,
23.8607,78,49,50,40,
23.8621,62,40,44,42,
23.8634,41,36,42,29,
23.8648,5,11,24,32,
23.8662,5,11,24,32,
23.8675,11,14,20,31,
23.8689,11,14,20,31,
23.8703,-2,7,14,26,
23.8716,-8,11,16,27,
23.873,-1,6,21,31,
23.8743,41,25,36,37,
23.8757,41,25,36,37,
23.877,38,36,32,38,
23.8784,54,42,37,29,
23.8798,36,35,33,30,
23.8811,33,35,31,32,
23.8825,33,35,31,32,
23.8839,19,42,23,33,
23.8852,9,29,15,34,
23.8866,11,15,17,31,
23.8879,-7,3,7,21,
23.8892,-5,20,19,22,
23.8906,9,25,28,16,
23.8919,47,51,34,24,
23.8933,47,51,34,24,
23.8947,37,48,28,30,
23.8961,44,42,30,27,
23.8975,32,42,34,31,
23.8989,21,37,33,28,
23.9002,13,24,14,16,
23.9016,13,24,14,16,
23.903,6,23,15,18,
23.9044,-17,8,19,10,
23.9057,-16,9,18,1,
23.9071,-6,21,15,10,
23.9085,17,21,20,19,
23.9098,32,42,23,23,
23.9112,32,42,23,23,
23.9126,38,44,28,32,
23.9139,45,49,36,34,
23.9153,42,41,25,24,
23.9167,25,37,28,24,
23.918,7,28,17,22,
23.9194,9,25,9,24,
23.9207,-1,18,21,23,
23.9221,-13,13,25,7,
23.9235,-5,15,13,12,
23.9249,3,13,16,21,
23.9262,3,13,16,21,
23.9276,32,25,28,33,
23.929,35,45,34,32,
23.9303,48,58,34,40,
23.9317,46,48,33,23,
23.9331,28,33,36,27,
23.9344,17,31,21,21,
23.9357,0,19,13,20,
23.9371,-2,13,22,24,
23.9385,-13,0,26,15,
23.9398,-7,9,13,7,
23.9411,-7,9,13,7,
23.9425,15,11,18,8,
23.9439,25,19,20,18,
23.9452,32,33,35,30,
23.9466,44,42,43,31,
23.948,55,46,39,22,
23.9493,43,30,28,30,
23.9506,22,27,26,25,
23.952,7,27,23,29,
23.9534,4,19,13,26,
23.9547,-2,15,9,30,
23.956,-2,15,9,30,
23.9574,-4,-3,9,18,
23.9587,-5,13,8,20,
23.9601,11,17,17,27,
23.9614,11,17,17,27,
23.9627,41,34,33,26,
23.9641,43,35,37,31,
23.9654,39,39,41,33,
23.9668,33,39,36,35,
23.9682,23,20,38,23,
23.9695,23,20,38,23,
23.9709,23,20,38,23,
23.9722,15,10,26,16,
23.9736,-4,3,18,19,
23.975,-11,2,14,22,
23.9763,19,12,18,26,
23.9777,27,20,21,27,
23.9791,27,20,21,27,
23.9805,51,30,27,33,
23.9818,63,47,37,27,
23.9832,56,39,37,35,
23.9845,43,35,39,37,
23.9858,33,28,35,37,
23.9872,27,22,34,35,
23.9885,27,22,34,35,
23.9898,3,8,18,31,
23.9912,-17,1,9,18,
23.9925,-11,6,17,20,
23.9939,1,4,21,21,
23.9953,1,4,21,21,
23.9966,29,22,23,28,
23.9979,38,31,22,26,
23.9993,46,33,27,32,
24.0006,57,47,37,32,
24.002,40,40,38,32,
24.0033,13,23,20,22,
24.0047,13,23,20,22,
24.006,-1,27,19,26,
24.0073,9,20,9,26,
24.0087,-22,7,19,12,
24.0101,-4,8,23,13,
24.0115,16,13,24,16,
24.013,28,27,27,16,
24.0143,38,34,23,28,
24.0157,38,34,23,28,
24.017,45,45,33,34,
24.0184,49,43,31,32,
24.0198,32,41,32,29,
24.0211,24,27,32,25,
24.0225,24,13,23,32,
24.0239,19,2,26,19,
24.0252,-17,5,14,22,
24.0266,-2,11,18,14,
24.028,3,21,17,13,
24.0293,19,32,19,27,
24.0307,19,32,19,27,
24.0321,35,35,22,30,
24.0334,36,40,33,26,
24.0348,44,39,40,38,
24.0362,43,33,41,34,
24.0376,43,33,41,34,
24.0392,10,18,30,24,
24.0406,1,19,22,23,
24.042,-2,10,19,24,
24.0435,-8,0,24,18,
24.0449,2,0,12,8,
24.0463,2,0,12,8,
24.0477,13,27,14,2,
24.049,35,43,36,22,
24.0504,35,37,36,38,
24.0518,54,47,42,37,
24.0532,58,48,36,26,
24.0546,45,35,32,20,
24.056,27,18,18,27,
24.0573,9,19,19,27,
24.0587,-8,3,14,25,
24.06,-8,3,14,25,
24.0614,-26,6,16,23,
24.0628,-17,10,16,22,
24.0641,1,18,10,18,
24.0655,17,18,17,13,
24.0668,38,46,21,32,
24.0682,46,49,24,32,
24.0695,43,47,24,36,
24.0709,42,33,29,28,
24.0723,39,35,24,23,
24.0736,19,30,23,19,
24.075,19,30,23,19,
24.0764,2,12,18,21,
24.0777,-17,2,6,12,
24.0791,-15,-3,11,17,
24.0805,-14,8,10,28,
24.0819,3,26,21,27,
24.0833,27,31,27,33,
24.0846,36,31,31,29,
24.0859,47,49,25,31,
24.0873,47,49,25,31,
24.0887,31,32,37,28,
24.09,4,19,24,21,
24.0914,4,19,24,21,
24.0927,6,22,17,25,
24.0941,-9,12,22,21,
24.0954,-13,6,25,24,
24.0968,-13,6,25,24,
24.0982,21,13,15,12,
24.0996,27,21,14,14,
24.101,40,30,25,24,
24.1023,54,43,23,46,
24.1037,54,43,23,46,
24.1051,52,29,24,39,
24.1065,35,34,29,38,
24.1078,21,25,24,27,
24.1092,15,22,16,23,
24.1106,6,11,23,24,
24.1119,-15,-5,20,15,
24.1132,-15,-5,20,15,
24.1146,-4,16,16,12,
24.116,11,12,20,18,
24.1173,33,38,29,27,
24.1187,29,37,29,27,
24.1201,37,42,25,34,
24.1214,38,48,19,38,
24.1228,46,49,23,34,
24.1242,35,51,27,36,
24.1255,18,41,29,38,
24.1269,12,30,26,37,
24.1282,-1,14,21,22,
24.1296,-11,0,26,12,
24.1309,-23,5,21,11,
24.1323,-2,26,17,11,
24.1337,37,40,27,19,
24.135,41,47,38,18,
24.1364,35,50,32,20,
24.1377,35,50,32,20,
24.1391,47,52,25,30,
24.1405,49,47,18,31,
24.1418,23,36,23,25,
24.1432,9,35,15,29,
24.1446,7,22,24,28,
24.1459,0,16,13,16,
24.1473,-6,4,6,14,
24.1486,-19,-4,8,16,
24.15,12,21,10,16,
24.1513,28,33,15,13,
24.1527,28,33,15,13,
24.1541,44,39,15,12,
24.1554,46,48,20,16,
24.1568,54,58,27,31,
24.1581,52,42,26,24,
24.1596,15,22,13,30,
24.1609,-1,30,10,27,
24.1623,-1,30,10,27,
24.1636,-17,19,21,29,
24.165,-25,18,14,18,
24.1663,-23,15,14,12,
24.1677,15,40,31,22,
24.1691,15,40,31,22,
24.1705,15,40,31,22,
24.1719,55,38,22,30,
24.1733,62,44,29,25,
24.1746,44,48,38,21,
24.176,21,44,30,18,
24.1773,17,46,23,14,
24.1786,0,25,29,14,
24.1799,-8,29,33,21,
24.1813,-12,14,5,11,
24.1826,-15,17,21,5,
24.184,2,14,22,6,
24.1853,21,19,17,16,
24.1866,21,19,17,16,
24.188,30,36,23,28,
24.1893,34,45,20,34,
24.1907,49,37,30,35,
24.192,35,33,32,30,
24.1933,32,28,37,31,
24.1947,26,22,36,26,
24.1961,9,25,24,26,
24.1975,4,26,18,30,
24.1989,-13,9,17,17,
24.2002,-1,-2,14,2,
24.2015,-1,-2,14,2,
24.2029,-1,-2,14,2,
24.2043,28,32,16,22,
24.2057,35,33,18,36,
24.2071,49,44,29,30,
24.2084,52,40,27,31,
24.2097,48,44,26,24,
24.2111,48,44,26,24,
24.2124,23,19,22,30,
24.2138,18,11,27,25,
24.2151,6,6,20,19,
24.2164,3,-8,5,18,
24.2177,-9,-4,0,16,
24.2191,-9,-4,0,16,
24.2204,-2,0,11,14,
24.2217,39,36,28,34,
24.2231,39,35,30,39,
24.2245,41,38,26,36,
24.2259,34,34,36,33,
24.2273,27,34,42,28,
24.2286,34,38,36,27,
24.23,19,34,29,33,
24.2313,-5,17,30,24,
24.2327,-24,10,21,18,
24.2341,-24,-1,19,26,
24.2355,-24,-1,19,26,
24.2369,-18,0,10,19,
24.2382,3,10,18,14,
24.2397,35,25,22,35,
24.2411,42,36,24,38,
24.2426,46,38,25,30,
24.2441,46,38,25,30,
24.2455,31,47,21,31,
24.2468,25,42,24,35,
24.2482,19,19,23,28,
24.2496,4,13,27,17,
24.251,-10,4,15,20,
24.2523,6,-1,17,19,
24.2538,6,-1,17,19,
24.2553,27,12,16,18,
24.2566,38,30,29,18,
24.258,36,37,40,26,
24.2594,54,38,42,34,
24.2608,53,48,45,38,
24.2621,44,51,45,41,
24.2635,22,38,37,35,
24.2649,14,27,33,20,
24.2662,16,17,23,20,
24.2676,1,3,32,23,
24.2689,-4,1,28,19,
24.2703,-7,-2,29,15,
24.2717,-7,-2,29,15,
24.2731,36,23,23,15,
24.2744,36,23,23,15,
24.2758,44,40,28,21,
24.2772,61,39,29,30,
24.2785,49,35,29,33,
24.2799,41,30,31,28,
24.2812,31,18,36,27,
24.2826,2,15,26,21,
24.284,-5,12,28,21,
24.2853,-7,5,11,7,
24.2867,0,3,13,13,
24.2881,0,3,13,13,
24.2894,5,15,23,13,
24.2908,26,23,23,15,
24.2921,39,33,29,24,
24.2935,35,44,26,30,
24.2949,47,41,31,43,
24.2962,33,28,38,32,
24.2976,33,28,38,32,
24.2989,20,17,16,17,
24.3003,7,9,20,22,
24.3016,7,6,27,18,
24.303,-8,-4,20,18,
24.3044,-9,-1,22,24,
24.3057,6,2,18,27,
24.3071,6,2,18,27,
24.3084,42,24,31,27,
24.3098,36,34,30,27,
24.3111,40,41,33,29,
24.3125,55,23,41,37,
24.3139,55,23,41,37,
24.3152,37,14,28,24,
24.3166,3,20,20,30,
24.3179,3,21,15,23,
24.3193,3,21,15,23,
24.3207,-14,7,21,30,
24.3221,-6,7,26,14,
24.3234,-6,7,26,14,
24.3248,38,20,19,22,
24.3261,56,31,23,25,
24.3274,55,32,31,29,
24.3288,65,44,37,38,
24.3301,49,36,29,38,
24.3315,37,22,20,27,
24.3328,28,28,21,32,
24.3342,19,13,30,19,
24.3356,19,13,30,19,
24.337,15,3,24,24,
24.3383,-5,-10,17,25,
24.3396,-2,-8,7,21,
24.341,6,-5,16,26,
24.3424,18,8,29,32,
24.3438,27,36,27,28,
24.3451,34,42,29,27,
24.3465,34,42,29,27,
24.3479,35,35,28,40,
24.3492,30,32,30,39,
24.3506,12,29,23,22,
24.3519,10,17,21,11,
24.3533,15,9,26,10,
24.3546,15,9,26,10,
24.356,-1,-2,17,2,
24.3573,3,11,16,10,
24.3587,5,14,26,15,
24.3601,25,15,28,26,
24.3614,46,25,35,33,
24.3628,62,37,31,32,
24.3641,62,47,23,32,
24.3654,32,25,26,31,
24.3668,25,24,24,26,
24.3681,15,22,29,29,
24.3694,15,22,29,29,
24.3709,5,23,29,26,
24.3722,-10,14,23,28,
24.3735,-21,-3,19,19,
24.3749,4,1,20,11,
24.3762,13,10,23,26,
24.3775,40,25,22,29,
24.3789,40,25,22,29,
24.3802,34,32,32,30,
24.3815,45,30,22,30,
24.3829,44,22,32,28,
24.3842,11,11,19,20,
24.3855,11,11,19,20,
24.3868,6,1,7,26,
24.3882,6,1,7,26,
24.3895,-12,-11,13,16,
24.3908,-4,0,16,15,
24.3922,2,-4,17,18,
24.3935,15,4,17,23,
24.3948,35,29,26,31,
24.3962,44,26,36,34,
24.3975,56,35,29,25,
24.3989,30,30,31,26,
24.4003,27,30,33,31,
24.4016,27,30,33,31,
24.403,4,17,32,27,
24.4044,4,17,32,27,
24.4057,8,1,32,28,
24.407,-7,3,23,18,
24.4084,-4,4,19,25,
24.4098,-4,4,19,25,
24.4111,25,11,11,16,
24.4125,41,26,23,21,
24.4138,35,41,33,32,
24.4151,47,50,34,42,
24.4165,38,53,30,42,
24.4178,28,43,22,35,
24.4192,31,37,23,27,
24.4205,31,37,23,27,
24.4218,-2,20,16,22,
24.4232,-2,12,15,20,
24.4246,-12,9,14,16,
24.4259,-1,7,18,14,
24.4273,-5,1,11,16,
24.4287,10,14,22,13,
24.43,33,31,38,23,
24.4314,52,37,37,26,
24.4328,61,40,31,34,
24.4341,51,43,39,28,
24.4355,51,43,39,28,
24.4369,50,41,32,26,
24.4383,25,16,20,32,
24.4396,16,14,19,32,
24.441,-4,10,19,31,
24.4423,-4,10,19,31,
24.4437,-9,14,10,18,
24.445,-12,15,16,14,
24.4464,16,28,30,12,
24.4477,41,37,36,23,
24.4491,49,41,38,24,
24.4505,49,41,38,24,
24.4518,46,37,33,23,
24.4532,42,37,29,31,
24.4546,21,31,28,29,
24.4559,4,14,15,31,
24.4572,2,15,9,19,
24.4586,-5,5,21,10,
24.46,-5,5,21,10,
24.4613,-3,8,21,20,
24.4627,3,12,22,26,
24.464,24,32,18,24,
24.4653,31,43,24,30,
24.4666,48,40,33,38,
24.4679,48,40,33,38,
24.4693,58,46,37,42,
24.4706,28,35,37,31,
24.4719,8,14,35,36,
24.4733,8,4,33,25,
24.4747,0,4,31,14,
24.4761,-9,-1,22,12,
24.4774,-7,-9,26,14,
24.4787,-16,-12,23,24,
24.4801,21,-5,30,29,
24.4814,50,14,43,23,
24.4828,50,14,43,23,
24.4842,55,14,45,22,
24.4855,63,29,37,34,
24.4869,48,24,36,26,
24.4882,16,-5,34,31,
24.4895,1,-3,30,21,
24.4909,-9,-11,29,24,
24.4923,-9,-11,29,24,
24.4936,-30,-33,20,16,
24.4949,-14,-45,21,27,
24.4963,-6,-31,27,29,
24.4976,9,-14,31,32,
24.499,26,7,36,29,
24.5004,33,14,41,36,
24.5017,37,8,41,42,
24.503,41,2,40,37,
24.5044,38,-14,41,39,
24.5058,31,-19,39,42,
24.5071,14,-32,38,35,
24.5085,15,-52,34,34,
24.5099,14,-50,30,41,
24.5112,-2,-61,33,29,
24.5126,0,-66,30,23,
24.5139,10,-56,34,25,
24.5153,29,-59,40,31,
24.5167,29,-59,40,31,
24.518,51,-53,45,47,
24.5193,64,-50,65,52,
24.5207,59,-61,73,48,
24.522,47,-82,65,47,
24.5234,47,-82,65,47,
24.5248,13,-106,61,45,
24.5261,16,-108,59,46,
24.5275,12,-127,59,50,
24.5288,-1,-161,50,46,
24.5302,15,-172,59,47,
24.5316,15,-172,59,47,
24.5329,26,-173,66,45,
24.5343,52,-160,75,54,
24.5356,58,-153,78,57,
24.537,54,-160,66,63,
24.5383,38,-201,39,41,
24.5396,38,-201,39,41,
24.541,12,-218,21,16,
24.5424,-101,-310,-113,-114,
24.5438,-219,-714,-230,-247,
24.5451,-357,-1209,-367,-411,
24.5465,-463,-1603,-478,-559,
24.5479,-536,-1850,-556,-682,
24.5492,-536,-1850,-556,-682,
24.5506,-573,-1935,-625,-783,
24.552,-568,-1882,-618,-776,
24.5533,-541,-1796,-586,-763,
24.5546,-515,-1711,-556,-733,
24.556,-489,-1628,-521,-698,
24.5573,-466,-1534,-495,-656,
24.5587,-440,-1450,-470,-602,
24.56,-405,-1286,-413,-533,
24.5613,-383,-1214,-375,-496,
24.5627,-357,-1152,-346,-465,
24.564,-357,-1152,-346,-465,
24.5653,-344,-1080,-317,-436,
24.5667,-314,-1012,-294,-410,
24.5681,-280,-949,-272,-372,
24.5694,-236,-834,-244,-317,
24.5708,-214,-793,-233,-297,
24.5721,-214,-793,-233,-297,
24.5734,-204,-753,-218,-282,
24.5748,-180,-679,-191,-257,
24.5762,-191,-653,-185,-255,
24.5775,-191,-638,-179,-255,
24.5788,-194,-591,-175,-238,
24.5802,-194,-591,-175,-238,
24.5815,-194,-591,-175,-238,
24.5829,-174,-534,-156,-210,
24.5843,-153,-506,-148,-189,
24.5856,-127,-467,-135,-172,
24.587,-118,-441,-125,-164,
24.5883,-110,-421,-113,-158,
24.5896,-101,-396,-104,-152,
24.5909,-98,-394,-107,-148,
24.5923,-106,-372,-112,-147,
24.5936,-116,-368,-106,-149,
24.5949,-113,-355,-103,-145,
24.5963,-113,-355,-103,-145,
24.5976,-119,-338,-90,-137,
24.5989,-112,-324,-88,-141,
24.6002,-103,-315,-86,-128,
24.6016,-102,-300,-92,-118,
24.603,-61,-260,-63,-107,
24.6043,-61,-260,-63,-107,
24.6056,-51,-257,-52,-105,
24.607,-58,-247,-67,-85,
24.6083,-59,-232,-63,-83,
24.6097,-67,-215,-61,-88,
24.611,-81,-218,-70,-90,
24.6124,-81,-218,-70,-90,
24.6137,-81,-218,-70,-90,
24.615,-94,-211,-61,-87,
24.6164,-99,-197,-65,-82,
24.6177,-77,-196,-65,-77,
24.6191,-61,-179,-57,-77,
24.6205,-38,-155,-47,-76,
24.6219,-32,-151,-41,-70,
24.6232,-33,-150,-37,-61,
24.6246,-30,-125,-34,-61,
24.626,-42,-125,-34,-57,
24.6275,-42,-125,-34,-57,
24.6289,-57,-142,-48,-62,
24.6302,-57,-142,-48,-62,
24.6316,-57,-122,-41,-66,
24.633,-76,-119,-41,-63,
24.6343,-59,-116,-35,-66,
24.6357,-56,-110,-38,-52,
24.637,-12,-79,-32,-40,
24.6385,-12,-79,-32,-40,
24.64,-12,-70,-21,-34,
24.6414,2,-70,-21,-39,
24.6428,-1,-59,-25,-30,
24.6442,-21,-59,-24,-26,
24.6455,-31,-63,-16,-24,
24.6469,-31,-67,-24,-36,
24.6483,-38,-61,-26,-38,
24.6497,-46,-67,-28,-40,
24.6511,-41,-68,-21,-33,
24.6526,-41,-68,-21,-33,
24.6539,-14,-49,-10,-36,
24.6552,2,-40,-6,-29,
24.6566,0,-34,-5,-21,
24.658,4,-26,12,-19,
24.6594,4,-26,12,-19,
24.6608,7,-28,10,-15,
24.6622,-10,-38,-3,-6,
24.6635,-17,-39,-6,-15,
24.6649,-17,-39,-6,-15,
24.6663,-27,-33,-15,-15,
24.6675,-27,-42,-12,-23,
24.6689,-27,-42,-12,-23,
24.6702,-18,-33,-4,-21,
24.6716,0,-22,2,-22,
24.673,9,-10,5,-5,
24.6744,-2,-14,-1,4,
24.6758,2,-12,3,11,
24.6771,15,-2,9,12,
24.6785,15,-5,11,6,
24.6799,-8,-24,10,-4,
24.6812,-10,-22,7,-5,
24.6826,-10,-22,7,-5,
24.684,-21,-12,1,2,
24.6853,-29,-23,-7,-6,
24.6867,-23,-27,-16,0,
24.688,-18,-10,-5,-1,
24.6893,15,-3,6,9,
24.6907,10,-6,16,11,
24.6921,21,-9,16,12,
24.6934,23,0,17,10,
24.6948,18,14,14,5,
24.6962,3,4,10,11,
24.6975,-5,0,14,6,
24.6988,-15,1,14,10,
24.7001,-11,2,3,4,
24.7014,-11,-1,-6,1,
24.7028,-10,-8,1,10,
24.7042,-19,-13,-3,13,
24.7055,-1,-2,4,15,
24.7069,30,21,13,11,
24.7083,31,27,25,18,
24.7097,31,27,25,18,
24.711,33,22,23,22,
24.7124,32,18,15,24,
24.7138,14,14,15,26,
24.7151,3,18,20,17,
24.7165,8,8,24,12,
24.7178,8,8,24,12,
24.7191,-14,-1,17,-1,
24.7204,-10,-2,4,9,
24.7218,-3,4,6,11,
24.7231,6,15,18,13,
24.7244,26,15,20,17,
24.7257,26,15,20,17,
24.7271,26,15,20,17,
24.7284,22,14,20,32,
24.7298,23,14,32,20,
24.7312,8,9,27,7,
24.7325,-1,9,21,2,
24.7339,6,8,19,3,
24.7352,0,0,23,6,
24.7366,-9,-1,15,-2,
24.7379,6,0,15,18,
24.7392,19,-2,8,18,
24.7405,17,8,18,15,
24.7419,17,8,18,15,
24.7433,31,21,23,19,
24.7447,38,17,17,30,
24.746,29,15,20,39,
24.7474,29,27,24,25,
24.7488,16,13,17,12,
24.7501,1,16,19,12,
24.7514,6,12,13,14,
24.7527,-3,9,12,19,
24.7541,-17,8,14,16,
24.7554,-14,10,22,12,
24.7568,1,12,19,7,
24.7582,13,21,22,13,
24.7596,26,29,28,24,
24.761,22,26,27,26,
24.7623,31,20,25,27,
24.7637,19,27,27,24,
24.7651,24,24,24,35,
24.7664,12,20,21,35,
24.7678,2,9,16,19,
24.7692,5,12,10,10,
24.7705,8,16,15,4,
24.7719,8,16,15,4,
24.7732,-5,9,14,5,
24.7745,10,14,13,10,
24.7759,16,13,12,27,
24.7773,16,13,12,27,
24.7787,34,37,25,23,
24.7801,35,42,24,26,
24.7814,25,45,24,29,
24.7828,25,16,22,20,
24.7841,5,12,23,11,
24.7855,5,12,23,11,
24.7868,-3,7,26,5,
24.7883,-16,9,15,5,
24.7898,-20,11,6,7,
24.7912,5,4,18,16,
24.7925,21,30,25,10,
24.7939,21,30,25,10,
24.7952,23,34,35,37,
24.7966,24,39,33,28,
24.798,16,43,37,27,
24.7993,19,27,40,25,
24.8006,19,27,40,25,
24.802,9,18,31,26,
24.8034,9,18,31,26,
24.8047,-7,25,19,28,
24.8061,-4,7,13,27,
24.8075,3,11,15,31,
24.8088,9,25,26,17,
24.8102,9,25,26,17,
24.8116,20,22,25,23,
24.8129,27,22,32,26,
24.8143,35,24,30,35,
24.8156,34,24,32,35,
24.817,27,29,33,27,
24.8183,27,29,33,27,
24.8197,14,32,28,18,
24.8211,18,20,20,13,
24.8225,12,18,21,17,
24.8239,3,13,31,22,
24.8252,-5,14,23,23,
24.8266,25,18,26,22,
24.8279,25,18,26,22,
24.8292,24,35,22,26,
24.8306,29,40,35,27,
24.8319,35,32,41,36,
24.8333,19,33,43,30,
24.8347,24,30,43,25,
24.8361,24,30,43,25,
24.8375,19,24,28,19,
24.8389,11,17,14,13,
24.8403,0,14,15,7,
24.8416,-10,13,26,20,
24.843,15,30,24,27,
24.8444,15,30,24,27,
24.8458,41,34,32,25,
24.8472,41,34,32,25,
24.8486,39,34,38,32,
24.85,29,28,32,36,
24.8514,14,18,22,21,
24.8528,16,15,19,28,
24.8542,0,6,28,25,
24.8556,0,6,28,25,
24.857,-1,13,28,29,
24.8583,4,23,17,25,
24.8597,5,12,11,22,
24.861,8,18,26,19,
24.8624,37,27,29,26,
24.8638,40,24,22,20,
24.8651,41,31,21,23,
24.8665,46,38,25,23,
24.8679,49,27,35,26,
24.8692,35,27,19,34,
24.8707,35,27,19,34,
24.872,12,15,14,26,
24.8733,-5,7,13,15,
24.8747,-3,11,23,17,
24.8761,-9,4,14,11,
24.8774,14,21,25,18,
24.8788,24,31,33,13,
24.8802,25,31,37,25,
24.8815,28,28,32,25,
24.8829,31,35,28,23,
24.8842,33,45,36,26,
24.8856,27,34,41,22,
24.8869,34,23,29,28,
24.8883,23,30,24,26,
24.8897,-2,30,28,22,
24.8911,7,24,20,26,
24.8924,-8,10,17,28,
24.8938,-5,14,20,25,
24.8951,21,36,18,25,
24.8965,33,31,21,24,
24.8979,33,31,21,24,
24.8992,33,42,39,33,
24.9006,33,42,39,33,
24.9019,46,38,34,33,
24.9033,28,32,17,32,
24.9047,24,15,18,36,
24.906,20,14,11,34,
24.9074,20,14,11,34,
24.9087,-4,19,18,27,
24.9101,-16,15,17,25,
24.9114,-16,21,23,22,
24.9128,23,24,27,20,
24.9141,42,25,32,24,
24.9155,42,25,32,24,
24.9168,42,25,32,24,
24.9182,32,26,34,35,
24.9195,38,21,35,30,
24.9209,37,28,32,30,
24.9222,14,21,26,30,
24.9236,14,21,26,30,
24.9249,14,25,26,32,
24.9262,20,15,21,20,
24.9276,-6,14,14,15,
24.9289,-6,7,9,20,
24.9303,5,18,20,19,
24.9316,5,18,20,19,
24.933,29,25,32,30,
24.9343,32,31,32,28,
24.9356,33,41,36,26,
24.9369,35,38,29,31,
24.9383,21,22,30,33,
24.9397,19,10,27,29,
24.941,5,11,27,27,
24.9424,9,22,22,26,
24.9438,4,10,21,28,
24.9451,-7,16,23,24,
24.9464,-7,16,23,24,
24.9478,-4,23,23,24,
24.9491,-4,23,23,24,
24.9504,44,34,35,24,
24.9518,51,31,37,27,
24.9531,53,33,39,30,
24.9545,25,32,29,22,
24.9559,21,29,24,27,
24.9572,21,29,24,27,
24.9585,22,5,14,28,
24.96,24,16,19,18,
24.9613,9,15,16,14,
24.9626,-3,15,24,19,
24.9639,-3,15,24,19,
24.9653,5,18,18,28,
24.9666,14,25,20,24,
24.9679,30,34,19,17,
24.9692,33,34,22,32,
24.9705,45,32,30,30,
24.9719,45,32,30,30,
24.9732,22,18,16,23,
24.9746,28,12,19,19,
24.976,18,3,21,17,
24.9773,13,9,22,12,
24.9786,13,9,22,12,
24.98,-3,11,23,16,
24.9813,-2,16,24,15,
24.9826,5,14,21,17,
24.984,30,25,28,32,
24.9853,40,36,42,37,
24.9866,24,37,41,27,
24.988,40,38,40,33,
24.9893,39,30,39,27,
24.9907,27,21,41,19,
24.992,6,8,18,21,
24.9933,5,17,21,22,
24.9946,5,17,21,22,
24.996,-12,-3,26,28,
24.9973,-14,0,21,27,
24.9986,-1,17,12,18,
25,-1,17,12,18,
25.0013,32,21,25,29,
25.0026,38,13,27,27,
25.004,38,13,27,27,
25.0053,42,27,28,24,
25.0066,27,28,29,26,
25.008,24,15,35,19,
25.0093,28,12,26,19,
25.0107,24,25,18,13,
25.012,21,23,14,11,
25.0134,15,9,10,13,
25.0147,3,16,11,10,
25.0161,9,19,12,14,
25.0174,9,19,12,14,
25.0188,26,28,17,26,
25.0201,37,38,23,30,
25.0214,35,32,23,34,
25.0229,45,35,30,39,
25.0242,21,27,40,22,
25.0256,21,27,40,22,
25.0269,25,20,25,22,
25.0282,23,18,28,32,
25.0296,20,15,25,26,
25.0309,14,7,19,20,
25.0323,5,7,21,23,
25.0337,-5,10,16,31,
25.0351,0,18,25,28,
25.0365,12,16,28,29,
25.038,17,25,37,22,
25.0394,33,26,37,31,
25.0408,31,38,29,37,
25.0421,24,29,30,29,
25.0436,9,14,33,28,
25.045,13,19,13,32,
25.0463,7,23,12,27,
25.0477,-4,16,20,25,
25.0491,2,5,27,13,
25.0504,2,5,27,13,
25.0518,14,7,23,6,
25.0531,17,20,18,8,
25.0546,32,21,28,23,
25.0559,43,20,32,29,
25.0572,51,24,35,34,
25.0586,43,21,34,27,
25.06,20,31,28,29,
25.0613,30,30,15,18,
25.0626,-7,11,24,21,
25.0639,-9,3,14,23,
25.0653,4,6,13,18,
25.0666,4,6,13,18,
25.0679,2,2,8,12,
25.0692,4,20,17,20,
25.0706,5,19,18,23,
25.0719,19,31,26,27,
25.0733,45,26,41,29,
25.0746,45,26,41,29,
25.076,43,26,33,31,
25.0773,22,19,23,32,
25.0787,11,12,16,24,
25.08,-4,1,19,30,
25.0813,7,-3,19,23,
25.0827,-10,-1,22,21,
25.084,-10,-1,22,21,
25.0853,-7,7,21,27,
25.0866,5,10,19,24,
25.088,26,31,25,34,
25.0893,29,35,37,35,
25.0907,34,34,41,35,
25.092,29,29,39,35,
25.0934,36,22,32,36,
25.0947,28,23,25,27,
25.096,12,14,18,15,
25.0973,6,9,25,20,
25.0987,6,9,25,20,
25.1,6,9,25,20,
25.1013,-17,13,10,14,
25.1027,1,13,21,15,
25.104,17,5,19,27,
25.1054,27,17,24,30,
25.1067,27,17,24,30,
25.1081,28,24,21,26,
25.1094,26,27,20,42,
25.1108,23,19,25,36,
25.1121,24,20,25,20,
25.1135,20,20,21,18,
25.1148,18,13,24,23,
25.1162,18,13,24,23,
25.1175,24,17,27,32,
25.1189,7,12,14,22,
25.1202,6,20,22,32,
25.1215,27,19,16,31,
25.1229,30,19,25,32,
25.1243,26,33,32,36,
25.1256,26,38,40,32,
25.127,41,36,36,35,
25.1283,41,34,29,28,
25.1296,33,27,26,26,
25.131,33,27,26,26,
25.1324,12,10,10,31,
25.1337,12,10,10,31,
25.1351,10,15,20,19,
25.1364,2,17,20,17,
25.1378,13,27,18,19,
25.1392,13,27,18,19,
25.1405,23,20,31,27,
25.142,26,28,27,38,
25.1434,28,34,27,33,
25.1447,28,38,33,33,
25.1462,24,24,26,33,
25.1475,24,24,26,33,
25.1488,24,24,26,33,
25.1502,12,21,9,29,
25.1516,-1,13,8,25,
25.1529,-8,16,13,27,
25.1543,-8,17,23,32,
25.1557,-8,17,23,32,
25.1571,9,26,29,28,
25.1584,37,20,29,32,
25.1598,37,24,26,44,
25.1611,34,33,30,47,
25.1625,27,25,36,31,
25.1638,27,25,36,31,
25.1651,27,25,36,31,
25.1665,14,17,32,22,
25.1678,13,9,13,30,
25.1692,4,-3,12,23,
25.1705,-5,-3,15,19,
25.1719,1,-4,24,18,
25.1732,3,10,30,29,
25.1745,24,25,29,40,
25.1758,25,34,37,45,
25.1771,46,30,38,34,
25.1785,32,25,40,36,
25.1799,32,25,40,36,
25.1813,30,19,41,38,
25.1826,20,18,30,34,
25.1839,8,22,28,25,
25.1852,5,22,25,29,
25.1866,-3,4,14,12,
25.1878,-3,4,14,12,
25.1891,4,16,18,15,
25.1905,18,25,29,23,
25.1919,34,20,23,33,
25.1932,31,26,27,35,
25.1946,27,37,38,42,
25.1959,27,30,47,48,
25.1972,35,30,37,45,
25.1986,35,30,37,45,
25.1999,31,32,31,30,
25.2012,1,14,20,32,
25.2025,6,24,21,35,
25.2039,-2,21,20,20,
25.2052,-2,13,18,17,
25.2066,3,17,19,23,
25.208,5,17,27,32,
25.2093,30,24,43,26,
25.2107,32,25,35,34,
25.2121,32,25,35,34,
25.2134,33,38,33,29,
25.2147,30,40,27,21,
25.2161,25,39,27,21,
25.2174,30,28,25,24,
25.2188,6,30,19,33,
25.2202,9,30,16,36,
25.2215,9,30,16,36,
25.2228,0,27,24,27,
25.2242,13,22,20,27,
25.2256,35,27,24,26,
25.2269,46,30,26,27,
25.2283,41,36,29,29,
25.2296,41,36,29,29,
25.231,49,34,29,32,
25.2323,44,19,34,42,
25.2337,30,17,40,39,
25.2351,21,23,33,34,
25.2365,4,14,28,28,
25.2379,4,14,26,23,
25.2394,-1,6,26,20,
25.2408,5,2,20,26,
25.2422,1,3,18,22,
25.2435,8,6,23,23,
25.2449,46,29,43,38,
25.2462,42,27,47,32,
25.2476,44,35,41,35,
25.2489,44,30,30,38,
25.2503,33,36,33,35,
25.2518,24,38,38,30,
25.2531,20,25,32,23,
25.2545,11,20,26,32,
25.2559,-2,20,21,26,
25.2572,-11,26,22,20,
25.2586,-4,21,15,19,
25.2599,15,23,12,23,
25.2613,30,27,29,31,
25.2626,45,29,33,29,
25.264,45,29,33,29,
25.2653,47,42,39,31,
25.2667,34,35,42,30,
25.268,21,32,37,24,
25.2693,7,24,24,19,
25.2707,2,15,17,18,
25.272,13,14,19,21,
25.2733,13,14,19,21,
25.2747,3,12,20,21,
25.276,3,19,18,25,
25.2774,23,25,26,28,
25.2787,29,32,32,32,
25.2801,31,34,35,35,
25.2815,39,34,41,31,
25.2828,44,45,48,27,
25.2841,47,36,51,28,
25.2854,27,15,30,31,
25.2868,27,15,30,31,
25.2882,22,13,24,29,
25.2895,15,19,25,23,
25.291,-3,19,34,27,
25.2923,-14,25,37,24,
25.2937,8,18,28,24,
25.2951,28,29,20,22,
25.2964,28,29,20,22,
25.2977,38,30,22,26,
25.2991,37,44,42,42,
25.3004,36,40,51,35,
25.3017,30,32,39,34,
25.303,19,23,28,30,
25.3043,21,19,22,21,
25.3056,21,19,22,21,
25.307,17,14,28,20,
25.3083,-2,5,13,25,
25.3097,-7,5,19,23,
25.311,-7,21,27,18,
25.3123,18,26,23,21,
25.3136,24,35,19,33,
25.315,31,29,22,37,
25.3164,51,29,34,38,
25.3177,41,40,48,43,
25.319,35,43,41,34,
25.3204,35,43,41,34,
25.3217,30,24,31,22,
25.3231,12,29,31,24,
25.3245,11,28,37,30,
25.3259,-6,9,21,20,
25.3273,-14,21,18,16,
25.3286,-14,21,18,16,
25.3299,10,25,18,23,
25.3313,29,35,21,31,
25.3326,42,40,20,38,
25.334,43,37,25,44,
25.3353,29,31,33,33,
25.3367,29,22,35,25,
25.3381,31,31,34,30,
25.3394,30,36,26,34,
25.3407,18,33,24,27,
25.3421,10,28,15,19,
25.3435,7,21,13,19,
25.3448,-1,14,14,23,
25.3462,10,12,19,27,
25.3475,18,11,26,22,
25.3489,34,31,27,35,
25.3503,41,38,28,40,
25.3516,41,49,33,44,
25.353,41,49,33,44,
25.3543,33,50,29,41,
25.3557,31,43,21,36,
25.357,24,39,24,32,
25.3584,11,13,26,25,
25.3598,11,9,25,25,
25.3611,-3,5,16,22,
25.3625,-7,12,18,22,
25.3639,-1,24,27,33,
25.3652,20,29,33,38,
25.3665,34,44,38,44,
25.3679,34,44,38,44,
25.3692,54,50,32,43,
25.3706,38,38,25,42,
25.372,38,38,25,42,
25.3733,18,31,35,41,
25.3747,11,23,27,26,
25.3761,13,14,21,23,
25.3774,8,22,27,22,
25.3788,-6,12,25,19,
25.3801,13,29,29,32,
25.3815,27,29,40,34,
25.3828,33,20,42,28,
25.3842,40,25,47,34,
25.3855,40,34,48,34,
25.3869,40,34,48,34,
25.3883,48,34,45,41,
25.3896,27,43,45,32,
25.391,31,40,35,28,
25.3924,18,32,31,28,
25.3938,0,20,32,25,
25.3951,4,1,28,18,
25.3965,-2,-2,30,20,
25.3979,3,10,23,29,
25.3992,29,25,37,25,
25.4006,46,31,33,22,
25.4019,46,31,33,22,
25.4033,44,27,25,30,
25.4046,50,39,29,42,
25.406,38,36,34,42,
25.4073,31,37,26,39,
25.4087,11,35,23,33,
25.41,11,35,23,33,
25.4114,11,21,23,14,
25.4127,-3,22,17,17,
25.4141,1,9,14,22,
25.4155,21,23,18,30,
25.4168,21,23,18,30,
25.4182,37,40,24,40,
25.4195,48,40,28,38,
25.4209,49,40,46,40,
25.4222,44,39,45,47,
25.4236,32,40,25,40,
25.425,32,40,25,40,
25.4264,19,22,14,35,
25.4279,1,15,16,36,
25.4293,-6,20,7,34,
25.4306,-12,17,14,22,
25.432,-2,9,17,18,
25.4333,16,16,24,18,
25.4348,39,32,33,19,
25.4361,50,39,36,33,
25.4375,56,31,36,39,
25.4389,65,24,32,34,
25.4404,24,49,27,39,
25.4418,24,49,27,39,
25.4432,13,37,25,27,
25.4446,3,17,32,22,
25.446,-11,10,31,18,
25.4474,1,10,30,11,
25.4487,22,16,33,21,
25.4501,22,16,33,21,
25.4516,19,15,23,26,
25.453,33,39,40,38,
25.4543,36,31,35,32,
25.4557,54,41,34,42,
25.4571,39,37,24,35,
25.4584,15,32,28,37,
25.4598,10,37,29,33,
25.4611,10,37,29,33,
25.4625,1,41,26,25,
25.4638,12,37,27,26,
25.4652,2,25,25,20,
25.4666,8,8,21,23,
25.4679,23,24,29,34,
25.4693,31,34,34,41,
25.4707,30,43,27,42,
25.4721,36,45,39,40,
25.4733,36,45,39,40,
25.4747,41,50,42,43,
25.476,42,35,35,41,
25.4773,21,25,34,35,
25.4787,21,25,34,35,
25.4801,7,13,14,21,
25.4814,5,7,19,29,
25.4828,3,11,20,26,
25.4842,26,24,23,26,
25.4855,26,24,23,26,
25.4868,24,38,30,40,
25.4883,39,32,43,41,
25.4896,40,45,46,39,
25.491,33,37,45,46,
25.4923,35,38,43,48,
25.4937,20,38,36,47,
25.495,20,38,36,47,
25.4964,4,30,35,41,
25.4977,6,30,30,33,
25.4991,0,23,32,23,
25.5005,15,29,23,18,
25.5018,17,23,30,22,
25.5032,16,26,27,32,
25.5045,34,36,26,49,
25.5058,45,44,31,41,
25.5072,48,50,42,46,
25.5086,33,46,48,43,
25.5101,38,38,48,41,
25.5115,38,38,48,41,
25.5129,24,37,39,46,
25.5142,3,21,30,36,
25.5156,-5,24,25,25,
25.5169,-6,8,15,27,
25.5183,0,6,14,30,
25.5196,15,23,32,37,
25.521,37,42,34,32,
25.5223,37,42,34,32,
25.5236,36,47,38,30,
25.5249,43,41,45,40,
25.5263,40,46,49,51,
25.5277,40,46,49,51,
25.529,35,40,49,38,
25.5304,20,32,41,42,
25.5318,12,18,31,46,
25.5331,2,17,29,36,
25.5345,2,17,29,36,
25.5358,2,21,27,31,
25.5372,34,29,35,39,
25.5385,55,34,41,45,
25.5399,49,41,38,41,
25.5413,42,45,38,36,
25.5427,42,45,38,36,
25.544,35,42,39,39,
25.5453,32,43,36,46,
25.5467,19,36,44,26,
25.5481,10,39,46,31,
25.5494,10,39,46,31,
25.5508,11,10,32,35,
25.5521,13,14,23,37,
25.5534,13,19,28,36,
25.5547,19,25,32,33,
25.5561,37,33,30,45,
25.5575,51,48,34,45,
25.5589,44,51,32,40,
25.5602,59,34,37,45,
25.5616,59,34,37,45,
25.5629,52,27,32,44,
25.5643,27,29,28,38,
25.5656,27,29,28,38,
25.567,27,30,28,34,
25.5684,-1,23,23,26,
25.5697,9,23,24,22,
25.5712,27,24,29,31,
25.5725,30,25,32,41,
25.5739,40,32,42,48,
25.5752,51,31,42,42,
25.5766,57,42,44,37,
25.578,57,42,44,37,
25.5793,56,41,44,46,
25.5807,51,39,44,42,
25.5821,37,24,38,44,
25.5834,21,22,33,51,
25.5848,24,26,33,41,
25.5862,14,23,26,29,
25.5875,14,23,26,29,
25.5889,0,14,28,28,
25.5902,21,18,23,32,
25.5916,54,44,47,44,
25.593,55,42,48,46,
25.5943,48,46,34,59,
25.5957,48,46,34,59,
25.597,48,46,34,59,
25.5984,41,37,26,52,
25.5998,19,40,38,36,
25.6011,14,34,25,38,
25.6024,11,26,24,37,
25.6038,16,6,21,30,
25.6051,16,6,21,30,
25.6065,34,22,22,41,
25.6078,45,40,24,41,
25.6091,66,49,57,42,
25.6105,76,44,46,41,
25.6119,76,44,46,41,
25.6132,69,30,43,46,
25.6146,47,41,40,54,
25.616,29,32,33,54,
25.6173,13,31,32,46,
25.6186,18,29,33,40,
25.62,9,18,25,37,
25.6214,9,18,25,37,
25.6227,12,25,18,36,
25.6241,15,35,35,28,
25.6254,33,41,46,30,
25.6268,43,36,42,39,
25.6281,56,46,36,49,
25.6294,58,40,46,54,
25.6308,49,38,51,46,
25.6321,31,41,40,49,
25.6335,26,38,30,50,
25.6349,21,34,27,43,
25.6363,-1,10,14,29,
25.6376,-5,20,12,21,
25.639,-5,20,12,21,
25.6404,7,24,15,31,
25.6418,15,31,16,26,
25.6432,33,42,31,23,
25.6446,41,46,41,44,
25.6459,60,47,46,48,
25.6473,66,33,44,40,
25.6486,63,39,37,42,
25.65,52,41,33,37,
25.6514,42,23,24,39,
25.6529,37,20,21,39,
25.6547,25,24,26,35,
25.6561,19,22,28,33,
25.6575,13,16,25,32,
25.6589,17,27,34,30,
25.6602,30,27,39,35,
25.6615,44,35,32,36,
25.6629,58,42,26,47,
25.6642,39,31,36,32,
25.6655,39,31,36,32,
25.6668,39,31,36,32,
25.6682,25,25,26,37,
25.6695,5,33,15,31,
25.6709,7,36,14,29,
25.6723,13,17,17,34,
25.6737,6,12,25,28,
25.675,6,12,25,28,
25.6764,12,18,31,36,
25.6778,35,35,31,39,
25.6791,44,40,27,41,
25.6805,67,38,37,37,
25.6818,48,30,43,36,
25.6832,48,30,43,36,
25.6846,45,23,34,36,
25.6859,26,13,34,38,
25.6872,10,15,36,42,
25.6886,17,21,38,27,
25.6899,11,17,22,24,
25.6913,11,16,21,18,
25.6927,14,17,29,18,
25.694,25,18,30,32,
25.6954,49,39,24,29,
25.6968,49,39,24,29,
25.6982,37,43,32,30,
25.6995,34,43,42,40,
25.7009,29,36,42,36,
25.7022,34,30,37,31,
25.7036,8,25,23,29,
25.705,7,30,21,31,
25.7063,9,15,13,21,
25.7077,2,20,12,24,
25.709,11,30,7,33,
25.7104,25,24,16,33,
25.7118,25,24,16,33,
25.7131,46,31,29,28,
25.7145,47,33,41,31,
25.7159,56,36,47,38,
25.7172,46,35,45,44,
25.7186,39,32,43,35,
25.7199,36,26,35,36,
25.7212,15,11,22,37,
25.7226,14,11,30,32,
25.724,-7,1,24,16,
25.7253,-7,1,24,16,
25.7266,1,16,14,15,
25.728,14,20,15,25,
25.7293,29,19,22,25,
25.7306,41,25,20,23,
25.7319,56,39,37,37,
25.7332,55,38,44,47,
25.7345,55,38,44,47,
25.7359,25,25,45,28,
25.7371,16,28,38,26,
25.7385,13,14,36,22,
25.7398,11,14,39,19,
25.7412,8,9,34,22,
25.7425,8,9,34,22,
25.7439,0,7,25,30,
25.7452,10,14,27,20,
25.7466,40,36,24,29,
25.7479,46,27,33,39,
25.7492,38,29,40,37,
25.7506,50,42,39,43,
25.752,52,40,25,47,
25.7533,27,32,24,43,
25.7548,20,8,26,44,
25.7561,20,8,26,44,
25.7575,21,17,15,42,
25.7588,5,20,8,35,
25.7602,0,22,16,25,
25.7615,0,15,16,23,
25.7629,12,17,15,27,
25.7643,42,24,24,29,
25.7656,33,30,29,38,
25.7669,40,34,38,47,
25.7683,53,32,33,45,
25.7697,47,28,37,32,
25.771,47,28,37,32,
25.7724,24,23,32,42,
25.7738,27,20,20,32,
25.7751,25,10,14,30,
25.7765,2,2,13,25,
25.7779,-11,8,24,31,
25.7792,-11,15,23,24,
25.7806,30,28,24,21,
25.7819,49,23,30,28,
25.7833,46,30,26,30,
25.7846,46,30,26,30,
25.786,52,38,35,34,
25.7873,40,31,31,35,
25.7886,34,27,26,34,
25.79,7,24,18,34,
25.7913,3,25,28,28,
25.7927,3,25,28,28,
25.7941,-8,11,26,36,
25.7954,-1,9,24,27,
25.7968,6,26,25,24,
25.7981,28,25,26,28,
25.7994,34,33,28,40,
25.8008,31,36,25,44,
25.8021,31,36,25,44,
25.8034,37,31,33,42,
25.8048,48,26,37,37,
25.8061,42,16,36,26,
25.8075,33,12,28,27,
25.8089,15,13,25,25,
25.8102,15,13,25,25,
25.8116,-6,10,15,31,
25.813,19,11,7,20,
25.8143,19,11,7,20,
25.8157,35,8,15,18,
25.8171,36,26,23,42,
25.8184,48,26,27,42,
25.8198,48,26,27,42,
25.8211,48,32,36,46,
25.8225,32,18,31,29,
25.8239,23,17,29,35,
25.8253,13,11,26,31,
25.8267,13,11,26,31,
25.828,-4,9,16,29,
25.8294,-8,4,9,21,
25.8308,9,11,15,17,
25.8321,26,14,28,23,
25.8334,33,24,34,19,
25.8349,40,31,36,25,
25.8362,44,29,30,37,
25.8376,54,35,37,31,
25.8389,47,33,21,33,
25.8403,41,25,20,38,
25.8417,24,20,9,39,
25.843,14,21,15,36,
25.8444,-6,18,16,35,
25.8457,-9,22,8,22,
25.8471,-9,22,8,22,
25.8484,-5,10,17,19,
25.8497,13,12,25,22,
25.8511,13,12,25,22,
25.8524,41,32,30,35,
25.8537,48,40,23,33,
25.8551,41,33,21,27,
25.8565,24,20,33,33,
25.8578,27,15,37,18,
25.8591,14,15,20,12,
25.8605,14,15,20,12,
25.8618,13,17,16,11,
25.8631,-2,2,12,18,
25.8645,-6,11,6,17,
25.8658,4,8,17,10,
25.8672,10,24,24,25,
25.8685,10,24,24,25,
25.8699,33,22,21,22,
25.8713,49,18,31,39,
25.8726,48,29,32,47,
25.874,36,25,27,32,
25.8753,1,18,24,31,
25.8767,1,18,24,31,
25.8781,1,18,24,31,
25.8794,-5,16,14,32,
25.8808,-10,14,5,28,
25.8822,3,7,13,19,
25.8835,2,4,13,10,
25.8849,23,11,9,17,
25.8863,33,25,25,32,
25.8877,37,21,36,27,
25.889,48,16,32,26,
25.8904,33,23,23,25,
25.8918,35,20,19,27,
25.8932,35,20,19,27,
25.8946,24,26,18,24,
25.8959,6,28,23,25,
25.8973,-8,5,8,16,
25.8987,-15,5,3,10,
25.9,0,-2,14,8,
25.9013,13,-1,13,9,
25.9027,38,27,19,15,
25.9041,43,38,26,20,
25.9054,33,37,34,29,
25.9067,47,32,31,32,
25.9081,47,32,31,32,
25.9094,40,25,16,28,
25.9108,34,21,18,35,
25.9121,25,12,29,28,
25.9134,8,17,25,27,
25.9148,-13,13,17,29,
25.9161,1,9,22,22,
25.9175,15,14,30,22,
25.9188,15,14,30,22,
25.9202,41,33,23,38,
25.9215,50,27,27,30,
25.9229,44,33,27,29,
25.9242,44,33,27,29,
25.9255,37,25,23,40,
25.9269,37,25,23,40,
25.9283,22,32,30,36,
25.9296,0,24,17,17,
25.931,-3,21,15,18,
25.9323,-17,15,7,16,
25.9336,-14,-1,12,15,
25.935,5,-5,9,20,
25.9363,11,10,15,17,
25.9377,31,15,23,29,
25.9391,41,23,24,43,
25.9404,41,23,24,43,
25.9418,58,17,29,45,
25.9431,58,19,32,39,
25.9445,49,18,23,41,
25.9458,36,12,20,30,
25.9472,14,8,21,23,
25.9485,0,6,10,30,
25.9499,0,6,10,30,
25.9513,-8,7,11,32,
25.9526,-8,5,16,14,
25.954,15,15,22,17,
25.9553,32,27,16,33,
25.9567,29,22,20,31,
25.958,42,24,24,31,
25.9594,42,24,24,31,
25.9607,33,33,21,33,
25.9621,25,13,17,32,
25.9634,24,6,16,21,
25.9648,6,10,18,20,
25.9662,-3,24,10,19,
25.9675,-5,11,17,19,
25.9689,-13,6,15,15,
25.9702,20,12,13,15,
25.9716,33,27,16,17,
25.973,43,40,23,22,
25.9743,43,40,23,22,
25.9757,36,41,24,23,
25.977,39,45,30,25,
25.9783,42,35,35,33,
25.9797,18,28,31,30,
25.981,8,25,25,22,
25.9823,8,25,25,22,
25.9837,-1,14,17,22,
25.985,-7,8,13,14,
25.9863,6,7,22,12,
25.9877,14,9,15,22,
25.9891,23,17,21,21,
25.9904,28,26,28,29,
25.9917,34,39,32,32,
25.993,50,46,31,33,
25.9943,48,37,37,24,
25.9956,32,22,40,25,
25.997,28,22,30,22,
25.9984,12,21,20,25,
25.9998,12,21,20,25,
26.0011,11,19,12,18,
26.0025,4,6,18,11,
26.0038,4,6,18,11,
26.0052,-3,16,19,14,
26.0066,25,25,30,27,
26.0079,25,25,30,27,
26.0093,30,34,33,38,
26.0106,43,36,38,37,
26.012,45,22,32,38,
26.0133,39,21,34,30,
26.0147,27,27,29,33,
26.0161,19,30,21,25,
26.0174,10,18,22,26,
26.0188,-5,15,21,19,
26.0201,-10,10,20,19,
26.0215,-9,17,15,21,
26.0229,12,24,23,20,
26.0242,27,30,31,32,
26.0255,27,30,31,32,
26.0269,35,40,33,28,
26.0283,27,38,29,38,
26.0296,32,25,35,44,
26.031,25,19,30,32,
26.0324,11,15,20,28,
26.0338,7,12,16,32,
26.0351,7,12,16,32,
26.0365,9,12,25,26,
26.0379,2,19,14,12,
26.0393,22,26,19,16,
26.0406,31,20,21,23,
26.042,39,25,27,29,
26.0433,38,38,26,33,
26.0447,41,38,30,40,
26.0461,34,31,35,36,
26.0476,26,30,27,37,
26.049,21,24,24,38,
26.0505,20,19,23,36,
26.0519,8,10,22,28,
26.0533,0,11,20,21,
26.0547,4,13,8,23,
26.056,4,5,19,15,
26.0574,27,29,18,19,
26.0587,35,24,28,19,
26.0601,35,24,28,19,
26.0614,35,24,28,19,
26.0628,50,42,43,28,
26.0642,37,43,32,23,
26.0655,25,27,36,23,
26.0669,24,15,24,21,
26.0683,24,15,24,21,
26.0696,13,14,19,34,
26.071,0,1,14,17,
26.0724,-5,6,11,17,
26.0737,7,10,11,19,
26.0751,24,17,17,24,
26.0764,42,19,18,23,
26.0777,42,19,18,23,
26.079,44,34,25,22,
26.0804,59,38,31,24,
26.0817,35,28,33,30,
26.083,20,25,28,38,
26.0844,20,25,28,38,
26.0857,1,22,27,27,
26.087,3,22,23,26,
26.0884,-12,10,18,18,
26.0897,8,13,15,17,
26.0911,17,22,14,15,
26.0924,17,22,14,15,
26.0938,25,20,20,25,
26.0952,31,31,34,26,
26.0965,41,30,39,31,
26.0979,58,39,41,30,
26.0993,38,34,44,34,
26.1007,38,34,44,34,
26.102,22,32,31,27,
26.1034,4,23,26,35,
26.1047,-6,21,14,27,
26.1061,-3,5,12,19,
26.1075,0,4,18,18,
26.1088,15,13,13,20,
26.1102,23,25,22,20,
26.1116,46,28,23,31,
26.1129,46,28,23,31,
26.1143,54,35,28,34,
26.1156,50,40,36,39,
26.117,32,38,27,37,
26.1184,21,29,30,31,
26.1197,11,26,25,30,
26.1211,14,19,21,17,
26.1224,-4,12,22,17,
26.1238,-4,12,22,17,
26.1251,-4,0,15,31,
26.1265,9,4,25,22,
26.1278,26,24,32,24,
26.1291,26,24,32,24,
26.1305,50,35,33,34,
26.1319,50,35,33,34,
26.1332,48,30,34,40,
26.1345,32,24,29,30,
26.1359,15,20,29,30,
26.1372,-1,19,30,34,
26.1386,1,17,30,15,
26.1399,1,17,30,15,
26.1412,-12,4,15,16,
26.1426,-14,1,13,15,
26.1439,8,22,15,33,
26.1452,24,26,25,30,
26.1466,24,26,25,30,
26.1479,32,30,24,32,
26.1492,45,38,22,37,
26.1506,44,42,25,38,
26.1519,34,35,28,38,
26.1533,10,10,28,27,
26.1547,10,16,16,24,
26.1561,10,16,16,24,
26.1574,-6,-8,10,16,
26.1587,-3,4,8,9,
26.1601,5,13,6,12,
26.1614,16,13,20,27,
26.1628,35,24,33,25,
26.1641,46,30,27,19,
26.1655,46,30,27,19,
26.1669,44,28,23,32,
26.1682,35,19,23,35,
26.1696,27,32,30,28,
26.171,3,15,33,24,
26.1723,3,15,33,24,
26.1736,8,10,32,28,
26.175,5,9,19,24,
26.1764,3,18,12,16,
26.1777,3,18,12,16,
26.1791,7,25,7,14,
26.1805,24,18,22,21,
26.1818,25,26,23,24,
26.1832,38,28,25,21,
26.1845,49,33,26,35,
26.1859,46,34,16,23,
26.1872,37,24,24,20,
26.1885,13,25,21,21,
26.1899,9,20,19,22,
26.1913,2,7,15,22,
26.1926,-13,-4,8,22,
26.194,-4,15,11,19,
26.1953,-4,15,11,19,
26.1967,-4,15,11,19,
26.1981,30,27,22,31,
26.1994,34,26,16,34,
26.2008,40,34,22,36,
26.2023,22,31,17,25,
26.2037,22,31,17,25,
26.205,26,27,20,23,
26.2064,16,10,23,26,
26.2078,4,9,21,21,
26.2091,-11,10,5,26,
26.2105,-17,9,-1,24,
26.2118,-11,11,9,24,
26.2132,-11,11,9,24,
26.2146,21,21,32,25,
26.216,38,19,39,26,
26.2173,35,30,36,30,
26.2187,34,40,34,29,
26.22,38,31,38,24,
26.2213,37,26,31,22,
26.2227,25,26,23,17,
26.2241,9,9,22,4,
26.2254,-4,10,12,5,
26.2268,-4,10,12,5,
26.2281,-4,10,20,0,
26.2294,-4,10,20,0,
26.2308,-3,3,14,13,
26.2322,22,9,23,20,
26.2335,38,31,30,22,
26.235,49,23,25,29,
26.2362,51,24,36,32,
26.2376,29,19,36,38,
26.239,15,15,29,34,
26.2405,24,20,26,38,
26.2419,22,16,20,28,
26.2433,2,1,27,22,
26.2447,-14,-6,22,17,
26.2461,-6,-6,18,24,
26.2474,11,13,7,22,
26.2488,25,17,22,31,
26.2502,48,20,34,25,
26.2516,47,20,38,31,
26.2529,47,34,46,32,
26.2542,47,24,45,32,
26.2556,40,24,45,32,
26.2569,35,24,37,37,
26.2582,27,22,23,28,
26.2595,15,13,21,34,
26.2608,16,7,23,24,
26.2622,6,7,22,17,
26.2636,6,3,20,26,
26.2649,11,9,21,34,
26.2663,26,19,29,38,
26.2676,34,29,27,41,
26.269,51,29,36,44,
26.2704,53,38,31,41,
26.2718,53,38,31,41,
26.2731,45,29,27,46,
26.2744,37,23,23,50,
26.2758,13,19,25,41,
26.2771,11,22,29,36,
26.2785,-4,15,30,34,
26.2799,-4,15,30,34,
26.2812,10,23,17,23,
26.2826,24,28,19,33,
26.2839,31,37,29,40,
26.2853,50,37,35,47,
26.2867,51,36,43,47,
26.288,51,36,43,47,
26.2893,57,43,53,53,
26.2906,46,33,40,54,
26.292,36,32,46,57,
26.2933,21,35,49,55,
26.2947,15,25,43,48,
26.2962,15,19,41,42,
26.2975,19,8,42,46,
26.2989,22,15,29,44,
26.3002,43,32,35,53,
26.3015,61,45,41,72,
26.3029,61,45,41,72,
26.3043,70,52,47,85,
26.3056,84,42,48,93,
26.307,82,53,56,79,
26.3084,80,43,47,79,
26.3097,63,31,35,80,
26.3111,55,35,34,84,
26.3125,39,32,37,80,
26.3139,25,24,35,69,
26.3153,38,25,40,67,
26.3167,52,38,57,82,
26.3181,52,38,57,82,
26.3194,73,49,61,93,
26.3208,86,56,65,107,
26.3222,89,62,66,108,
26.3236,100,74,78,119,
26.325,109,68,78,114,
26.3263,97,52,68,123,
26.3277,76,48,71,118,
26.3291,75,46,71,121,
26.3305,81,56,69,123,
26.3318,80,60,64,124,
26.3333,98,62,69,139,
26.3346,98,62,69,139,
26.336,119,64,71,138,
26.3373,121,80,85,141,
26.3387,123,86,95,145,
26.3401,138,98,98,163,
26.3414,157,94,104,191,
26.3427,146,101,106,207,
26.3441,131,101,101,217,
26.3454,131,103,110,224,
26.3469,142,99,111,236,
26.3483,142,99,111,236,
26.3496,161,94,107,252,
26.3509,187,127,121,284,
26.3523,210,147,140,312,
26.3536,251,168,165,353,
26.355,251,168,165,353,
26.3564,321,182,202,451,
26.3577,348,202,224,513,
26.3591,379,241,247,580,
26.3605,492,273,333,776,
26.3618,492,273,333,776,
26.3632,554,307,384,961,
26.3645,664,365,494,1320,
26.3662,692,423,781,2259,
26.3676,981,635,995,2277,
26.369,643,552,654,1255,
26.3703,643,552,654,1255,
26.3717,445,341,414,827,
26.3731,377,276,328,663,
26.3744,332,231,276,536,
26.3757,291,204,236,444,
26.3771,259,177,208,376,
26.3784,224,148,176,311,
26.3798,180,139,146,251,
26.3812,122,98,108,175,
26.3825,122,98,108,175,
26.3839,100,88,94,159,
26.3852,109,87,89,142,
26.3866,112,78,84,128,
26.388,125,87,85,127,
26.3893,124,96,82,117,
26.3907,128,103,81,115,
26.392,126,99,79,114,
26.3933,124,78,79,113,
26.3947,108,70,79,108,
26.3961,103,64,69,108,
26.3974,97,48,62,104,
26.3988,80,41,64,94,
26.4001,65,43,61,68,
26.4014,52,35,48,51,
26.4028,57,38,49,47,
26.4042,57,48,57,52,
26.4055,78,49,57,67,
26.4069,96,62,47,72,
26.4083,97,68,51,75,
26.4096,97,51,59,82,
26.411,97,51,59,82,
26.4124,66,46,43,80,
26.4137,66,46,43,80,
26.415,45,36,43,67,
26.4164,38,32,39,61,
26.4178,24,24,19,58,
26.4191,24,24,19,58,
26.4204,20,18,16,59,
26.4217,59,44,23,56,
26.4231,79,58,49,73,
26.4244,77,56,65,77,
26.4257,77,57,71,71,
26.4271,74,44,66,82,
26.4285,74,43,67,86,
26.4298,74,43,67,86,
26.4312,37,44,54,81,
26.4325,37,30,45,70,
26.4339,22,27,39,65,
26.4352,18,29,36,52,
26.4366,20,32,32,39,
26.4379,29,24,30,44,
26.4392,38,30,33,52,
26.4406,72,34,38,74,
26.4419,77,46,39,75,
26.4433,77,46,39,75,
26.4446,88,56,46,79,
26.446,79,52,41,73,
26.4474,61,49,32,72,
26.4488,38,43,46,65,
26.4501,38,43,35,54,
26.4515,30,28,34,46,
26.4528,30,28,34,46,
26.4542,19,30,37,30,
26.4556,37,30,27,39,
26.457,50,36,25,41,
26.4583,66,47,38,48,
26.4598,77,43,44,49,
26.4611,73,43,53,57,
26.4626,80,43,63,66,
26.464,79,46,64,70,
26.4653,35,24,36,57,
26.4667,28,27,34,50,
26.468,21,31,43,48,
26.4693,3,15,45,35,
26.4707,15,13,39,31,
26.472,15,13,39,31,
26.4733,28,26,39,43,
26.4747,60,30,45,51,
26.476,74,42,47,50,
26.4773,83,45,44,47,
26.4787,90,45,51,55,
26.4801,71,49,49,63,
26.4814,63,39,43,70,
26.4827,51,36,42,64,
26.484,30,35,34,51,
26.4854,21,26,28,43,
26.4867,23,18,22,33,
26.4881,3,11,14,33,
26.4895,10,23,18,26,
26.4909,21,21,24,22,
26.4923,47,38,32,26,
26.4936,63,42,51,41,
26.495,58,51,51,45,
26.4964,50,47,51,54,
26.4977,46,44,56,49,
26.4991,39,47,50,44,
26.5004,39,47,50,44,
26.5018,21,35,23,37,
26.5032,14,32,28,31,
26.5046,0,31,24,23,
26.5059,0,31,24,23,
26.5073,8,15,27,29,
26.5086,25,17,30,37,
26.5099,42,37,38,39,
26.5113,58,41,39,52,
26.5127,56,45,41,48,
26.5141,56,45,41,48,
26.5155,39,52,32,37,
26.5169,42,36,26,31,
26.5183,27,24,36,29,
26.5197,15,24,38,28,
26.521,0,16,24,32,
26.5223,0,16,24,32,
26.5237,2,15,26,22,
26.5251,24,28,32,31,
26.5265,32,29,37,34,
26.5279,50,38,46,41,
26.5293,50,38,46,41,
26.5306,68,48,42,45,
26.532,59,40,43,49,
26.5333,45,42,34,47,
26.5347,37,36,23,42,
26.536,29,31,16,43,
26.5373,22,16,21,30,
26.5387,22,16,21,30,
26.5401,8,17,27,24,
26.5415,13,15,29,17,
26.5428,20,28,23,31,
26.5442,43,39,36,40,
26.5455,62,47,48,37,
26.5469,74,51,45,42,
26.5482,74,51,45,42,
26.5496,64,37,48,53,
26.551,43,33,35,45,
26.5523,28,28,20,29,
26.5537,14,27,23,29,
26.555,19,25,21,31,
26.5564,11,13,23,28,
26.5577,1,11,25,16,
26.5591,25,12,26,17,
26.5604,33,29,32,31,
26.5617,33,29,32,31,
26.5631,35,44,35,43,
26.5644,44,42,29,37,
26.5657,61,42,37,42,
26.5671,63,47,49,45,
26.5685,44,39,42,39,
26.5698,28,28,43,35,
26.5712,22,29,33,30,
26.5726,12,31,32,29,
26.574,0,13,22,28,
26.5753,0,13,22,28,
26.5767,-2,12,18,22,
26.578,22,26,40,36,
26.5794,36,31,34,41,
26.5808,48,37,33,34,
26.5821,63,48,38,29,
26.5834,63,54,47,37,
26.5848,45,50,49,49,
26.5862,16,28,44,28,
26.5875,13,25,37,23,
26.5889,8,29,30,25,
26.5902,8,29,30,25,
26.5916,-1,21,27,30,
26.5929,6,17,23,29,
26.5943,6,26,23,31,
26.5956,41,45,22,33,
26.597,49,48,30,39,
26.5984,49,48,30,39,
26.5998,61,41,39,38,
26.6011,58,37,37,36,
26.6025,53,36,31,34,
26.6039,30,36,31,33,
26.6052,13,40,35,36,
26.6066,4,29,34,33,
26.6079,7,26,28,18,
26.6093,1,16,33,9,
26.6106,-11,15,37,15,
26.612,20,15,31,25,
26.6134,35,32,32,31,
26.6147,35,32,32,31,
26.6161,50,31,29,39,
26.6174,62,42,38,45,
26.6188,44,35,45,48,
26.6202,40,34,32,46,
26.6215,26,38,28,35,
26.6229,9,26,25,39,
26.6242,9,26,25,39,
26.6257,-3,9,27,22,
26.627,-5,7,21,16,
26.6284,8,16,19,10,
26.6298,25,34,22,18,
26.6312,41,36,24,33,
26.6325,50,45,38,33,
26.6339,55,48,47,37,
26.6352,56,35,32,44,
26.6366,56,35,32,44,
26.638,39,30,25,43,
26.6393,10,16,34,43,
26.6407,10,16,34,43,
26.642,2,18,22,40,
26.6434,1,28,16,38,
26.6448,-8,9,10,23,
26.6462,-6,13,13,21,
26.6475,35,29,38,51,
26.6489,35,29,38,51,
26.6503,35,29,38,51,
26.6516,54,38,43,53,
26.653,58,51,50,43,
26.6545,50,51,55,43,
26.6558,16,35,53,33,
26.6572,9,23,37,34,
26.6585,1,12,27,34,
26.6599,1,12,27,34,
26.6612,-7,13,19,35,
26.6627,-2,12,24,29,
26.664,3,8,29,25,
26.6654,35,35,27,40,
26.6668,35,40,24,53,
26.6681,44,34,29,56,
26.6694,51,46,32,54,
26.6708,46,45,36,46,
26.6721,40,46,33,47,
26.6734,20,29,37,41,
26.6748,1,15,30,48,
26.6761,1,15,30,48,
26.6774,1,15,30,48,
26.6787,-2,12,15,20,
26.6801,0,11,12,19,
26.6814,12,15,21,16,
26.6827,28,27,28,29,
26.6841,38,34,34,44,
26.6854,36,30,32,36,
26.6868,49,32,39,39,
26.6882,42,36,25,49,
26.6895,28,21,18,43,
26.6909,8,19,21,32,
26.6922,6,22,15,29,
26.6935,6,22,15,29,
26.6949,-4,13,17,26,
26.6962,-14,4,25,29,
26.6976,1,23,13,14,
26.6989,19,25,19,11,
26.7002,33,27,28,22,
26.7016,42,26,38,28,
26.7029,49,46,49,29,
26.7043,39,38,42,37,
26.7057,39,31,46,40,
26.707,36,28,49,48,
26.7083,26,33,39,36,
26.7097,26,33,39,36,
26.7111,15,27,30,22,
26.7125,14,22,20,22,
26.7139,-5,8,19,17,
26.7153,3,29,25,17,
26.7166,25,37,37,35,
26.718,25,37,37,35,
26.7194,43,33,31,35,
26.7207,54,45,34,32,
26.722,57,42,27,35,
26.7234,56,36,36,37,
26.7248,50,25,30,34,
26.7261,18,20,19,38,
26.7275,18,20,19,38,
26.7289,-2,22,26,32,
26.7302,-13,23,14,17,
26.7316,-3,19,9,18,
26.733,24,20,26,26,
26.7344,24,20,26,26,
26.7357,30,18,31,30,
26.7371,42,27,36,39,
26.7385,42,27,36,39,
26.7398,48,31,32,47,
26.7411,46,27,35,44,
26.7425,46,27,35,44,
26.7439,22,18,32,40,
26.7452,3,17,26,30,
26.7466,-6,1,29,22,
26.7479,-8,4,27,20,
26.7492,6,3,29,20,
26.7505,20,10,26,25,
26.7519,23,20,26,32,
26.7532,25,34,29,28,
26.7545,46,38,38,30,
26.7559,52,49,43,39,
26.7572,52,49,43,39,
26.7586,52,49,43,39,
26.76,39,37,37,46,
26.7613,15,22,34,40,
26.7627,12,19,39,23,
26.7641,12,15,26,23,
26.7654,-7,5,14,14,
26.7667,-8,2,22,9,
26.7681,1,22,17,18,
26.7694,31,38,22,31,
26.7708,41,39,31,33,
26.7722,50,27,39,33,
26.7736,53,30,46,43,
26.7749,47,25,36,45,
26.7763,47,25,36,45,
26.7777,20,29,24,34,
26.779,21,21,14,27,
26.7803,7,24,15,18,
26.7817,-9,27,21,17,
26.7831,-9,19,22,21,
26.7844,-1,21,28,21,
26.7857,12,28,31,24,
26.7871,33,45,32,40,
26.7885,51,41,33,38,
26.7898,51,41,33,38,
26.7912,65,34,36,45,
26.7925,52,37,34,40,
26.7939,42,34,22,36,
26.7952,26,20,22,36,
26.7966,7,18,23,26,
26.798,7,18,23,26,
26.7993,-2,14,20,26,
26.8007,-13,13,25,20,
26.8021,7,20,29,22,
26.8034,23,32,27,22,
26.8048,40,28,35,23,
26.8062,38,29,37,34,
26.8075,35,44,32,42,
26.8089,47,49,38,45,
26.8102,41,50,37,41,
26.8116,22,39,34,30,
26.813,21,36,27,25,
26.8144,21,30,24,17,
26.8157,18,21,23,22,
26.8171,-13,17,20,18,
26.8185,-10,26,19,22,
26.8198,-10,26,19,22,
26.8211,7,30,19,26,
26.8225,55,33,33,26,
26.8239,63,36,40,41,
26.8251,51,33,46,48,
26.8265,49,38,49,41,
26.8279,49,38,49,41,
26.8292,46,42,46,35,
26.8305,38,39,45,36,
26.8319,9,18,28,34,
26.8332,2,14,30,22,
26.8346,-1,10,16,17,
26.8359,-4,11,21,15,
26.8373,13,13,22,22,
26.8386,30,26,18,34,
26.84,37,31,37,35,
26.8413,44,44,36,38,
26.8427,44,44,36,38,
26.844,39,38,26,45,
26.8454,27,35,26,46,
26.8467,19,30,26,36,
26.8482,11,30,16,31,
26.8495,-3,15,22,28,
26.8509,-18,12,21,18,
26.8522,-13,24,17,20,
26.8536,-13,24,17,20,
26.855,6,28,17,20,
26.8563,18,28,25,28,
26.8577,46,44,36,33,
26.8591,55,44,44,42,
26.8604,50,34,37,46,
26.8618,40,42,41,42,
26.8632,40,42,41,42,
26.8645,30,28,39,32,
26.8659,20,15,29,19,
26.8672,-14,7,12,28,
26.8686,-14,7,12,28,
26.8699,-9,0,9,23,
26.8712,9,14,20,26,
26.8725,9,14,20,26,
26.8738,26,21,21,37,
26.8752,28,35,19,41,
26.8765,44,40,32,48,
26.8779,54,42,33,44,
26.8792,40,36,38,36,
26.8806,29,28,35,36,
26.8819,11,19,25,38,
26.8833,6,15,15,29,
26.8847,-4,17,11,26,
26.886,-16,2,9,15,
26.8874,-8,-7,21,10,
26.8888,-1,2,25,13,
26.8901,18,23,24,21,
26.8915,42,38,25,28,
26.8928,56,37,22,27,
26.8942,64,33,36,38,
26.8955,48,35,47,40,
26.8968,48,35,47,40,
26.8982,36,40,39,40,
26.8995,20,29,30,36,
26.9008,12,23,33,35,
26.9022,10,29,35,25,
26.9035,-6,9,21,23,
26.9049,-6,9,21,23,
26.9062,-1,11,14,21,
26.9076,21,31,30,22,
26.909,37,38,28,26,
26.9104,37,47,29,31,
26.9117,53,52,34,41,
26.9131,44,31,38,44,
26.9145,27,27,40,38,
26.9159,19,27,28,30,
26.9172,21,14,22,30,
26.9186,12,12,28,29,
26.92,12,12,28,29,
26.9213,-3,4,17,29,
26.9226,-9,-4,16,19,
26.924,-6,8,22,18,
26.9254,28,31,33,19,
26.9267,45,40,34,28,
26.9281,45,40,34,28,
26.9294,62,42,38,31,
26.9308,43,34,32,30,
26.9321,24,27,36,30,
26.9334,24,27,36,30,
26.9348,2,14,22,30,
26.9361,-2,23,25,25,
26.9375,-2,23,25,25,
26.9388,-6,9,16,8,
26.9402,-8,16,22,16,
26.9415,5,27,32,33,
26.9429,29,30,29,34,
26.9442,24,33,30,37,
26.9455,24,33,30,37,
26.9469,43,35,36,34,
26.9482,29,35,32,42,
26.9495,22,34,28,46,
26.9509,21,34,25,37,
26.9522,7,17,30,24,
26.9536,7,11,29,17,
26.9549,7,11,29,17,
26.9563,4,2,29,10,
26.9576,2,14,28,25,
26.959,15,23,31,26,
26.9603,30,33,38,36,
26.9617,34,31,43,39,
26.963,34,31,43,39,
26.9643,45,35,40,32,
26.9657,46,39,34,35,
26.967,38,40,24,41,
26.9684,22,29,25,37,
26.9697,13,23,29,32,
26.971,5,19,20,25,
26.9724,-6,11,12,8,
26.9737,-5,5,21,7,
26.975,-6,15,25,15,
26.9764,34,23,31,22,
26.9777,34,23,31,22,
26.979,40,22,24,34,
26.9804,38,32,36,37,
26.9817,48,33,38,39,
26.9831,58,28,35,38,
26.9845,41,19,28,41,
26.9859,12,15,29,23,
26.9873,-1,14,31,13,
26.9887,-1,14,31,13,
26.99,-9,9,26,17,
26.9913,-10,0,14,15,
26.9927,-10,0,14,15,
26.994,12,34,24,25,
26.9954,35,40,38,29,
26.9967,35,40,38,29,
26.9981,39,38,30,35,
26.9994,50,33,29,32,
27.0008,49,37,25,33,
27.0021,38,33,22,33,
27.0035,8,21,30,25,
27.0049,8,21,30,25,
27.0062,9,14,20,25,
27.0076,-6,16,11,13,
27.009,-14,24,10,5,
27.0104,-14,23,14,10,
27.0117,41,30,24,31,
27.013,41,30,24,31,
27.0144,38,29,24,34,
27.0157,34,32,31,36,
27.017,46,46,23,42,
27.0184,27,37,25,38,
27.0197,26,29,21,37,
27.021,12,26,17,32,
27.0223,8,26,14,23,
27.0237,8,26,14,23,
27.025,-4,17,17,13,
27.0263,1,8,17,12,
27.0277,15,14,19,15,
27.029,24,26,34,25,
27.0304,24,26,34,25,
27.0317,44,36,35,25,
27.0331,45,41,33,29,
27.0345,39,31,41,36,
27.0359,35,26,34,31,
27.0372,29,13,24,23,
27.0386,29,13,24,23,
27.0401,13,10,22,15,
27.0414,5,10,27,16,
27.0429,-16,8,20,19,
27.0443,-12,17,14,17,
27.0456,8,23,30,25,
27.047,8,23,30,25,
27.0484,26,38,27,35,
27.0497,47,42,38,44,
27.0511,60,29,36,40,
27.0525,37,37,37,34,
27.0538,37,37,37,34,
27.0552,37,37,37,34,
27.0565,-1,13,35,21,
27.0579,8,7,20,21,
27.0592,-11,0,8,18,
27.0606,-1,0,17,17,
27.0619,3,9,14,20,
27.0633,3,9,14,20,
27.0647,42,32,36,29,
27.0661,44,32,44,33,
27.0674,50,38,45,33,
27.0688,44,42,36,36,
27.0701,27,33,39,42,
27.0714,27,33,39,42,
27.0728,30,28,33,35,
27.0741,12,7,22,21,
27.0755,1,10,23,15,
27.0768,-4,16,21,14,
27.0782,-4,16,21,14,
27.0796,-1,6,22,11,
27.0809,9,13,34,27,
27.0823,25,21,44,39,
27.0836,46,31,51,42,
27.085,46,31,51,42,
27.0863,38,31,42,41,
27.0877,25,31,33,27,
27.0891,16,28,38,31,
27.0905,12,27,31,21,
27.0919,12,22,30,13,
27.0932,12,22,30,13,
27.0945,-2,16,22,11,
27.0959,-8,9,18,4,
27.0972,17,19,16,14,
27.0986,39,20,29,31,
27.1,40,36,38,38,
27.1013,43,39,49,38,
27.1027,53,37,50,36,
27.104,38,35,37,35,
27.1053,25,30,32,29,
27.1067,8,29,29,36,
27.1081,8,29,29,36,
27.1094,8,29,29,36,
27.1107,10,15,28,26,
27.1121,2,11,23,19,
27.1134,-3,7,21,24,
27.1148,25,15,23,15,
27.1162,25,15,23,15,
27.1175,43,28,30,19,
27.1189,50,45,25,32,
27.1202,47,52,35,36,
27.1215,31,44,37,28,
27.1229,27,28,29,30,
27.1242,13,29,21,22,
27.1256,13,29,21,22,
27.1269,9,22,23,15,
27.1283,-9,12,27,15,
27.1296,1,1,20,17,
27.131,0,3,22,15,
27.1323,35,33,18,25,
27.1337,35,33,18,25,
27.1351,53,33,31,33,
27.1364,53,25,39,27,
27.1378,43,34,29,31,
27.1391,34,23,21,39,
27.1405,34,23,21,39,
27.1419,26,31,31,37,
27.1432,15,29,23,23,
27.1445,11,33,17,20,
27.1459,-1,22,23,24,
27.1472,-19,-8,10,18,
27.1486,-5,1,18,21,
27.1499,-5,1,18,21,
27.1513,40,23,39,33,
27.1526,34,32,46,31,
27.154,48,37,48,26,
27.1553,51,31,43,33,
27.1567,37,32,28,39,
27.158,37,32,28,39,
27.1593,14,27,37,40,
27.1607,12,20,35,35,
27.1621,2,22,36,22,
27.1634,-13,15,22,20,
27.1647,-10,20,21,13,
27.1661,1,23,20,18,
27.1674,17,16,24,17,
27.1688,50,30,28,30,
27.1701,46,37,31,35,
27.1714,46,46,33,39,
27.1727,46,46,33,39,
27.1741,42,51,26,42,
27.1754,33,42,31,45,
27.1767,21,27,36,42,
27.1781,9,10,32,26,
27.1795,-3,2,13,17,
27.1809,-3,2,13,17,
27.1822,-17,-1,10,17,
27.1835,6,13,30,19,
27.1849,22,13,22,26,
27.1862,36,26,24,29,
27.1876,40,23,26,26,
27.189,44,30,39,32,
27.1903,47,24,42,40,
27.1916,46,21,47,41,
27.193,22,23,34,27,
27.1943,14,19,19,28,
27.1957,17,20,23,32,
27.1971,8,20,21,30,
27.1984,-19,10,19,20,
27.1997,-23,-1,16,18,
27.2011,8,19,17,12,
27.2025,25,19,23,19,
27.2038,39,23,25,21,
27.2052,52,32,32,27,
27.2066,52,32,32,27,
27.2079,49,43,40,39,
27.2093,41,49,37,42,
27.2106,16,26,30,45,
27.212,-4,22,25,32,
27.2133,-4,16,27,18,
27.2147,-14,1,20,25,
27.2161,-16,3,7,24,
27.2174,-11,9,13,16,
27.2188,22,13,24,25,
27.2201,22,13,24,25,
27.2215,34,29,34,25,
27.2229,32,35,38,33,
27.2242,47,33,47,37,
27.2256,44,34,48,39,
27.2269,43,32,50,41,
27.2283,13,24,34,25,
27.2297,-3,22,23,20,
27.2311,-8,24,14,26,
27.2324,-11,15,19,27,
27.2338,-20,6,17,19,
27.2352,-20,6,17,19,
27.2366,-2,11,21,19,
27.238,27,20,29,19,
27.2394,38,27,29,27,
27.2407,47,39,32,41,
27.2421,55,49,28,41,
27.2435,42,47,20,41,
27.2449,19,29,18,36,
27.2463,16,25,16,23,
27.2479,16,25,16,23,
27.2493,11,17,23,13,
27.2507,-3,5,22,12,
27.2521,-18,5,19,13,
27.2534,13,10,26,25,
27.2548,31,24,32,29,
27.2562,47,44,22,20,
27.2576,47,44,22,20,
27.259,56,53,27,32,
27.2604,22,27,33,33,
27.2617,22,27,33,33,
27.2631,25,28,36,34,
27.2644,15,22,31,36,
27.2658,-2,11,19,15,
27.2672,-2,11,19,15,
27.2685,-8,9,13,6,
27.2699,6,18,15,26,
27.2712,13,26,21,26,
27.2726,42,31,19,28,
27.2739,48,24,25,28,
27.2753,55,31,34,25,
27.2767,52,44,34,31,
27.278,38,46,33,25,
27.2794,18,43,30,33,
27.2807,10,37,22,36,
27.282,7,18,19,26,
27.2834,15,14,20,21,
27.2848,6,13,16,13,
27.2861,-8,15,20,8,
27.2875,14,15,27,16,
27.2889,28,23,35,19,
27.2902,35,30,32,24,
27.2916,40,33,26,37,
27.293,38,40,31,42,
27.2943,44,44,28,32,
27.2957,44,44,28,32,
27.2971,22,31,24,22,
27.2984,6,26,18,19,
27.2998,6,26,18,19,
27.3011,6,10,14,28,
27.3025,-5,9,11,24,
27.3039,-11,13,9,23,
27.3052,6,23,19,18,
27.3065,13,21,32,27,
27.3079,31,27,29,25,
27.3092,34,30,35,18,
27.3106,48,38,33,36,
27.312,48,28,24,31,
27.3134,33,35,20,34,
27.3147,33,35,20,34,
27.3161,19,29,20,25,
27.3174,11,23,11,18,
27.3188,0,13,5,6,
27.3202,-11,9,19,4,
27.3215,-11,9,19,4,
27.3228,12,14,20,16,
27.3241,40,26,19,20,
27.3255,49,33,18,17,
27.3268,41,46,24,30,
27.3282,38,55,20,43,
27.3295,51,43,22,46,
27.3309,39,36,23,34,
27.3322,27,20,29,34,
27.3335,17,23,26,25,
27.3349,14,23,24,28,
27.3362,10,20,29,18,
27.3375,-4,8,22,13,
27.3389,-4,4,15,6,
27.3402,0,15,8,9,
27.3416,52,31,21,36,
27.343,57,35,21,36,
27.3443,57,41,37,38,
27.3457,57,41,37,38,
27.347,48,36,39,28,
27.3484,48,36,39,28,
27.3497,33,19,31,28,
27.3511,23,22,28,34,
27.3524,8,16,20,36,
27.3538,8,16,20,36,
27.3551,-5,12,15,10,
27.3564,-1,3,13,8,
27.3578,19,8,23,17,
27.3591,40,25,24,27,
27.3605,43,23,32,34,
27.3618,45,39,35,37,
27.3632,57,36,32,39,
27.3645,33,29,32,35,
27.3658,33,29,32,35,
27.3671,29,40,28,33,
27.3684,12,26,17,30,
27.3698,10,17,23,27,
27.3711,6,22,27,15,
27.3725,-5,17,18,14,
27.3739,9,20,17,6,
27.3753,9,20,17,6,
27.3766,35,19,12,7,
27.378,57,45,32,18,
27.3793,71,48,39,27,
27.3807,58,46,43,36,
27.382,53,46,34,31,
27.3834,44,38,35,32,
27.3847,19,20,38,35,
27.386,19,20,38,35,
27.3873,4,28,18,22,
27.3887,-14,10,12,16,
27.39,-12,9,16,18,
27.3913,-12,10,20,20,
27.3926,3,15,19,14,
27.394,30,36,23,22,
27.3953,36,42,30,23,
27.3967,52,49,28,35,
27.398,52,49,28,35,
27.3994,40,38,23,24,
27.4007,35,29,16,24,
27.4021,14,16,27,13,
27.4034,14,16,27,13,
27.4048,12,19,29,17,
27.4061,-12,13,31,18,
27.4074,-10,22,17,15,
27.4088,-13,28,12,4,
27.4101,3,20,11,10,
27.4115,43,33,20,27,
27.4128,48,38,35,33,
27.4142,48,38,35,33,
27.4156,51,51,43,27,
27.4169,46,46,45,26,
27.4182,24,37,39,26,
27.4196,2,25,19,23,
27.421,2,25,19,23,
27.4223,2,25,19,23,
27.4237,-5,14,23,16,
27.4251,-9,24,16,-8,
27.4265,8,27,11,-11,
27.4278,16,40,22,-8,
27.4291,44,35,26,15,
27.4305,44,35,26,15,
27.4319,51,34,33,24,
27.4332,45,41,33,28,
27.4345,29,34,38,27,
27.4358,12,29,40,20,
27.4372,12,29,40,20,
27.4386,5,24,32,7,
27.44,7,16,26,3,
27.4413,-1,6,30,-6,
27.4427,10,24,13,-8,
27.4441,18,27,19,-1,
27.4454,18,27,19,-1,
27.4468,29,36,22,2,
27.4482,44,49,25,13,
27.4496,64,50,31,16,
27.451,47,54,36,24,
27.4523,32,40,34,23,
27.4537,32,40,34,23,
27.4551,8,35,25,11,
27.4565,2,24,21,4,
27.4579,-11,14,22,-1,
27.4592,-12,27,20,-7,
27.4606,5,30,33,-20,
27.462,20,38,33,-15,
27.4634,38,47,33,0,
27.4647,39,47,30,10,
27.4662,47,48,27,17,
27.4675,40,52,28,18,
27.4689,40,52,28,18,
27.4702,31,42,32,13,
27.4716,21,26,23,9,
27.473,6,19,19,-1,
27.4743,2,25,21,2,
27.4757,-19,19,19,-9,
27.4772,0,23,16,-11,
27.4785,0,23,16,-11,
27.48,28,48,21,-1,
27.4813,25,54,18,5,
27.4826,41,43,22,3,
27.484,49,47,23,2,
27.4853,46,53,29,-3,
27.4867,34,43,28,6,
27.4881,34,43,28,6,
27.4894,3,44,19,8,
27.4908,-5,31,18,3,
27.4923,-18,14,19,-10,
27.4937,-17,23,9,-15,
27.4951,-17,23,9,-15,
27.4964,-12,26,19,-12,
27.4977,27,39,34,-6,
27.4991,37,37,27,2,
27.5004,52,47,19,5,
27.5017,52,55,28,7,
27.5032,52,55,28,7,
27.5045,46,49,26,7,
27.5059,32,41,26,-1,
27.5073,9,29,18,-9,
27.5086,-8,25,9,-13,
27.5099,-22,27,5,-17,
27.5113,-6,15,-1,-25,
27.5126,-12,18,8,-28,
27.514,-5,28,16,-26,
27.5153,38,40,29,-4,
27.5167,38,40,29,-4,
27.518,54,42,34,-6,
27.5194,64,48,34,-3,
27.5207,60,49,27,3,
27.5221,44,51,28,2,
27.5234,17,40,26,-2,
27.5247,-8,21,16,-11,
27.5261,-14,11,7,-7,
27.5274,-14,11,7,-7,
27.5288,-12,17,1,-11,
27.5302,-3,25,18,-5,
27.5315,8,35,13,-3,
27.5329,21,36,16,1,
27.5342,33,43,16,2,
27.5356,48,51,26,-1,
27.5369,48,51,26,-1,
27.5383,39,50,28,1,
27.5397,25,48,27,11,
27.541,12,30,30,4,
27.5423,6,17,19,0,
27.5437,-11,8,14,-6,
27.5451,-25,19,13,-6,
27.5464,-7,15,15,-9,
27.5477,17,37,30,-3,
27.5491,25,46,29,3,
27.5505,34,40,28,3,
27.5518,34,40,28,3,
27.5532,53,44,31,2,
27.5545,65,52,33,9,
27.5558,53,46,25,17,
27.5572,25,34,22,21,
27.5585,25,34,22,21,
27.5599,12,42,28,9,
27.5612,-16,24,20,-8,
27.5625,0,16,19,-13,
27.5639,0,22,15,-9,
27.5653,33,46,23,-8,
27.5666,33,46,23,-8,
27.568,40,40,34,4,
27.5694,40,40,34,4,
27.5708,58,48,30,25,
27.5721,58,47,27,23,
27.5735,42,44,21,21,
27.5748,30,40,22,9,
27.5762,15,34,30,4,
27.5776,15,34,30,4,
27.5789,13,19,19,5,
27.5803,-7,14,8,5,
27.5817,-9,21,6,0,
27.583,31,26,18,-2,
27.5844,42,30,19,12,
27.5857,42,41,21,25,
27.5871,42,41,21,25,
27.5886,49,45,40,18,
27.59,50,51,37,23,
27.5914,12,38,24,6,
27.5927,12,38,24,6,
27.5941,13,23,26,4,
27.5954,11,32,21,-2,
27.5968,-10,27,19,5,
27.5981,-1,18,19,8,
27.5995,-2,27,27,-4,
27.6009,31,41,29,-2,
27.6023,34,48,36,2,
27.6036,44,53,41,6,
27.605,56,53,47,20,
27.6063,48,52,44,23,
27.6077,48,52,44,23,
27.6091,19,37,27,11,
27.6105,8,32,19,14,
27.6118,0,30,16,8,
27.6131,4,16,12,4,
27.6145,-10,19,9,-7,
27.6159,-7,24,19,-10,
27.6172,2,16,26,-6,
27.6186,31,46,28,11,
27.62,40,54,33,18,
27.6214,40,54,33,18,
27.6227,47,55,43,18,
27.6241,47,57,40,22,
27.6254,50,49,33,22,
27.6268,19,33,30,16,
27.6281,15,22,30,4,
27.6294,-3,22,30,-6,
27.6308,-3,22,30,-6,
27.6321,-10,30,18,-9,
27.6335,-7,19,6,-10,
27.6348,-4,36,18,3,
27.6362,40,49,32,7,
27.6375,40,49,32,7,
27.6389,40,49,32,7,
27.6403,32,55,35,3,
27.6416,38,47,32,14,
27.6431,31,47,23,10,
27.6445,6,26,19,5,
27.6459,5,29,27,3,
27.6474,5,29,27,3,
27.6489,-7,28,14,-13,
27.6503,-1,33,22,-6,
27.6517,9,35,21,-1,
27.6531,15,41,19,2,
27.6545,27,39,32,8,
27.6559,48,49,45,23,
27.6572,32,56,37,20,
27.6587,32,56,37,20,
27.66,24,50,28,14,
27.6613,20,53,32,17,
27.6627,5,54,37,17,
27.6641,1,43,27,12,
27.6654,-16,32,29,7,
27.6667,-21,39,23,-1,
27.6681,-21,39,23,-1,
27.6694,-3,48,32,6,
27.6708,23,42,33,15,
27.6721,39,45,29,11,
27.6735,44,42,39,13,
27.6748,37,48,44,19,
27.6762,33,57,43,14,
27.6775,33,57,43,14,
27.6789,11,42,51,19,
27.6802,-5,40,46,8,
27.6815,-12,36,36,7,
27.6829,-22,29,23,-2,
27.6842,-11,38,28,-2,
27.6856,-11,38,28,-2,
27.6869,-5,39,28,-7,
27.6882,20,46,26,-5,
27.6895,28,52,39,11,
27.6909,31,56,46,26,
27.6922,25,52,50,19,
27.6936,25,52,50,19,
27.6949,15,44,43,15,
27.6963,4,43,45,11,
27.6977,-10,30,47,3,
27.6991,-21,40,33,-9,
27.7004,-24,32,19,-10,
27.7018,-14,19,23,-6,
27.7031,-14,19,23,-6,
27.7046,-15,20,33,-12,
27.7059,11,56,35,-1,
27.7073,24,53,41,2,
27.7086,22,64,49,5,
27.7099,28,52,51,24,
27.7113,28,52,51,24,
27.7126,18,57,56,25,
27.714,8,54,49,24,
27.7154,-15,31,33,9,
27.7168,-20,26,25,4,
27.7181,-20,26,25,4,
27.7195,-28,25,19,5,
27.7209,-38,26,22,9,
27.7223,-23,41,19,9,
27.7237,14,49,33,10,
27.725,28,56,39,12,
27.7264,42,66,55,18,
27.7278,23,69,52,22,
27.7291,11,61,44,21,
27.7305,1,49,45,25,
27.7318,-20,53,43,0,
27.7331,-22,40,40,9,
27.7345,-22,40,40,9,
27.7359,-30,34,32,2,
27.7372,-35,33,20,-9,
27.7386,-22,42,26,-2,
27.74,-4,44,32,7,
27.7414,14,54,60,10,
27.7427,14,54,60,10,
27.7441,23,58,59,13,
27.7455,11,49,48,19,
27.7468,10,42,47,6,
27.7482,6,41,35,12,
27.7496,-14,31,37,1,
27.751,-14,31,37,1,
27.7524,-28,28,31,7,
27.7537,-26,29,28,6,
27.7551,-25,33,19,-8,
27.7565,-18,32,27,0,
27.7578,16,63,57,7,
27.7592,25,53,51,15,
27.7605,25,53,51,15,
27.7619,24,57,56,26,
27.7632,15,56,46,17,
27.7646,0,43,42,19,
27.7659,-10,38,37,9,
27.7673,-5,43,35,8,
27.7686,-5,43,35,8,
27.77,-6,25,27,14,
27.7714,-33,27,28,15,
27.7727,-30,31,25,4,
27.7741,-5,37,31,0,
27.7754,30,51,40,2,
27.7768,26,56,50,4,
27.7782,27,55,48,10,
27.7795,18,53,51,26,
27.7808,9,46,58,24,
27.7822,-3,43,50,18,
27.7836,-3,43,50,18,
27.7849,-7,42,45,15,
27.7863,-18,37,45,17,
27.7877,-37,19,34,13,
27.789,-28,8,29,12,
27.7904,-4,40,41,1,
27.7917,12,49,45,10,
27.7931,12,49,45,10,
27.7944,33,57,51,28,
27.7958,31,63,64,21,
27.7971,16,51,58,16,
27.7985,24,39,55,21,
27.7998,22,31,49,20,
27.8011,-2,28,34,15,
27.8025,-1,36,23,20,
27.8039,-5,31,17,21,
27.8052,-25,15,19,15,
27.8066,-30,24,24,12,
27.808,-6,31,49,21,
27.8093,-6,31,49,21,
27.8107,31,38,56,19,
27.8121,19,45,61,22,
27.8134,19,45,61,22,
27.8147,27,54,69,22,
27.8161,20,49,53,30,
27.8175,3,47,39,30,
27.8188,3,47,39,30,
27.8202,-11,37,31,25,
27.8216,-25,28,40,21,
27.8229,-34,14,28,13,
27.8243,-31,19,16,8,
27.8257,-20,33,17,19,
27.8271,0,42,31,28,
27.8284,14,46,38,25,
27.8298,22,44,37,21,
27.8312,26,50,46,23,
27.8326,18,50,42,32,
27.8339,9,45,38,33,
27.8353,-1,30,43,30,
27.8366,-10,28,42,19,
27.8379,-18,24,28,20,
27.8393,-26,22,17,9,
27.8408,-26,22,17,9,
27.8421,-30,17,13,-1,
27.8435,-20,29,17,-5,
27.8449,-1,44,23,5,
27.8463,16,50,48,26,
27.8477,35,52,55,32,
27.8491,22,50,56,30,
27.8505,15,49,52,21,
27.8519,4,38,39,13,
27.8532,4,38,39,13,
27.8546,-9,20,22,2,
27.856,-13,14,24,-2,
27.8574,-23,12,21,6,
27.8588,-26,19,21,12,
27.8601,-2,21,34,4,
27.8615,-2,21,34,4,
27.8628,7,38,40,3,
27.8642,25,49,60,20,
27.8656,38,55,57,32,
27.8669,23,48,53,34,
27.8683,18,29,38,20,
27.8696,18,29,38,20,
27.871,1,34,27,28,
27.8724,-5,26,33,17,
27.8737,-20,25,32,6,
27.875,-30,27,19,11,
27.8764,-18,33,21,7,
27.8777,-13,33,24,0,
27.8791,10,45,33,2,
27.8805,14,52,45,12,
27.8819,35,60,53,21,
27.8832,19,55,46,26,
27.8846,19,40,45,24,
27.8859,8,45,50,27,
27.8873,8,45,50,27,
27.8887,-11,48,56,24,
27.89,-10,24,30,19,
27.8914,-20,13,21,11,
27.8927,-14,24,26,-1,
27.8941,-6,14,36,0,
27.8954,10,26,34,5,
27.8967,30,41,42,17,
27.8981,37,49,49,16,
27.8995,41,45,43,23,
27.9009,24,49,43,30,
27.9022,24,49,43,30,
27.9036,21,44,48,31,
27.9049,10,29,51,24,
27.9063,-3,16,43,29,
27.9076,-19,27,39,24,
27.909,-37,20,22,15,
27.9103,-38,14,16,7,
27.9116,-24,27,27,14,
27.913,1,42,36,16,
27.9145,25,36,42,27,
27.9159,31,39,46,24,
27.9172,41,44,54,27,
27.9186,31,38,45,31,
27.92,32,35,40,35,
27.9214,27,24,31,21,
27.9227,10,25,21,16,
27.9241,-5,29,22,15,
27.9254,-32,12,20,-3,
27.9268,-18,16,17,4,
27.9281,-11,20,13,14,
27.9295,-2,23,19,19,
27.9308,-2,23,19,19,
27.9322,16,30,28,25,
27.9335,31,36,29,21,
27.9349,52,53,32,26,
27.9362,36,42,31,31,
27.9375,36,42,31,31,
27.9389,6,29,25,19,
27.9403,-4,19,17,13,
27.9416,-10,11,17,8,
27.943,-16,9,23,5,
27.9444,-21,-5,12,6,
27.9457,-21,-5,12,6,
27.9471,-21,-5,12,6,
27.9484,13,40,17,22,
27.9498,38,42,25,22,
27.9511,46,40,31,25,
27.9525,37,49,24,34,
27.9538,37,49,24,34,
27.9552,17,42,23,28,
27.9566,-18,19,17,17,
27.9579,-17,15,32,6,
27.9593,-22,8,24,7,
27.9607,-29,1,14,2,
27.962,-17,6,12,-10,
27.9634,-17,6,12,-10,
27.9647,-7,10,24,-6,
27.966,14,40,32,9,
27.9674,25,47,38,14,
27.9688,40,39,48,23,
27.9702,50,45,47,28,
27.9715,31,45,49,22,
27.9729,16,41,50,26,
27.9742,11,40,46,21,
27.9756,-11,26,14,17,
27.9769,-11,26,14,17,
27.9782,-9,13,9,18,
27.9796,-15,17,18,10,
27.9809,-14,16,24,11,
27.9823,-3,18,21,9,
27.9836,28,47,41,20,
27.985,37,42,45,27,
27.9864,37,42,45,27,
27.9878,39,44,52,22,
27.9891,20,41,48,22,
27.9905,10,25,33,18,
27.9919,-11,30,33,8,
27.9932,-18,30,27,16,
27.9945,-17,23,17,14,
27.9959,-17,23,17,14,
27.9972,-23,8,33,12,
27.9986,-22,21,27,13,
28,2,35,28,15,
28.0014,21,38,35,27,
28.0027,42,55,42,27,
28.0041,42,55,42,27,
28.0054,43,54,45,31,
28.0068,27,48,47,34,
28.0082,27,48,47,34,
28.0096,7,38,41,34,
28.0109,-12,27,31,29,
28.0122,-12,27,31,29,
28.0136,-15,16,32,19,
28.0149,-5,11,37,6,
28.0163,5,28,38,7,
28.0176,34,40,41,11,
28.019,52,47,55,29,
28.0204,52,47,55,29,
28.0217,56,53,52,33,
28.0231,56,53,52,33,
28.0244,32,48,45,27,
28.0258,24,40,30,17,
28.0272,13,41,26,14,
28.0285,-19,20,25,21,
28.0299,-19,20,25,21,
28.0312,-11,16,27,19,
28.0325,-11,14,33,8,
28.0338,16,20,37,14,
28.0352,34,29,36,26,
28.0366,49,32,36,32,
28.0379,49,32,36,32,
28.0392,53,36,38,41,
28.0406,41,45,42,39,
28.0419,34,34,41,19,
28.0433,19,28,34,27,
28.0447,5,22,30,27,
28.046,5,22,30,27,
28.0474,-13,16,28,17,
28.0487,-7,16,36,9,
28.0501,-3,19,32,5,
28.0514,22,32,29,11,
28.0527,35,31,39,25,
28.0541,33,43,49,23,
28.0554,41,39,45,26,
28.0569,40,40,53,30,
28.0583,41,41,47,31,
28.0597,17,25,43,29,
28.0611,10,17,37,27,
28.0627,9,7,24,21,
28.064,-8,5,21,12,
28.0654,-13,6,22,7,
28.0668,-13,6,22,7,
28.0682,3,8,34,-3,
28.0695,25,21,39,2,
28.0709,48,35,48,20,
28.0723,56,44,44,32,
28.0736,56,44,44,32,
28.075,45,50,40,30,
28.0763,12,35,31,27,
28.0777,12,35,31,27,
28.0791,8,27,32,25,
28.0804,-4,17,24,26,
28.0818,-18,14,21,15,
28.0831,-18,14,21,15,
28.0844,-23,10,26,2,
28.0858,-12,5,22,9,
28.0872,25,20,28,15,
28.0885,40,37,27,20,
28.0899,42,51,45,23,
28.0913,42,51,45,23,
28.0926,42,51,45,23,
28.0939,42,45,37,30,
28.0952,12,34,20,23,
28.0966,-8,19,23,24,
28.098,-16,18,23,21,
28.0994,-12,15,27,21,
28.1007,-12,5,22,12,
28.102,-19,4,18,-3,
28.1034,17,37,35,8,
28.1047,31,53,44,17,
28.1061,42,58,36,32,
28.1074,42,58,36,32,
28.1087,59,51,33,40,
28.1101,39,50,33,38,
28.1114,29,46,30,41,
28.1128,3,20,35,26,
28.1142,-4,26,33,25,
28.1155,-6,23,23,25,
28.1169,-5,14,10,23,
28.1183,0,28,10,23,
28.1196,3,32,20,13,
28.121,40,49,35,16,
28.1224,47,64,30,20,
28.1238,47,64,30,20,
28.1252,48,61,30,25,
28.1266,43,59,39,28,
28.1279,30,57,48,31,
28.1293,18,56,39,21,
28.1306,4,40,21,10,
28.132,4,40,21,10,
28.1334,-10,46,17,12,
28.1347,-16,52,21,3,
28.1361,-5,53,24,7,
28.1374,6,50,22,8,
28.1388,37,62,21,21,
28.1401,37,62,21,21,
28.1414,37,62,21,21,
28.1428,43,56,27,18,
28.1441,37,70,38,22,
28.1455,33,68,46,23,
28.1469,18,61,37,24,
28.1482,-2,59,26,16,
28.1496,3,54,17,10,
28.151,-13,50,10,3,
28.1523,-9,38,7,-9,
28.1537,-9,38,19,-6,
28.155,0,42,33,-7,
28.1564,25,52,24,3,
28.1578,25,52,24,3,
28.1591,49,49,26,15,
28.1605,58,62,33,21,
28.1618,37,64,41,21,
28.1631,30,54,30,14,
28.1645,21,53,21,10,
28.1658,10,35,14,4,
28.1672,1,40,18,2,
28.1686,-23,29,19,-1,
28.1699,-11,30,20,-4,
28.1713,-1,31,16,0,
28.1726,7,33,16,5,
28.1739,22,40,27,13,
28.1753,31,53,30,19,
28.1766,51,46,41,16,
28.178,51,51,40,19,
28.1793,27,43,24,29,
28.1806,10,40,22,18,
28.1819,10,40,22,18,
28.1833,-9,21,22,12,
28.1846,-20,11,16,16,
28.186,-22,7,13,10,
28.1874,-22,7,13,10,
28.1887,-6,17,23,15,
28.1901,-6,17,23,15,
28.1915,9,29,27,16,
28.1928,33,35,48,21,
28.1941,51,41,38,28,
28.1954,39,44,43,30,
28.1968,37,50,41,20,
28.1981,39,44,35,18,
28.1995,9,34,45,17,
28.2009,0,25,49,19,
28.2022,-11,19,47,15,
28.2036,-18,9,42,8,
28.2049,-23,-4,39,1,
28.2062,-21,2,30,1,
28.2077,5,12,21,7,
28.209,38,19,32,20,
28.2104,55,29,29,31,
28.2117,62,32,48,40,
28.213,50,28,56,37,
28.2144,50,28,56,37,
28.2157,13,19,55,23,
28.217,-10,12,49,23,
28.2184,-10,12,49,23,
28.2197,-11,5,41,29,
28.2211,-29,-2,27,22,
28.2224,-25,-8,33,15,
28.2238,-6,3,33,9,
28.2251,16,14,46,20,
28.2265,37,18,56,24,
28.2279,44,32,61,26,
28.2292,44,32,61,26,
28.2306,32,29,68,27,
28.232,29,25,59,23,
28.2333,11,12,45,24,
28.2346,-3,3,42,21,
28.236,-8,4,42,18,
28.2373,-5,0,45,16,
28.2386,-10,-16,26,12,
28.24,-9,-12,36,6,
28.2413,9,-1,46,11,
28.2427,9,-1,46,11,
28.2441,31,8,48,21,
28.2454,30,4,52,19,
28.2468,40,11,63,22,
28.2482,47,-4,64,35,
28.2495,24,-15,63,39,
28.2508,3,-12,63,25,
28.2522,-3,-23,58,30,
28.2535,-1,-30,57,29,
28.2549,-6,-28,54,21,
28.2563,-20,-53,42,14,
28.2576,3,-49,55,10,
28.259,3,-49,55,10,
28.2603,3,-49,55,10,
28.2616,23,-17,56,27,
28.263,26,-15,63,34,
28.2644,36,-1,79,41,
28.2658,35,-8,85,37,
28.2672,35,-8,85,37,
28.2685,19,-21,69,34,
28.2699,-9,-39,56,13,
28.2712,-8,-38,54,15,
28.2726,-24,-46,49,12,
28.2739,-15,-46,46,17,
28.2753,-7,-37,41,19,
28.2766,-7,-37,41,19,
28.278,6,-32,46,13,
28.2793,35,-12,64,27,
28.2807,36,-5,64,29,
28.2821,41,-4,65,22,
28.2834,40,-4,66,29,
28.2847,24,-4,61,26,
28.2861,1,-12,55,27,
28.2874,-8,-16,49,26,
28.2887,0,-16,47,27,
28.2901,-18,-35,36,18,
28.2914,-32,-39,40,12,
28.2928,-17,-31,46,13,
28.2942,-12,-14,41,12,
28.2955,23,-10,47,18,
28.2969,48,11,62,28,
28.2983,57,6,58,35,
28.2996,36,12,58,32,
28.301,27,6,58,35,
28.3024,13,4,61,35,
28.3037,10,3,63,24,
28.3051,10,3,63,24,
28.3065,3,-5,46,24,
28.3079,-16,-13,41,22,
28.3093,-16,-23,38,13,
28.3107,-2,-14,37,11,
28.312,15,-5,40,12,
28.3134,33,4,59,26,
28.3148,45,27,71,37,
28.3161,46,16,73,33,
28.3174,46,16,73,33,
28.3188,23,17,75,27,
28.3201,6,6,70,31,
28.3215,-2,-3,56,29,
28.3229,-2,-3,56,29,
28.3242,-18,-12,32,22,
28.3256,-11,-9,38,13,
28.327,-11,-9,38,13,
28.3284,2,4,28,15,
28.3297,24,23,39,22,
28.3311,26,23,59,24,
28.3324,63,36,65,39,
28.3338,63,36,65,39,
28.3351,50,27,60,42,
28.3365,41,22,63,42,
28.3378,19,15,60,40,
28.3392,1,1,52,43,
28.3406,-10,-10,39,18,
28.3418,-10,-10,39,18,
28.3432,-22,-26,34,18,
28.3446,-12,-27,30,24,
28.3459,26,-7,37,25,
28.3473,49,21,44,36,
28.3486,39,22,53,36,
28.35,53,28,64,29,
28.3514,53,32,56,32,
28.3527,53,28,51,30,
28.354,28,5,53,37,
28.3554,18,9,59,38,
28.3568,-2,5,52,28,
28.3581,-3,-10,46,21,
28.3595,-14,-15,34,11,
28.3609,-17,-19,32,8,
28.3622,-2,-12,32,9,
28.3636,5,0,34,11,
28.365,42,25,52,30,
28.3663,42,25,52,30,
28.3677,45,15,63,33,
28.369,45,21,75,31,
28.3704,37,17,72,39,
28.3717,38,10,68,42,
28.3731,2,0,52,31,
28.3745,0,-4,52,27,
28.3758,0,-4,52,27,
28.3772,-15,-5,39,27,
28.3786,-9,1,36,21,
28.38,-5,11,37,12,
28.3813,7,7,41,19,
28.3827,26,12,47,24,
28.384,37,21,57,25,
28.3853,41,27,61,37,
28.3867,41,29,73,38,
28.3881,32,17,79,33,
28.3894,27,9,78,31,
28.3907,-4,-12,64,27,
28.3921,-4,-12,64,27,
28.3934,-21,-13,49,20,
28.3948,-11,-19,44,16,
28.3961,-9,-11,50,25,
28.3975,19,4,54,22,
28.3987,46,12,70,21,
28.4001,46,12,70,21,
28.4015,44,13,68,26,
28.4028,43,23,65,36,
28.4042,41,16,73,28,
28.4055,15,11,73,31,
28.4069,12,-3,69,29,
28.4082,7,-11,59,27,
28.4096,1,-8,60,31,
28.411,-24,-19,64,26,
28.4124,-20,-17,58,19,
28.4137,-7,-18,57,20,
28.415,-7,-18,57,20,
28.4163,23,-17,65,31,
28.4176,34,-3,67,28,
28.419,38,-5,63,20,
28.4204,56,7,76,32,
28.4217,41,9,71,25,
28.4231,16,6,66,18,
28.4244,16,6,66,18,
28.4257,6,3,60,16,
28.4271,-14,-19,61,20,
28.4285,-36,-29,55,18,
28.4298,-26,-26,55,15,
28.4312,-6,-22,60,22,
28.4326,-6,-22,60,22,
28.4339,20,-13,59,31,
28.4352,24,-12,71,33,
28.4366,34,-10,87,34,
28.4379,48,-2,87,33,
28.4393,44,-3,77,28,
28.4407,22,-7,83,21,
28.4421,15,-23,90,29,
28.4435,6,-26,77,36,
28.4448,3,-36,67,35,
28.4462,-29,-44,72,23,
28.4476,-32,-41,69,11,
28.4489,-8,-19,64,22,
28.4502,-8,-19,64,22,
28.4516,19,-6,67,28,
28.453,40,3,75,33,
28.4543,50,-11,76,34,
28.4557,35,-9,75,28,
28.4571,37,-21,77,25,
28.4585,18,-22,74,19,
28.4598,18,-22,74,19,
28.4611,-14,-26,81,17,
28.4625,-15,-36,72,9,
28.4639,-27,-43,68,13,
28.4652,-26,-37,72,11,
28.4666,-8,-43,72,17,
28.468,14,-30,67,31,
28.4693,43,-3,69,24,
28.4707,54,6,79,33,
28.472,49,2,85,39,
28.4733,36,-9,78,42,
28.4747,36,-9,78,42,
28.476,26,-9,63,36,
28.4773,11,-21,68,24,
28.4787,-3,-34,73,21,
28.48,-20,-29,51,22,
28.4813,-25,-28,46,22,
28.4827,-25,-28,46,22,
28.484,-13,-19,45,24,
28.4854,25,-3,59,28,
28.4867,35,8,68,36,
28.488,48,18,78,45,
28.4894,66,28,77,50,
28.4907,46,21,63,47,
28.4921,36,22,70,35,
28.4934,25,8,73,30,
28.4948,5,-10,59,30,
28.4961,-13,-21,50,23,
28.4975,-5,-11,32,31,
28.4989,-11,-24,24,25,
28.5003,-16,-30,34,20,
28.5016,-8,-21,37,21,
28.503,34,-1,52,34,
28.5044,32,3,55,29,
28.5057,55,16,54,43,
28.5071,64,21,61,45,
28.5084,64,21,61,45,
28.5097,56,26,66,47,
28.5112,34,22,60,55,
28.5126,14,-3,27,39,
28.5139,-4,-9,33,35,
28.5153,-4,-9,33,35,
28.5167,-20,0,26,23,
28.5181,-15,-16,24,25,
28.5194,9,-3,34,23,
28.5208,47,9,50,39,
28.5221,41,25,63,49,
28.5235,41,25,63,49,
28.5249,52,30,54,50,
28.5262,46,20,48,45,
28.5276,33,20,49,37,
28.529,11,0,20,34,
28.5304,3,-5,25,33,
28.5317,-14,-8,21,22,
28.5331,-18,-11,16,25,
28.5345,-4,-18,12,21,
28.5358,12,-14,6,29,
28.5371,16,-5,23,29,
28.5385,48,23,34,36,
28.5398,48,23,34,36,
28.5412,48,23,34,36,
28.5426,50,28,27,31,
28.5439,40,29,19,34,
28.5452,31,14,21,34,
28.5466,5,5,21,37,
28.5479,4,-6,19,29,
28.5493,4,-6,19,29,
28.5506,-9,-13,3,22,
28.552,-18,-4,14,31,
28.5533,0,10,16,36,
28.5546,0,10,16,36,
28.556,33,11,24,31,
28.5573,33,11,24,31,
28.5587,38,10,24,36,
28.56,42,23,24,47,
28.5614,24,22,22,49,
28.5627,27,7,14,52,
28.5641,15,-9,11,42,
28.5655,9,-12,9,36,
28.5669,-8,-15,-2,27,
28.5683,-8,-15,-2,27,
28.5696,-14,-9,-15,36,
28.571,2,-4,-2,26,
28.5723,29,8,3,26,
28.5737,29,23,12,39,
28.5751,43,13,22,47,
28.5764,57,21,23,51,
28.5777,58,20,21,51,
28.5791,27,6,11,54,
28.5804,7,11,14,60,
28.5817,10,1,-1,54,
28.5831,-1,-2,-10,46,
28.5844,-1,-2,-10,46,
28.5857,-15,-19,-16,30,
28.587,-15,-22,-15,26,
28.5884,25,-2,-9,45,
28.5898,51,9,0,48,
28.5911,55,16,13,56,
28.5925,60,26,25,63,
28.5938,56,25,24,68,
28.5952,57,19,22,68,
28.5966,21,10,2,63,
28.5979,5,4,-4,59,
28.5993,5,4,-4,59,
28.6007,5,4,-4,59,
28.602,0,-11,-19,45,
28.6033,-3,-22,-22,35,
28.6047,-1,-19,-16,30,
28.606,26,4,4,57,
28.6074,26,4,4,57,
28.6087,33,25,3,61,
28.6101,37,36,7,61,
28.6114,66,14,4,65,
28.6128,49,13,5,71,
28.6141,28,9,-4,70,
28.6155,16,10,-8,70,
28.6168,16,10,-8,70,
28.6182,11,14,-13,67,
28.6195,4,3,-10,64,
28.621,7,-8,-20,38,
28.6223,23,-12,-19,40,
28.6237,35,6,-8,57,
28.6251,39,21,-6,69,
28.6265,47,32,-12,79,
28.6278,75,30,-12,84,
28.6292,68,25,-10,95,
28.6306,68,25,-10,95,
28.6319,42,16,-8,85,
28.6332,34,11,-12,67,
28.6346,18,17,-20,72,
28.636,18,17,-20,72,
28.6373,2,-8,-35,65,
28.6387,2,-8,-35,65,
28.6401,3,-10,-33,70,
28.6414,7,-8,-33,66,
28.6429,52,28,3,68,
28.6444,61,26,-6,71,
28.6457,63,31,-2,87,
28.6472,67,28,8,92,
28.6485,50,13,-6,79,
28.6499,27,13,-6,71,
28.6514,14,7,-12,63,
28.6528,14,2,-25,72,
28.6542,3,-12,-35,68,
28.6555,3,-12,-35,68,
28.6569,10,-11,-27,52,
28.6583,22,10,-18,54,
28.6596,44,19,-16,56,
28.661,49,26,-19,64,
28.6624,71,33,-18,80,
28.6637,70,24,-12,83,
28.6651,50,27,-7,83,
28.6665,29,0,-26,68,
28.6679,17,-8,-33,62,
28.6692,17,-8,-33,62,
28.6706,9,-6,-32,54,
28.672,-16,-16,-43,45,
28.6733,-4,-14,-51,39,
28.6747,22,2,-38,45,
28.676,49,17,-29,46,
28.6774,47,14,-22,59,
28.6787,51,15,-24,70,
28.6801,71,16,-19,80,
28.6814,55,15,-11,84,
28.6828,31,28,-16,88,
28.6841,35,24,-25,75,
28.6855,19,12,-30,63,
28.6868,19,12,-30,63,
28.6882,1,-18,-56,59,
28.6895,0,-16,-56,60,
28.6908,9,-13,-51,54,
28.6922,20,-2,-42,50,
28.6935,24,12,-46,45,
28.6948,38,21,-41,57,
28.6961,42,25,-27,61,
28.6974,61,32,-24,69,
28.6988,61,19,-25,68,
28.7002,41,15,-39,71,
28.7015,41,15,-39,71,
28.7029,18,5,-45,78,
28.7042,15,-7,-37,70,
28.7056,16,-4,-42,55,
28.7069,0,-9,-51,39,
28.7083,14,-5,-52,41,
28.7096,25,-1,-46,49,
28.7112,50,17,-36,65,
28.7126,55,24,-22,71,
28.714,58,24,-10,80,
28.7154,62,27,-10,86,
28.7168,61,27,-13,81,
28.7181,36,27,-23,80,
28.7195,24,14,-29,73,
28.7208,21,4,-38,68,
28.7221,20,5,-37,66,
28.7235,3,4,-34,64,
28.7248,1,-17,-44,49,
28.7262,23,-18,-37,42,
28.7275,38,-12,-41,47,
28.7289,48,6,-41,65,
28.7302,48,6,-41,65,
28.7316,58,25,-25,83,
28.733,70,14,-11,87,
28.7343,60,8,-26,85,
28.7357,48,5,-33,82,
28.737,33,6,-34,86,
28.7384,17,9,-29,79,
28.7397,10,-6,-40,71,
28.7411,6,-17,-47,72,
28.7425,5,3,-45,73,
28.7439,23,2,-46,78,
28.7452,23,2,-46,78,
28.7466,45,8,-39,85,
28.7479,48,18,-23,83,
28.7493,58,31,-24,84,
28.7507,58,14,-32,90,
28.7521,55,12,-32,100,
28.7534,43,-2,-37,101,
28.7548,21,-3,-41,97,
28.7562,31,-7,-38,99,
28.7575,25,-19,-58,96,
28.7589,21,-25,-66,121,
28.7603,21,-25,-66,121,
28.7616,24,-18,-73,125,
28.763,24,-18,-73,125,
28.7644,58,1,-58,136,
28.7657,78,11,-54,145,
28.7671,85,20,-52,160,
28.7685,66,5,-55,160,
28.7698,44,-8,-50,157,
28.7711,44,-8,-50,157,
28.7725,32,-10,-52,129,
28.7738,27,-16,-53,125,
28.7752,12,-15,-64,119,
28.7766,1,-17,-70,119,
28.7779,6,-12,-67,128,
28.7792,6,-12,-67,128,
28.7806,27,-19,-69,124,
28.7819,72,5,-53,124,
28.7833,89,7,-43,126,
28.7846,90,14,-46,133,
28.786,59,9,-45,124,
28.7873,59,9,-45,124,
28.7886,40,5,-51,122,
28.79,27,-4,-48,125,
28.7913,26,-16,-55,125,
28.7927,6,-32,-63,120,
28.794,6,-32,-68,111,
28.7954,20,-20,-74,118,
28.7967,43,-19,-71,121,
28.7981,61,-3,-69,122,
28.7994,68,4,-58,126,
28.8008,77,12,-39,132,
28.8021,71,18,-36,136,
28.8034,70,18,-32,128,
28.8048,56,17,-34,123,
28.8061,32,6,-41,117,
28.8074,32,6,-41,117,
28.8088,27,1,-42,109,
28.8102,-2,-14,-48,82,
28.8115,10,-6,-41,82,
28.8129,10,-6,-41,82,
28.8142,26,5,-20,88,
28.8156,40,24,-15,95,
28.817,58,38,-18,100,
28.8183,66,37,5,98,
28.8197,66,37,5,98,
28.8211,42,32,12,92,
28.8224,36,32,3,92,
28.8238,35,24,-9,93,
28.8251,35,10,-6,75,
28.8265,30,3,-8,72,
28.8278,12,4,-9,72,
28.8292,15,2,-13,66,
28.8306,3,7,-7,58,
28.8319,40,24,1,73,
28.8332,56,24,8,73,
28.8346,60,29,13,75,
28.836,78,40,25,91,
28.8373,78,40,25,91,
28.8387,66,37,17,85,
28.8401,53,25,26,82,
28.8414,37,20,15,67,
28.8428,26,15,5,53,
28.8441,14,6,1,45,
28.8455,-6,11,0,42,
28.8468,0,13,-3,34,
28.8482,15,17,1,29,
28.8497,42,41,28,51,
28.8511,42,41,28,51,
28.8525,59,40,25,55,
28.8538,71,48,32,67,
28.8552,71,48,32,67,
28.8566,58,40,24,60,
28.858,24,22,17,44,
28.8595,6,20,10,45,
28.8609,9,0,16,38,
28.8622,1,10,10,33,
28.8636,1,10,10,33,
28.8649,1,10,10,33,
28.8663,12,25,5,37,
28.8677,30,32,22,36,
28.8691,54,37,25,43,
28.8705,59,52,24,52,
28.8718,52,34,28,48,
28.8732,52,34,28,48,
28.8746,43,33,20,36,
28.8759,21,32,20,39,
28.8772,24,15,13,39,
28.8786,13,11,11,38,
28.88,3,9,6,36,
28.8813,-1,1,12,32,
28.8827,-1,1,12,32,
28.884,32,29,15,38,
28.8853,48,48,16,44,
28.8867,55,38,21,50,
28.8881,59,42,38,59,
28.8894,48,45,38,50,
28.8908,48,45,38,50,
28.8922,32,38,26,35,
28.8935,11,31,17,30,
28.8949,8,17,17,26,
28.8962,8,16,21,19,
28.8975,-3,4,6,14,
28.8989,-3,4,6,14,
28.9002,11,8,10,24,
28.9016,38,27,26,38,
28.9029,50,38,26,40,
28.9042,51,43,24,46,
28.9056,51,43,24,46,
28.907,63,47,19,45,
28.9083,57,38,22,43,
28.9097,37,41,21,33,
28.9111,19,31,23,18,
28.9125,19,31,23,18,
28.9138,-3,22,17,22,
28.9152,-9,0,17,22,
28.9166,-1,-5,21,14,
28.918,9,3,14,19,
28.9193,41,35,32,35,
28.9207,36,39,23,42,
28.9221,36,39,23,42,
28.9234,40,44,39,39,
28.9248,34,48,42,33,
28.9261,19,32,40,39,
28.9274,16,16,32,24,
28.9288,11,17,30,27,
28.9301,11,17,30,27,
28.9314,7,22,20,22,
28.9328,9,14,0,25,
28.9341,4,4,4,25,
28.9355,10,10,16,24,
28.9368,44,22,14,21,
28.9381,49,32,24,19,
28.9395,38,46,25,28,
28.9409,50,50,29,41,
28.9422,47,35,26,36,
28.9436,35,31,21,28,
28.9449,15,22,17,30,
28.9463,2,15,26,25,
28.9477,2,15,26,25,
28.949,-11,15,14,13,
28.9504,5,14,-5,5,
28.9517,10,7,-5,5,
28.9531,24,14,7,22,
28.9545,51,22,22,24,
28.9558,58,30,25,21,
28.9571,76,41,22,25,
28.9585,76,41,22,25,
28.9599,48,35,20,42,
28.9612,37,28,23,40,
28.9625,13,16,25,27,
28.9639,2,19,8,22,
28.9652,2,11,1,19,
28.9666,0,-1,3,4,
28.9679,0,-1,2,7,
28.9693,27,13,6,12,
28.9707,39,32,16,22,
28.9721,39,32,16,22,
28.9734,43,34,21,19,
28.9748,55,35,19,27,
28.9762,66,32,14,36,
28.9776,33,22,16,32,
28.9789,20,27,13,27,
28.9802,20,27,13,27,
28.9816,1,15,9,12,
28.983,-10,0,6,-4,
28.9843,-10,0,-5,0,
28.9857,-1,1,-5,-2,
28.9871,23,22,-5,9,
28.9884,23,22,-5,9,
28.9898,23,22,-5,9,
28.9912,40,29,20,27,
28.9925,57,31,30,25,
28.9939,49,35,25,23,
28.9953,40,29,8,23,
28.9967,40,29,8,23,
28.998,24,23,1,8,
28.9994,12,10,3,0,
29.0008,2,-3,1,-12,
29.0021,9,-4,1,-16,
29.0034,9,3,-2,-13,
29.0048,27,14,7,-9,
29.0061,27,14,7,-9,
29.0075,51,32,13,2,
29.009,59,46,12,18,
29.0103,50,31,14,32,
29.0117,39,26,15,29,
29.013,23,23,7,18,
29.0144,22,21,-6,14,
29.0158,15,17,-16,15,
29.0171,-5,-14,-13,-1,
29.0185,-6,-2,-8,1,
29.0199,-4,4,-3,5,
29.0212,-4,4,-3,5,
29.0226,25,3,-7,5,
29.0239,44,15,-8,16,
29.0253,60,19,1,30,
29.0266,66,39,9,32,
29.028,66,39,9,32,
29.0294,58,37,3,32,
29.0308,37,25,-7,39,
29.0321,20,8,-7,28,
29.0335,21,3,-9,21,
29.0348,14,1,-3,18,
29.0362,14,1,-3,18,
29.0376,24,2,0,13,
29.039,25,7,5,7,
29.0404,37,21,9,20,
29.0417,62,28,4,31,
29.0431,80,32,11,37,
29.0445,80,32,11,37,
29.0459,75,27,11,37,
29.0473,41,25,10,33,
29.0487,34,27,2,24,
29.05,29,16,3,26,
29.0514,28,5,3,33,
29.0528,20,-11,-2,20,
29.0542,20,-11,-2,20,
29.0556,15,-2,-2,27,
29.057,29,11,-4,24,
29.0584,58,25,-2,32,
29.0598,77,27,11,48,
29.0611,77,27,11,48,
29.0625,77,28,9,54,
29.0639,48,25,3,51,
29.0653,45,24,-10,50,
29.0667,44,24,-6,42,
29.068,35,20,-3,30,
29.0694,35,20,-3,30,
29.0707,12,17,-5,31,
29.0721,14,2,-9,25,
29.0735,27,6,-6,19,
29.0748,31,20,2,20,
29.0762,54,34,12,26,
29.0776,80,42,13,37,
29.0789,79,42,6,34,
29.0803,79,42,6,34,
29.0816,72,38,9,30,
29.083,55,27,13,29,
29.0843,35,13,6,27,
29.0857,31,-1,-3,16,
29.0871,18,-5,-14,8,
29.0884,18,-5,-14,8,
29.0897,15,-10,-7,5,
29.0911,45,5,-7,21,
29.0924,61,19,5,30,
29.0937,77,20,13,29,
29.095,83,21,10,30,
29.0963,83,26,18,38,
29.0977,83,26,18,38,
29.099,84,26,15,41,
29.1004,59,30,17,37,
29.1017,51,17,16,31,
29.1031,36,18,19,26,
29.1044,15,12,3,20,
29.1058,15,5,-8,11,
29.1072,14,1,-5,11,
29.1085,49,21,17,24,
29.1102,67,21,22,29,
29.1116,67,21,22,29,
29.1129,87,35,13,40,
29.1143,83,35,23,42,
29.1157,83,35,23,42,
29.117,48,30,13,31,
29.1184,25,33,14,19,
29.1197,25,33,14,19,
29.1211,33,5,10,22,
29.1225,24,-6,10,10,
29.1238,23,1,11,12,
29.1251,28,14,8,14,
29.1265,51,37,17,32,
29.1278,51,37,17,32,
29.1292,64,42,19,31,
29.1306,74,52,25,36,
29.1319,70,47,17,38,
29.1333,51,35,16,32,
29.1346,36,33,30,29,
29.136,20,31,13,28,
29.1373,20,31,13,28,
29.1387,13,13,18,19,
29.1401,22,-5,21,9,
29.1414,17,0,18,13,
29.1427,32,10,16,15,
29.1441,43,29,28,19,
29.1454,57,43,24,33,
29.1467,57,43,24,33,
29.1481,64,47,25,41,
29.1494,79,41,21,33,
29.1507,59,32,20,36,
29.152,57,18,19,33,
29.1534,40,19,23,35,
29.1548,27,17,18,22,
29.1561,26,9,11,15,
29.1575,18,17,16,8,
29.1588,25,20,8,7,
29.1601,25,20,8,7,
29.1614,25,18,15,18,
29.1628,51,30,21,24,
29.1641,68,40,18,30,
29.1654,76,47,14,40,
29.1667,68,50,22,40,
29.1681,43,33,20,37,
29.1694,43,33,20,37,
29.1708,42,31,28,26,
29.1722,25,15,14,30,
29.1735,22,0,8,15,
29.1749,8,0,8,5,
29.1762,12,5,11,11,
29.1775,12,5,11,11,
29.1789,17,13,22,20,
29.1803,32,21,21,23,
29.1816,59,29,16,25,
29.183,70,38,19,27,
29.1844,73,36,24,33,
29.1857,59,40,28,37,
29.1871,32,31,26,24,
29.1884,21,18,15,24,
29.1898,13,22,13,25,
29.1911,-3,11,11,17,
29.1925,-10,9,5,8,
29.1938,-10,9,5,8,
29.1952,7,12,5,8,
29.1966,33,11,17,13,
29.1979,57,15,21,15,
29.1993,77,40,22,27,
29.2006,79,33,19,39,
29.202,79,33,19,39,
29.2033,55,41,29,33,
29.2047,45,38,25,23,
29.206,44,27,23,15,
29.2073,24,11,21,13,
29.2087,10,6,7,13,
29.2101,8,9,9,14,
29.2115,16,12,14,12,
29.2128,28,7,16,12,
29.2142,47,19,27,16,
29.2155,51,39,25,25,
29.2169,53,44,22,25,
29.2183,77,44,29,32,
29.2196,64,37,30,38,
29.221,40,29,24,24,
29.2223,30,23,30,13,
29.2238,22,19,27,11,
29.2251,12,20,12,17,
29.2265,12,20,12,17,
29.2278,5,15,4,11,
29.2292,13,2,9,1,
29.2306,33,26,17,5,
29.2319,44,29,32,8,
29.2333,62,34,40,22,
29.2346,83,31,41,37,
29.2359,74,43,36,33,
29.2373,56,39,36,30,
29.2387,38,27,25,20,
29.24,38,27,25,20,
29.2414,34,28,16,14,
29.2428,27,23,14,21,
29.2442,5,20,21,17,
29.2455,-4,24,15,3,
29.2469,8,22,10,-7,
29.2483,50,34,28,12,
29.2496,66,40,26,20,
29.251,70,48,33,24,
29.2524,73,49,29,25,
29.2537,67,34,31,23,
29.255,67,34,31,23,
29.2564,38,28,22,25,
29.2578,29,31,28,31,
29.2591,33,22,23,28,
29.2605,17,8,25,23,
29.2618,18,12,20,15,
29.2631,22,14,7,9,
29.2645,38,10,18,9,
29.2658,55,36,22,19,
29.2672,58,38,30,23,
29.2686,71,51,36,22,
29.2699,71,51,36,22,
29.2712,66,46,32,31,
29.2725,71,44,32,34,
29.2739,58,39,31,33,
29.2752,27,15,16,15,
29.2766,31,24,18,12,
29.2779,31,24,18,12,
29.2792,22,27,6,0,
29.2806,36,16,12,-4,
29.2819,34,27,24,0,
29.2832,42,29,31,4,
29.2845,61,38,29,10,
29.2859,61,38,29,10,
29.2872,74,47,32,18,
29.2886,71,43,35,17,
29.2898,59,26,36,19,
29.2912,58,25,22,16,
29.2926,47,27,28,13,
29.294,43,22,35,5,
29.2953,13,22,23,0,
29.2967,4,10,7,-7,
29.298,34,10,12,-6,
29.2994,47,29,12,-3,
29.3008,47,29,12,-3,
29.3021,66,32,15,9,
29.3035,71,29,23,12,
29.3049,77,45,26,22,
29.3062,79,36,27,22,
29.3076,56,20,26,10,
29.309,43,21,21,5,
29.3103,43,21,21,5,
29.3117,34,10,17,-5,
29.313,12,8,13,-10,
29.3144,16,19,13,-6,
29.3158,40,26,17,-13,
29.3171,40,26,17,-13,
29.3185,64,37,19,-10,
29.3198,76,39,41,7,
29.3212,76,39,41,7,
29.3225,81,34,33,12,
29.3239,82,31,28,13,
29.3253,66,27,24,13,
29.3266,45,19,17,12,
29.3279,41,14,12,1,
29.3293,25,22,12,-15,
29.3307,14,15,3,-19,
29.3321,14,15,3,-19,
29.3334,34,12,11,-14,
29.3347,60,14,16,-6,
29.3361,69,20,25,5,
29.3374,71,24,25,12,
29.3388,80,36,30,12,
29.3401,80,36,30,12,
29.3414,77,32,30,2,
29.3428,60,27,30,10,
29.3442,48,30,19,5,
29.3455,45,26,15,-4,
29.3468,40,15,16,-8,
29.3482,25,13,11,-5,
29.3495,15,14,4,-7,
29.3508,23,8,7,-14,
29.3521,69,25,17,3,
29.3534,77,28,18,11,
29.3548,77,28,18,11,
29.3561,77,28,18,11,
29.3575,80,41,18,12,
29.3589,80,41,27,3,
29.3602,66,33,24,1,
29.3615,36,26,7,-1,
29.3628,36,26,7,-1,
29.3641,32,31,11,-2,
29.3654,21,25,10,0,
29.3668,38,8,19,-14,
29.3681,60,9,21,-6,
29.3694,82,22,25,3,
29.3708,92,36,22,2,
29.3722,92,36,22,2,
29.3735,92,48,20,3,
29.3749,76,45,22,15,
29.3763,67,36,32,9,
29.3776,54,29,24,2,
29.379,35,24,18,2,
29.3804,40,23,8,0,
29.3818,30,13,4,-7,
29.3831,30,2,14,-9,
29.3845,33,31,19,-10,
29.3858,50,31,23,2,
29.3872,50,31,23,2,
29.3886,86,33,32,14,
29.3899,86,33,32,14,
29.3913,86,54,29,16,
29.3926,78,40,24,23,
29.394,64,40,25,5,
29.3953,52,28,14,-2,
29.3967,52,28,14,-2,
29.398,32,12,9,-9,
29.3994,21,10,11,-9,
29.4008,27,9,15,-17,
29.4021,36,13,7,-19,
29.4035,48,24,9,-19,
29.4048,76,43,27,-11,
29.4062,81,46,31,-5,
29.4075,75,46,36,2,
29.4089,85,38,45,16,
29.4103,78,41,43,16,
29.4117,64,33,13,13,
29.413,55,16,13,6,
29.4144,55,16,13,6,
29.4157,37,27,7,-10,
29.4171,37,27,7,-10,
29.4184,23,19,8,-25,
29.4198,30,24,14,-23,
29.4212,50,27,10,-7,
29.4226,50,27,10,-7,
29.4239,84,45,12,-2,
29.4253,99,50,16,1,
29.4266,91,47,22,3,
29.428,66,47,22,-15,
29.4293,53,28,23,-12,
29.4307,53,28,23,-12,
29.432,44,16,19,-19,
29.4333,28,7,7,-29,
29.4347,21,7,4,-34,
29.436,25,13,11,-36,
29.4373,29,14,16,-26,
29.4387,42,30,14,-14,
29.4401,50,41,8,-7,
29.4414,66,39,18,-8,
29.4428,91,42,9,-12,
29.4442,79,36,19,-20,
29.4455,61,44,22,-29,
29.4469,46,47,11,-23,
29.4483,46,47,11,-23,
29.4497,41,38,11,-21,
29.4511,35,7,-2,-45,
29.4523,35,7,-2,-45,
29.4538,11,8,-1,-54,
29.4553,41,11,4,-56,
29.4567,65,33,3,-52,
29.458,68,44,12,-51,
29.4595,73,44,13,-43,
29.4609,85,53,21,-41,
29.4623,80,52,24,-36,
29.4636,62,33,4,-36,
29.465,46,27,9,-43,
29.4664,46,27,9,-43,
29.4677,31,42,7,-50,
29.4691,16,35,8,-56,
29.4705,24,30,12,-62,
29.4718,51,38,18,-51,
29.4732,51,38,18,-51,
29.4746,82,43,17,-49,
29.4759,92,49,20,-49,
29.4772,86,49,17,-42,
29.4786,85,56,18,-39,
29.48,79,61,20,-48,
29.4813,57,67,17,-55,
29.4826,57,67,17,-55,
29.484,43,56,8,-57,
29.4853,41,49,2,-55,
29.4867,38,56,0,-59,
29.4881,36,52,9,-58,
29.4894,44,45,16,-51,
29.4908,68,55,17,-48,
29.4922,68,55,17,-48,
29.4935,90,68,12,-49,
29.4948,84,78,19,-45,
29.4962,82,73,23,-46,
29.4975,73,58,30,-51,
29.4989,59,46,19,-61,
29.5003,38,39,15,-68,
29.5016,34,45,17,-72,
29.503,-3,45,-8,-77,
29.5043,-8,36,-8,-77,
29.5057,9,35,1,-76,
29.507,9,35,1,-76,
29.5085,22,52,16,-80,
29.5098,34,67,15,-71,
29.5112,20,65,12,-64,
29.5125,20,75,20,-68,
29.5139,18,74,13,-69,
29.5152,18,74,13,-69,
29.5166,5,75,17,-79,
29.5179,-7,57,21,-75,
29.5192,-4,57,15,-85,
29.5206,-21,50,-2,-94,
29.5219,-21,44,-7,-91,
29.5232,-21,44,-7,-91,
29.5246,-21,44,-7,-91,
29.5259,4,60,10,-61,
29.5273,23,67,25,-52,
29.5286,30,61,28,-51,
29.5299,42,62,19,-48,
29.5313,42,59,13,-47,
29.5326,42,59,13,-47,
29.5339,27,54,20,-43,
29.5353,18,54,10,-39,
29.5366,16,56,15,-47,
29.538,-6,45,9,-47,
29.5394,-13,43,3,-49,
29.5407,-13,43,3,-49,
29.542,6,43,5,-52,
29.5434,27,45,14,-41,
29.5448,34,56,28,-17,
29.5461,38,61,31,-10,
29.5475,38,61,31,-10,
29.5488,41,55,29,-16,
29.5501,25,57,24,-17,
29.5514,12,48,21,-21,
29.5527,8,44,19,-28,
29.554,7,44,9,-30,
29.5554,-11,39,10,-35,
29.5568,-12,40,11,-35,
29.5582,-13,47,8,-33,
29.5595,-1,50,22,-24,
29.5609,28,58,24,-18,
29.5622,33,50,20,-10,
29.5635,30,50,20,-6,
29.5648,50,65,21,-7,
29.5662,43,69,25,-2,
29.5675,32,60,34,0,
29.5689,7,49,31,0,
29.5702,7,49,31,0,
29.5716,12,45,18,-7,
29.573,-8,45,14,-11,
29.5744,-9,50,9,-19,
29.5758,8,57,24,-5,
29.5771,15,59,21,1,
29.5785,15,59,21,1,
29.5799,31,59,18,6,
29.5813,47,62,24,21,
29.5826,53,57,28,20,
29.584,48,55,30,14,
29.5853,23,57,27,15,
29.5868,23,57,27,15,
29.5882,18,50,33,14,
29.5896,9,46,27,8,
29.591,-7,46,12,0,
29.5923,-10,36,17,-5,
29.5937,23,46,28,6,
29.5951,37,45,36,15,
29.5965,37,45,36,15,
29.5978,51,62,25,25,
29.5992,68,67,27,32,
29.6006,57,51,28,25,
29.6019,34,61,26,12,
29.6033,18,56,33,10,
29.6046,14,44,31,5,
29.6059,-2,47,32,9,
29.6073,-10,46,26,4,
29.6089,-16,34,23,3,
29.6102,8,42,27,8,
29.6116,8,42,27,8,
29.613,12,48,18,19,
29.6143,37,54,43,15,
29.6157,47,50,45,20,
29.617,26,46,48,27,
29.6184,32,48,46,27,
29.6198,23,43,35,23,
29.6212,11,42,26,19,
29.6226,11,42,26,19,
29.624,0,28,18,15,
29.6253,-10,28,18,1,
29.6266,-20,40,17,4,
29.628,-16,35,15,6,
29.6293,5,34,20,2,
29.6307,26,38,32,10,
29.632,30,49,38,20,
29.6334,33,61,42,26,
29.6347,36,59,40,31,
29.6361,36,59,40,31,
29.6375,25,55,33,31,
29.6389,-2,53,33,27,
29.6402,-3,37,27,25,
29.6415,-21,39,31,27,
29.6429,-29,35,18,25,
29.6443,-31,28,18,14,
29.6456,-10,25,28,6,
29.647,14,43,32,12,
29.6484,28,47,46,24,
29.6497,31,41,48,24,
29.6512,43,58,45,23,
29.6527,32,61,46,25,
29.6541,22,59,48,33,
29.6555,17,56,42,30,
29.657,11,46,31,31,
29.6583,-21,30,29,22,
29.6597,-32,22,16,16,
29.6611,-18,21,14,18,
29.6625,-13,27,17,25,
29.6639,9,37,31,26,
29.6652,9,37,31,26,
29.6666,31,66,34,33,
29.6679,42,67,35,29,
29.6693,42,60,40,39,
29.6707,5,52,50,39,
29.6721,-4,45,33,31,
29.6735,-7,39,23,24,
29.6748,-21,31,20,21,
29.6762,-21,31,20,21,
29.6776,-21,33,15,20,
29.6789,-32,48,30,25,
29.6803,-17,51,35,25,
29.6816,-17,51,35,25,
29.683,26,67,43,32,
29.6844,34,62,47,30,
29.6857,41,64,54,32,
29.6871,31,64,51,36,
29.6885,8,55,49,35,
29.6899,8,55,49,35,
29.6913,-6,60,39,36,
29.6926,-8,62,38,31,
29.694,-10,54,39,30,
29.6953,-27,48,28,19,
29.6967,-31,47,23,25,
29.698,-31,47,23,25,
29.6994,-22,48,29,23,
29.7008,12,65,49,39,
29.7021,26,74,43,34,
29.7035,28,65,41,41,
29.7048,27,55,42,40,
29.7062,15,55,44,30,
29.7076,15,55,44,30,
29.709,-8,51,37,30,
29.7104,-10,49,26,23,
29.7117,-24,36,26,16,
29.7131,-23,24,31,17,
29.7144,-6,51,18,15,
29.7158,-6,51,18,15,
29.7171,18,64,31,26,
29.7185,32,49,25,38,
29.7199,34,67,31,40,
29.7212,34,67,31,40,
29.7226,27,56,42,21,
29.7239,27,56,42,21,
29.7253,24,53,50,23,
29.7266,-1,54,41,22,
29.7281,-28,37,31,5,
29.7294,-38,41,25,4,
29.7307,-29,47,19,0,
29.732,-29,56,27,0,
29.7333,-15,66,38,7,
29.7347,1,77,32,8,
29.736,6,69,37,13,
29.7373,37,81,45,22,
29.7387,28,81,39,21,
29.7401,16,62,29,18,
29.7415,4,58,32,13,
29.7428,-13,55,39,12,
29.7442,-14,45,32,10,
29.7455,-38,56,14,-15,
29.7469,-35,54,11,-14,
29.7482,-32,44,8,-7,
29.7495,-17,46,13,-6,
29.7509,-17,46,13,-6,
29.7522,-3,58,22,-6,
29.7536,6,68,27,5,
29.7549,18,72,45,22,
29.7563,7,74,34,27,
29.7576,6,78,24,18,
29.759,-6,70,25,9,
29.7603,-30,62,22,-2,
29.7617,-36,53,28,5,
29.7631,-50,55,17,-8,
29.7644,-54,58,10,-18,
29.7658,-48,62,15,-18,
29.7671,-23,59,16,-12,
29.7685,-7,67,18,-13,
29.7699,-5,76,28,-8,
29.7712,-6,83,32,-3,
29.7725,1,107,25,-7,
29.7739,0,105,24,-8,
29.7752,-4,101,20,-11,
29.7766,-26,101,20,-10,
29.778,-41,101,17,-5,
29.7793,-41,101,17,-5,
29.7806,-46,94,19,-13,
29.782,-70,91,17,-25,
29.7832,-57,82,23,-25,
29.7846,-57,82,23,-25,
29.7859,-39,81,23,-12,
29.7873,-14,107,16,-5,
29.7887,-6,124,21,1,
29.79,-10,135,28,0,
29.7914,-29,129,32,-2,
29.7928,-29,129,32,-2,
29.7941,-31,115,31,1,
29.7955,-40,106,30,-4,
29.7969,-42,119,27,-6,
29.7982,-53,127,18,-18,
29.7996,-75,138,23,-22,
29.8009,-75,138,23,-22,
29.8023,-62,121,33,-25,
29.8037,-23,132,25,-18,
29.805,-21,142,29,-10,
29.8064,-14,147,38,-7,
29.8077,-25,135,37,-3,
29.8091,-19,140,29,-10,
29.8106,-37,150,32,-21,
29.812,-37,150,32,-21,
29.8133,-63,124,29,-29,
29.8147,-84,109,29,-27,
29.816,-86,108,26,-31,
29.8174,-87,110,19,-27,
29.8188,-79,111,23,-24,
29.8202,-47,111,22,-29,
29.8215,-22,141,31,-14,
29.8229,-11,141,39,-13,
29.8243,-7,137,35,-15,
29.8256,-7,137,35,-15,
29.827,-18,142,29,-11,
29.8283,-30,142,34,-7,
29.8296,-36,136,27,-17,
29.831,-63,125,16,-22,
29.8324,-67,102,16,-23,
29.8337,-75,110,9,-32,
29.8351,-72,128,16,-31,
29.8365,-51,142,25,-27,
29.8378,-38,149,28,-17,
29.8393,-15,127,33,-14,
29.8407,-15,127,33,-14,
29.8421,-11,136,39,-10,
29.8435,-30,147,37,-15,
29.8448,-33,152,40,-13,
29.8461,-42,130,31,-17,
29.8475,-50,130,24,-28,
29.8489,-56,132,10,-22,
29.8502,-73,118,4,-28,
29.8516,-74,100,17,-28,
29.853,-74,100,17,-28,
29.8544,-56,103,27,-24,
29.8558,-30,137,23,-14,
29.8571,-31,145,19,-19,
29.8585,-14,156,20,-9,
29.8599,-9,141,22,-3,
29.8612,-22,149,34,-3,
29.8626,-34,149,37,-5,
29.864,-29,147,25,-3,
29.8653,-39,112,22,-21,
29.8666,-57,94,18,-26,
29.8681,-67,85,14,-32,
29.8694,-67,85,14,-32,
29.8708,-58,96,12,-26,
29.8722,-43,108,8,-15,
29.8735,-23,141,24,-18,
29.8749,-26,141,35,-8,
29.8763,-7,142,26,-4,
29.8776,-9,128,27,-4,
29.879,-18,113,26,-2,
29.8804,-30,120,14,-3,
29.8818,-44,99,20,-12,
29.8831,-61,89,21,-14,
29.8845,-61,89,21,-14,
29.8859,-74,78,9,-16,
29.8873,-66,85,13,-16,
29.8886,-53,100,19,-16,
29.89,-40,110,20,-10,
29.8914,-13,135,25,-2,
29.8928,-13,135,25,-2,
29.8942,2,150,30,5,
29.8956,-18,142,21,-3,
29.8969,-22,139,19,-3,
29.8983,-38,116,26,-9,
29.8997,-42,103,23,-10,
29.901,-50,103,20,-6,
29.9023,-71,104,13,-15,
29.9037,-61,90,18,-20,
29.9051,-57,90,16,-20,
29.9065,-40,91,17,-15,
29.9078,-13,121,30,-7,
29.9091,-2,132,31,-11,
29.9105,-2,132,31,-11,
29.9119,13,133,34,-3,
29.9132,-20,123,25,1,
29.9146,-20,123,25,1,
29.916,-30,111,20,-6,
29.9173,-49,99,18,-6,
29.9187,-66,101,25,-16,
29.9201,-66,101,25,-16,
29.9214,-55,97,4,-15,
29.9228,-49,100,13,-19,
29.9241,-25,99,16,-14,
29.9255,-15,128,23,-12,
29.9268,4,127,24,-8,
29.9281,4,127,24,-8,
29.9295,4,127,24,-8,
29.9308,-19,145,33,-1,
29.9322,-33,139,37,1,
29.9336,-48,125,25,4,
29.9349,-25,111,18,-1,
29.9363,-25,111,18,-1,
29.9377,-43,95,10,-8,
29.939,-42,88,25,-25,
29.9404,-31,94,16,-12,
29.9417,-12,121,11,-1,
29.9431,3,135,15,3,
29.9444,8,135,13,9,
29.9457,8,135,13,9,
29.9471,-1,138,18,4,
29.9485,-11,143,30,2,
29.9499,-24,116,28,1,
29.9512,-34,100,26,-3,
29.9525,-34,87,14,-14,
29.9539,-44,76,15,-10,
29.9552,-64,81,16,-7,
29.9566,-50,92,21,-23,
29.958,-36,118,21,-17,
29.9593,-9,131,15,-9,
29.9607,-9,131,15,-9,
29.9621,-1,136,17,3,
29.9634,3,143,18,10,
29.9648,11,135,25,6,
29.9662,-19,131,27,-1,
29.9675,-38,111,21,-4,
29.9689,-39,99,19,-10,
29.9702,-56,87,9,-11,
29.9716,-66,69,12,-17,
29.9729,-54,67,15,-18,
29.9743,-49,65,7,-17,
29.9757,-34,84,5,-8,
29.9771,-8,105,21,0,
29.9785,-8,105,21,0,
29.9799,-7,127,18,-4,
29.9812,-11,123,19,-7,
29.9826,-9,117,22,-12,
29.984,-36,136,13,-22,
29.9853,-36,136,13,-22,
29.9867,-45,116,6,-18,
29.988,-70,118,-4,-16,
29.9894,-65,110,4,-22,
29.9908,-69,100,-1,-27,
29.9921,-54,121,1,-23,
29.9935,-34,139,15,-23,
29.9949,-34,139,15,-23,
29.9962,-10,138,20,-11,
29.9976,-5,142,22,-16,
29.9989,-11,127,19,-17,
30.0003,-11,120,13,-23,
30.0017,-43,107,6,-20,
30.0031,-43,107,6,-20,
30.0043,-51,101,6,-22,
30.0057,-54,99,-3,-22,
30.007,-61,99,-5,-17,
30.0084,-64,92,-11,-18,
30.0097,-38,95,1,-21,
30.0111,-21,126,11,-19,
30.0124,-21,138,24,-24,
30.0138,-21,138,24,-24,
30.0151,-10,141,20,-14,
30.0165,-3,120,16,-4,
30.0179,-26,119,8,-11,
30.0193,-49,104,2,-30,
30.0207,-64,93,4,-34,
30.0221,-64,93,4,-34,
30.0234,-83,77,-1,-29,
30.0248,-77,81,-8,-29,
30.0262,-75,85,-5,-34,
30.0276,-23,107,4,-42,
30.0289,-7,129,4,-32,
30.0303,-7,129,4,-32,
30.0317,-7,145,20,-26,
30.033,-7,145,20,-26,
30.0344,-18,138,29,-21,
30.0358,-32,123,10,-22,
30.0371,-47,116,4,-25,
30.0385,-47,101,9,-33,
30.0399,-47,101,9,-33,
30.0412,-78,84,-11,-45,
30.0427,-61,84,-19,-45,
30.0442,-61,81,-10,-31,
30.0455,-36,87,-7,-23,
30.0469,-12,105,-8,-26,
30.0484,-14,129,7,-23,
30.0499,-2,135,12,-19,
30.0513,-15,133,10,-25,
30.0527,-29,122,2,-32,
30.0541,-47,115,2,-41,
30.0555,-66,119,0,-41,
30.0569,-68,107,-1,-38,
30.0582,-84,92,-8,-42,
30.0596,-84,92,-8,-42,
30.061,-79,87,-11,-39,
30.0624,-64,96,0,-43,
30.0637,-37,127,-4,-43,
30.0651,-16,153,-8,-31,
30.0665,-5,137,7,-28,
30.0678,-5,137,7,-28,
30.0692,-38,144,-8,-25,
30.0705,-35,125,-15,-31,
30.0719,-44,110,-17,-35,
30.0733,-54,98,-15,-40,
30.0746,-69,98,-10,-41,
30.076,-79,92,-21,-49,
30.0773,-83,98,-20,-50,
30.0786,-67,97,-6,-50,
30.08,-41,104,-3,-37,
30.0814,-17,133,-8,-26,
30.0828,4,140,11,-34,
30.0841,4,140,11,-34,
30.0855,-5,145,16,-36,
30.0869,-11,138,5,-36,
30.0882,-25,138,7,-36,
30.0896,-45,118,0,-34,
30.091,-63,98,-16,-30,
30.0923,-68,89,-10,-39,
30.0937,-68,89,-10,-39,
30.095,-69,82,-9,-36,
30.0964,-43,100,-14,-23,
30.0977,-22,109,-12,-17,
30.0991,-11,117,-10,-24,
30.1005,-2,126,-9,-30,
30.1018,-2,126,-9,-30,
30.1031,19,138,7,-12,
30.1045,-19,135,9,-15,
30.1058,-25,117,11,-9,
30.1072,-43,97,-1,-5,
30.1085,-44,92,4,-20,
30.1098,-58,80,-1,-31,
30.1112,-60,70,-9,-27,
30.1126,-50,62,-1,-18,
30.1139,-26,85,0,-3,
30.1153,1,85,5,-4,
30.1166,23,88,19,-6,
30.1179,23,88,19,-6,
30.1193,25,110,28,-6,
30.1206,10,110,28,-5,
30.122,20,100,15,-5,
30.1234,-18,75,13,-5,
30.1247,-18,75,13,-5,
30.126,-17,66,1,-10,
30.1274,-39,52,-4,-19,
30.1287,-37,56,1,-21,
30.13,-39,54,6,-19,
30.1313,-21,59,20,-5,
30.1327,18,75,30,8,
30.134,23,82,20,6,
30.1354,23,82,20,6,
30.1368,37,99,31,3,
30.1381,27,82,22,8,
30.1394,21,77,20,4,
30.1408,9,57,19,5,
30.1421,0,49,16,9,
30.1435,-1,38,15,13,
30.1448,-27,34,20,13,
30.1462,-21,19,4,2,
30.1475,4,25,14,8,
30.1488,25,43,27,20,
30.1502,25,43,27,20,
30.1516,43,54,29,27,
30.1529,54,56,18,17,
30.1543,54,70,25,15,
30.1557,30,57,25,30,
30.157,12,45,20,28,
30.1584,12,45,20,28,
30.1597,7,25,29,29,
30.1611,-7,29,29,22,
30.1625,-32,17,13,20,
30.1638,-17,16,8,22,
30.1651,-9,16,6,15,
30.1665,5,25,18,19,
30.1678,31,32,26,27,
30.1692,34,39,24,34,
30.1706,48,43,23,29,
30.1719,67,51,31,26,
30.1733,35,50,33,29,
30.1746,35,50,33,29,
30.176,31,32,23,24,
30.1774,8,26,12,21,
30.1788,-2,22,16,20,
30.1801,-2,7,12,19,
30.1814,-5,-2,13,26,
30.1828,-5,-2,13,26,
30.1842,14,0,21,27,
30.1855,36,18,17,30,
30.1869,40,43,32,29,
30.1882,48,54,34,26,
30.1896,48,49,38,31,
30.191,45,54,38,33,
30.1923,33,38,25,25,
30.1937,23,13,22,24,
30.1951,13,11,19,25,
30.1965,5,4,21,22,
30.1978,-4,1,20,13,
30.1992,4,15,20,14,
30.2006,18,22,10,19,
30.2019,18,22,10,19,
30.2033,41,37,25,25,
30.2046,50,46,36,25,
30.206,48,40,39,31,
30.2074,28,36,31,42,
30.2087,25,42,30,41,
30.2101,25,42,30,41,
30.2114,7,29,27,28,
30.2128,7,16,16,33,
30.2141,-10,2,10,19,
30.2155,-21,-2,8,9,
30.2168,-20,15,7,10,
30.2182,6,18,11,17,
30.2195,24,33,16,24,
30.2209,41,39,20,24,
30.2222,48,51,34,39,
30.2236,45,48,31,40,
30.2249,45,48,31,40,
30.2263,39,41,25,35,
30.2276,25,31,22,31,
30.229,-1,30,20,23,
30.2303,-6,34,20,23,
30.2317,-16,11,13,13,
30.233,-16,11,13,13,
30.2343,-8,21,13,9,
30.2357,1,15,24,15,
30.2371,20,35,16,24,
30.2385,31,38,18,39,
30.2399,43,44,23,38,
30.2412,55,48,30,26,
30.2426,55,48,30,26,
30.244,36,48,30,25,
30.2456,14,27,13,26,
30.2472,0,25,13,9,
30.2486,-14,7,16,7,
30.2501,-28,5,12,10,
30.2514,-24,17,21,11,
30.2528,-4,28,23,16,
30.2542,31,38,27,28,
30.2556,34,48,22,25,
30.257,50,47,20,30,
30.2583,64,48,31,30,
30.2598,17,34,28,32,
30.2611,17,34,28,32,
30.2625,17,33,23,38,
30.2639,-13,20,21,13,
30.2653,-11,10,29,12,
30.2667,-4,16,12,13,
30.268,-6,22,17,20,
30.2693,6,19,27,22,
30.2707,6,19,27,22,
30.2721,37,44,33,25,
30.2734,51,41,26,21,
30.2748,62,36,35,27,
30.2761,53,42,31,34,
30.2774,43,43,27,37,
30.2788,25,39,26,28,
30.2803,14,28,28,20,
30.2816,2,17,14,17,
30.2829,0,21,9,22,
30.2843,-21,16,18,20,
30.2856,-9,21,17,17,
30.287,-9,21,17,17,
30.2884,15,25,17,17,
30.2897,41,35,22,26,
30.2911,49,39,22,32,
30.2924,62,42,34,27,
30.2938,49,42,26,18,
30.2952,35,44,20,28,
30.2965,15,24,23,22,
30.2978,-3,27,15,14,
30.2991,-3,20,16,15,
30.3005,-8,16,25,19,
30.3019,-8,18,25,24,
30.3032,-9,21,21,21,
30.3046,3,18,11,14,
30.3059,12,31,20,18,
30.3073,47,45,30,25,
30.3087,53,56,22,27,
30.31,41,42,16,23,
30.3114,41,42,16,23,
30.3127,28,43,16,24,
30.3141,28,43,16,24,
30.3154,2,37,15,30,
30.3168,-19,26,12,26,
30.3181,-20,17,8,24,
30.3194,-20,17,8,24,
30.3207,-13,19,4,22,
30.3221,16,22,21,23,
30.3234,46,27,27,27,
30.3248,59,40,32,27,
30.3261,64,49,33,32,
30.3274,71,54,27,35,
30.3288,43,45,25,27,
30.3301,18,41,29,23,
30.3314,5,41,28,19,
30.3328,-10,31,13,11,
30.3342,-15,21,21,22,
30.3355,-14,11,17,21,
30.3368,-18,6,17,9,
30.3382,-15,8,16,12,
30.3395,10,16,11,15,
30.3408,50,42,19,28,
30.3422,42,38,18,28,
30.3436,42,38,18,28,
30.345,36,48,36,40,
30.3464,36,48,36,40,
30.3477,28,44,30,32,
30.3491,5,32,17,23,
30.3504,6,28,21,26,
30.3518,6,28,21,26,
30.3531,-11,16,13,28,
30.3545,-17,18,10,22,
30.3558,-3,17,14,20,
30.3572,3,26,24,14,
30.3585,33,31,29,18,
30.3598,41,37,19,31,
30.3612,50,51,16,35,
30.3625,46,45,17,31,
30.3638,46,45,17,31,
30.3651,31,34,19,30,
30.3665,19,26,19,26,
30.3678,4,23,26,21,
30.3691,-4,13,25,13,
30.3705,-20,7,13,9,
30.3718,-28,2,8,11,
30.3732,-7,19,19,13,
30.3745,15,39,19,15,
30.3759,15,39,19,15,
30.3773,53,49,21,38,
30.3787,72,42,22,33,
30.38,72,42,22,33,
30.3814,50,37,29,24,
30.3827,32,37,26,20,
30.3841,32,37,26,20,
30.3854,4,29,14,18,
30.3868,-1,17,18,25,
30.3882,-15,8,8,16,
30.3895,-5,12,14,9,
30.3909,9,12,22,14,
30.3922,26,17,22,22,
30.3935,30,32,22,24,
30.3949,57,38,34,38,
30.3962,57,38,34,38,
30.3975,60,42,37,33,
30.3989,53,38,29,24,
30.4002,36,24,23,23,
30.4015,14,18,26,26,
30.4028,-1,21,16,19,
30.4041,-12,16,25,19,
30.4054,-7,15,25,17,
30.4068,-1,16,25,21,
30.4082,-1,16,25,21,
30.4095,33,33,19,19,
30.4109,31,39,23,19,
30.4122,31,39,23,19,
30.4136,49,46,35,40,
30.415,42,39,34,28,
30.4163,42,39,34,28,
30.4177,30,33,18,23,
30.4191,15,22,23,23,
30.4204,-4,23,23,22,
30.4218,-7,18,24,23,
30.4231,-16,5,25,20,
30.4245,-13,9,20,24,
30.4258,-4,20,25,26,
30.4272,25,30,27,23,
30.4286,42,46,28,31,
30.43,63,52,34,38,
30.4313,63,52,34,38,
30.4327,53,44,29,37,
30.434,55,37,30,35,
30.4354,22,28,19,24,
30.4368,9,17,14,23,
30.4381,-6,21,16,30,
30.4395,-21,16,20,25,
30.4408,-28,16,24,16,
30.4422,-18,7,28,19,
30.4436,3,13,25,20,
30.445,45,45,31,30,
30.4463,45,45,31,30,
30.4477,63,42,32,31,
30.4491,71,53,34,28,
30.4505,49,51,38,29,
30.4519,30,42,30,24,
30.4532,20,28,18,21,
30.4545,15,28,14,22,
30.4559,15,17,19,27,
30.4572,-12,11,24,21,
30.4586,-8,4,24,13,
30.46,11,9,24,15,
30.4613,11,9,24,15,
30.4628,41,26,30,27,
30.4643,41,26,30,27,
30.4656,55,34,41,34,
30.467,53,33,30,38,
30.4684,46,31,24,41,
30.4697,20,13,23,25,
30.4711,20,13,23,25,
30.4725,3,9,19,19,
30.4738,-8,9,17,20,
30.4752,-19,-13,20,22,
30.4765,-18,3,28,29,
30.4779,15,14,24,35,
30.4792,50,20,27,33,
30.4806,50,20,27,33,
30.482,62,30,36,25,
30.4833,57,57,52,24,
30.4847,45,44,46,24,
30.486,31,27,33,32,
30.4874,17,18,26,24,
30.4888,2,20,14,21,
30.4901,3,14,22,22,
30.4915,-4,3,22,19,
30.4928,-2,6,20,11,
30.4941,2,4,17,6,
30.4955,2,4,17,6,
30.4968,17,20,22,20,
30.4982,29,35,25,30,
30.4996,47,44,31,36,
30.5009,59,29,37,29,
30.5023,50,34,32,26,
30.5037,32,24,22,31,
30.505,32,24,22,31,
30.5064,-2,6,20,27,
30.5077,-6,11,19,33,
30.509,-14,-3,9,24,
30.5104,-3,4,7,18,
30.5117,-1,1,23,15,
30.5131,-1,1,23,15,
30.5144,20,5,29,19,
30.5158,50,26,29,39,
30.5172,46,30,36,41,
30.5186,59,41,43,45,
30.5199,62,31,41,41,
30.5213,43,20,40,34,
30.5226,18,21,35,34,
30.5239,7,14,13,24,
30.5253,2,1,13,14,
30.5267,-10,8,20,20,
30.528,0,17,22,22,
30.5293,0,17,22,22,
30.5307,19,11,14,29,
30.532,37,15,23,31,
30.5333,34,34,31,30,
30.5347,43,47,39,29,
30.536,33,33,42,24,
30.5374,38,25,37,32,
30.5388,34,25,30,26,
30.5401,22,16,24,23,
30.5414,5,7,28,27,
30.5428,-2,-1,32,19,
30.5441,-13,-3,24,19,
30.5454,-2,3,10,18,
30.5468,3,16,6,26,
30.5482,27,13,18,29,
30.5496,55,27,24,34,
30.5509,55,51,30,31,
30.5523,49,50,30,29,
30.5537,49,50,30,29,
30.555,22,37,43,29,
30.5564,10,28,43,32,
30.5577,10,28,43,32,
30.5591,-6,20,27,27,
30.5604,-9,9,3,17,
30.5618,-9,7,6,10,
30.5631,-9,7,6,10,
30.5645,16,19,11,14,
30.5659,36,34,22,23,
30.5672,50,32,28,26,
30.5686,73,40,34,32,
30.5699,73,40,34,32,
30.5713,55,45,39,35,
30.5726,36,46,34,30,
30.574,11,36,28,26,
30.5753,9,32,24,20,
30.5766,-3,15,14,20,
30.578,-6,11,14,24,
30.5793,-19,10,18,16,
30.5807,-20,-2,22,14,
30.5821,30,23,12,28,
30.5834,51,37,30,34,
30.5848,54,42,28,32,
30.5861,54,42,28,32,
30.5876,50,46,32,26,
30.5889,36,35,27,34,
30.5903,35,24,20,29,
30.5916,29,19,23,19,
30.593,9,12,23,17,
30.5943,9,12,23,17,
30.5957,-10,-1,6,16,
30.5971,-19,6,1,14,
30.5984,-15,14,16,20,
30.5997,-3,19,15,18,
30.6011,21,19,27,15,
30.6024,35,36,33,21,
30.6038,42,42,34,26,
30.6051,45,45,33,26,
30.6064,39,31,28,20,
30.6078,24,32,19,22,
30.6092,24,32,19,22,
30.6105,5,18,21,24,
30.6119,-1,4,15,30,
30.6133,-9,6,14,16,
30.6146,-18,20,18,0,
30.616,0,14,28,12,
30.6173,0,14,28,12,
30.6187,39,46,25,26,
30.62,45,52,31,22,
30.6213,54,56,30,23,
30.6227,36,48,34,25,
30.6241,36,48,34,25,
30.6254,20,40,29,25,
30.6268,20,40,29,25,
30.6281,9,27,22,29,
30.6295,2,7,16,26,
30.6309,-17,4,18,20,
30.6323,-14,11,16,10,
30.6336,-3,5,21,6,
30.635,17,21,20,15,
30.6364,38,37,33,21,
30.6378,35,44,37,31,
30.6391,50,48,37,34,
30.6405,42,42,40,33,
30.6419,38,35,35,24,
30.6432,21,21,26,17,
30.6446,-1,14,29,22,
30.6459,6,11,31,28,
30.6473,-12,4,27,25,
30.6486,-25,8,13,17,
30.65,-6,7,12,24,
30.6514,15,15,11,24,
30.6527,20,17,17,21,
30.654,29,32,18,26,
30.6554,44,34,31,21,
30.6568,58,39,34,26,
30.6581,32,39,34,21,
30.6595,30,23,27,28,
30.6608,16,17,14,22,
30.6622,17,21,13,13,
30.6635,-5,10,15,14,
30.6649,-5,10,15,14,
30.6662,-18,9,8,15,
30.6676,-7,16,11,15,
30.669,14,30,17,16,
30.6703,37,39,21,17,
30.6717,46,43,26,31,
30.6731,50,52,28,25,
30.6745,48,53,30,25,
30.6758,42,30,29,25,
30.6772,42,30,29,25,
30.6785,21,28,33,19,
30.6799,6,13,19,13,
30.6813,6,13,19,13,
30.6826,-2,14,18,12,
30.684,-13,10,13,11,
30.6853,10,17,15,18,
30.6866,10,17,15,18,
30.6879,31,32,19,11,
30.6893,53,38,27,26,
30.6906,68,38,37,33,
30.692,51,42,37,28,
30.6933,31,50,23,26,
30.6947,23,34,18,24,
30.6961,23,34,18,24,
30.6974,13,19,22,22,
30.6988,0,19,12,20,
30.7002,-13,11,6,20,
30.7015,-11,14,11,17,
30.7028,11,21,17,20,
30.7043,11,21,17,20,
30.7056,30,27,30,26,
30.7069,41,49,24,26,
30.7083,52,56,23,24,
30.7096,52,56,23,24,
30.711,43,51,29,28,
30.7123,26,40,27,34,
30.7137,12,31,19,26,
30.715,12,38,19,24,
30.7164,-9,16,27,12,
30.7177,-13,4,28,21,
30.7191,-18,12,18,16,
30.7204,1,11,8,14,
30.7217,35,12,18,26,
30.7231,42,41,22,30,
30.7244,42,41,22,30,
30.7258,48,60,29,36,
30.7271,42,54,27,39,
30.7285,42,40,18,34,
30.7298,25,32,27,23,
30.7312,0,31,20,13,
30.7326,3,27,23,11,
30.7339,-10,19,21,8,
30.7353,-19,4,18,22,
30.7366,-3,11,19,23,
30.738,-3,11,19,23,
30.7393,37,37,24,24,
30.7407,37,37,24,24,
30.742,37,48,22,25,
30.7434,50,42,38,36,
30.7447,44,50,37,32,
30.7461,44,50,37,32,
30.7474,25,42,26,32,
30.7488,-2,15,12,20,
30.7502,2,20,10,26,
30.7516,-2,12,10,21,
30.7529,-11,-2,22,26,
30.7542,-11,-2,22,26,
30.7556,-11,-2,22,26,
30.757,20,40,28,28,
30.7583,26,44,29,31,
30.7597,47,46,30,36,
30.7611,60,38,30,26,
30.7625,60,38,30,26,
30.7638,46,33,27,19,
30.7652,22,35,31,29,
30.7665,5,26,18,19,
30.7679,-14,22,24,10,
30.7692,-30,12,25,12,
30.7705,-17,3,12,8,
30.7719,-17,3,12,8,
30.7732,-11,23,9,18,
30.7746,26,33,33,22,
30.7759,35,35,25,16,
30.7772,38,42,26,19,
30.7787,33,37,31,31,
30.78,36,32,39,31,
30.7813,34,35,39,28,
30.7827,14,24,28,19,
30.7841,-11,16,12,30,
30.7854,-20,10,16,29,
30.7868,-20,10,16,29,
30.7881,-10,3,15,19,
30.7895,-8,3,10,20,
30.7908,12,26,20,31,
30.7922,37,30,19,31,
30.7936,38,42,29,30,
30.795,38,42,29,30,
30.7963,37,42,38,29,
30.7976,31,41,36,28,
30.799,25,25,32,26,
30.8004,1,17,28,19,
30.8017,-1,21,24,21,
30.8031,-3,13,27,24,
30.8045,-14,12,13,19,
30.8058,-6,9,12,16,
30.8072,13,11,21,24,
30.8086,16,22,32,32,
30.8099,27,33,34,27,
30.8113,46,44,38,34,
30.8127,46,44,38,34,
30.8141,37,42,29,32,
30.8154,31,36,27,27,
30.8168,-5,19,31,31,
30.8182,-5,19,31,31,
30.8195,-18,15,17,26,
30.8209,-18,15,17,26,
30.8222,-20,12,21,25,
30.8236,3,-3,11,25,
30.8249,23,3,13,19,
30.8263,42,14,30,19,
30.8276,44,19,35,31,
30.829,42,29,34,33,
30.8304,53,43,36,35,
30.8317,55,40,33,29,
30.8331,24,11,25,25,
30.8345,11,13,18,26,
30.8358,11,13,18,26,
30.8371,-1,10,16,21,
30.8385,-7,2,17,19,
30.8399,-16,-6,8,22,
30.8413,18,0,22,6,
30.8427,27,12,31,11,
30.844,27,12,31,11,
30.8454,31,4,31,36,
30.8468,50,7,37,38,
30.8482,45,21,40,36,
30.8496,27,2,18,29,
30.8509,27,2,18,29,
30.8523,0,-4,23,32,
30.8536,0,-4,23,32,
30.855,-7,-20,28,21,
30.8564,-22,-32,32,14,
30.8578,-19,-37,26,20,
30.8593,14,-20,23,25,
30.8607,44,-14,27,26,
30.8621,42,-20,31,22,
30.8634,56,-25,39,30,
30.8648,56,-25,39,30,
30.8662,48,-35,40,27,
30.8675,48,-43,45,31,
30.8689,36,-58,38,34,
30.8703,8,-79,29,26,
30.8717,6,-89,21,32,
30.8731,-2,-105,18,24,
30.8747,4,-176,25,37,
30.876,24,-223,42,46,
30.8774,24,-223,42,46,
30.8788,88,-336,55,73,
30.8801,100,-389,56,82,
30.8815,100,-389,56,82,
30.8829,89,-410,57,80,
30.8842,61,-467,54,63,
30.8856,-4,-700,37,21,
30.8869,-289,-1871,-157,-227,
30.8883,-289,-1871,-157,-227,
30.8897,-447,-2340,-354,-439,
30.8911,-577,-2632,-524,-636,
30.8924,-665,-2770,-634,-787,
30.8938,-699,-2771,-694,-878,
30.8951,-693,-2675,-699,-917,
30.8965,-618,-2360,-651,-881,
30.8978,-618,-2360,-651,-881,
30.8992,-577,-2199,-623,-838,
30.9006,-503,-1886,-536,-711,
30.902,-468,-1753,-496,-659,
30.9033,-455,-1623,-463,-626,
30.9046,-426,-1500,-427,-587,
30.906,-405,-1402,-391,-536,
30.9073,-405,-1402,-391,-536,
30.9087,-384,-1314,-363,-494,
30.91,-339,-1162,-329,-433,
30.9114,-300,-1080,-308,-419,
30.9128,-271,-1012,-298,-391,
30.9141,-230,-952,-280,-353,
30.9154,-219,-903,-262,-326,
30.9167,-202,-854,-238,-312,
30.9181,-189,-818,-224,-300,
30.9194,-188,-758,-218,-279,
30.9208,-190,-729,-216,-276,
30.9222,-190,-729,-216,-276,
30.9235,-190,-685,-207,-279,
30.925,-192,-667,-200,-262,
30.9263,-194,-649,-196,-255,
30.9277,-184,-590,-165,-230,
30.9291,-147,-555,-165,-231,
30.9304,-127,-512,-154,-223,
30.9318,-121,-480,-142,-205,
30.9332,-121,-452,-139,-192,
30.9345,-111,-429,-134,-177,
30.9359,-125,-393,-131,-170,
30.9372,-125,-393,-131,-170,
30.9386,-123,-388,-125,-168,
30.9399,-123,-388,-125,-168,
30.9412,-128,-361,-126,-168,
30.9426,-128,-350,-130,-160,
30.9439,-137,-345,-134,-150,
30.9453,-110,-298,-117,-137,
30.9467,-110,-298,-117,-137,
30.948,-83,-272,-94,-136,
30.9493,-78,-269,-94,-134,
30.9506,-55,-241,-81,-108,
30.952,-69,-231,-81,-101,
30.9533,-69,-217,-77,-105,
30.9547,-80,-198,-81,-102,
30.9561,-82,-200,-73,-107,
30.9574,-96,-196,-74,-111,
30.9588,-94,-193,-77,-110,
30.9602,-96,-184,-73,-110,
30.9615,-96,-184,-73,-110,
30.9628,-89,-173,-66,-110,
30.9642,-46,-137,-48,-91,
30.9655,-36,-121,-56,-80,
30.9669,-39,-114,-47,-70,
30.9683,-43,-97,-40,-66,
30.9696,-43,-97,-40,-66,
30.971,-44,-100,-38,-66,
30.9723,-66,-106,-43,-57,
30.9737,-66,-106,-43,-57,
30.975,-57,-99,-43,-54,
30.9764,-62,-90,-48,-54,
30.9777,-72,-94,-40,-60,
30.979,-64,-87,-31,-67,
30.9804,-57,-76,-31,-73,
30.9817,-41,-53,-34,-58,
30.9831,-26,-45,-30,-43,
30.9843,-13,-38,-14,-26,
30.9857,-8,-33,-2,-30,
30.9869,-5,-32,-9,-36,
30.9883,-8,-37,-11,-36,
30.9896,-10,-32,-22,-42,
30.991,-23,-37,-17,-27,
30.9924,-23,-37,-17,-27,
30.9937,-23,-37,-17,-27,
30.9951,-26,-36,-20,-26,
30.9964,-36,-37,-19,-17,
30.9978,-38,-33,-13,-17,
30.9991,-22,-21,-17,-20,
31.0005,-11,-19,0,-15,
31.0018,-8,-11,14,-12,
31.0032,-1,-5,6,-10,
31.0045,-10,-15,-3,-10,
31.0058,-20,-23,-5,-18,
31.0072,-20,-23,-5,-18,
31.0086,-11,-16,-3,-17,
31.0099,-23,-12,-6,-14,
31.0113,-23,-18,-8,-19,
31.0127,-23,-18,-8,-19,
31.014,-26,-9,-5,-9,
31.0154,-26,-9,-5,-9,
31.0167,-6,-3,3,-3,
31.0181,18,7,10,5,
31.0194,18,4,6,3,
31.0208,14,0,17,2,
31.0221,12,0,23,4,
31.0235,18,-7,14,8,
31.0249,6,-6,7,13,
31.0262,-7,-7,4,11,
31.0276,-14,-6,-5,2,
31.0289,-7,-13,0,-7,
31.0303,-7,-13,0,-7,
31.0316,-5,-7,-1,-6,
31.0329,-1,-7,6,-1,
31.0343,5,-8,8,9,
31.0356,20,-5,6,9,
31.037,22,15,25,29,
31.0383,22,15,25,29,
31.0397,9,3,15,23,
31.041,11,8,6,9,
31.0424,0,6,4,7,
31.0438,-1,5,0,6,
31.0451,-8,2,4,8,
31.0465,-3,-7,6,6,
31.0479,-3,-7,6,6,
31.0492,-7,-14,1,6,
31.0506,-4,-3,8,14,
31.0519,0,11,10,12,
31.0533,16,20,13,15,
31.0547,30,23,18,19,
31.056,21,14,21,14,
31.0574,12,11,17,4,
31.0588,7,2,17,7,
31.0603,10,4,21,6,
31.0617,10,4,21,6,
31.063,15,17,10,11,
31.0644,-1,15,8,14,
31.0657,-1,6,11,4,
31.0671,1,11,13,18,
31.0684,24,22,6,18,
31.0698,26,16,16,24,
31.0712,32,18,15,32,
31.0725,32,18,15,32,
31.0739,28,21,14,19,
31.0752,31,16,8,24,
31.0766,6,17,12,23,
31.078,6,17,12,23,
31.0793,-4,25,9,18,
31.0807,1,16,10,14,
31.082,2,2,11,10,
31.0833,9,11,13,8,
31.0847,14,12,19,17,
31.086,14,8,20,31,
31.0874,14,8,20,31,
31.0887,20,15,19,33,
31.09,23,21,24,29,
31.0914,19,25,32,25,
31.0927,7,22,32,27,
31.0941,7,22,32,27,
31.0954,-4,3,15,18,
31.0967,-4,3,15,18,
31.098,4,7,20,13,
31.0993,-5,12,11,16,
31.1006,-1,21,15,21,
31.1019,13,21,26,24,
31.1033,17,18,20,31,
31.1046,31,24,18,28,
31.1059,20,17,14,34,
31.1073,28,24,22,27,
31.1086,22,25,24,30,
31.1099,10,13,25,35,
31.1112,3,18,18,24,
31.1126,3,18,18,24,
31.1139,4,14,15,16,
31.1153,-5,15,11,18,
31.1166,-5,10,6,21,
31.118,-11,7,5,22,
31.1193,5,22,32,20,
31.1207,5,22,32,20,
31.122,32,26,26,27,
31.1234,37,33,28,27,
31.1248,30,22,25,28,
31.1262,18,22,14,22,
31.1275,17,22,21,19,
31.1289,17,22,21,19,
31.1302,14,28,19,20,
31.1316,9,11,22,10,
31.1329,-7,19,23,18,
31.1343,-4,14,23,18,
31.1356,-3,21,18,17,
31.1369,21,23,20,23,
31.1382,17,23,26,24,
31.1396,22,23,27,34,
31.1409,29,22,27,33,
31.1423,22,16,16,21,
31.1437,22,16,16,21,
31.145,22,16,16,21,
31.1465,31,17,19,33,
31.1479,16,15,16,34,
31.1492,7,18,24,20,
31.1506,-4,15,14,22,
31.152,11,23,20,21,
31.1533,11,23,20,21,
31.1546,26,23,25,17,
31.156,29,27,23,28,
31.1573,23,32,23,35,
31.1587,19,37,28,24,
31.16,19,37,28,24,
31.1613,19,37,28,24,
31.1627,32,38,23,29,
31.1641,24,16,21,18,
31.1654,10,7,12,24,
31.1668,17,2,14,35,
31.1681,-2,5,16,26,
31.1694,-2,12,17,31,
31.1708,0,16,12,27,
31.1721,0,31,8,29,
31.1735,31,27,21,26,
31.1748,31,27,21,26,
31.1762,35,39,31,23,
31.1776,36,43,35,17,
31.1789,21,34,36,13,
31.1803,20,24,32,22,
31.1816,13,16,27,18,
31.183,26,15,26,26,
31.1844,26,15,26,26,
31.1857,19,14,27,18,
31.187,16,9,16,24,
31.1883,15,6,20,23,
31.1897,20,18,22,22,
31.191,18,22,25,24,
31.1924,18,22,25,24,
31.1938,18,22,25,24,
31.1951,23,38,25,18,
31.1965,18,42,18,18,
31.1979,10,34,24,23,
31.1992,10,15,21,22,
31.2007,17,9,9,16,
31.202,13,11,13,21,
31.2034,7,1,10,15,
31.2048,16,15,17,28,
31.2061,16,15,17,28,
31.2075,19,16,30,29,
31.2088,34,23,39,31,
31.2102,34,23,39,31,
31.2115,27,27,30,28,
31.2128,19,21,20,34,
31.2142,26,28,31,25,
31.2155,10,26,26,21,
31.2168,4,13,21,21,
31.2182,2,11,19,16,
31.2195,5,18,14,13,
31.2208,7,13,6,12,
31.2221,16,10,18,19,
31.2235,30,13,33,27,
31.2249,30,13,33,27,
31.2262,37,24,30,32,
31.2276,31,26,28,28,
31.2289,26,29,24,18,
31.2302,26,26,23,18,
31.2316,11,10,17,26,
31.233,11,10,17,26,
31.2343,10,11,17,24,
31.2356,10,29,20,11,
31.237,-1,21,10,8,
31.2384,-2,19,12,7,
31.2398,15,12,18,7,
31.2411,21,14,20,21,
31.2425,36,30,25,28,
31.2439,36,30,25,28,
31.2452,44,27,36,23,
31.2466,39,31,27,31,
31.248,28,23,22,34,
31.2494,24,21,27,28,
31.2508,27,18,28,31,
31.2522,13,7,15,33,
31.2535,9,7,12,26,
31.255,6,6,11,18,
31.2565,9,19,19,14,
31.2579,9,19,19,14,
31.2592,15,31,22,13,
31.2606,31,32,20,27,
31.2619,29,27,23,25,
31.2633,40,33,21,30,
31.2646,18,30,16,35,
31.266,19,34,11,27,
31.2674,13,28,7,26,
31.2687,5,11,12,28,
31.2701,-9,16,12,15,
31.2714,-9,16,12,15,
31.2728,-4,7,10,14,
31.2741,-3,17,19,13,
31.2755,-3,17,19,13,
31.2769,13,15,25,23,
31.2783,21,29,23,25,
31.2797,18,31,24,30,
31.2811,25,25,19,26,
31.2824,26,23,21,19,
31.2838,25,23,24,23,
31.2851,16,30,21,23,
31.2864,14,26,20,28,
31.2877,20,10,20,26,
31.2891,0,6,23,19,
31.2905,-7,5,19,9,
31.2918,3,10,20,12,
31.2931,2,14,15,19,
31.2945,13,17,18,17,
31.2958,21,25,27,23,
31.2972,33,27,19,37,
31.2986,30,19,12,25,
31.3,30,19,12,25,
31.3013,24,8,24,24,
31.3027,20,6,34,31,
31.304,8,10,24,18,
31.3053,2,14,28,14,
31.3067,-3,13,24,10,
31.3081,2,13,15,14,
31.3095,13,5,16,18,
31.3109,13,4,20,13,
31.3122,23,14,26,14,
31.3135,22,17,28,23,
31.3149,18,20,28,20,
31.3163,18,23,31,19,
31.3176,24,23,26,18,
31.319,9,22,22,15,
31.3204,-4,25,20,19,
31.3217,8,23,27,30,
31.3231,0,9,16,27,
31.3245,-7,13,7,18,
31.3259,-12,12,17,7,
31.3273,9,24,23,4,
31.3286,9,24,23,4,
31.33,27,17,13,10,
31.3313,19,29,17,27,
31.3327,18,33,20,34,
31.334,28,35,24,26,
31.3353,26,22,29,16,
31.3367,19,9,19,8,
31.3381,16,17,9,9,
31.3394,14,25,6,10,
31.3408,-9,6,15,11,
31.3421,-10,7,15,9,
31.3435,-10,7,15,9,
31.3448,4,8,15,16,
31.3461,11,17,23,25,
31.3475,14,21,22,30,
31.3489,19,25,24,28,
31.3503,12,16,30,26,
31.3517,12,22,20,30,
31.353,12,22,20,30,
31.3544,20,11,19,30,
31.3557,2,8,16,16,
31.357,-7,8,23,10,
31.3584,-18,11,19,14,
31.3598,-17,15,19,7,
31.3611,-17,15,19,7,
31.3625,3,18,22,12,
31.3638,21,23,33,18,
31.3651,21,22,32,22,
31.3665,15,22,27,24,
31.3679,24,22,26,20,
31.3692,28,17,16,20,
31.3706,13,20,24,20,
31.3719,-5,18,9,19,
31.3733,-8,20,11,23,
31.3746,-8,20,11,23,
31.376,4,22,11,20,
31.3774,-2,14,14,8,
31.3788,-1,4,18,13,
31.3802,5,11,26,26,
31.3816,7,16,27,25,
31.3829,7,22,21,26,
31.3843,24,25,28,19,
31.3857,17,22,23,19,
31.387,7,16,25,18,
31.3884,1,10,23,26,
31.3898,2,13,23,22,
31.3912,6,9,18,17,
31.3925,14,2,12,21,
31.3939,-12,7,8,23,
31.3952,-5,5,14,17,
31.3966,-1,11,19,11,
31.3979,10,27,26,19,
31.3993,27,22,20,18,
31.4007,31,23,19,28,
31.402,31,19,20,32,
31.4034,28,18,24,36,
31.4047,28,18,24,36,
31.4061,16,14,11,36,
31.4075,-11,5,22,17,
31.4088,-14,5,21,21,
31.4102,-18,10,9,16,
31.4116,-11,13,9,8,
31.413,2,13,19,12,
31.4144,19,18,22,16,
31.4157,29,19,22,27,
31.4171,32,20,23,25,
31.4185,28,25,32,31,
31.4198,28,25,32,31,
31.4211,15,26,32,24,
31.4225,16,27,24,22,
31.4238,21,25,26,24,
31.4251,2,15,8,22,
31.4265,2,15,8,22,
31.4278,-6,16,7,22,
31.4292,-1,15,10,13,
31.4306,-3,12,21,20,
31.4319,2,8,29,17,
31.4333,14,15,21,17,
31.4346,23,30,25,24,
31.436,28,30,37,28,
31.4373,28,30,37,28,
31.4387,14,20,18,23,
31.4401,15,27,18,28,
31.4414,26,30,13,29,
31.4428,15,25,16,29,
31.4442,7,21,20,32,
31.4455,4,11,17,21,
31.4469,2,7,16,25,
31.4483,0,18,19,21,
31.4496,15,27,33,27,
31.451,28,29,26,26,
31.4524,22,29,27,20,
31.4537,22,29,27,20,
31.4551,19,23,34,27,
31.4565,28,19,24,22,
31.458,19,22,21,23,
31.4593,17,20,18,20,
31.4606,8,17,17,29,
31.462,-1,18,17,25,
31.4633,-6,19,16,15,
31.4647,10,17,16,14,
31.466,19,17,15,24,
31.4673,19,17,15,24,
31.4687,19,17,15,24,
31.47,24,24,25,25,
31.4714,37,23,23,31,
31.4727,30,20,25,31,
31.4741,25,17,29,21,
31.4754,14,17,16,19,
31.4768,15,17,18,25,
31.4782,13,25,23,24,
31.4795,-4,14,14,18,
31.4809,3,9,8,17,
31.4822,-4,12,7,15,
31.4837,3,18,18,25,
31.4851,20,24,21,23,
31.4864,18,20,22,21,
31.4878,20,26,30,19,
31.4891,23,20,32,18,
31.4905,28,27,32,22,
31.4919,24,15,28,30,
31.4933,24,15,28,30,
31.4946,21,8,19,25,
31.496,8,14,13,18,
31.4974,-2,23,12,26,
31.4988,-2,23,12,26,
31.5001,4,7,14,23,
31.5014,9,17,15,19,
31.5028,9,17,15,19,
31.5042,19,22,20,29,
31.5055,24,34,34,37,
31.5069,13,37,42,35,
31.5082,16,32,29,32,
31.5096,16,32,29,32,
31.511,10,26,21,27,
31.5124,3,14,17,17,
31.5137,11,19,17,7,
31.5151,3,11,17,9,
31.5165,3,15,17,16,
31.5178,13,20,18,24,
31.5192,15,18,17,27,
31.5205,23,25,27,32,
31.5219,32,30,26,28,
31.5233,32,26,29,37,
31.5246,24,15,27,35,
31.526,12,6,17,30,
31.5274,9,6,14,17,
31.5287,13,16,12,7,
31.5301,14,23,8,12,
31.5314,11,14,6,9,
31.5328,-5,12,8,16,
31.5341,-13,17,10,22,
31.5355,6,19,14,24,
31.5369,14,25,22,23,
31.5382,20,17,23,18,
31.5396,34,20,34,13,
31.541,23,17,40,17,
31.5424,23,17,40,17,
31.5438,29,18,21,23,
31.5451,12,18,21,23,
31.5464,12,18,21,23,
31.5478,9,8,15,8,
31.5491,-1,18,13,10,
31.5504,-2,22,12,15,
31.5518,-2,22,12,15,
31.5531,13,23,14,21,
31.5545,22,21,29,18,
31.5559,26,25,39,23,
31.5571,36,24,37,31,
31.5584,42,39,36,29,
31.5598,29,34,26,30,
31.5612,20,24,16,31,
31.5625,16,25,21,22,
31.5639,18,24,22,23,
31.5652,4,10,17,27,
31.5666,4,3,11,28,
31.568,4,11,8,23,
31.5693,8,13,20,19,
31.5707,25,26,15,16,
31.5721,20,25,27,20,
31.5734,25,31,23,20,
31.5748,27,38,29,29,
31.5762,26,39,28,31,
31.5775,18,26,31,26,
31.5788,18,26,31,26,
31.5802,3,19,18,30,
31.5815,-2,21,22,28,
31.5829,-2,18,21,20,
31.5842,-2,18,21,20,
31.5855,-7,26,21,16,
31.5868,9,26,24,20,
31.5882,26,23,19,12,
31.5895,27,31,32,20,
31.5908,27,31,32,20,
31.5922,42,29,33,24,
31.5935,44,27,37,24,
31.5949,35,15,30,29,
31.5963,21,14,31,25,
31.5976,15,10,31,28,
31.599,-3,18,17,8,
31.6004,-3,18,17,8,
31.6017,1,20,17,18,
31.6031,7,5,10,17,
31.6044,19,14,11,26,
31.6058,31,27,19,23,
31.6072,31,14,17,26,
31.6085,31,14,17,26,
31.6099,36,15,24,23,
31.6113,23,28,24,22,
31.6127,18,33,24,23,
31.614,9,20,31,32,
31.6154,7,16,24,33,
31.6167,9,27,22,33,
31.6181,5,16,16,25,
31.6194,7,6,23,12,
31.6208,26,18,18,23,
31.6222,26,18,18,23,
31.6236,19,22,17,23,
31.625,29,28,21,13,
31.6264,21,32,23,10,
31.6277,23,25,21,17,
31.6291,21,20,16,29,
31.6305,12,17,12,35,
31.6318,12,17,12,35,
31.6331,12,19,23,16,
31.6345,21,17,26,19,
31.6358,21,8,22,14,
31.6372,19,9,22,14,
31.6385,4,6,22,19,
31.6399,13,16,26,11,
31.6412,32,28,27,21,
31.6426,18,17,29,28,
31.644,20,14,32,33,
31.6453,20,14,32,33,
31.6467,21,11,33,35,
31.6481,13,28,35,26,
31.6495,23,28,25,20,
31.6509,16,24,23,16,
31.6522,2,20,12,16,
31.6537,1,25,10,10,
31.6552,3,28,11,11,
31.6565,7,36,27,20,
31.6578,7,36,27,20,
31.6592,31,29,14,35,
31.6606,26,26,12,41,
31.6619,17,27,23,25,
31.6633,18,19,23,23,
31.6647,18,19,23,23,
31.6661,20,25,19,18,
31.6674,22,27,14,14,
31.6688,9,20,11,14,
31.6701,-5,7,16,17,
31.6715,1,13,13,22,
31.6729,12,21,18,25,
31.6743,19,19,22,24,
31.6756,12,27,23,27,
31.677,25,19,20,35,
31.6784,25,19,20,35,
31.6797,25,19,20,35,
31.6811,25,34,37,33,
31.6825,28,31,36,28,
31.6838,29,19,28,18,
31.6851,14,15,16,27,
31.6864,2,13,13,26,
31.6878,-7,7,16,24,
31.6891,-7,10,23,21,
31.6905,12,26,21,18,
31.6918,25,18,19,22,
31.6931,29,16,25,21,
31.6945,24,25,23,28,
31.6959,24,25,23,28,
31.6972,26,34,28,26,
31.6986,21,38,20,27,
31.6999,11,22,16,18,
31.7012,6,31,20,28,
31.7026,16,23,20,25,
31.704,9,21,20,26,
31.7053,14,12,7,18,
31.7067,6,11,13,20,
31.708,17,28,24,32,
31.7094,17,28,24,32,
31.7107,20,27,19,28,
31.7121,22,25,15,27,
31.7134,25,20,23,37,
31.7148,25,20,23,37,
31.7161,23,24,24,31,
31.7175,8,27,32,31,
31.7188,10,30,26,28,
31.7202,13,38,25,23,
31.7215,13,15,9,18,
31.7229,0,9,10,19,
31.7243,0,11,15,26,
31.7256,5,12,19,18,
31.727,22,24,29,13,
31.7283,39,30,39,23,
31.7297,34,17,44,21,
31.7311,30,20,44,32,
31.7325,25,20,35,38,
31.7338,30,22,25,25,
31.7351,26,12,24,22,
31.7365,11,9,16,31,
31.7378,16,18,15,30,
31.7392,7,13,11,17,
31.7406,10,4,8,16,
31.7419,12,8,16,24,
31.7432,12,8,16,24,
31.7446,25,15,11,25,
31.7459,27,24,24,33,
31.7472,27,31,36,31,
31.7486,27,31,31,26,
31.7499,33,23,31,23,
31.7513,26,15,40,20,
31.7526,28,14,36,17,
31.754,17,13,17,24,
31.7553,12,5,10,25,
31.7566,1,7,12,21,
31.7579,-7,2,12,16,
31.7593,-6,12,23,16,
31.7606,11,27,29,21,
31.762,22,31,31,21,
31.7633,27,29,28,29,
31.7647,30,27,23,25,
31.766,27,21,29,25,
31.7674,33,22,34,20,
31.7688,35,29,30,14,
31.7701,18,16,25,13,
31.7714,20,25,21,19,
31.7728,11,20,17,17,
31.7742,11,20,17,17,
31.7755,10,13,23,9,
31.7769,15,13,22,20,
31.7782,19,24,14,18,
31.7796,37,19,10,29,
31.7809,41,29,32,32,
31.7823,41,29,32,32,
31.7836,43,29,27,33,
31.785,29,28,19,25,
31.7863,27,28,32,23,
31.7876,17,23,23,18,
31.789,13,12,11,7,
31.7903,16,14,9,3,
31.7917,3,11,8,0,
31.7931,3,13,11,10,
31.7944,13,25,17,16,
31.7958,24,21,28,26,
31.7972,24,21,28,26,
31.7986,16,32,26,22,
31.7999,20,32,31,18,
31.8013,36,40,34,17,
31.8027,20,33,22,20,
31.804,18,17,28,21,
31.8054,9,6,25,27,
31.8068,9,6,25,27,
31.8081,0,15,29,26,
31.8094,7,7,15,22,
31.8108,14,4,16,19,
31.8121,25,19,13,17,
31.8134,25,19,13,17,
31.8148,25,19,13,17,
31.8162,22,30,28,23,
31.8175,27,33,30,28,
31.8188,32,23,39,28,
31.8202,32,21,34,33,
31.8215,22,23,20,30,
31.8229,19,21,22,24,
31.8243,22,12,18,17,
31.8256,9,17,11,24,
31.827,16,10,12,18,
31.8284,11,11,16,18,
31.8297,11,11,16,18,
31.8311,21,19,18,27,
31.8325,21,31,22,26,
31.8338,14,22,27,29,
31.8352,25,26,29,28,
31.8366,32,23,33,28,
31.838,30,33,24,30,
31.8394,20,27,31,18,
31.8408,14,15,37,8,
31.8422,19,15,19,13,
31.8436,0,4,20,8,
31.8449,0,4,20,8,
31.8464,0,4,20,8,
31.8479,11,19,20,2,
31.8493,13,27,23,17,
31.8507,37,36,16,33,
31.8521,35,29,24,33,
31.8535,33,20,23,35,
31.8549,26,17,27,31,
31.8564,26,17,27,31,
31.8577,26,17,27,31,
31.8591,10,20,18,24,
31.8605,10,21,23,28,
31.8619,9,19,22,28,
31.8633,11,12,20,31,
31.8647,22,22,18,30,
31.8661,22,22,18,30,
31.8674,21,19,22,22,
31.8688,25,29,25,33,
31.8702,31,38,33,35,
31.8715,27,29,22,30,
31.8729,31,21,17,19,
31.8742,31,21,17,19,
31.8756,25,13,24,20,
31.877,18,15,27,21,
31.8784,17,8,25,25,
31.8798,-8,15,12,11,
31.8811,-8,15,12,11,
31.8825,2,16,8,14,
31.8838,14,23,15,26,
31.8851,27,34,28,21,
31.8865,29,43,24,20,
31.8879,19,35,28,17,
31.8891,19,35,28,17,
31.8906,13,22,29,28,
31.892,21,11,33,28,
31.8934,8,15,26,15,
31.8947,9,15,16,7,
31.8961,4,12,11,12,
31.8974,10,14,12,16,
31.8988,7,18,10,15,
31.9001,8,15,14,12,
31.9015,32,17,25,31,
31.9028,36,15,17,33,
31.9041,36,29,21,33,
31.9054,36,29,21,33,
31.9068,36,29,21,33,
31.9081,29,31,22,22,
31.9095,27,33,25,17,
31.9108,14,17,19,17,
31.9122,10,10,12,17,
31.9135,10,10,12,17,
31.9149,12,16,14,4,
31.9163,8,9,24,23,
31.9176,14,13,27,25,
31.919,24,27,22,24,
31.9203,29,28,24,24,
31.9217,37,24,28,28,
31.9231,37,24,28,28,
31.9244,29,29,33,23,
31.9257,21,14,32,21,
31.927,20,10,26,13,
31.9284,17,6,30,11,
31.9297,6,3,22,20,
31.931,3,11,7,28,
31.9324,13,9,12,26,
31.9338,12,13,11,19,
31.9352,22,24,28,25,
31.9365,22,24,28,25,
31.9378,27,25,32,19,
31.9392,34,32,33,28,
31.9405,24,26,32,26,
31.9419,24,26,32,26,
31.9433,25,25,33,19,
31.9446,25,25,33,19,
31.946,26,14,30,16,
31.9473,21,7,17,6,
31.9486,4,5,8,14,
31.95,11,18,15,20,
31.9514,6,18,30,24,
31.9527,10,20,29,33,
31.9541,19,28,21,29,
31.9554,29,24,28,22,
31.9568,32,37,32,26,
31.9581,32,37,32,26,
31.9594,33,28,37,30,
31.9608,33,28,37,30,
31.9621,18,12,17,30,
31.9635,13,14,23,28,
31.9648,7,26,21,23,
31.9661,2,7,16,20,
31.9675,7,2,17,20,
31.9689,7,2,17,20,
31.9702,18,10,27,29,
31.9715,17,23,32,21,
31.9729,33,34,38,25,
31.9742,38,36,34,25,
31.9756,37,29,33,26,
31.9769,37,29,33,26,
31.9783,27,22,31,28,
31.9796,7,23,24,24,
31.981,16,23,19,23,
31.9823,12,22,22,23,
31.9837,12,22,22,23,
31.9851,2,16,29,17,
31.9865,12,21,24,20,
31.9878,13,20,19,26,
31.9892,23,30,30,30,
31.9906,31,36,38,33,
31.9919,31,36,38,33,
31.9932,31,36,38,33,
31.9946,16,28,20,36,
31.996,13,16,19,25,
31.9973,11,17,20,18,
31.9986,12,10,19,9,
32,12,10,19,9,
32.0013,11,15,15,12,
32.0027,4,10,20,16,
32.0041,8,24,23,22,
32.0054,34,32,28,26,
32.0068,23,27,27,33,
32.0082,25,30,28,34,
32.0095,25,30,28,34,
32.0109,27,26,24,27,
32.0122,27,17,20,25,
32.0135,12,18,14,24,
32.015,9,12,16,25,
32.0164,9,12,16,25,
32.0178,-2,14,14,19,
32.0191,3,16,14,18,
32.0204,10,28,13,26,
32.0218,17,28,19,31,
32.0232,36,28,20,22,
32.0245,36,28,20,22,
32.0259,27,26,30,24,
32.0273,24,21,34,32,
32.0286,22,18,29,33,
32.03,10,24,33,30,
32.0313,0,24,26,22,
32.0327,4,24,22,25,
32.034,-4,16,19,32,
32.0354,-9,12,16,29,
32.0367,-4,13,24,15,
32.0381,21,34,23,26,
32.0394,46,30,32,24,
32.0408,46,30,32,24,
32.0422,38,23,33,22,
32.0436,39,27,27,30,
32.045,29,36,23,35,
32.0464,24,28,33,27,
32.0478,8,19,24,24,
32.0492,8,19,24,24,
32.0506,-1,18,19,27,
32.0519,5,12,17,20,
32.0532,5,12,17,20,
32.0546,15,16,17,19,
32.0559,15,18,21,23,
32.0572,17,26,30,24,
32.0586,24,38,31,23,
32.06,27,35,38,29,
32.0613,20,29,37,33,
32.0626,19,23,29,31,
32.064,22,10,12,26,
32.0653,13,10,10,24,
32.0666,13,10,10,24,
32.068,4,14,14,18,
32.0693,-11,10,21,21,
32.0706,-6,19,18,21,
32.0719,2,26,21,19,
32.0732,7,27,18,15,
32.0746,32,24,26,17,
32.076,32,24,26,17,
32.0773,27,26,35,22,
32.0787,27,23,34,22,
32.0801,17,18,20,28,
32.0814,18,22,14,26,
32.0827,19,11,12,18,
32.084,20,20,21,17,
32.0853,20,20,21,17,
32.0867,14,10,26,14,
32.0881,-1,19,22,13,
32.0894,11,18,21,23,
32.0908,20,24,23,28,
32.0921,37,38,34,34,
32.0934,37,38,34,34,
32.0948,38,29,33,26,
32.0961,39,39,37,23,
32.0975,22,45,30,20,
32.0989,22,26,22,16,
32.1003,15,12,18,12,
32.1017,1,8,18,17,
32.103,8,15,22,15,
32.1044,5,11,15,14,
32.1058,1,23,21,18,
32.1071,15,23,30,30,
32.1085,25,24,29,24,
32.1098,31,20,24,23,
32.1112,32,22,33,31,
32.1125,32,22,33,31,
32.1138,32,29,37,27,
32.1152,20,17,32,26,
32.1165,18,18,32,26,
32.1179,9,19,31,30,
32.1192,3,24,29,19,
32.1206,-9,18,15,14,
32.122,-5,22,15,8,
32.1233,6,27,19,21,
32.1247,25,27,13,18,
32.126,39,30,19,20,
32.1274,39,30,19,20,
32.1288,32,31,26,25,
32.1301,25,36,39,31,
32.1314,21,35,29,30,
32.1328,18,16,21,16,
32.1342,4,8,23,17,
32.1355,4,8,23,17,
32.1369,16,12,21,23,
32.1383,14,11,10,16,
32.1396,15,1,14,13,
32.141,14,19,19,17,
32.1423,14,19,19,17,
32.1437,14,19,19,17,
32.145,31,24,19,22,
32.1464,32,25,24,33,
32.1476,31,23,27,37,
32.149,27,29,34,30,
32.1503,26,30,41,23,
32.1517,19,20,36,24,
32.1531,1,19,18,30,
32.1545,15,20,9,26,
32.1558,0,9,16,16,
32.1571,5,3,18,10,
32.1584,10,12,18,12,
32.1598,10,12,18,12,
32.1612,20,22,20,17,
32.1625,31,21,21,20,
32.1639,28,41,30,35,
32.1652,20,40,28,28,
32.1665,35,24,28,24,
32.1679,27,20,29,24,
32.1692,20,21,24,20,
32.1706,13,16,26,21,
32.1719,20,20,31,20,
32.1732,-1,20,21,24,
32.1746,-12,11,9,27,
32.1759,1,9,14,19,
32.1773,4,27,27,29,
32.1786,28,22,38,32,
32.1799,28,26,44,30,
32.1813,32,29,46,20,
32.1826,17,31,27,24,
32.184,21,36,27,21,
32.1853,23,27,17,24,
32.1866,23,27,17,24,
32.188,24,29,11,30,
32.1893,9,22,12,26,
32.1907,12,20,17,13,
32.192,-5,16,27,8,
32.1934,-3,16,24,9,
32.1947,4,18,19,17,
32.1961,4,18,19,17,
32.1974,22,20,20,20,
32.1988,32,18,30,28,
32.2001,21,22,28,23,
32.2014,20,25,15,22,
32.2027,16,24,22,26,
32.2041,12,15,19,21,
32.2054,12,15,19,21,
32.2067,7,22,5,17,
32.2081,0,13,8,18,
32.2094,3,4,15,11,
32.2108,1,15,11,10,
32.2121,1,15,11,10,
32.2135,2,30,19,15,
32.2148,2,30,19,15,
32.2162,35,33,27,25,
32.2175,31,28,34,29,
32.2189,22,27,31,24,
32.2203,16,25,27,17,
32.2216,21,21,23,16,
32.223,17,16,21,25,
32.2243,-7,15,15,15,
32.2257,-6,9,15,15,
32.227,-1,10,19,10,
32.2284,3,19,17,21,
32.2297,16,30,16,27,
32.2311,16,30,16,27,
32.2324,17,29,27,34,
32.2338,34,31,37,31,
32.2352,25,36,34,20,
32.2365,28,31,26,16,
32.2378,26,32,24,19,
32.2392,11,21,21,18,
32.2406,9,17,24,11,
32.242,7,14,8,3,
32.2434,6,25,11,11,
32.2448,3,22,8,21,
32.2462,3,22,8,21,
32.2476,10,24,9,28,
32.249,33,34,12,37,
32.2504,22,28,22,25,
32.2518,29,32,25,29,
32.2531,36,26,33,25,
32.2545,31,23,25,32,
32.2558,13,18,25,36,
32.2572,-3,22,16,21,
32.2586,10,8,24,4,
32.26,10,8,24,4,
32.2613,8,4,20,11,
32.2627,0,8,17,11,
32.2641,17,14,25,14,
32.2654,19,22,29,25,
32.2668,33,26,36,23,
32.2682,41,27,36,28,
32.2695,34,25,26,29,
32.2709,24,23,25,32,
32.2722,13,16,16,25,
32.2736,18,18,18,22,
32.275,10,23,14,26,
32.2763,13,23,15,26,
32.2777,4,19,22,25,
32.2791,9,14,15,28,
32.2805,8,14,7,22,
32.2818,18,16,18,14,
32.2832,23,32,29,22,
32.2845,33,43,24,22,
32.2859,36,44,24,24,
32.2873,33,40,29,23,
32.2886,33,40,29,23,
32.29,20,31,24,32,
32.2913,20,31,24,32,
32.2926,15,23,27,22,
32.294,1,12,9,28,
32.2953,5,4,12,17,
32.2967,6,5,8,12,
32.298,9,15,16,26,
32.2994,32,27,19,25,
32.3008,33,23,25,26,
32.3021,30,26,28,22,
32.3035,46,32,38,37,
32.3048,33,29,36,33,
32.3062,33,29,36,33,
32.3075,28,22,25,31,
32.3089,24,19,16,24,
32.3103,24,15,21,23,
32.3116,1,13,20,17,
32.313,-4,16,23,21,
32.3143,-4,16,23,21,
32.3157,25,25,25,25,
32.3171,28,34,25,27,
32.3185,31,31,26,28,
32.3199,33,39,27,34,
32.3212,37,24,35,28,
32.3225,37,24,35,28,
32.3238,46,26,31,21,
32.3251,3,29,20,22,
32.3265,6,29,30,15,
32.3279,8,30,30,14,
32.3292,11,21,22,18,
32.3306,4,21,20,22,
32.332,8,19,21,30,
32.3333,16,23,21,19,
32.3346,25,25,30,18,
32.336,37,23,29,30,
32.3373,27,28,22,33,
32.3386,27,35,27,28,
32.3399,29,24,26,25,
32.3413,30,18,22,35,
32.3427,15,23,15,21,
32.344,4,9,19,21,
32.3454,10,3,22,28,
32.3467,6,-4,22,21,
32.3481,2,9,14,23,
32.3495,12,27,19,18,
32.3508,12,27,19,18,
32.3522,32,23,38,13,
32.3535,38,33,31,23,
32.3548,27,23,31,31,
32.3562,21,33,40,26,
32.3575,24,42,28,29,
32.3588,21,40,13,34,
32.3602,21,18,21,30,
32.3615,17,15,11,26,
32.3629,17,15,11,26,
32.3642,-4,8,20,18,
32.3656,5,12,23,18,
32.3669,7,15,19,28,
32.3682,9,17,16,29,
32.3696,21,16,23,29,
32.371,24,31,22,39,
32.3724,31,24,22,28,
32.3737,31,24,22,28,
32.3751,30,24,28,23,
32.3764,23,27,23,24,
32.3777,10,16,25,28,
32.379,10,16,25,28,
32.3803,13,16,25,22,
32.3817,13,16,25,22,
32.383,7,16,20,20,
32.3843,13,13,18,23,
32.3856,16,28,25,32,
32.387,24,31,17,38,
32.3884,24,31,17,38,
32.3897,27,34,39,41,
32.391,24,38,36,27,
32.3924,25,29,35,25,
32.3937,20,27,27,26,
32.3951,12,22,17,28,
32.3965,8,20,25,29,
32.3978,3,23,23,21,
32.3992,-2,22,11,8,
32.4005,7,20,15,12,
32.4018,7,20,15,12,
32.4032,11,22,17,29,
32.4045,28,31,31,35,
32.4059,38,25,35,36,
32.4072,41,37,37,31,
32.4085,31,29,31,24,
32.4099,21,17,30,27,
32.4113,21,17,30,27,
32.4126,6,8,25,26,
32.4139,7,9,23,23,
32.4153,15,8,21,23,
32.4166,8,10,17,21,
32.418,5,7,22,16,
32.4193,5,14,29,19,
32.4207,5,14,29,19,
32.4221,35,24,36,28,
32.4235,28,30,27,28,
32.4249,28,37,20,35,
32.4262,24,25,24,33,
32.4275,24,25,24,33,
32.4289,20,15,21,29,
32.4302,17,19,15,22,
32.4316,16,10,15,19,
32.4329,7,5,8,6,
32.4343,-4,8,15,4,
32.4356,-4,8,15,4,
32.437,0,15,18,8,
32.4384,15,19,25,21,
32.4397,30,35,26,39,
32.4411,32,41,31,37,
32.4425,32,41,31,37,
32.4439,42,41,38,22,
32.4453,27,25,28,27,
32.4469,18,20,24,22,
32.4483,5,14,20,19,
32.4497,4,17,18,21,
32.4511,-7,13,12,12,
32.4524,-1,23,8,12,
32.4538,-1,23,8,12,
32.4554,25,28,10,32,
32.4568,28,33,26,34,
32.4582,33,26,22,29,
32.4597,43,28,24,30,
32.4612,43,28,24,30,
32.4626,31,18,23,23,
32.4639,21,10,17,23,
32.4653,20,13,16,15,
32.4666,11,15,9,13,
32.468,2,1,14,18,
32.4693,2,5,14,14,
32.4707,2,5,14,14,
32.472,7,26,17,17,
32.4733,18,43,30,30,
32.4747,20,30,27,29,
32.476,31,24,23,34,
32.4774,30,21,23,28,
32.4787,31,16,29,23,
32.4801,31,16,29,23,
32.4814,24,15,22,19,
32.4828,13,12,30,19,
32.4843,1,24,29,27,
32.4856,-11,17,20,24,
32.487,-7,14,11,15,
32.4884,-4,14,16,16,
32.4897,22,19,23,21,
32.4911,31,28,25,32,
32.4924,31,28,25,32,
32.4937,38,39,30,26,
32.4951,38,39,30,26,
32.4964,25,30,27,32,
32.4977,13,22,23,34,
32.4991,11,21,26,32,
32.5004,10,19,30,29,
32.5017,6,11,20,19,
32.5031,13,15,9,9,
32.5044,6,13,7,13,
32.5058,7,21,16,15,
32.5072,29,24,25,21,
32.5085,30,27,26,24,
32.5099,30,27,26,24,
32.5113,30,27,26,24,
32.5126,36,24,23,25,
32.514,35,27,33,27,
32.5154,34,30,27,35,
32.5168,6,25,28,30,
32.5181,5,16,24,21,
32.5195,5,16,24,21,
32.5209,-3,7,21,26,
32.5222,3,17,19,15,
32.5236,17,19,26,15,
32.5249,38,25,27,25,
32.5262,37,33,20,23,
32.5275,37,33,20,23,
32.5288,27,30,24,22,
32.5302,33,31,28,29,
32.5315,24,20,32,21,
32.5329,17,13,15,23,
32.5342,14,25,7,26,
32.5356,8,15,17,26,
32.537,6,7,18,15,
32.5383,0,1,15,7,
32.5397,10,4,24,25,
32.5411,14,9,20,32,
32.5424,14,9,20,32,
32.5438,20,14,28,27,
32.5452,26,16,36,19,
32.5466,35,24,31,19,
32.5479,32,25,29,30,
32.5492,33,14,23,24,
32.5505,25,10,20,24,
32.5518,18,19,19,25,
32.5531,20,12,23,24,
32.5545,3,7,27,18,
32.5558,-3,1,18,10,
32.5571,-10,4,18,16,
32.5585,2,1,17,17,
32.5598,28,19,26,18,
32.5611,28,19,26,18,
32.5625,32,22,17,25,
32.5639,36,24,25,28,
32.5652,43,32,28,32,
32.5666,12,15,29,24,
32.568,15,3,21,19,
32.5693,15,3,21,19,
32.5707,14,10,21,24,
32.5721,14,10,21,24,
32.5734,6,19,15,20,
32.5748,1,22,9,15,
32.5761,27,23,18,19,
32.5774,27,23,18,19,
32.5788,39,20,21,23,
32.5801,40,32,30,23,
32.5814,33,29,27,29,
32.5828,27,14,26,27,
32.5841,21,19,23,32,
32.5855,15,21,19,32,
32.5868,15,21,19,32,
32.5881,7,15,27,17,
32.5894,7,8,17,10,
32.5907,6,10,20,28,
32.592,2,18,21,18,
32.5934,4,26,19,16,
32.5947,12,20,33,28,
32.5961,15,22,31,26,
32.5974,20,23,26,16,
32.5988,33,25,25,27,
32.6002,23,25,23,27,
32.6016,23,25,23,27,
32.603,7,24,26,16,
32.6044,9,18,28,13,
32.6058,9,18,28,13,
32.6072,11,20,21,18,
32.6085,0,14,21,22,
32.6098,0,14,21,22,
32.6112,14,8,23,17,
32.6126,15,32,26,33,
32.6139,25,31,28,33,
32.6153,31,29,25,31,
32.6167,24,32,29,26,
32.618,29,38,34,24,
32.6193,35,34,25,24,
32.6207,24,15,17,20,
32.622,9,5,10,19,
32.6234,1,17,20,17,
32.6248,-9,14,18,15,
32.6261,0,14,17,13,
32.6275,16,21,14,19,
32.6289,11,28,26,17,
32.6303,25,39,26,25,
32.6317,31,38,28,31,
32.633,38,36,31,29,
32.6344,29,33,31,34,
32.6358,21,18,24,37,
32.6371,13,15,26,30,
32.6385,12,13,26,29,
32.64,14,16,14,34,
32.6414,15,13,15,23,
32.6428,17,4,24,15,
32.6441,8,15,24,22,
32.6454,16,15,19,18,
32.6468,25,14,18,22,
32.6482,27,26,21,21,
32.6495,27,26,21,21,
32.6509,29,28,22,23,
32.6523,32,30,23,23,
32.6536,32,30,23,23,
32.655,21,14,23,27,
32.6564,8,5,21,13,
32.6578,8,5,21,13,
32.6592,8,18,17,14,
32.6606,4,8,21,20,
32.6619,8,15,30,21,
32.6634,19,15,19,32,
32.6647,30,31,30,28,
32.6661,30,31,30,28,
32.6675,42,35,28,37,
32.6689,42,35,28,37,
32.6703,38,29,23,29,
32.6716,26,26,22,23,
32.6729,21,19,14,23,
32.6743,15,11,12,19,
32.6756,15,11,12,19,
32.677,-5,14,17,18,
32.6783,0,13,19,30,
32.6796,18,22,28,34,
32.681,27,20,27,31,
32.6824,32,17,24,27,
32.6838,24,25,28,26,
32.6851,24,25,28,26,
32.6865,30,31,23,27,
32.6879,26,35,21,29,
32.6892,14,33,33,27,
32.6906,5,19,34,19,
32.6919,15,22,25,12,
32.6933,8,21,27,7,
32.6947,1,9,21,5,
32.696,15,10,20,17,
32.6974,27,9,21,30,
32.6989,38,27,19,33,
32.7002,38,39,21,31,
32.7016,38,39,21,31,
32.7029,43,32,30,22,
32.7043,22,30,17,22,
32.7056,16,26,21,31,
32.707,10,17,14,25,
32.7083,3,23,10,26,
32.7097,4,24,17,28,
32.7111,5,10,27,16,
32.7124,17,7,31,12,
32.7137,17,7,31,12,
32.7151,11,24,32,21,
32.7165,28,32,27,29,
32.7178,31,36,25,35,
32.7192,43,35,24,34,
32.7206,48,26,37,17,
32.7219,27,24,29,18,
32.7233,18,25,27,17,
32.7247,18,25,27,17,
32.7261,17,13,25,7,
32.7275,4,9,21,20,
32.7288,1,15,20,22,
32.7301,1,18,21,25,
32.7316,1,18,21,25,
32.7329,7,24,29,22,
32.7343,24,23,28,15,
32.7356,25,17,30,22,
32.737,40,26,30,30,
32.7383,24,35,24,30,
32.7397,11,35,20,20,
32.741,11,35,20,20,
32.7423,9,19,23,24,
32.7437,1,15,21,21,
32.7451,2,8,27,26,
32.7465,2,8,27,26,
32.7479,4,12,17,24,
32.7492,20,17,12,27,
32.7506,20,17,12,27,
32.7519,30,21,19,33,
32.7533,37,22,24,29,
32.7546,45,22,29,31,
32.756,31,31,26,23,
32.7573,31,31,26,23,
32.7587,25,23,21,28,
32.7601,17,17,27,26,
32.7615,10,4,14,15,
32.7629,9,-1,23,10,
32.7643,9,-1,23,10,
32.7656,1,14,28,17,
32.767,10,28,27,18,
32.7683,30,33,34,15,
32.7697,32,28,21,24,
32.7711,41,30,26,23,
32.7724,22,36,30,33,
32.7738,31,26,37,29,
32.7752,27,16,22,27,
32.7765,4,22,22,23,
32.7779,6,13,20,25,
32.7793,0,15,20,17,
32.7806,0,15,20,17,
32.7819,0,15,20,17,
32.7833,11,6,18,13,
32.7846,10,18,24,19,
32.7859,24,22,28,26,
32.7873,31,29,28,36,
32.7887,31,29,28,36,
32.79,31,31,26,30,
32.7913,16,20,34,29,
32.7927,11,23,25,32,
32.794,10,23,19,23,
32.7953,0,24,27,14,
32.7966,-3,22,24,11,
32.798,-3,22,24,11,
32.7994,-3,18,22,12,
32.8007,8,19,11,21,
32.802,17,20,12,34,
32.8033,31,20,21,35,
32.8047,31,20,21,35,
32.806,47,25,19,35,
32.8073,44,17,25,31,
32.8087,40,19,32,32,
32.8099,23,24,36,31,
32.8113,6,23,17,26,
32.8127,6,23,17,26,
32.814,12,10,17,17,
32.8153,2,3,19,20,
32.8167,-6,15,17,22,
32.818,4,18,20,31,
32.8194,12,25,31,30,
32.8207,30,38,25,25,
32.822,30,38,25,25,
32.8234,39,37,25,25,
32.8247,37,21,23,29,
32.826,28,14,25,32,
32.8274,30,22,30,31,
32.8288,30,22,30,31,
32.8301,19,13,25,20,
32.8315,8,11,20,9,
32.8328,-3,25,18,4,
32.8341,-8,17,22,10,
32.8355,16,28,22,22,
32.8368,24,29,27,29,
32.8381,24,29,27,29,
32.8395,35,15,41,23,
32.8409,30,16,40,29,
32.8423,18,26,33,27,
32.8436,19,26,23,27,
32.845,19,26,23,27,
32.8463,19,26,23,27,
32.8477,23,16,12,23,
32.8491,16,10,22,28,
32.8504,6,0,22,31,
32.8518,6,18,21,15,
32.8532,6,18,21,15,
32.8546,21,19,29,20,
32.856,27,23,29,38,
32.8573,33,25,30,38,
32.8587,33,26,38,35,
32.86,27,32,34,31,
32.8613,15,28,24,31,
32.8627,15,28,24,31,
32.8641,6,17,20,21,
32.8654,13,19,35,25,
32.8668,3,14,29,28,
32.8682,4,17,22,19,
32.8695,12,27,24,13,
32.8709,22,30,25,19,
32.8722,28,25,23,33,
32.8736,25,26,17,36,
32.875,34,26,28,24,
32.8763,41,36,37,28,
32.8777,25,19,39,20,
32.8791,17,19,29,28,
32.8804,17,19,29,28,
32.8818,11,19,17,30,
32.8832,-2,19,18,18,
32.8845,-7,15,18,22,
32.8859,-7,15,18,22,
32.8872,3,12,21,29,
32.8885,11,11,21,30,
32.8899,18,30,30,31,
32.8912,18,30,30,31,
32.8926,26,22,34,26,
32.8939,30,32,39,31,
32.8953,31,38,28,28,
32.8966,11,35,16,26,
32.898,9,32,20,23,
32.8993,15,30,16,22,
32.9007,2,14,7,19,
32.9021,12,12,10,13,
32.9034,12,12,10,13,
32.9048,4,14,11,23,
32.9061,18,34,17,26,
32.9075,18,34,17,26,
32.9088,20,32,20,31,
32.9101,44,38,26,24,
32.9114,44,38,26,24,
32.9128,38,36,31,26,
32.9142,27,27,31,33,
32.9155,19,21,17,25,
32.9168,6,28,17,15,
32.9184,-2,27,9,12,
32.9198,4,20,5,12,
32.9212,12,17,10,14,
32.9226,17,30,24,33,
32.9239,26,28,38,29,
32.9253,26,28,38,29,
32.9266,21,30,40,20,
32.928,31,25,42,24,
32.9293,36,31,32,36,
32.9307,24,29,24,40,
32.9321,11,34,30,19,
32.9335,16,18,31,21,
32.9348,16,18,31,21,
32.9362,-3,4,13,11,
32.9375,-10,8,14,7,
32.9389,-1,18,14,16,
32.9402,14,30,26,26,
32.9415,35,35,39,31,
32.9429,35,35,39,31,
32.9442,43,39,38,23,
32.9456,39,22,18,36,
32.947,33,20,25,34,
32.9484,18,19,26,33,
32.9497,5,24,20,18,
32.9511,-1,11,16,14,
32.9524,0,16,24,10,
32.9538,-14,23,27,15,
32.9552,-11,23,29,14,
32.9565,4,24,27,21,
32.9579,10,18,21,29,
32.9593,10,18,21,29,
32.9607,36,23,20,32,
32.962,38,30,27,26,
32.9634,24,31,26,33,
32.9648,32,32,29,30,
32.9661,26,35,28,20,
32.9675,13,24,23,19,
32.9689,4,14,14,20,
32.9703,1,20,26,23,
32.9717,-3,15,27,18,
32.9731,-6,14,28,10,
32.9745,-6,14,28,10,
32.9758,16,24,27,20,
32.9772,22,32,33,24,
32.9785,27,32,28,24,
32.9799,26,44,36,27,
32.9812,26,44,23,26,
32.9825,19,39,15,15,
32.9838,16,32,13,22,
32.9852,13,26,10,31,
32.9865,9,17,16,32,
32.9878,-5,15,18,32,
32.9891,-8,11,15,17,
32.9905,1,14,7,10,
32.9919,-3,20,14,17,
32.9932,-3,20,14,17,
32.9946,37,16,36,21,
32.9959,38,31,33,23,
32.9972,47,40,33,24,
32.9985,31,44,27,32,
32.9998,31,44,27,32,
33.0011,21,32,30,36,
33.0025,9,29,29,23,
33.0039,-4,14,16,18,
33.0052,-5,20,13,11,
33.0065,-5,20,13,11,
33.0079,-4,7,17,23,
33.0093,-4,7,17,23,
33.0106,5,11,23,34,
33.012,24,26,30,22,
33.0133,27,34,37,27,
33.0147,27,35,36,34,
33.0161,29,29,33,34,
33.0174,20,24,28,37,
33.0188,20,24,28,37,
33.0201,13,21,29,36,
33.0215,-3,14,31,16,
33.0228,-12,7,23,20,
33.0242,-4,9,18,28,
33.0255,7,5,24,23,
33.0269,5,10,22,26,
33.0283,25,21,26,27,
33.0296,27,23,31,24,
33.031,39,40,27,32,
33.0324,32,29,26,38,
33.0338,14,25,22,33,
33.0351,14,25,22,33,
33.0364,26,24,18,26,
33.0378,12,24,17,26,
33.0392,1,13,20,24,
33.0406,3,8,10,31,
33.0419,5,14,19,21,
33.0433,13,17,17,16,
33.0447,28,14,25,16,
33.0461,24,23,39,28,
33.0475,30,29,28,25,
33.0489,40,29,24,28,
33.0502,40,29,24,28,
33.0516,29,25,19,29,
33.053,17,33,30,24,
33.0544,14,30,24,16,
33.0558,3,22,32,4,
33.0572,-11,20,21,6,
33.0586,-7,14,20,9,
33.06,10,24,21,23,
33.0613,10,24,21,23,
33.0627,10,24,21,23,
33.0641,25,24,29,26,
33.0654,25,24,24,22,
33.0668,22,32,30,23,
33.0682,25,32,30,21,
33.0695,13,25,24,28,
33.0709,13,25,24,28,
33.0723,16,17,28,22,
33.0736,2,5,19,28,
33.075,2,5,19,28,
33.0764,-5,6,22,23,
33.0777,5,16,24,27,
33.0791,19,29,26,30,
33.0804,19,29,26,30,
33.0818,36,39,29,26,
33.0831,44,34,32,26,
33.0845,34,21,34,25,
33.0858,23,22,24,18,
33.0872,23,22,24,18,
33.0885,12,29,15,19,
33.0899,12,29,15,19,
33.0913,5,22,13,20,
33.0927,6,26,13,13,
33.094,10,23,15,11,
33.0954,23,17,9,30,
33.0968,23,17,9,30,
33.0982,30,29,23,22,
33.0995,40,23,39,32,
33.1009,46,23,37,39,
33.1023,34,32,33,38,
33.1036,15,34,28,36,
33.105,12,25,22,28,
33.1064,12,25,22,28,
33.1077,6,20,27,19,
33.1091,9,8,15,13,
33.1105,9,7,19,12,
33.1119,12,21,26,22,
33.1132,28,18,25,27,
33.1146,28,18,25,27,
33.116,32,25,21,37,
33.1173,23,20,23,33,
33.1187,29,26,28,29,
33.1201,31,18,32,33,
33.1214,18,16,25,23,
33.1228,18,11,26,13,
33.1242,18,11,26,13,
33.1255,-4,25,16,8,
33.1269,-13,18,4,7,
33.1282,-3,12,20,10,
33.1296,13,6,30,20,
33.1311,29,16,29,22,
33.1325,37,20,20,16,
33.1339,32,18,16,11,
33.1352,40,29,30,15,
33.1366,46,37,39,26,
33.138,37,20,36,16,
33.1393,26,26,24,10,
33.1407,11,20,14,11,
33.1421,13,17,16,7,
33.1434,10,6,18,3,
33.1448,10,6,18,3,
33.1461,12,7,23,15,
33.1475,8,19,17,18,
33.1488,12,26,20,22,
33.1502,12,26,20,22,
33.1516,31,28,21,20,
33.1529,44,34,22,25,
33.1542,34,30,17,35,
33.1556,18,29,26,36,
33.157,0,25,26,19,
33.1583,0,25,26,19,
33.1598,13,11,24,16,
33.1611,9,4,12,26,
33.1625,6,0,6,18,
33.1638,4,15,22,14,
33.1652,4,23,38,26,
33.1665,4,23,38,26,
33.1679,25,28,39,36,
33.1692,37,32,42,36,
33.1705,28,35,42,26,
33.1719,19,39,35,25,
33.1732,18,30,37,29,
33.1745,14,25,34,26,
33.1759,14,25,34,26,
33.1772,6,25,30,19,
33.1785,2,32,22,13,
33.1799,3,19,21,8,
33.1812,7,13,14,13,
33.1826,7,13,14,13,
33.1839,37,19,35,16,
33.1852,39,17,29,32,
33.1865,36,16,24,29,
33.1878,33,25,27,23,
33.1891,18,22,25,19,
33.1905,18,22,25,19,
33.1918,23,11,18,27,
33.1931,12,10,10,36,
33.1945,4,10,15,24,
33.1959,2,14,25,19,
33.1972,4,18,21,11,
33.1986,5,15,10,11,
33.1999,-1,11,23,19,
33.2012,6,25,25,18,
33.2025,24,29,31,30,
33.2038,44,32,36,40,
33.2052,39,40,32,35,
33.2064,39,40,32,35,
33.2078,44,38,30,24,
33.2092,42,37,29,24,
33.2106,19,29,24,32,
33.2119,20,16,17,13,
33.2133,16,3,19,16,
33.2146,12,20,10,15,
33.216,9,22,8,14,
33.2173,23,21,21,23,
33.2186,24,35,22,25,
33.2199,24,33,31,23,
33.2212,37,27,33,32,
33.2226,37,27,33,32,
33.224,44,22,33,32,
33.2253,43,12,31,35,
33.2266,33,16,31,29,
33.228,10,22,30,20,
33.2293,6,28,23,15,
33.2306,-10,15,19,17,
33.232,5,19,19,16,
33.2333,5,19,19,16,
33.2347,17,20,10,25,
33.236,17,20,10,25,
33.2373,35,25,21,28,
33.2387,37,29,23,26,
33.2401,36,19,24,30,
33.2414,36,19,24,30,
33.2428,26,19,23,29,
33.2441,21,30,20,26,
33.2455,17,32,20,22,
33.2468,10,25,20,21,
33.2482,15,11,16,17,
33.2495,5,8,24,20,
33.2509,13,3,21,19,
33.2522,13,3,21,19,
33.2535,27,22,14,29,
33.2549,23,27,31,27,
33.2562,34,30,43,35,
33.2575,29,37,37,40,
33.259,36,32,35,34,
33.2603,28,19,32,27,
33.2617,10,20,29,25,
33.2631,4,22,20,28,
33.2645,6,23,21,26,
33.2657,10,13,19,15,
33.2671,10,13,19,15,
33.2685,14,14,19,17,
33.2698,27,22,20,28,
33.2711,27,37,26,31,
33.2725,29,30,26,22,
33.2738,47,28,31,26,
33.2751,47,28,31,26,
33.2765,38,24,23,24,
33.2779,27,14,19,15,
33.2793,16,13,16,12,
33.2807,15,23,23,28,
33.282,15,23,23,28,
33.2834,1,14,22,24,
33.2848,5,4,22,23,
33.2861,5,14,17,21,
33.2875,19,11,17,30,
33.2889,19,29,18,18,
33.2902,26,38,22,29,
33.2917,26,38,22,29,
33.293,30,30,26,27,
33.2944,27,33,26,24,
33.2957,11,32,22,25,
33.2971,5,18,26,27,
33.2985,5,22,28,25,
33.2998,9,19,29,19,
33.3012,9,19,29,19,
33.3025,11,22,23,17,
33.3039,14,18,26,20,
33.3052,25,29,29,24,
33.3065,41,31,25,29,
33.3079,39,28,22,30,
33.3093,39,36,26,30,
33.3107,30,35,27,25,
33.3121,30,33,29,21,
33.3135,24,23,27,18,
33.3149,16,23,25,23,
33.3162,16,23,25,23,
33.3176,18,16,15,24,
33.3189,0,14,17,12,
33.3203,0,17,19,12,
33.3216,14,24,18,17,
33.323,14,24,18,17,
33.3244,25,25,18,32,
33.3257,37,39,22,32,
33.3271,41,44,23,35,
33.3285,18,25,26,29,
33.3298,20,20,19,23,
33.3312,20,20,19,23,
33.3325,22,28,29,17,
33.3339,22,28,29,17,
33.3353,13,27,28,19,
33.3366,-8,6,12,29,
33.338,3,12,19,24,
33.3394,3,12,19,24,
33.3408,35,22,26,22,
33.3421,39,25,33,28,
33.3434,49,29,29,23,
33.3448,33,23,28,27,
33.3461,30,28,28,32,
33.3475,24,21,21,30,
33.3489,15,27,24,31,
33.3502,18,31,25,21,
33.3516,1,22,15,24,
33.353,-14,21,9,20,
33.3543,-1,24,13,18,
33.3557,15,16,22,22,
33.3571,20,15,17,20,
33.3585,40,20,23,18,
33.3599,54,30,20,33,
33.3612,34,37,22,33,
33.3626,34,43,23,35,
33.3639,21,41,24,28,
33.3652,7,42,30,31,
33.3666,7,42,30,31,
33.3679,0,13,29,16,
33.3693,-4,17,31,18,
33.3706,10,8,26,23,
33.372,10,8,26,23,
33.3733,11,24,22,17,
33.3747,16,26,20,14,
33.376,24,20,17,23,
33.3773,39,29,27,19,
33.3787,39,29,27,19,
33.3801,25,39,29,19,
33.3814,23,39,22,23,
33.3827,27,25,26,29,
33.384,15,23,23,23,
33.3853,9,21,29,23,
33.3867,11,12,7,10,
33.388,11,12,7,10,
33.3893,6,21,13,10,
33.3907,13,18,26,9,
33.392,40,31,37,21,
33.3934,37,34,29,35,
33.3947,33,43,24,33,
33.396,33,32,27,35,
33.3973,31,26,33,28,
33.3986,34,22,25,25,
33.3999,34,22,25,25,
33.4013,20,20,25,29,
33.4026,9,24,24,32,
33.4039,1,14,29,35,
33.4053,-10,18,21,22,
33.4066,-1,14,18,14,
33.4079,12,9,23,17,
33.4092,22,15,20,19,
33.4106,22,34,27,21,
33.4119,31,28,27,24,
33.4133,40,33,31,27,
33.4147,22,22,21,31,
33.416,29,12,21,30,
33.4173,29,12,21,30,
33.4187,9,27,21,21,
33.42,6,24,21,25,
33.4213,7,21,20,28,
33.4227,-2,14,20,22,
33.424,-5,5,13,27,
33.4254,20,38,16,23,
33.4268,20,38,16,23,
33.4281,25,47,17,23,
33.4294,33,33,31,35,
33.4308,33,33,31,35,
33.4321,30,30,33,34,
33.4335,33,18,29,24,
33.4348,30,11,30,25,
33.4362,30,11,30,25,
33.4375,11,13,26,19,
33.4389,11,13,29,9,
33.4402,3,20,28,10,
33.4416,7,21,21,16,
33.443,15,22,14,27,
33.4443,15,22,14,27,
33.4457,16,34,12,33,
33.4471,34,33,31,22,
33.4485,49,36,45,28,
33.4498,48,34,42,32,
33.4512,12,24,19,25,
33.4526,12,24,19,25,
33.454,16,20,18,22,
33.4554,6,10,19,21,
33.4567,5,14,22,7,
33.4581,4,11,25,3,
33.4595,7,13,17,12,
33.4609,9,20,17,27,
33.4623,33,20,32,35,
33.4637,25,32,32,33,
33.4651,20,30,33,32,
33.4665,21,27,26,32,
33.4679,20,38,23,31,
33.4693,18,36,20,34,
33.4707,16,27,19,22,
33.472,7,22,14,30,
33.4734,2,17,19,21,
33.4747,6,7,14,14,
33.4761,12,15,10,9,
33.4774,12,15,10,9,
33.4788,23,26,18,20,
33.4801,38,33,33,25,
33.4815,26,38,42,32,
33.4829,21,42,39,34,
33.4843,30,45,32,25,
33.4856,19,24,36,25,
33.487,20,29,33,18,
33.4883,10,16,33,15,
33.4896,4,10,27,20,
33.4909,4,1,27,16,
33.4923,4,1,27,16,
33.4937,-2,-5,19,19,
33.495,4,7,14,29,
33.4964,13,17,11,29,
33.4978,20,22,14,35,
33.4991,37,42,22,22,
33.5005,18,40,22,17,
33.5019,13,23,28,9,
33.5033,16,18,24,8,
33.5046,16,16,22,12,
33.506,16,16,22,12,
33.5074,16,11,11,24,
33.5087,12,3,11,16,
33.5101,3,11,8,17,
33.5114,15,26,25,34,
33.5128,15,26,25,34,
33.5141,34,26,32,31,
33.5155,41,29,32,27,
33.5169,23,24,32,24,
33.5182,23,24,32,24,
33.5196,15,20,34,25,
33.521,21,16,28,33,
33.5224,21,16,28,33,
33.5237,4,13,21,29,
33.5251,-4,22,13,28,
33.5265,0,8,15,15,
33.5278,4,16,23,15,
33.5291,22,21,29,14,
33.5305,18,25,28,15,
33.5319,14,20,32,24,
33.5333,34,21,32,29,
33.5346,32,28,28,28,
33.536,16,25,23,23,
33.5373,20,25,22,24,
33.5386,13,22,12,32,
33.54,6,13,9,22,
33.5413,4,13,17,24,
33.5427,0,22,26,17,
33.544,3,10,12,19,
33.5453,7,9,23,19,
33.5467,7,9,23,19,
33.5481,14,31,36,31,
33.5494,14,31,36,31,
33.5508,25,27,42,30,
33.5521,35,39,39,25,
33.5535,29,35,37,27,
33.5548,24,27,23,27,
33.5561,24,27,23,27,
33.5574,17,3,17,17,
33.5588,2,10,22,15,
33.5601,2,18,15,9,
33.5614,3,29,15,16,
33.5627,3,29,15,16,
33.564,3,29,15,16,
33.5654,17,19,21,31,
33.5667,36,36,34,25,
33.5681,40,33,24,21,
33.5695,30,28,17,34,
33.5708,29,22,20,19,
33.5722,29,22,20,19,
33.5735,21,19,21,29,
33.5749,17,16,24,25,
33.5762,21,9,23,25,
33.5775,14,6,9,27,
33.5789,16,16,7,28,
33.5802,16,16,7,28,
33.5816,18,12,22,17,
33.5829,28,17,26,9,
33.5842,21,30,32,23,
33.5856,33,36,40,33,
33.5869,31,23,31,38,
33.5882,27,17,27,33,
33.5896,13,22,24,36,
33.591,21,24,23,25,
33.5923,8,20,13,20,
33.5937,3,-2,12,23,
33.595,3,-2,12,23,
33.5964,-1,-4,15,26,
33.5977,-1,-4,15,26,
33.5991,16,25,24,24,
33.6004,39,27,36,30,
33.6018,27,25,24,29,
33.6031,34,24,32,38,
33.6045,27,26,24,31,
33.6058,27,26,24,31,
33.6072,16,27,25,26,
33.6086,4,25,29,30,
33.61,4,25,29,30,
33.6114,-9,4,17,15,
33.6127,-3,8,20,11,
33.6141,-3,8,20,11,
33.6154,7,13,20,8,
33.6168,8,28,21,10,
33.6181,21,36,18,23,
33.6195,31,38,24,30,
33.6209,42,20,25,30,
33.6222,42,20,25,30,
33.6236,33,23,22,28,
33.625,6,17,16,27,
33.6264,6,17,16,27,
33.6278,4,21,17,25,
33.6291,-3,19,23,23,
33.6305,-3,19,23,23,
33.6319,-1,9,24,15,
33.6332,20,12,21,17,
33.6346,19,18,35,21,
33.6359,40,31,35,28,
33.6372,46,35,38,32,
33.6386,45,29,38,38,
33.64,30,23,29,34,
33.6413,22,25,28,29,
33.6427,19,29,18,28,
33.6441,9,33,23,21,
33.6455,4,23,32,28,
33.6468,-1,9,31,27,
33.6482,6,10,16,29,
33.6495,0,11,9,29,
33.6509,3,20,15,23,
33.6522,21,34,24,26,
33.6535,21,34,24,26,
33.6549,36,37,31,31,
33.6563,33,39,23,34,
33.6577,28,29,16,23,
33.6591,19,18,14,28,
33.6605,14,11,8,24,
33.6618,14,11,8,24,
33.6632,15,28,18,21,
33.6645,7,22,27,13,
33.6659,10,21,24,17,
33.6673,14,24,21,15,
33.6686,19,26,29,22,
33.67,19,26,29,22,
33.6714,19,33,23,24,
33.6727,35,36,35,33,
33.6741,26,31,30,23,
33.6755,26,31,30,23,
33.6768,14,24,31,17,
33.6782,16,13,22,18,
33.6796,16,13,22,18,
33.6809,17,8,26,20,
33.6823,-4,13,12,17,
33.6837,5,21,13,13,
33.685,11,25,16,10,
33.6863,20,20,18,15,
33.6877,26,23,29,17,
33.689,28,29,25,29,
33.6903,35,31,29,33,
33.6917,41,23,27,29,
33.6931,30,21,19,22,
33.6944,22,30,17,29,
33.6958,21,26,12,23,
33.6971,18,22,9,26,
33.6985,15,14,9,24,
33.6999,6,7,4,17,
33.7013,3,26,14,13,
33.7026,11,33,19,12,
33.704,20,24,26,21,
33.7053,20,24,26,21,
33.7066,17,31,22,22,
33.708,42,24,31,31,
33.7093,35,28,22,21,
33.7106,26,22,20,23,
33.712,26,22,20,23,
33.7133,8,16,16,25,
33.7147,-3,11,20,23,
33.716,-7,7,18,24,
33.7174,-2,7,8,19,
33.7187,-2,9,7,17,
33.7201,6,19,9,16,
33.7215,6,19,9,16,
33.7229,30,35,24,31,
33.7242,32,25,29,24,
33.7256,25,37,23,24,
33.7269,29,40,23,33,
33.7283,31,32,29,37,
33.7297,18,14,28,27,
33.731,25,18,8,28,
33.7324,11,27,13,20,
33.7337,-3,9,6,17,
33.735,-3,9,6,17,
33.7364,12,27,22,25,
33.7377,17,29,20,27,
33.7391,17,33,31,33,
33.7404,23,28,33,28,
33.7418,31,24,23,33,
33.7432,35,23,16,26,
33.7445,35,23,16,26,
33.7459,15,31,16,20,
33.7472,12,29,18,12,
33.7486,19,28,21,8,
33.75,11,9,20,15,
33.7513,11,9,20,15,
33.7527,6,12,11,19,
33.754,-6,26,16,24,
33.7553,5,19,25,28,
33.7567,26,29,36,32,
33.758,22,40,36,29,
33.7595,46,34,33,34,
33.7608,46,34,33,34,
33.7622,41,26,27,25,
33.7635,21,22,19,23,
33.7649,7,25,28,22,
33.7662,0,17,18,29,
33.7676,-8,17,6,32,
33.7689,-8,17,6,32,
33.7702,-8,17,6,32,
33.7716,12,16,28,22,
33.773,23,23,31,20,
33.7743,26,35,38,16,
33.7756,29,29,38,18,
33.777,36,30,44,22,
33.7784,24,30,40,22,
33.7797,28,14,32,19,
33.7811,8,20,27,35,
33.7824,2,21,29,33,
33.7838,11,20,19,33,
33.7851,11,20,19,33,
33.7865,12,5,14,23,
33.7878,9,7,14,10,
33.7891,-1,15,14,14,
33.7905,18,25,37,15,
33.7918,29,26,37,16,
33.7931,33,29,35,28,
33.7945,33,24,34,25,
33.7958,36,29,31,25,
33.7971,26,20,26,20,
33.7985,26,20,26,20,
33.7999,13,14,30,22,
33.8012,11,14,24,21,
33.8025,4,13,17,19,
33.8039,-4,5,14,15,
33.8052,-8,6,14,10,
33.8066,1,17,19,7,
33.8079,13,14,18,12,
33.8092,28,22,25,25,
33.8106,28,22,25,25,
33.8121,28,21,27,32,
33.8134,28,33,30,23,
33.8148,18,22,20,28,
33.8162,18,22,20,28,
33.8175,-2,19,26,34,
33.8188,-2,19,26,34,
33.8202,4,22,19,30,
33.8216,-5,18,21,23,
33.8229,5,22,19,30,
33.8243,17,24,14,27,
33.8256,29,25,19,32,
33.827,29,36,21,29,
33.8284,25,35,33,25,
33.8297,27,28,33,25,
33.8311,23,30,31,23,
33.8325,23,30,31,23,
33.8339,17,14,26,30,
33.8352,13,11,12,29,
33.8367,16,12,10,24,
33.838,8,11,6,23,
33.8394,-5,7,3,16,
33.8408,15,20,18,15,
33.8421,15,20,18,15,
33.8435,31,29,29,28,
33.8449,43,27,25,19,
33.8463,42,37,27,30,
33.8477,28,29,19,20,
33.8491,28,29,19,20,
33.8505,21,26,22,21,
33.8519,14,20,19,21,
33.8532,16,13,13,28,
33.8545,17,22,17,33,
33.8559,12,15,10,23,
33.8573,0,18,23,11,
33.8587,12,14,19,18,
33.8601,20,31,22,24,
33.8615,20,31,22,24,
33.8628,17,38,23,32,
33.8642,21,36,28,28,
33.8655,25,31,28,32,
33.8668,28,26,22,22,
33.8682,22,19,26,23,
33.8695,15,24,18,31,
33.8709,16,18,22,25,
33.8723,-5,10,28,17,
33.8736,14,13,8,18,
33.875,14,13,8,18,
33.8763,13,14,14,21,
33.8776,26,16,27,18,
33.879,33,23,31,30,
33.8804,38,31,36,32,
33.8817,35,41,40,34,
33.883,21,30,26,28,
33.8844,20,13,32,30,
33.8858,19,18,28,23,
33.8871,9,21,21,27,
33.8884,2,12,21,27,
33.8898,2,12,21,27,
33.8912,-5,3,18,26,
33.8926,-2,18,22,12,
33.894,17,20,31,21,
33.8953,19,25,37,31,
33.8967,20,25,33,31,
33.898,27,26,32,32,
33.8994,29,30,35,31,
33.9008,25,37,23,28,
33.9022,25,27,18,25,
33.9035,25,27,18,25,
33.9049,20,24,13,21,
33.9063,17,19,18,15,
33.9076,7,22,18,9,
33.909,12,19,25,12,
33.9104,13,17,22,21,
33.9117,26,22,27,19,
33.9131,28,33,31,18,
33.9144,31,35,30,30,
33.9158,36,40,26,26,
33.9171,29,30,22,31,
33.9185,18,24,25,33,
33.9199,23,13,20,29,
33.9211,25,22,22,22,
33.9224,25,22,22,22,
33.9238,18,18,36,13,
33.9251,13,20,22,10,
33.9265,14,17,19,17,
33.9278,22,11,18,26,
33.9292,33,20,31,34,
33.9305,33,20,31,34,
33.9319,21,15,35,20,
33.9332,22,30,36,28,
33.9346,22,30,36,28,
33.9359,29,32,42,29,
33.9373,23,23,32,23,
33.9386,26,17,23,17,
33.94,28,21,28,24,
33.9414,10,2,15,11,
33.9427,-2,1,14,13,
33.944,-5,15,14,19,
33.9454,11,22,15,24,
33.9468,30,22,22,31,
33.9482,23,20,29,29,
33.9496,36,16,26,23,
33.9509,37,19,27,30,
33.9523,34,22,24,34,
33.9537,28,24,29,27,
33.955,20,12,25,21,
33.9564,21,6,13,26,
33.9577,16,9,11,32,
33.959,3,20,14,7,
33.9604,11,13,19,9,
33.9617,11,13,19,9,
33.963,10,27,20,19,
33.9644,23,21,27,22,
33.9658,33,29,26,21,
33.9671,33,29,26,21,
33.9685,30,39,30,32,
33.9698,24,39,29,29,
33.9712,24,39,29,29,
33.9725,0,27,12,26,
33.9739,6,22,12,18,
33.9753,9,14,18,13,
33.9767,4,-3,11,22,
33.978,12,8,19,25,
33.9794,12,8,19,25,
33.9808,16,18,29,25,
33.9821,23,18,34,26,
33.9835,26,16,40,33,
33.9849,39,28,39,29,
33.9863,26,32,24,37,
33.9877,26,32,24,37,
33.989,29,26,27,27,
33.9903,13,24,23,36,
33.9917,15,12,21,26,
33.9931,6,7,13,16,
33.9944,4,9,17,9,
33.9958,-2,13,22,17,
33.9971,0,24,12,23,
33.9985,0,24,12,23,
33.9998,35,39,20,23,
34.0011,40,28,24,26,
34.0025,43,22,24,36,
34.0039,29,16,25,37,
34.0052,33,27,19,28,
34.0065,32,24,22,34,
34.0079,28,25,15,30,
34.0092,7,24,19,19,
34.0106,7,24,19,19,
34.0119,15,21,20,22,
34.0133,16,28,24,28,
34.0146,11,28,28,23,
34.016,11,28,28,23,
34.0173,27,25,33,21,
34.0187,23,27,29,21,
34.02,23,27,29,21,
34.0213,25,24,31,28,
34.0227,21,19,23,30,
34.0241,22,11,20,28,
34.0254,12,7,14,24,
34.0267,6,4,23,17,
34.0281,-1,4,15,23,
34.0294,-9,2,14,18,
34.0308,-2,16,9,15,
34.0322,1,18,13,19,
34.0335,10,18,20,24,
34.0349,34,31,20,24,
34.0363,30,34,33,33,
34.0376,36,45,31,28,
34.039,40,28,21,26,
34.0404,16,22,32,18,
34.0417,7,21,18,13,
34.0431,7,21,18,13,
34.0444,3,16,18,18,
34.0457,7,14,18,20,
34.0472,7,14,18,20,
34.0487,11,19,8,14,
34.0501,14,23,16,7,
34.0515,17,17,21,14,
34.0529,25,33,29,32,
34.0542,38,41,31,26,
34.0556,39,44,32,26,
34.057,30,38,28,28,
34.0584,29,39,22,25,
34.0599,22,27,28,21,
34.0613,22,12,27,27,
34.0627,22,12,27,27,
34.0641,0,9,14,19,
34.0654,3,7,14,11,
34.0668,13,18,16,19,
34.0681,27,19,21,26,
34.0695,45,24,16,23,
34.0708,45,24,16,23,
34.0722,54,36,24,28,
34.0735,33,26,21,32,
34.0749,17,14,30,31,
34.0762,23,17,24,33,
34.0776,22,27,23,18,
34.079,22,27,23,18,
34.0804,18,17,13,18,
34.0817,-8,14,12,11,
34.0831,0,21,19,17,
34.0846,14,28,15,29,
34.0859,14,38,25,19,
34.0873,14,38,25,19,
34.0887,14,38,25,19,
34.0901,33,25,26,33,
34.0914,34,20,24,23,
34.0928,22,21,21,18,
34.0941,18,21,19,27,
34.0955,14,13,14,21,
34.0969,14,13,14,21,
34.0982,8,-2,19,18,
34.0997,11,12,22,15,
34.101,11,12,22,15,
34.1024,17,15,20,29,
34.1038,21,24,24,23,
34.1051,22,26,37,31,
34.1065,22,26,37,31,
34.1079,19,24,37,18,
34.1092,30,25,34,17,
34.1106,31,27,36,26,
34.1119,16,1,19,30,
34.1132,16,1,19,30,
34.1146,3,14,14,37,
34.1159,-6,9,8,23,
34.1173,-4,17,12,22,
34.1186,12,16,16,21,
34.12,21,21,24,18,
34.1214,43,30,34,33,
34.1227,43,30,34,33,
34.1241,40,38,40,30,
34.1255,36,37,29,20,
34.1268,37,33,34,18,
34.1282,21,25,24,26,
34.1295,13,29,10,22,
34.1309,16,19,9,12,
34.1323,16,19,9,12,
34.1336,8,22,5,7,
34.135,11,6,21,19,
34.1364,10,11,25,11,
34.1378,33,15,26,18,
34.1391,29,19,24,31,
34.1405,23,30,32,30,
34.1418,28,31,27,20,
34.1432,25,15,22,37,
34.1446,21,22,19,35,
34.1459,17,17,25,25,
34.1473,17,17,25,25,
34.1487,23,22,28,31,
34.15,10,7,20,26,
34.1514,-4,5,13,20,
34.1527,8,9,20,27,
34.1541,23,24,23,22,
34.1554,23,24,23,22,
34.1568,24,22,27,22,
34.1581,32,29,30,23,
34.1595,32,34,22,25,
34.1608,11,22,39,27,
34.1622,0,14,38,19,
34.1636,0,14,38,19,
34.165,3,27,28,18,
34.1663,6,27,11,13,
34.1677,-8,17,19,15,
34.1691,1,14,24,13,
34.1705,6,25,22,22,
34.1719,6,25,22,22,
34.1731,17,22,20,30,
34.1745,42,36,30,24,
34.1759,33,40,22,25,
34.1772,24,35,17,31,
34.1786,23,33,19,35,
34.1799,13,26,14,34,
34.1812,13,26,14,34,
34.1826,16,18,13,23,
34.184,12,7,16,21,
34.1853,-4,18,22,25,
34.1867,9,22,18,22,
34.188,13,26,17,23,
34.1893,18,29,17,35,
34.1906,24,33,26,29,
34.192,28,28,37,24,
34.1933,25,25,42,26,
34.1946,30,28,34,36,
34.196,24,32,29,32,
34.1973,22,37,21,32,
34.1987,23,23,19,26,
34.2001,12,11,25,25,
34.2014,7,19,9,13,
34.2027,1,13,7,14,
34.2041,5,19,9,28,
34.2055,26,26,24,31,
34.2068,21,31,33,28,
34.2082,24,23,32,28,
34.2095,29,23,27,21,
34.2109,33,36,35,24,
34.2123,31,39,34,19,
34.2136,31,39,34,19,
34.215,16,23,27,25,
34.2163,4,11,34,19,
34.2176,8,15,33,19,
34.219,8,11,26,16,
34.2204,-4,10,13,22,
34.2217,-4,10,13,22,
34.2231,9,17,15,19,
34.2244,27,30,25,21,
34.2258,41,29,23,22,
34.2271,39,21,20,18,
34.2285,37,24,23,23,
34.2299,37,24,23,23,
34.2312,33,31,16,29,
34.2325,14,23,20,24,
34.2339,7,15,17,26,
34.2353,9,14,20,17,
34.2366,-5,16,17,13,
34.238,-4,12,9,16,
34.2393,8,23,21,9,
34.2407,13,14,30,11,
34.2421,26,26,35,22,
34.2434,31,34,30,27,
34.2447,26,36,33,24,
34.2461,20,36,29,23,
34.2474,16,37,25,24,
34.2488,16,30,23,30,
34.2501,6,16,21,22,
34.2515,19,23,17,25,
34.2528,7,18,23,22,
34.2541,7,18,23,22,
34.2556,-2,19,26,21,
34.257,-4,14,26,20,
34.2583,15,12,27,21,
34.2597,36,20,36,30,
34.2611,41,18,26,28,
34.2625,37,29,35,28,
34.2639,36,30,35,19,
34.2653,27,19,31,20,
34.2667,28,22,24,19,
34.268,19,9,22,17,
34.2694,19,9,22,17,
34.2708,2,13,19,10,
34.2721,-7,9,6,10,
34.2735,-7,9,6,10,
34.2748,3,4,13,19,
34.2762,20,9,27,21,
34.2775,38,35,25,37,
34.2789,36,36,23,30,
34.2802,28,29,26,21,
34.2815,29,18,35,27,
34.2829,29,18,35,27,
34.2843,30,16,33,28,
34.2857,17,15,19,13,
34.287,15,23,13,17,
34.2883,-4,28,13,15,
34.2897,-3,15,11,17,
34.291,11,15,9,17,
34.2924,26,30,10,23,
34.2937,24,30,25,34,
34.2951,23,24,43,25,
34.2965,29,35,38,27,
34.298,29,35,38,27,
34.2994,22,40,37,28,
34.3007,22,35,31,24,
34.3021,11,26,31,16,
34.3034,4,18,28,11,
34.3048,-3,14,29,6,
34.3061,-3,14,29,6,
34.3074,-15,3,22,13,
34.3088,12,19,24,19,
34.3101,30,24,32,17,
34.3115,28,37,29,18,
34.3129,33,29,30,17,
34.3143,31,37,27,24,
34.3156,26,37,24,28,
34.3169,19,15,17,35,
34.3183,19,15,17,35,
34.3196,20,22,16,31,
34.321,4,24,8,28,
34.3223,3,14,15,30,
34.3236,-13,7,22,20,
34.325,-1,18,20,16,
34.3263,3,19,29,23,
34.3277,16,17,24,20,
34.3291,16,17,24,20,
34.3304,28,21,46,23,
34.3317,29,25,39,24,
34.3331,27,28,24,25,
34.3344,21,14,22,27,
34.3357,13,9,15,24,
34.3371,13,9,15,24,
34.3385,16,22,16,28,
34.3399,-4,28,21,13,
34.3412,-4,28,21,13,
34.3426,0,22,22,9,
34.344,26,25,22,29,
34.3453,26,25,22,29,
34.3467,26,29,21,25,
34.3481,31,34,20,22,
34.3494,16,37,34,23,
34.3508,22,28,29,21,
34.3522,22,28,29,21,
34.3535,20,23,30,27,
34.3549,15,22,32,21,
34.3562,3,13,27,15,
34.3576,4,21,17,21,
34.3589,-4,26,22,17,
34.3603,12,28,22,15,
34.3616,23,26,29,20,
34.363,26,22,34,28,
34.3643,27,26,31,28,
34.3657,25,35,25,25,
34.367,40,32,26,25,
34.3684,33,28,31,29,
34.3698,33,28,31,29,
34.3712,32,25,24,25,
34.3725,21,24,17,20,
34.3739,14,13,20,20,
34.3752,6,20,15,12,
34.3766,2,15,11,28,
34.3779,2,15,11,28,
34.3793,16,16,15,31,
34.3807,24,20,25,28,
34.382,24,20,25,28,
34.3834,29,23,31,29,
34.3847,19,26,38,32,
34.386,19,26,38,32,
34.3874,26,27,38,31,
34.3888,5,17,25,16,
34.3901,9,28,29,17,
34.3915,7,34,24,23,
34.3928,9,26,18,18,
34.3942,23,9,17,22,
34.3955,25,5,16,22,
34.3969,27,16,18,21,
34.3983,39,25,25,24,
34.3997,43,20,32,21,
34.4011,43,20,32,21,
34.4026,29,33,31,31,
34.404,24,33,23,25,
34.4053,15,32,20,27,
34.4067,9,17,26,23,
34.408,-4,14,28,13,
34.4094,-4,14,28,13,
34.4108,4,14,12,22,
34.4122,-5,24,15,21,
34.4136,19,25,35,25,
34.4149,24,28,36,31,
34.4163,24,28,36,31,
34.4177,22,31,25,37,
34.419,30,31,20,31,
34.4204,36,38,22,31,
34.4217,40,32,29,34,
34.4231,16,17,25,29,
34.4245,15,25,27,21,
34.4258,15,25,27,21,
34.4271,7,15,32,22,
34.4285,4,16,18,23,
34.4298,9,18,28,16,
34.4312,10,21,37,8,
34.4325,26,34,30,20,
34.4339,36,32,17,32,
34.4352,36,32,17,32,
34.4365,40,36,27,33,
34.4379,26,22,26,16,
34.4393,12,20,23,22,
34.4407,16,23,14,22,
34.442,2,17,16,14,
34.4434,6,17,29,14,
34.4448,-1,5,14,11,
34.4462,11,22,29,25,
34.4476,10,22,24,27,
34.449,30,22,31,34,
34.4504,30,22,31,34,
34.4518,38,24,37,26,
34.4531,45,26,36,20,
34.4545,35,23,23,36,
34.4558,32,24,16,34,
34.4572,17,23,16,21,
34.4585,10,27,27,21,
34.4599,10,23,28,30,
34.4612,11,26,28,26,
34.4626,12,4,20,9,
34.464,18,15,11,10,
34.4653,18,15,11,10,
34.4666,18,15,11,10,
34.4679,17,20,25,22,
34.4693,21,21,23,16,
34.4706,29,25,34,14,
34.472,37,17,26,32,
34.4733,37,17,26,32,
34.4746,22,20,20,30,
34.476,8,17,9,23,
34.4773,-3,23,19,15,
34.4787,0,9,14,17,
34.48,2,10,7,25,
34.4814,-1,5,13,30,
34.4827,7,12,17,23,
34.484,7,12,17,23,
34.4853,22,21,20,31,
34.4867,36,30,28,29,
34.4881,24,32,29,25,
34.4894,28,22,27,25,
34.4907,30,31,17,32,
34.4922,16,28,19,34,
34.4935,8,29,22,31,
34.4949,2,19,22,20,
34.4962,-3,20,23,12,
34.4975,-3,20,23,12,
34.4989,-3,20,23,12,
34.5002,6,22,27,25,
34.5016,11,26,30,28,
34.503,40,29,24,30,
34.5044,38,27,27,33,
34.5057,31,33,21,27,
34.5072,31,33,21,27,
34.5085,18,22,21,18,
34.5099,19,12,26,24,
34.5112,20,21,28,29,
34.5125,14,24,26,19,
34.5139,9,16,15,17,
34.5153,9,16,15,17,
34.5166,12,1,11,14,
34.518,18,26,21,20,
34.5193,24,32,31,28,
34.5207,28,30,26,37,
34.5221,39,33,29,28,
34.5234,38,28,30,25,
34.5248,39,30,34,31,
34.5261,17,26,24,20,
34.5275,11,14,23,26,
34.5288,13,10,20,23,
34.5302,-2,10,19,10,
34.5316,-8,24,14,9,
34.5329,-3,18,9,12,
34.5343,-3,18,9,12,
34.5356,13,17,23,10,
34.5369,25,15,25,19,
34.5383,25,15,25,19,
34.5397,33,32,28,32,
34.541,18,33,31,22,
34.5424,35,33,34,23,
34.5437,25,32,22,26,
34.5451,22,24,17,30,
34.5465,18,11,8,29,
34.5478,6,12,15,27,
34.5492,3,13,9,13,
34.5505,3,13,9,13,
34.5519,1,13,17,20,
34.5532,7,23,25,27,
34.5546,32,27,30,25,
34.556,44,20,27,30,
34.5573,35,30,39,23,
34.5587,26,37,32,19,
34.56,9,37,26,18,
34.5613,9,37,26,18,
34.5626,12,11,20,23,
34.564,8,8,16,18,
34.5653,2,16,17,18,
34.5667,2,15,8,17,
34.568,2,15,8,17,
34.5694,2,15,8,17,
34.5707,13,15,8,28,
34.5721,28,37,29,34,
34.5734,36,42,30,32,
34.5748,32,34,23,35,
34.5761,15,31,22,31,
34.5774,14,36,24,32,
34.5787,26,29,21,24,
34.5801,22,15,15,29,
34.5814,15,3,17,22,
34.5828,1,4,14,16,
34.5842,1,4,14,16,
34.5855,-1,17,11,9,
34.5869,4,23,16,18,
34.5882,11,20,12,32,
34.5896,40,26,20,27,
34.5909,46,34,22,31,
34.5923,46,34,22,31,
34.5936,39,38,24,24,
34.5949,22,26,16,14,
34.5963,27,15,10,23,
34.5976,25,20,15,20,
34.599,15,21,16,16,
34.6003,15,21,16,16,
34.6017,15,21,16,16,
34.603,6,16,19,17,
34.6043,19,16,17,13,
34.6056,22,28,23,24,
34.6069,22,34,22,27,
34.6083,29,40,23,33,
34.6096,46,37,37,35,
34.611,30,27,45,32,
34.6124,33,33,41,24,
34.6137,26,26,19,33,
34.6151,15,27,12,16,
34.6165,15,27,12,16,
34.6179,5,10,19,10,
34.6192,-5,8,16,16,
34.6206,8,12,15,19,
34.6219,26,35,22,23,
34.6233,28,32,28,23,
34.6246,28,32,28,23,
34.6259,37,28,30,27,
34.6273,47,32,32,28,
34.6286,42,23,22,26,
34.63,22,8,25,23,
34.6314,7,19,18,14,
34.6328,7,19,18,14,
34.6341,7,19,18,14,
34.6355,-5,20,9,29,
34.6368,-9,14,14,27,
34.6382,1,11,24,24,
34.6395,22,35,27,31,
34.6409,22,35,27,31,
34.6422,41,30,32,26,
34.6436,47,32,35,22,
34.645,47,30,23,26,
34.6464,35,26,21,24,
34.6479,35,26,21,24,
34.6493,21,26,30,13,
34.6507,21,26,30,13,
34.6521,-7,21,26,25,
34.6534,-13,12,25,18,
34.6548,3,2,16,19,
34.6562,16,14,19,17,
34.6575,16,14,19,17,
34.6591,27,32,23,27,
34.6605,26,43,19,27,
34.6618,26,43,19,27,
34.6632,22,33,17,28,
34.6646,25,23,18,29,
34.666,24,24,25,31,
34.6673,15,13,26,25,
34.6687,6,8,14,20,
34.6701,-2,15,13,14,
34.6714,-11,10,10,15,
34.6728,15,20,18,15,
34.6741,27,19,28,30,
34.6755,27,19,28,30,
34.6768,30,24,23,31,
34.6782,36,21,23,20,
34.6796,39,25,27,21,
34.6809,34,28,20,24,
34.6823,21,20,17,35,
34.6837,21,20,17,35,
34.6851,16,22,13,22,
34.6865,5,10,11,15,
34.6878,-2,8,18,11,
34.6891,-9,18,17,20,
34.6905,32,23,14,22,
34.6919,32,23,14,22,
34.6932,34,25,24,22,
34.6946,29,27,34,22,
34.696,23,32,37,25,
34.6973,34,34,36,27,
34.6987,26,34,26,23,
34.7,17,26,22,24,
34.7014,26,16,17,32,
34.7029,20,12,13,21,
34.7043,-5,10,12,13,
34.7057,1,8,18,16,
34.707,1,8,18,16,
34.7084,22,30,29,16,
34.7097,26,42,26,13,
34.7111,27,32,23,17,
34.7125,43,29,17,13,
34.7139,46,23,20,15,
34.7152,31,17,27,10,
34.7167,23,20,33,16,
34.718,17,12,31,27,
34.7194,-2,17,30,26,
34.7208,-2,18,27,12,
34.7221,-7,25,27,15,
34.7235,-7,25,27,15,
34.7249,12,19,23,17,
34.7262,18,26,29,26,
34.7276,18,26,29,26,
34.729,38,39,21,31,
34.7304,38,33,26,27,
34.7318,27,32,25,21,
34.7332,23,21,19,30,
34.7345,9,21,28,28,
34.7359,7,14,24,27,
34.7372,11,18,21,28,
34.7386,3,15,24,7,
34.74,0,25,15,10,
34.7413,0,25,15,10,
34.7426,-2,30,12,14,
34.7439,3,28,17,13,
34.7452,15,29,25,17,
34.7466,21,27,22,32,
34.748,33,36,29,29,
34.7494,33,36,29,29,
34.7507,24,42,30,20,
34.752,24,25,23,21,
34.7534,20,11,19,11,
34.7547,12,2,17,9,
34.7561,0,18,9,20,
34.7574,0,18,9,20,
34.7588,0,18,9,20,
34.7601,2,17,12,23,
34.7614,24,30,20,29,
34.7628,30,32,28,26,
34.7642,44,25,38,26,
34.7655,28,44,25,29,
34.7669,28,44,25,29,
34.7683,17,37,30,38,
34.7696,23,16,18,18,
34.771,23,16,18,18,
34.7723,24,24,14,20,
34.7737,3,11,18,29,
34.7751,5,8,11,27,
34.7764,7,23,15,31,
34.7777,5,20,18,28,
34.7791,24,30,30,23,
34.7805,27,28,24,23,
34.7818,38,25,22,32,
34.7831,33,26,25,27,
34.7845,21,19,23,29,
34.7858,22,27,22,38,
34.7872,22,27,22,38,
34.7885,19,25,33,22,
34.7899,11,21,29,18,
34.7912,4,23,22,11,
34.7926,-6,22,24,11,
34.7939,1,23,14,15,
34.7952,15,13,18,9,
34.7966,25,26,29,20,
34.7979,30,22,26,30,
34.7993,25,23,32,35,
34.8006,25,23,32,35,
34.8019,24,32,40,26,
34.8032,32,22,28,22,
34.8046,22,19,28,17,
34.8059,20,13,24,14,
34.8073,15,7,10,22,
34.8086,15,7,10,22,
34.81,14,7,12,14,
34.8114,14,6,12,21,
34.8128,22,26,19,27,
34.8141,22,26,19,27,
34.8155,19,26,36,32,
34.8169,40,38,34,30,
34.8182,40,38,34,30,
34.8195,26,39,26,32,
34.8209,21,23,22,21,
34.8223,16,15,13,23,
34.8237,4,20,19,22,
34.825,-7,10,20,16,
34.8264,-7,10,20,16,
34.8278,-1,13,19,13,
34.8291,21,25,17,17,
34.8305,32,30,17,26,
34.8319,32,30,17,26,
34.8333,41,26,29,21,
34.8346,41,26,29,21,
34.836,36,37,22,25,
34.8373,28,10,18,20,
34.8387,13,9,29,18,
34.8401,1,15,27,28,
34.8414,3,21,16,19,
34.8428,3,21,16,19,
34.8442,-7,11,11,19,
34.8455,9,7,22,11,
34.8468,21,17,22,19,
34.8484,14,15,22,31,
34.8499,41,23,38,32,
34.8512,41,23,38,32,
34.8526,37,24,40,35,
34.854,33,19,24,33,
34.8554,24,31,30,29,
34.8568,19,37,20,34,
34.8582,12,17,18,21,
34.8596,12,17,18,21,
34.861,12,17,18,21,
34.8624,-8,14,17,10,
34.8638,3,7,12,16,
34.8652,23,4,24,16,
34.8667,30,33,44,24,
34.868,25,36,37,29,
34.8694,24,23,33,30,
34.8707,24,17,27,24,
34.8721,15,20,17,19,
34.8734,15,20,17,19,
34.8747,6,26,15,20,
34.8761,12,23,26,21,
34.8774,9,21,22,20,
34.8788,0,27,16,17,
34.8802,4,13,15,14,
34.8815,17,15,15,15,
34.8829,26,31,26,16,
34.8843,21,32,23,30,
34.8856,29,27,34,24,
34.887,29,27,34,24,
34.8883,24,26,34,20,
34.8897,24,28,26,16,
34.891,18,17,29,15,
34.8924,22,18,26,19,
34.8937,18,15,23,26,
34.8951,18,15,23,26,
34.8964,4,7,18,23,
34.8978,3,20,15,13,
34.8991,10,17,20,14,
34.9005,25,20,23,24,
34.9018,21,29,22,21,
34.9032,21,29,22,21,
34.9045,28,24,24,25,
34.9059,29,26,32,25,
34.9072,19,24,39,17,
34.9086,15,29,23,19,
34.9099,6,25,22,26,
34.9112,6,23,20,17,
34.9126,3,10,23,16,
34.9139,-4,4,25,15,
34.9152,5,14,31,11,
34.9166,5,16,32,14,
34.9179,23,12,27,26,
34.9193,23,12,27,26,
34.9207,25,20,27,24,
34.9221,32,33,25,23,
34.9234,23,39,19,20,
34.9248,11,15,31,30,
34.9261,9,14,23,26,
34.9275,9,14,23,26,
34.9288,-1,11,13,16,
34.9302,-6,12,18,18,
34.9316,-1,14,12,26,
34.9329,27,11,21,32,
34.9343,27,11,21,32,
34.9357,22,24,33,29,
34.9371,28,30,40,34,
34.9384,31,27,37,28,
34.9398,36,26,26,24,
34.9411,39,34,20,19,
34.9425,12,20,16,26,
34.9439,12,20,16,26,
34.9452,8,18,26,24,
34.9466,4,19,27,24,
34.948,4,19,27,24,
34.9493,-3,10,23,28,
34.9507,6,16,24,19,
34.952,13,21,22,20,
34.9534,13,21,22,20,
34.9547,26,33,29,26,
34.9561,44,36,30,39,
34.9574,30,38,22,37,
34.9588,27,34,18,30,
34.9602,26,11,15,14,
34.9615,26,11,15,14,
34.9628,30,20,22,17,
34.9642,-8,17,15,9,
34.9656,-8,17,15,9,
34.9669,-2,15,22,6,
34.9683,3,18,21,14,
34.9696,19,16,13,21,
34.9709,31,24,21,31,
34.9724,31,22,34,38,
34.9737,22,37,25,37,
34.9751,16,31,16,27,
34.9764,15,24,15,16,
34.9778,21,23,18,9,
34.9791,15,19,17,10,
34.9805,7,11,14,9,
34.9818,4,13,16,17,
34.9832,-5,11,20,17,
34.9845,-6,15,10,16,
34.9858,3,16,18,14,
34.9872,17,19,25,25,
34.9886,27,31,21,26,
34.9899,34,41,24,26,
34.9912,35,37,30,16,
34.9926,31,34,31,11,
34.9939,16,23,22,16,
34.9953,16,23,22,16,
34.9967,7,22,24,12,
34.998,1,13,24,10,
34.9994,6,9,13,11,
35.0007,10,11,9,23,
35.0021,4,17,18,23,
35.0035,4,17,18,23,
35.0048,21,16,21,30,
35.0062,27,28,26,27,
35.0075,34,32,24,33,
35.0089,32,22,36,30,
35.0102,32,22,36,30,
35.0116,21,24,34,16,
35.013,21,24,34,16,
35.0143,11,16,18,15,
35.0156,9,17,18,5,
35.017,-10,20,9,14,
35.0184,10,18,16,9,
35.0197,10,18,16,9,
35.0211,16,10,28,11,
35.0225,35,20,31,22,
35.0238,41,30,27,34,
35.0251,41,30,27,34,
35.0265,38,24,33,33,
35.0278,22,33,28,25,
35.0293,22,33,28,25,
35.0307,10,24,24,23,
35.032,10,22,21,22,
35.0334,14,16,20,15,
35.0347,4,4,24,14,
35.0361,3,7,17,30,
35.0374,16,6,21,23,
35.0388,22,15,23,28,
35.0402,23,14,20,29,
35.0415,20,26,30,34,
35.0429,36,34,33,38,
35.0442,28,27,27,29,
35.0456,25,20,19,20,
35.0469,15,28,19,23,
35.0482,2,25,15,31,
35.0496,-6,18,5,32,
35.051,-6,14,15,27,
35.0524,-1,9,11,28,
35.0538,21,5,20,25,
35.0552,21,5,20,25,
35.0567,20,8,32,26,
35.0581,30,26,34,29,
35.0595,20,30,31,30,
35.0609,31,36,22,25,
35.0623,28,22,22,24,
35.0637,15,21,13,23,
35.065,15,21,13,23,
35.0663,4,13,18,18,
35.0678,3,20,30,20,
35.0693,-4,10,28,16,
35.0707,2,13,19,20,
35.072,22,23,19,31,
35.0734,24,36,33,30,
35.0747,28,42,40,30,
35.0761,28,36,29,22,
35.0774,38,35,24,21,
35.0788,34,38,25,22,
35.0802,27,27,27,25,
35.0815,27,27,27,25,
35.0829,23,17,22,31,
35.0843,19,16,17,22,
35.0857,0,15,13,10,
35.0871,1,16,14,11,
35.0884,18,23,18,16,
35.0897,18,23,18,16,
35.0911,27,38,29,22,
35.0924,37,36,20,30,
35.0938,45,25,23,35,
35.0951,38,33,27,30,
35.0965,29,30,30,31,
35.0978,22,22,27,21,
35.0992,22,22,27,21,
35.1005,13,25,22,16,
35.1019,15,19,23,24,
35.1032,5,11,20,27,
35.1046,9,9,19,20,
35.106,0,16,14,22,
35.1073,17,15,13,28,
35.1087,38,24,17,21,
35.11,43,23,26,15,
35.1114,33,29,34,25,
35.1128,30,27,35,37,
35.1142,30,27,35,37,
35.1155,25,31,32,33,
35.1169,23,26,25,31,
35.1183,19,10,19,18,
35.1196,7,15,16,19,
35.121,5,22,15,15,
35.1224,0,11,19,6,
35.1237,10,16,23,14,
35.1251,12,30,25,19,
35.1265,37,25,32,36,
35.1278,34,24,36,40,
35.1291,34,24,36,40,
35.1306,27,31,37,36,
35.1319,25,30,37,36,
35.1332,21,21,26,27,
35.1346,22,19,18,30,
35.1359,15,28,17,23,
35.1372,16,21,22,26,
35.1385,5,8,13,20,
35.1398,5,8,13,20,
35.1411,10,24,19,15,
35.1425,30,27,17,27,
35.1439,30,27,17,27,
35.1452,27,28,17,33,
35.1466,39,34,26,25,
35.1479,30,28,30,24,
35.1492,30,28,30,24,
35.1506,24,25,29,23,
35.1519,18,15,32,21,
35.1533,14,18,35,23,
35.1546,-1,11,23,27,
35.156,-1,11,23,27,
35.1573,4,10,25,27,
35.1587,15,20,28,31,
35.16,20,14,34,34,
35.1613,28,27,43,32,
35.1627,27,37,31,30,
35.164,31,29,32,25,
35.1653,35,33,27,19,
35.1667,41,38,33,28,
35.1681,41,21,28,21,
35.1694,24,24,14,26,
35.1707,17,26,7,28,
35.1721,3,25,2,14,
35.1735,2,14,11,8,
35.1748,2,14,11,8,
35.1762,1,7,17,12,
35.1775,17,22,27,22,
35.1788,26,35,27,21,
35.1802,26,30,34,19,
35.1815,39,18,29,23,
35.1828,38,21,27,27,
35.1842,30,25,26,23,
35.1855,24,23,33,19,
35.1868,27,17,29,27,
35.1882,8,5,17,25,
35.1895,8,5,17,25,
35.1908,8,5,17,25,
35.1921,10,9,15,17,
35.1935,9,18,23,9,
35.1948,9,19,21,20,
35.1962,26,24,34,28,
35.1975,34,19,29,31,
35.1988,48,26,29,31,
35.2001,40,18,26,25,
35.2014,28,27,25,18,
35.2028,24,11,19,8,
35.2041,18,8,23,14,
35.2054,18,8,23,14,
35.2068,11,11,6,13,
35.2081,4,13,6,13,
35.2094,1,17,5,10,
35.2108,22,16,21,27,
35.2122,28,16,31,34,
35.2135,28,16,31,34,
35.2148,31,22,33,27,
35.2162,30,20,37,35,
35.2175,16,21,33,35,
35.2188,20,25,33,28,
35.2201,-1,25,19,31,
35.2215,-1,25,19,31,
35.2228,0,14,17,34,
35.2241,0,14,17,34,
35.2255,-3,9,20,16,
35.2268,4,23,20,14,
35.2282,10,36,24,22,
35.2296,31,26,29,26,
35.231,37,25,25,29,
35.2322,29,22,20,30,
35.2335,24,23,23,29,
35.2348,31,32,18,34,
35.2361,28,37,19,30,
35.2374,28,37,19,30,
35.2388,7,20,21,28,
