4.261e-06,0,0,0,0,
0.00142425,0,0,0,0,
0.0028009,0,0,0,0,
0.00415916,0,0,0,0,
0.00552033,0,0,0,0,
0.00689968,0,0,0,0,
0.00820951,0,0,0,0,
0.00953316,0,0,0,0,
0.0108414,0,0,0,0,
0.0121584,0,0,0,0,
0.0134873,0,0,0,0,
0.0148572,0,0,0,0,
0.0166306,0,0,0,0,
0.0179851,0,0,0,0,
0.019347,11,22,11,17,
0.0210303,34,24,38,28,
0.0224233,5,18,15,24,
0.0237913,5,18,15,24,
0.0252688,24,35,20,34,
0.0267777,17,25,18,33,
0.0281247,22,34,22,32,
0.0294974,15,28,18,24,
0.0308246,15,28,18,24,
0.0321769,22,26,22,25,
0.0335222,19,25,22,29,
0.0350751,14,23,22,23,
0.0364256,7,8,18,19,
0.0378695,2,12,15,14,
0.0392485,-2,10,25,17,
0.0405395,-2,10,25,17,
0.0420209,13,24,25,27,
0.0434804,32,20,32,31,
0.0448249,41,29,39,31,
0.0462315,32,35,43,26,
0.0476431,18,35,37,27,
0.0489695,24,40,22,36,
0.0503514,24,26,18,33,
0.0519026,18,15,19,20,
0.0532038,20,16,12,26,
0.0545416,17,6,14,29,
0.0559957,17,6,14,29,
0.0573275,6,6,14,19,
0.0588364,28,6,13,26,
0.0602202,28,6,13,26,
0.0616774,28,27,27,33,
0.0631793,30,32,27,36,
0.0646495,35,29,28,28,
0.0660288,23,25,22,29,
0.0675552,23,25,22,29,
0.0689433,22,17,23,20,
0.0703854,3,6,26,19,
0.0717874,-2,22,26,23,
0.0731838,-6,15,19,29,
0.0745687,4,20,7,22,
0.075945,25,24,19,32,
0.07732,25,24,19,32,
0.0787085,31,23,20,29,
0.0800828,27,21,25,33,
0.0814323,23,26,25,26,
0.0828034,23,26,25,26,
0.0842369,23,37,23,28,
0.0856121,17,31,23,30,
0.0870473,16,24,12,32,
0.0884476,15,24,12,26,
0.0898356,9,9,20,24,
0.0912652,7,8,22,18,
0.0926368,5,26,27,26,
0.0940406,10,27,26,30,
0.0954645,15,35,27,21,
0.0968195,38,35,34,33,
0.0982293,34,33,23,27,
0.0996004,22,30,27,29,
0.100974,23,24,23,35,
0.102449,20,24,26,37,
0.10383,20,24,26,37,
0.105218,16,14,22,16,
0.106639,-5,18,23,11,
0.108011,-10,23,15,15,
0.109409,-4,22,12,22,
0.110816,11,30,21,25,
0.11216,27,28,24,29,
0.11354,25,39,33,32,
0.115023,37,40,32,38,
0.116369,41,30,33,45,
0.117764,41,24,27,39,
0.11923,36,23,24,29,
0.120586,18,22,21,31,
0.122731,0,13,27,24,
0.124141,-6,10,24,30,
0.125524,-4,5,14,24,
0.126929,11,4,23,24,
0.128315,10,17,25,20,
0.12971,19,21,24,22,
0.131108,24,26,24,28,
0.132437,23,29,19,38,
0.133843,25,21,13,38,
0.135266,36,17,12,29,
0.13667,28,10,10,32,
0.13808,28,10,10,32,
0.139445,25,17,11,27,
0.140799,17,10,14,18,
0.142255,3,18,14,7,
0.143743,-7,22,8,11,
0.145101,19,13,20,23,
0.146498,27,15,19,29,
0.147936,33,25,20,32,
0.149395,33,25,20,32,
0.150928,30,31,30,29,
0.15237,16,22,32,31,
0.153787,16,21,31,30,
0.155782,5,18,23,22,
0.157135,4,19,28,29,
0.158533,7,16,29,26,
0.159933,-11,12,27,13,
0.16132,20,28,8,18,
0.162694,31,29,17,19,
0.164054,31,29,17,19,
0.165414,33,25,24,27,
0.16683,26,24,19,33,
0.168222,31,30,27,31,
0.169617,19,30,33,27,
0.171175,19,30,33,27,
0.172543,28,39,30,27,
0.173929,10,33,16,23,
0.175402,13,13,16,25,
0.17677,-12,4,24,18,
0.178733,-8,6,27,18,
0.18019,-1,8,22,24,
0.181812,25,32,33,31,
0.183293,25,32,33,31,
0.184643,38,29,40,33,
0.185982,33,41,40,25,
0.187414,21,36,22,17,
0.188797,21,24,23,17,
0.190156,20,12,21,27,
0.191522,23,20,18,28,
0.192859,2,16,13,18,
0.194184,2,8,7,24,
0.195566,12,11,18,20,
0.196933,11,8,17,25,
0.198388,29,22,25,25,
0.199743,37,22,26,33,
0.201129,37,22,26,33,
0.202603,44,31,26,34,
0.204027,37,26,22,35,
0.205382,22,29,20,28,
0.206774,6,22,19,21,
0.20815,-5,16,22,25,
0.209524,-5,16,22,25,
0.210987,-8,10,10,19,
0.212364,-12,7,19,22,
0.213898,-12,10,30,19,
0.215381,24,23,28,12,
0.216778,23,24,26,15,
0.218187,39,29,34,22,
0.219561,32,31,42,28,
0.220929,36,26,41,23,
0.222319,30,28,33,14,
0.2237,19,24,23,9,
0.225101,13,27,22,7,
0.226577,15,20,24,16,
0.22798,-2,13,17,22,
0.229371,-2,13,17,22,
0.23076,17,17,14,31,
0.232129,35,21,31,27,
0.233581,41,20,33,31,
0.23505,34,21,37,29,
0.236439,29,28,32,25,
0.237822,40,33,32,34,
0.239419,40,29,31,26,
0.240778,23,20,27,23,
0.242169,14,17,27,23,
0.243571,4,10,27,26,
0.244917,-3,1,29,25,
0.246373,-1,11,22,15,
0.247752,-1,11,22,15,
0.249108,12,23,9,9,
0.250488,28,29,31,22,
0.251868,37,25,26,17,
0.253305,35,28,23,27,
0.254832,35,18,22,26,
0.256216,34,29,26,29,
0.257734,34,29,26,29,
0.259206,16,31,33,25,
0.260583,16,22,28,20,
0.261879,-3,20,10,26,
0.26337,-1,15,23,19,
0.264846,0,14,29,24,
0.266317,34,21,29,25,
0.267652,39,34,29,26,
0.268987,39,34,29,26,
0.270382,33,26,22,26,
0.271696,33,26,22,26,
0.273092,25,23,26,22,
0.274641,21,26,24,33,
0.276045,17,23,27,32,
0.277515,17,23,27,32,
0.279147,5,17,22,28,
0.280558,-12,16,15,21,
0.28193,-4,26,20,16,
0.283375,-4,26,20,16,
0.284778,6,17,21,20,
0.286206,13,20,25,22,
0.287585,17,22,17,22,
0.288925,35,33,26,25,
0.29033,18,38,16,27,
0.291726,16,44,13,28,
0.293075,9,14,27,24,
0.294461,2,11,22,17,
0.29582,2,11,22,17,
0.297258,2,11,22,17,
0.298828,5,12,10,10,
0.300314,11,20,11,13,
0.301755,28,28,17,28,
0.303248,33,20,19,29,
0.304678,39,25,32,25,
0.306118,42,27,30,31,
0.307535,34,25,20,25,
0.308879,28,19,21,21,
0.31027,23,20,14,17,
0.320946,25,37,21,21,
0.322485,41,30,44,35,
0.323959,26,28,47,35,
0.325408,15,29,39,25,
0.326854,8,25,24,20,
0.328253,8,25,24,20,
0.329652,5,22,21,22,
0.331096,-1,18,20,19,
0.33252,8,10,14,13,
0.333908,11,8,18,13,
0.335297,8,8,27,17,
0.336685,25,18,28,22,
0.338141,28,34,26,23,
0.339526,25,30,29,17,
0.340889,25,30,29,17,
0.342271,35,29,27,25,
0.343623,19,25,27,32,
0.344963,21,25,26,30,
0.346374,2,17,19,26,
0.347832,-4,20,19,25,
0.349277,-13,17,19,20,
0.350682,-2,18,18,18,
0.352104,-2,18,18,18,
0.353555,16,5,29,27,
0.354873,25,20,24,27,
0.356265,24,34,21,23,
0.357658,38,31,28,33,
0.3591,38,31,28,33,
0.360633,28,20,32,23,
0.36223,10,25,21,32,
0.363737,19,17,21,27,
0.365159,18,24,18,25,
0.366641,5,15,24,28,
0.368074,5,3,21,24,
0.369569,10,13,9,16,
0.371064,7,16,20,17,
0.372624,28,38,35,27,
0.374168,36,40,33,30,
0.375574,30,31,38,33,
0.376963,25,21,29,32,
0.378409,24,29,25,23,
0.379903,15,20,23,24,
0.381288,12,11,14,25,
0.382753,6,11,21,18,
0.384154,9,17,20,9,
0.385555,12,15,12,4,
0.386952,16,14,21,12,
0.388334,18,21,27,24,
0.389724,31,36,26,23,
0.391114,29,29,33,29,
0.392468,40,29,30,34,
0.393846,40,26,28,24,
0.395237,23,30,12,27,
0.396599,19,19,21,21,
0.398006,19,19,21,21,
0.399451,20,12,21,18,
0.400917,7,16,19,15,
0.402368,1,9,21,26,
0.403769,8,6,25,18,
0.405125,18,3,23,16,
0.406491,22,27,28,27,
0.407867,22,27,28,27,
0.409212,25,29,21,23,
0.410587,32,33,26,18,
0.412,26,33,20,22,
0.413404,26,33,20,22,
0.415032,15,28,28,28,
0.416585,15,28,28,28,
0.417988,0,23,14,34,
0.419338,-4,15,16,34,
0.420805,-2,18,22,28,
0.422285,10,24,28,25,
0.423812,10,24,28,25,
0.42541,20,36,31,26,
0.426891,20,36,31,26,
0.428322,36,29,27,25,
0.429696,30,27,20,22,
0.431037,21,23,20,14,
0.432411,0,27,22,21,
0.433756,-8,17,14,26,
0.435117,-8,17,14,26,
0.436429,-13,16,20,21,
0.437783,-5,16,24,8,
0.439157,18,17,24,6,
0.440534,27,18,27,12,
0.441957,30,27,22,20,
0.443399,31,26,21,25,
0.444778,31,26,21,25,
0.446222,25,29,23,20,
0.447784,25,29,23,20,
0.449228,29,14,24,17,
0.450616,11,16,21,18,
0.452011,6,21,22,23,
0.453401,-1,26,16,20,
0.454828,6,15,21,21,
0.456215,6,15,21,21,
0.457696,23,40,29,29,
0.459067,32,40,30,33,
0.460489,24,36,28,33,
0.46194,28,39,28,39,
0.463359,29,39,22,36,
0.464752,36,38,28,30,
0.466149,22,26,21,23,
0.467575,19,14,10,30,
0.469061,6,16,14,22,
0.470542,6,16,14,22,
0.47198,0,15,16,27,
0.473405,0,15,23,23,
0.474882,4,13,23,23,
0.476263,37,20,37,23,
0.477662,23,28,38,31,
0.47904,34,26,37,31,
0.480485,25,31,39,24,
0.481879,22,21,17,24,
0.483267,21,17,24,24,
0.484667,9,8,25,27,
0.486038,5,13,22,27,
0.48749,1,14,25,20,
0.488874,3,18,27,20,
0.490274,-7,25,32,27,
0.491647,8,27,34,26,
0.493046,28,36,35,33,
0.494436,38,36,29,36,
0.495844,34,28,44,27,
0.497219,35,27,43,20,
0.498677,27,27,39,25,
0.500101,16,32,24,19,
0.501533,16,32,24,19,
0.503129,20,14,16,23,
0.504556,15,19,11,26,
0.505986,0,20,18,19,
0.50739,1,7,25,19,
0.508762,19,9,21,27,
0.510126,25,28,31,31,
0.511506,25,28,31,31,
0.512918,22,37,36,31,
0.514398,37,24,27,27,
0.515793,24,29,33,26,
0.51718,18,36,38,29,
0.51857,23,20,19,30,
0.519946,13,23,24,23,
0.52135,13,23,24,23,
0.522759,7,18,10,27,
0.524186,-1,21,18,28,
0.525541,10,19,23,33,
0.526926,32,26,23,38,
0.528285,45,33,25,35,
0.52968,45,33,25,35,
0.531094,43,43,33,33,
0.532484,18,31,27,34,
0.533872,13,27,34,25,
0.53527,12,27,37,29,
0.536671,17,16,27,28,
0.538134,9,14,31,32,
0.539526,7,17,18,21,
0.540807,1,23,15,13,
0.542201,1,23,15,13,
0.543568,24,17,27,17,
0.544962,28,21,33,28,
0.546455,28,21,33,28,
0.54787,31,28,33,34,
0.549293,37,35,26,27,
0.55071,35,32,25,17,
0.552098,12,31,16,20,
0.553466,0,25,16,28,
0.554854,5,25,19,28,
0.556321,5,25,19,28,
0.557682,1,15,14,28,
0.559023,-3,8,14,26,
0.560405,1,19,23,22,
0.561751,1,19,23,22,
0.563122,28,28,26,24,
0.564564,33,32,29,32,
0.566001,27,40,25,24,
0.567409,28,24,28,30,
0.568782,21,23,21,30,
0.570184,14,23,20,22,
0.571574,14,23,20,22,
0.57298,6,21,25,17,
0.574587,-10,16,19,8,
0.576099,-2,17,10,29,
0.577477,6,23,16,25,
0.578887,28,31,36,40,
0.580271,28,31,36,40,
0.58164,24,35,36,29,
0.583038,32,34,28,22,
0.584403,32,34,28,22,
0.585827,20,25,24,18,
0.587296,9,26,26,25,
0.588663,9,26,26,25,
0.59007,9,29,22,16,
0.591495,-3,19,24,25,
0.592826,-8,21,20,27,
0.594227,-4,21,16,24,
0.59562,22,17,19,24,
0.596959,22,17,19,24,
0.598379,30,31,20,21,
0.599793,30,31,20,21,
0.601204,48,42,36,32,
0.602584,39,38,29,36,
0.603998,10,25,22,20,
0.605407,16,20,28,14,
0.606986,17,27,24,20,
0.608428,5,13,12,26,
0.609822,5,13,12,26,
0.611274,-12,10,10,12,
0.612653,8,21,8,17,
0.614032,27,32,16,25,
0.615463,24,24,33,32,
0.616813,39,24,39,31,
0.618214,27,36,45,34,
0.619609,20,40,41,24,
0.621002,11,39,29,19,
0.622367,20,22,27,17,
0.623736,8,19,26,14,
0.6251,8,22,31,26,
0.626523,-2,23,20,22,
0.627882,0,22,15,5,
0.629243,1,24,14,16,
0.630723,18,20,10,24,
0.632116,37,18,29,22,
0.633604,43,35,36,26,
0.63504,43,38,38,35,
0.636407,37,35,38,36,
0.637762,37,35,38,36,
0.639236,21,27,33,28,
0.640665,19,19,24,29,
0.642125,9,20,18,30,
0.643536,6,9,12,19,
0.644893,6,9,12,19,
0.646342,4,18,8,10,
0.647688,25,33,25,25,
0.649014,28,29,29,27,
0.65043,28,29,29,27,
0.651964,31,38,24,31,
0.653369,31,38,24,31,
0.654784,28,20,20,26,
0.65615,14,28,21,25,
0.657536,9,20,27,18,
0.658985,15,17,9,22,
0.660371,1,13,4,18,
0.661773,1,13,4,18,
0.66319,2,22,6,17,
0.664598,2,22,6,17,
0.66614,22,17,23,25,
0.667632,24,32,35,21,
0.669021,36,27,36,26,
0.670399,34,21,19,29,
0.671852,34,21,19,29,
0.67331,38,28,23,23,
0.675001,14,18,15,19,
0.67644,14,18,15,19,
0.677832,-5,13,20,24,
0.679272,-11,14,9,28,
0.680659,10,15,15,16,
0.682105,36,30,23,21,
0.68354,36,30,23,21,
0.684921,35,25,25,28,
0.686372,26,27,31,31,
0.68772,25,21,31,30,
0.689137,21,20,25,31,
0.690678,16,17,13,23,
0.692055,9,9,11,28,
0.693453,15,20,12,34,
0.694887,15,16,13,27,
0.696289,6,15,18,24,
0.697658,6,15,18,24,
0.699114,16,18,21,21,
0.700522,26,12,21,23,
0.701944,31,15,29,25,
0.703475,31,24,29,33,
0.704842,28,30,21,35,
0.706195,35,32,21,31,
0.707594,28,33,17,33,
0.708985,12,23,23,16,
0.710477,8,21,29,18,
0.711943,8,21,29,18,
0.713431,5,27,18,15,
0.714864,10,17,12,12,
0.716297,18,21,12,27,
0.71771,30,24,19,24,
0.719258,32,33,19,29,
0.72065,29,37,30,23,
0.722052,29,37,30,23,
0.723452,33,23,25,21,
0.724812,32,14,18,23,
0.726277,15,13,24,21,
0.727654,9,6,21,28,
0.729022,7,1,21,21,
0.730496,-5,7,23,21,
0.732033,-1,10,15,23,
0.733532,19,27,22,22,
0.735034,30,31,35,27,
0.736406,42,31,42,27,
0.737858,44,30,46,28,
0.739464,40,30,35,16,
0.740924,36,30,25,13,
0.742368,21,14,23,22,
0.743749,15,11,28,21,
0.74516,8,11,20,9,
0.746612,15,27,15,6,
0.748004,-2,22,19,13,
0.749435,7,26,26,18,
0.750942,13,33,29,20,
0.752451,32,33,30,20,
0.753846,34,33,33,22,
0.755286,29,32,39,26,
0.756659,38,22,45,29,
0.758043,42,26,39,27,
0.759512,27,26,33,22,
0.760912,12,11,26,20,
0.762369,12,19,30,15,
0.763845,12,19,30,15,
0.765196,1,16,19,17,
0.766631,1,16,19,17,
0.767974,16,15,19,23,
0.769337,25,25,18,30,
0.770714,35,23,18,32,
0.772118,27,26,19,33,
0.773601,30,29,19,25,
0.774981,34,34,23,27,
0.77652,27,20,27,26,
0.777922,19,14,24,29,
0.779365,19,14,24,29,
0.780762,9,9,17,13,
0.782165,-1,4,18,17,
0.78357,0,8,11,14,
0.784928,-6,21,22,20,
0.78634,7,19,20,20,
0.787724,18,34,23,29,
0.789076,36,33,30,28,
0.79051,39,32,32,25,
0.791899,22,33,29,21,
0.793431,22,33,29,21,
0.795003,24,27,32,27,
0.796574,17,17,21,31,
0.797959,4,22,13,31,
0.799428,8,20,12,13,
0.800799,14,14,21,10,
0.802213,25,19,23,11,
0.803609,25,19,23,11,
0.804974,33,29,18,23,
0.806376,27,29,25,23,
0.807775,40,39,19,37,
0.809132,34,23,28,28,
0.810543,21,23,30,25,
0.811957,26,26,19,27,
0.81331,23,23,16,22,
0.814692,14,26,20,21,
0.816089,-5,17,8,19,
0.817485,1,26,21,25,
0.819075,1,26,21,25,
0.820476,-6,30,23,32,
0.821897,-4,22,30,34,
0.823375,34,32,27,26,
0.824768,33,32,34,30,
0.82618,32,22,39,35,
0.827633,24,26,29,22,
0.829002,24,26,29,22,
0.830608,24,26,29,22,
0.832035,17,19,28,19,
0.83341,7,13,32,15,
0.834818,-5,3,17,8,
0.836207,-5,6,9,16,
0.837583,2,24,19,17,
0.83915,39,39,24,29,
0.840605,39,39,24,29,
0.842059,39,25,19,27,
0.84376,39,25,19,27,
0.845191,35,30,29,33,
0.846594,35,30,29,33,
0.847946,18,23,20,33,
0.849296,9,23,26,25,
0.850713,-8,22,18,16,
0.852081,-15,21,12,16,
0.853473,4,20,31,26,
0.854841,4,20,31,26,
0.856242,17,32,25,30,
0.857698,31,30,33,29,
0.859257,30,29,24,22,
0.860663,25,32,34,29,
0.862117,24,33,40,33,
0.863525,29,19,44,29,
0.864966,12,22,30,22,
0.86639,14,20,19,22,
0.86775,15,15,22,26,
0.869144,9,13,26,23,
0.870516,3,11,24,23,
0.87195,7,13,15,25,
0.873349,21,17,21,33,
0.874916,21,17,21,33,
0.876297,37,27,18,21,
0.87768,36,28,23,24,
0.879113,28,30,32,24,
0.88054,22,32,20,26,
0.881925,21,20,26,33,
0.883313,21,20,26,33,
0.884804,8,20,22,32,
0.886222,-3,14,13,20,
0.887629,11,10,29,16,
0.889,18,10,31,14,
0.890391,25,16,26,20,
0.891748,23,22,29,22,
0.893126,26,27,32,28,
0.894496,45,24,36,34,
0.895837,31,26,19,23,
0.897252,17,22,22,30,
0.898655,17,22,22,30,
0.900035,25,26,14,24,
0.901427,17,25,15,31,
0.902867,17,25,15,31,
0.904293,12,15,17,14,
0.905766,3,8,22,31,
0.907337,26,26,30,17,
0.90873,28,30,22,19,
0.910155,28,30,22,19,
0.911526,29,30,20,20,
0.912863,41,34,32,27,
0.91448,29,22,23,24,
0.915896,22,17,24,28,
0.91726,10,12,24,31,
0.918642,14,14,24,27,
0.920051,12,11,8,25,
0.921526,12,11,8,25,
0.92297,14,20,22,20,
0.92439,4,22,22,23,
0.925799,20,35,25,29,
0.927285,39,26,31,24,
0.928666,46,22,28,25,
0.930136,33,21,22,20,
0.931512,33,21,22,20,
0.932879,24,18,10,19,
0.934317,8,29,18,22,
0.935775,6,22,15,19,
0.937264,4,27,20,29,
0.938713,5,13,13,7,
0.94014,5,13,13,7,
0.941489,11,10,23,14,
0.942861,22,21,28,28,
0.944231,30,25,27,21,
0.945586,30,25,27,21,
0.947046,25,27,31,24,
0.948532,25,27,31,24,
0.949913,35,20,21,20,
0.951263,35,20,21,20,
0.952647,35,20,21,20,
0.953997,35,20,21,20,
0.955442,35,20,21,20,
0.956771,22,23,15,25,
0.958345,-3,13,22,14,
0.959798,-3,13,22,14,
0.961167,-3,13,22,14,
0.962694,-3,13,22,14,
0.964097,10,27,20,27,
0.965565,10,27,20,27,
0.967537,39,27,31,22,
0.969254,39,27,31,22,
0.970706,39,27,31,22,
0.972108,39,27,31,22,
0.973489,30,25,38,18,
0.974892,22,26,16,32,
0.976266,23,19,17,24,
0.977688,-8,13,15,32,
0.979161,-8,13,15,32,
0.980492,-8,13,15,32,
0.981864,-8,13,15,32,
0.983269,0,6,12,22,
0.984871,0,6,12,22,
0.986213,0,6,12,22,
0.987577,0,6,12,22,
0.988916,15,45,28,22,
0.990353,15,45,28,22,
0.991875,15,45,28,22,
0.994028,15,45,28,22,
0.996407,30,46,26,23,
0.99856,30,46,26,23,
1.00023,30,46,26,23,
1.00238,33,48,25,17,
1.00395,29,42,19,23,
1.00536,21,36,21,23,
1.00894,4,21,23,22,
1.01274,5,24,18,22,
1.01654,5,24,18,22,
1.01797,5,24,18,22,
1.02006,5,24,18,22,
1.02211,5,24,18,22,
1.0237,15,30,23,23,
1.02506,15,30,23,23,
1.0266,15,30,23,23,
1.02794,15,30,23,23,
1.03136,15,30,23,23,
1.0361,1,14,20,19,
1.0378,1,14,20,19,
1.03969,1,14,20,19,
1.04109,1,14,20,19,
1.04311,1,14,20,19,
1.04546,1,14,20,19,
1.04725,1,14,20,19,
1.0499,8,18,23,17,
1.05149,5,11,21,13,
1.0531,5,11,21,13,
1.0565,5,11,21,13,
1.05837,5,11,21,13,
1.05985,5,11,21,13,
1.06121,5,11,21,13,
1.06264,5,11,21,13,
1.06405,5,11,21,13,
1.06542,5,11,21,13,
1.06805,5,11,21,13,
1.07116,5,11,21,13,
1.07273,5,11,21,13,
1.07568,5,11,21,13,
1.0772,7,12,27,25,
1.07874,5,25,21,27,
1.08026,0,25,21,24,
1.08172,9,21,29,31,
1.08331,25,33,18,30,
1.08473,32,31,28,30,
1.08616,20,23,35,32,
1.0876,17,21,34,23,
1.08898,20,19,29,15,
1.0904,14,15,24,16,
1.09177,14,15,24,16,
1.0932,3,15,13,20,
1.09464,7,18,14,25,
1.09599,13,20,10,28,
1.09736,26,34,21,28,
1.09875,32,27,27,35,
1.10013,30,32,25,30,
1.10154,38,32,20,29,
1.10314,12,30,27,20,
1.10454,13,22,28,23,
1.10595,11,20,27,23,
1.10739,11,20,27,23,
1.1087,-3,16,32,19,
1.11014,-5,12,23,24,
1.1116,9,24,21,32,
1.11306,39,16,37,24,
1.11451,37,25,40,33,
1.11593,34,29,31,30,
1.11732,19,27,22,32,
1.11875,8,23,28,29,
1.12018,13,21,32,28,
1.12157,11,17,28,20,
1.12298,15,16,23,10,
1.12435,5,17,24,12,
1.12573,19,25,24,20,
1.12721,22,23,26,20,
1.12865,24,25,22,24,
1.13028,37,38,41,32,
1.13171,29,30,33,23,
1.13307,23,25,30,26,
1.13447,16,17,26,18,
1.13584,12,23,21,9,
1.13721,-1,14,21,23,
1.13867,8,5,11,15,
1.14005,8,5,11,15,
1.14158,18,23,24,27,
1.14318,39,23,24,23,
1.14461,40,25,34,33,
1.14609,40,23,30,35,
1.1476,23,27,31,29,
1.14893,16,23,20,23,
1.15031,17,25,10,12,
1.15169,10,3,28,13,
1.15304,0,-2,19,5,
1.15442,0,-2,19,5,
1.1558,6,3,22,7,
1.15716,17,12,27,15,
1.15856,33,13,32,26,
1.15996,33,27,34,28,
1.16134,39,40,32,32,
1.16276,41,33,24,31,
1.16413,10,13,21,23,
1.16548,10,13,21,23,
1.16688,13,21,16,25,
1.16828,3,11,22,18,
1.16965,8,10,22,21,
1.17105,4,18,16,23,
1.17243,21,16,23,19,
1.17383,27,27,31,21,
1.17536,19,30,38,23,
1.17678,27,27,46,29,
1.17817,27,27,46,29,
1.17955,27,16,27,22,
1.18092,17,27,27,17,
1.18246,7,29,28,18,
1.18383,0,7,14,12,
1.18517,2,6,25,12,
1.18668,-2,19,25,22,
1.1881,18,39,26,40,
1.18952,22,37,35,26,
1.19093,24,41,42,28,
1.19229,20,34,42,31,
1.19365,14,29,41,26,
1.19504,15,35,35,21,
1.19642,21,12,22,15,
1.19779,11,12,20,14,
1.19915,-13,4,15,25,
1.20053,8,12,7,23,
1.20193,14,22,20,26,
1.20335,24,28,28,33,
1.20478,32,24,32,35,
1.20617,38,33,34,26,
1.20755,38,38,27,21,
1.20892,25,29,23,22,
1.21028,9,29,23,27,
1.21162,15,22,23,30,
1.21296,12,1,20,22,
1.21439,1,-7,19,10,
1.21576,1,-7,19,10,
1.21715,4,19,25,16,
1.21869,19,24,35,17,
1.22006,26,21,39,24,
1.22144,31,35,28,28,
1.22284,28,32,36,21,
1.22421,12,19,22,22,
1.22559,3,23,20,27,
1.22707,7,23,19,31,
1.22846,5,16,18,29,
1.22985,4,12,16,17,
1.23126,8,19,8,8,
1.23263,2,11,13,14,
1.23396,20,31,27,26,
1.2354,23,43,29,22,
1.23683,21,38,23,38,
1.23828,29,36,23,26,
1.23966,19,37,20,29,
1.241,13,28,14,33,
1.24243,3,23,8,33,
1.24385,6,13,5,32,
1.24523,2,20,23,7,
1.24674,12,19,23,6,
1.24812,19,25,30,12,
1.24952,23,27,27,23,
1.25103,28,24,33,28,
1.25245,42,27,32,25,
1.25384,44,36,31,30,
1.25526,27,37,20,29,
1.25671,10,28,23,28,
1.25824,16,15,19,25,
1.25964,4,-5,20,22,
1.26103,-3,6,28,25,
1.26246,-6,18,26,18,
1.26382,17,22,23,13,
1.26521,36,24,27,19,
1.26666,38,23,34,22,
1.26805,38,32,33,26,
1.26948,39,33,33,22,
1.27085,27,35,22,26,
1.2723,9,28,21,27,
1.27367,0,28,18,27,
1.27506,-10,13,21,28,
1.27642,6,14,25,24,
1.27774,11,23,20,28,
1.27909,11,23,20,28,
1.28044,32,27,30,20,
1.2818,34,24,32,25,
1.28319,39,19,38,24,
1.28462,28,21,23,20,
1.28606,18,25,25,24,
1.28758,9,22,19,25,
1.28893,0,28,22,19,
1.29026,4,10,11,18,
1.29158,5,7,9,27,
1.29291,3,16,22,22,
1.29441,3,23,29,23,
1.29586,23,32,28,24,
1.29727,31,29,27,25,
1.29866,28,35,30,27,
1.3,23,42,38,25,
1.30139,18,17,40,29,
1.30281,16,13,37,32,
1.30434,7,8,31,27,
1.30574,7,8,31,27,
1.30717,-7,12,17,25,
1.30853,9,20,18,17,
1.31,20,30,31,22,
1.31148,37,39,38,25,
1.31285,37,38,40,21,
1.31422,27,32,31,30,
1.31555,30,30,24,25,
1.31691,23,24,20,21,
1.31827,4,18,18,26,
1.31962,3,11,17,16,
1.32096,2,1,21,17,
1.32234,2,1,21,17,
1.32369,6,5,27,18,
1.32506,28,28,24,15,
1.32649,34,26,25,9,
1.32793,46,31,29,14,
1.32929,21,25,37,25,
1.33072,20,14,33,32,
1.33212,14,4,27,34,
1.33349,0,14,24,22,
1.3349,-3,13,23,12,
1.33628,-8,-1,13,13,
1.33765,17,3,27,13,
1.33907,17,10,29,15,
1.34044,17,10,29,15,
1.34182,25,36,31,32,
1.34318,25,29,31,38,
1.3445,33,33,34,31,
1.34581,25,29,25,28,
1.34716,14,29,27,27,
1.34848,14,29,27,27,
1.34993,14,29,27,27,
1.35148,3,29,14,15,
1.35283,6,13,13,17,
1.35423,5,13,22,16,
1.3556,12,12,6,24,
1.35698,12,12,6,24,
1.35836,35,18,26,20,
1.35972,35,18,26,20,
1.36103,23,19,28,33,
1.36245,24,33,30,20,
1.36385,12,26,30,29,
1.36521,1,19,24,30,
1.36661,11,7,14,32,
1.36803,1,4,13,29,
1.36941,5,5,28,22,
1.37097,11,15,18,16,
1.37235,16,13,28,15,
1.37372,16,13,28,15,
1.37519,12,26,33,30,
1.37657,12,26,33,30,
1.37794,35,17,24,24,
1.37933,20,26,30,25,
1.3807,34,30,33,25,
1.3822,35,29,22,27,
1.38362,13,14,21,25,
1.38499,3,16,27,23,
1.38641,0,14,20,17,
1.38779,0,14,20,17,
1.38914,5,9,22,19,
1.39051,7,13,19,21,
1.39188,10,10,17,21,
1.39326,10,10,17,21,
1.39473,35,35,32,22,
1.39612,37,27,25,33,
1.39749,31,19,24,39,
1.39888,27,9,17,34,
1.40029,27,9,17,34,
1.4019,27,9,17,34,
1.40338,10,12,27,27,
1.40483,10,12,27,27,
1.40631,-3,9,22,16,
1.40766,11,16,16,5,
1.40901,17,21,17,9,
1.41037,21,24,27,15,
1.4118,34,22,25,28,
1.41327,41,33,30,35,
1.41462,26,35,35,32,
1.41595,26,35,35,32,
1.41728,21,35,34,30,
1.41869,7,18,23,13,
1.42014,7,18,23,13,
1.42154,8,21,31,21,
1.42303,-8,24,16,14,
1.42443,-3,29,14,17,
1.42581,8,24,19,21,
1.42721,24,18,23,17,
1.42859,34,25,20,19,
1.43003,37,31,29,23,
1.43153,44,40,39,28,
1.43287,40,32,35,37,
1.43422,31,16,16,21,
1.43563,13,11,9,19,
1.43767,-6,7,20,24,
1.43923,6,11,23,28,
1.44066,-6,16,10,16,
1.44221,-6,16,10,16,
1.44368,19,20,18,17,
1.44505,33,23,27,23,
1.44643,35,29,36,29,
1.4478,40,23,20,31,
1.44914,40,23,20,31,
1.45058,21,31,17,29,
1.45202,11,32,22,22,
1.45349,11,16,24,18,
1.45498,6,16,23,16,
1.45644,1,1,14,13,
1.45783,3,5,24,20,
1.45922,7,11,20,30,
1.46064,7,11,20,30,
1.46215,32,25,26,34,
1.46354,35,21,26,25,
1.46487,26,27,24,18,
1.46626,31,23,33,31,
1.46762,30,15,25,26,
1.46898,30,15,25,26,
1.47043,24,23,23,14,
1.47184,13,24,15,23,
1.47325,-2,22,20,22,
1.47484,-2,11,24,16,
1.47626,-2,11,24,16,
1.47764,-2,11,24,16,
1.47907,21,14,16,32,
1.48046,31,34,28,37,
1.48187,29,34,29,32,
1.48337,30,27,38,35,
1.48478,19,23,38,31,
1.48614,5,15,36,23,
1.48754,5,15,36,23,
1.48982,-9,13,21,18,
1.49137,-1,16,10,23,
1.49276,-10,11,17,17,
1.49414,1,3,22,18,
1.49553,23,21,37,17,
1.4969,23,21,37,17,
1.49824,36,29,38,27,
1.49961,36,33,36,33,
1.50096,22,30,37,31,
1.50243,14,28,35,29,
1.50388,14,28,35,29,
1.50528,8,24,30,24,
1.50671,4,9,30,19,
1.50814,9,11,27,12,
1.50956,5,11,20,14,
1.51097,1,22,23,23,
1.51225,9,25,31,26,
1.51358,9,25,31,26,
1.51492,26,29,33,30,
1.51627,29,24,29,37,
1.51764,21,22,23,35,
1.51897,22,24,17,25,
1.52032,22,24,27,15,
1.5217,22,24,27,15,
1.52311,8,19,24,17,
1.52447,13,13,17,23,
1.5258,9,17,8,19,
1.52715,-1,7,8,16,
1.52859,-7,13,19,22,
1.53,12,21,22,30,
1.53137,23,21,28,22,
1.53275,23,22,27,31,
1.53413,16,33,29,31,
1.53545,31,36,31,32,
1.53677,27,36,27,36,
1.53819,27,36,27,36,
1.53958,31,38,39,34,
1.54097,17,26,31,34,
1.54241,6,19,8,15,
1.54374,-9,11,20,15,
1.54508,-8,15,14,16,
1.5465,10,13,9,29,
1.54787,10,13,9,29,
1.54921,13,25,20,29,
1.55061,34,33,26,30,
1.55198,32,34,26,23,
1.55333,31,30,22,23,
1.55471,26,24,23,25,
1.55609,26,24,23,25,
1.55747,31,15,26,26,
1.55891,11,23,17,29,
1.56029,11,23,17,29,
1.56167,-3,19,11,24,
1.56303,-7,28,21,21,
1.56447,13,20,23,19,
1.56584,30,31,29,24,
1.56726,28,26,40,30,
1.56863,28,18,39,35,
1.56995,25,26,33,40,
1.57135,28,27,27,23,
1.57281,28,27,27,23,
1.57431,12,30,22,19,
1.57571,11,23,26,24,
1.57711,9,20,29,29,
1.57863,2,20,23,20,
1.58004,-1,15,12,12,
1.58144,20,20,17,28,
1.58282,20,28,16,34,
1.5842,20,28,16,34,
1.58556,24,26,27,27,
1.58701,28,29,26,25,
1.58839,19,27,20,25,
1.58982,25,23,28,16,
1.59122,28,19,29,10,
1.59258,17,20,31,6,
1.59395,13,20,25,19,
1.59537,-4,11,16,21,
1.59674,0,19,16,22,
1.59822,1,11,13,23,
1.59957,2,12,23,22,
1.60091,20,26,25,29,
1.60229,30,38,25,27,
1.60364,33,25,24,31,
1.60496,33,25,33,35,
1.60638,35,38,32,28,
1.60791,4,27,19,15,
1.6093,7,25,15,17,
1.61077,7,25,15,17,
1.61214,0,23,23,29,
1.61347,-6,22,24,25,
1.6149,-6,22,24,25,
1.61628,11,22,17,16,
1.61764,16,21,28,17,
1.61907,33,29,36,28,
1.6205,27,38,32,29,
1.62184,19,33,38,31,
1.62318,22,33,35,28,
1.62454,18,24,27,28,
1.6259,3,21,30,20,
1.62783,1,25,20,16,
1.62924,1,25,20,16,
1.63065,-9,25,7,25,
1.632,-2,15,12,16,
1.63333,8,6,15,22,
1.63476,16,9,23,17,
1.63618,29,27,30,28,
1.63763,28,32,26,34,
1.63901,37,32,26,28,
1.64038,37,32,26,28,
1.64178,30,40,26,27,
1.64318,12,28,33,21,
1.64455,4,22,30,22,
1.64589,6,16,21,30,
1.64726,3,10,13,23,
1.64863,-3,10,9,23,
1.65005,11,11,19,16,
1.65153,15,19,20,23,
1.65279,31,26,27,23,
1.65415,36,40,33,28,
1.65555,36,40,33,28,
1.65693,29,45,30,26,
1.65834,26,39,20,28,
1.65968,19,26,35,24,
1.66102,17,28,24,26,
1.66238,16,22,26,30,
1.66398,16,22,26,30,
1.66543,-1,12,16,15,
1.66689,-12,25,18,17,
1.66831,17,27,21,19,
1.66969,36,28,25,18,
1.67114,35,32,31,31,
1.67251,33,36,35,27,
1.6739,33,36,35,27,
1.67533,31,22,32,29,
1.67676,31,29,27,33,
1.67826,13,23,15,35,
1.67962,-5,27,18,25,
1.68098,-3,22,11,27,
1.6824,-3,22,11,27,
1.68377,0,27,18,25,
1.68514,-6,12,17,19,
1.6866,7,10,25,16,
1.68797,37,18,35,28,
1.68939,30,25,34,25,
1.69108,30,25,34,25,
1.69255,23,28,32,27,
1.69404,23,28,32,27,
1.69548,24,27,28,16,
1.69682,17,23,29,21,
1.69822,20,27,17,26,
1.69958,11,13,20,20,
1.70093,15,20,17,10,
1.70228,15,20,17,10,
1.70366,28,23,29,30,
1.70499,33,35,20,39,
1.70639,22,31,23,38,
1.70778,32,27,28,32,
1.70915,38,22,32,34,
1.71057,36,30,37,37,
1.71198,24,27,27,36,
1.71337,13,23,23,25,
1.71475,18,16,18,13,
1.71612,8,18,22,23,
1.71749,11,8,15,22,
1.71889,11,8,15,22,
1.72027,21,29,32,31,
1.72172,32,23,27,26,
1.72322,32,23,27,26,
1.7247,41,35,31,22,
1.72625,53,37,41,31,
1.72763,18,35,38,28,
1.72903,16,33,36,27,
1.73048,2,35,28,15,
1.73185,2,35,28,15,
1.73322,6,29,25,16,
1.73462,0,23,22,26,
1.73602,-12,14,24,29,
1.73741,10,20,28,23,
1.73883,33,27,31,27,
1.74022,32,31,39,27,
1.7416,22,42,40,23,
1.74303,41,39,33,33,
1.74452,16,28,34,22,
1.74593,15,14,25,20,
1.74737,22,18,22,22,
1.74872,22,18,22,22,
1.7501,16,14,30,16,
1.75146,0,12,17,19,
1.75275,3,17,7,25,
1.75415,6,25,6,18,
1.75554,18,25,17,17,
1.75692,20,25,27,29,
1.75832,15,28,29,35,
1.75968,21,18,32,37,
1.76104,24,29,29,39,
1.76243,23,28,20,38,
1.76382,32,28,19,27,
1.7652,21,4,21,22,
1.76659,21,4,21,22,
1.76799,19,5,19,23,
1.76942,3,8,16,13,
1.7708,0,6,14,20,
1.77216,13,11,8,33,
1.77355,20,14,22,30,
1.775,37,25,35,31,
1.7764,36,33,29,30,
1.77779,40,38,28,38,
1.77915,31,39,36,26,
1.7805,23,32,37,21,
1.78183,28,22,21,24,
1.78323,22,18,18,23,
1.78459,10,27,13,17,
1.78598,10,27,13,17,
1.78735,12,9,9,15,
1.78878,17,4,21,23,
1.79029,22,10,24,24,
1.7917,27,22,23,18,
1.79308,27,22,23,18,
1.79455,29,29,31,27,
1.79591,46,31,35,29,
1.79727,44,30,27,28,
1.79864,41,27,22,32,
1.8,23,13,16,22,
1.8014,9,19,25,28,
1.80279,-7,15,25,19,
1.80417,-7,15,20,12,
1.80554,-7,15,20,12,
1.80691,4,24,18,27,
1.80828,20,28,28,36,
1.80969,25,32,32,28,
1.81113,32,27,23,28,
1.81249,44,26,28,29,
1.81386,40,31,30,36,
1.81524,25,27,23,29,
1.8166,13,23,21,22,
1.81799,15,22,18,12,
1.81954,16,21,19,12,
1.82087,7,16,25,27,
1.82227,9,8,19,20,
1.8237,11,25,19,19,
1.82507,11,25,19,19,
1.82651,47,22,32,30,
1.8279,41,16,33,26,
1.82929,46,30,38,26,
1.83071,34,28,43,27,
1.83213,23,24,39,24,
1.83348,19,30,29,26,
1.83485,17,12,17,13,
1.83619,17,12,17,13,
1.83758,13,12,15,15,
1.83903,-4,14,15,19,
1.84046,15,17,16,14,
1.84187,15,17,16,14,
1.8433,20,25,27,30,
1.84473,28,23,33,25,
1.84627,21,26,27,28,
1.84766,19,36,39,32,
1.84906,29,35,33,24,
1.85042,29,35,33,24,
1.85179,22,20,30,20,
1.85311,21,16,27,24,
1.85449,19,16,17,22,
1.85586,12,3,22,16,
1.85717,14,15,24,20,
1.85855,6,28,21,23,
1.85995,26,17,25,25,
1.86132,31,21,31,30,
1.86282,33,23,29,32,
1.86426,41,27,31,28,
1.86563,44,20,23,26,
1.86712,39,34,29,36,
1.86844,36,25,24,26,
1.8698,22,18,16,18,
1.87123,16,12,20,18,
1.87264,-2,15,14,18,
1.87402,-3,15,22,19,
1.87543,1,21,16,26,
1.87683,1,21,16,26,
1.87826,1,21,16,26,
1.87967,23,16,25,23,
1.88104,25,33,22,32,
1.88248,31,42,24,32,
1.88387,19,23,22,23,
1.88522,19,23,22,23,
1.8866,16,16,29,24,
1.88814,12,14,22,22,
1.88955,-1,20,13,14,
1.89094,-6,23,7,10,
1.89232,-1,27,12,7,
1.8937,15,21,26,7,
1.89514,15,21,26,7,
1.89652,29,27,38,15,
1.89795,30,25,28,24,
1.90007,34,32,31,31,
1.9015,34,37,30,37,
1.90291,15,27,20,19,
1.90429,15,27,20,19,
1.90592,15,27,20,19,
1.90732,2,21,22,22,
1.90869,0,12,16,18,
1.91007,1,11,27,19,
1.91144,1,16,26,30,
1.91279,16,20,20,32,
1.91421,33,21,25,35,
1.91559,33,21,25,35,
1.91692,50,26,30,37,
1.91838,43,34,28,31,
1.91981,23,28,30,27,
1.92117,27,31,26,24,
1.92259,1,28,21,25,
1.92391,7,23,24,23,
1.92526,7,23,24,23,
1.92662,7,17,13,18,
1.92797,19,18,25,22,
1.92933,19,18,25,22,
1.93088,22,17,31,21,
1.93229,31,31,28,29,
1.93366,33,35,32,33,
1.93508,18,20,33,28,
1.93644,17,32,32,24,
1.93781,20,23,31,26,
1.93921,4,29,22,12,
1.94059,5,23,22,13,
1.94197,5,23,22,13,
1.94343,12,20,17,19,
1.94472,-1,22,23,26,
1.9461,-6,12,18,32,
1.94751,7,24,18,28,
1.94894,33,34,26,33,
1.95044,40,27,28,28,
1.95187,34,24,20,25,
1.95332,19,24,29,21,
1.95474,18,33,36,27,
1.9561,13,32,33,31,
1.95747,7,36,24,23,
1.95888,0,7,20,20,
1.96031,-2,4,18,16,
1.9617,5,14,15,16,
1.96313,4,16,19,23,
1.9646,9,22,23,23,
1.96602,20,29,24,27,
1.96745,25,32,24,27,
1.96883,32,34,27,31,
1.97023,36,24,28,35,
1.97163,23,16,33,28,
1.97297,13,18,33,23,
1.97439,9,12,35,22,
1.97574,2,21,25,23,
1.9771,-8,13,23,21,
1.97841,-14,9,20,26,
1.97972,-1,17,26,20,
1.9811,16,19,29,29,
1.98263,16,19,29,29,
1.98408,32,37,25,18,
1.98556,27,42,26,20,
1.98699,25,35,32,28,
1.98837,18,24,37,28,
1.98972,15,25,28,32,
1.99115,8,15,24,27,
1.99252,8,15,24,27,
1.9939,-1,11,13,22,
1.99533,-8,16,4,22,
1.9967,-2,15,14,19,
1.99812,5,16,29,20,
1.99954,5,16,29,20,
2.00088,22,26,34,25,
2.00228,18,26,28,28,
2.00364,32,20,33,28,
2.00502,29,17,27,36,
2.0066,29,17,27,36,
2.00798,21,16,21,28,
2.0095,17,18,10,27,
2.011,9,23,20,19,
2.0124,-13,11,11,23,
2.01377,-2,3,14,22,
2.0152,19,22,30,25,
2.01661,30,33,26,33,
2.01809,30,33,26,33,
2.01949,27,34,36,34,
2.02086,23,36,39,30,
2.02233,27,38,34,29,
2.02372,19,31,21,21,
2.0251,8,30,19,29,
2.02651,12,34,14,26,
2.02794,6,20,21,19,
2.02936,-3,8,27,13,
2.03082,8,9,24,15,
2.03225,10,15,19,15,
2.03364,4,23,26,23,
2.03506,27,27,25,18,
2.03643,27,27,25,18,
2.03781,39,40,28,24,
2.03922,46,37,27,20,
2.04059,29,34,22,17,
2.04195,11,23,31,19,
2.04334,9,15,28,29,
2.04477,9,15,28,29,
2.0462,9,15,28,29,
2.04757,-5,24,18,25,
2.04893,2,28,22,25,
2.05034,12,15,15,28,
2.05171,27,36,31,20,
2.05303,27,36,31,20,
2.05452,25,37,35,22,
2.05588,39,28,34,27,
2.05724,23,33,42,26,
2.05866,23,33,42,26,
2.05999,11,23,20,25,
2.0614,0,10,22,23,
2.06285,-6,15,26,24,
2.06422,-5,10,14,23,
2.06559,14,17,14,16,
2.06699,13,14,10,12,
2.06836,19,22,26,33,
2.06976,19,22,26,33,
2.0712,24,28,27,24,
2.07259,34,25,36,24,
2.07398,34,25,36,24,
2.07545,38,28,32,32,
2.07683,8,24,24,17,
2.07822,10,16,32,23,
2.07961,9,13,26,26,
2.08101,0,2,23,23,
2.08242,-7,8,11,24,
2.08378,-2,11,17,28,
2.08513,16,35,23,27,
2.08653,17,28,24,33,
2.08792,17,28,24,33,
2.08931,37,32,27,20,
2.09069,37,32,27,20,
2.09205,29,27,24,31,
2.09342,34,21,22,23,
2.0948,21,11,13,16,
2.09615,8,17,16,20,
2.09748,7,8,13,12,
2.09887,7,8,13,12,
2.10024,7,8,13,12,
2.10155,11,15,8,18,
2.10292,5,28,17,14,
2.10428,22,32,33,21,
2.10567,17,34,42,29,
2.10699,33,29,29,34,
2.10836,42,27,25,35,
2.10975,22,32,31,33,
2.11113,20,26,23,31,
2.11252,20,14,13,21,
2.11389,16,20,16,21,
2.11525,8,16,17,21,
2.11661,8,16,17,21,
2.11796,0,19,28,18,
2.11932,0,21,23,19,
2.12073,14,27,26,20,
2.12209,24,27,28,29,
2.12347,28,24,29,22,
2.12479,25,28,33,20,
2.12617,23,16,32,25,
2.12757,16,26,32,23,
2.12893,7,16,25,27,
2.13029,16,17,27,27,
2.13165,16,17,27,27,
2.13297,-9,19,18,18,
2.13436,-9,19,18,18,
2.13572,-6,17,4,20,
2.13707,15,21,22,24,
2.13847,15,21,22,24,
2.13984,22,25,26,33,
2.14126,22,22,43,42,
2.14263,28,30,32,36,
2.14399,25,29,25,30,
2.14533,22,19,20,29,
2.14672,10,7,18,31,
2.14807,6,4,18,22,
2.14945,3,20,26,21,
2.15083,-7,26,15,17,
2.1521,-11,18,20,12,
2.15345,-11,18,20,12,
2.15482,14,18,23,20,
2.15618,18,20,17,24,
2.15757,30,30,27,24,
2.15897,40,21,24,41,
2.16028,40,21,24,41,
2.16164,35,15,22,34,
2.16296,33,29,19,21,
2.16432,16,19,26,23,
2.16569,14,25,21,26,
2.16701,7,18,21,27,
2.16836,7,5,8,23,
2.16969,9,14,7,24,
2.17104,14,23,7,25,
2.17238,12,29,9,20,
2.17371,23,35,18,31,
2.17511,32,33,29,38,
2.17649,32,33,29,38,
2.17786,35,25,27,24,
2.1792,17,29,31,24,
2.18059,6,24,28,23,
2.18195,-1,4,30,28,
2.18334,-3,5,28,21,
2.18472,3,7,16,24,
2.18603,3,7,16,24,
2.1874,11,12,14,22,
2.18879,5,10,16,12,
2.19012,7,17,17,19,
2.1915,29,35,25,31,
2.19285,16,36,28,28,
2.19418,16,36,28,28,
2.19551,38,46,23,38,
2.19687,31,41,20,30,
2.19824,12,26,15,24,
2.19959,0,19,10,12,
2.20091,-4,18,18,11,
2.20227,-4,18,18,11,
2.20363,-4,18,18,11,
2.20497,2,12,19,12,
2.20634,12,19,20,16,
2.20771,15,27,25,27,
2.20904,34,31,40,26,
2.21041,34,31,40,26,
2.21175,24,39,30,25,
2.21312,25,38,32,30,
2.2145,33,29,32,20,
2.21586,27,23,28,23,
2.21722,10,11,21,27,
2.21854,8,3,19,31,
2.21985,8,3,19,31,
2.22124,3,-3,25,22,
2.22264,9,17,24,19,
2.224,13,14,24,28,
2.22538,20,21,31,36,
2.22673,23,21,34,35,
2.22808,25,19,38,25,
2.22943,27,31,33,22,
2.23082,28,13,31,33,
2.23218,15,7,25,20,
2.23351,15,7,25,20,
2.23488,14,7,19,27,
2.2363,14,7,23,28,
2.23766,3,-3,23,28,
2.23902,-10,3,25,26,
2.2404,-3,16,18,24,
2.24169,-3,16,18,24,
2.24306,18,18,21,20,
2.24442,35,35,36,17,
2.24578,38,34,44,18,
2.24715,21,27,34,25,
2.2485,18,22,26,26,
2.24989,23,23,27,30,
2.25126,20,22,25,27,
2.2526,13,27,22,22,
2.25397,-10,4,22,21,
2.25536,3,13,26,19,
2.25678,3,13,26,19,
2.25815,1,14,26,20,
2.2595,17,19,17,22,
2.26086,23,20,15,19,
2.2623,34,28,32,32,
2.26367,34,28,32,32,
2.26502,38,19,29,34,
2.26636,42,23,24,41,
2.26768,33,24,22,30,
2.26901,24,25,15,20,
2.27034,9,24,12,29,
2.27167,4,16,7,26,
2.27299,3,15,7,19,
2.27435,0,19,8,14,
2.27566,5,22,10,22,
2.27698,23,17,11,29,
2.27834,30,30,11,23,
2.27972,32,23,22,19,
2.28104,38,26,25,27,
2.28242,37,23,18,30,
2.2838,40,17,23,29,
2.28512,16,10,10,9,
2.2865,3,26,9,5,
2.28782,3,19,12,10,
2.28919,3,19,12,10,
2.2906,-2,3,16,3,
2.29195,2,7,13,4,
2.2933,2,13,22,18,
2.29467,17,26,29,19,
2.29598,23,34,36,19,
2.29729,27,41,33,30,
2.29862,24,36,31,34,
2.29996,33,23,34,22,
2.30127,25,17,29,18,
2.30263,25,17,29,18,
2.30399,19,5,19,34,
2.30535,12,9,21,22,
2.30675,12,9,21,22,
2.3081,0,14,21,23,
2.30948,-6,24,24,26,
2.31089,8,32,23,25,
2.31224,41,19,22,33,
2.3136,28,23,23,32,
2.31496,24,39,19,33,
2.31631,24,39,19,33,
2.31766,19,44,25,30,
2.31903,25,34,28,23,
2.32043,26,23,34,24,
2.3218,-5,21,30,22,
2.3232,-7,24,22,31,
2.32456,-7,24,22,31,
2.32595,7,13,9,13,
2.32732,3,24,8,13,
2.32868,6,25,8,18,
2.33008,30,24,22,20,
2.33145,33,36,26,31,
2.33281,38,39,26,26,
2.33417,40,32,36,21,
2.33555,35,19,30,21,
2.3369,24,15,36,23,
2.33827,8,20,25,31,
2.33962,18,22,30,29,
2.34098,18,22,30,29,
2.34234,-1,11,24,10,
2.34371,6,12,14,13,
2.3451,22,14,21,27,
2.34648,26,24,30,34,
2.34787,28,34,30,27,
2.34922,21,33,29,27,
2.35061,21,33,29,27,
2.35193,41,33,24,16,
2.35327,38,28,20,22,
2.35471,26,24,25,32,
2.35609,20,18,23,16,
2.35748,20,18,23,16,
2.35884,3,24,21,19,
2.36016,-6,21,20,20,
2.36152,-6,21,20,20,
2.3629,11,16,21,13,
2.36426,26,31,25,21,
2.36562,32,38,28,30,
2.367,32,38,28,30,
2.36836,40,40,23,25,
2.36974,31,38,22,23,
2.37114,19,26,20,20,
2.3725,19,21,19,23,
2.37386,14,29,11,30,
2.3752,3,21,18,26,
2.37658,2,13,21,17,
2.37789,-2,21,23,16,
2.37928,-2,18,23,11,
2.38064,12,25,28,7,
2.38195,30,25,34,12,
2.3833,30,23,36,17,
2.38464,22,26,35,24,
2.38602,40,28,37,32,
2.38738,24,26,24,28,
2.38878,12,23,16,31,
2.3901,7,17,14,27,
2.39146,12,10,15,21,
2.3928,12,10,15,21,
2.39414,9,17,18,21,
2.39549,7,-2,12,27,
2.39683,15,1,12,22,
2.39816,22,9,25,24,
2.39954,35,19,30,31,
2.40086,28,17,27,33,
2.40219,24,24,20,38,
2.40354,16,27,17,33,
2.40486,21,29,25,31,
2.40625,16,29,31,27,
2.40762,5,22,26,23,
2.40897,2,17,25,11,
2.41035,10,12,24,9,
2.41171,2,6,28,9,
2.41308,5,6,19,22,
2.41451,6,30,16,23,
2.41587,15,31,27,17,
2.41726,19,28,31,19,
2.41879,33,21,23,23,
2.4203,33,21,23,23,
2.42171,22,17,30,24,
2.42319,25,30,39,21,
2.42456,27,18,39,15,
2.4259,-2,20,11,29,
2.42728,11,20,9,24,
2.42865,11,20,9,24,
2.43008,21,15,19,10,
2.4316,21,15,19,10,
2.43297,18,12,17,17,
2.43435,14,33,22,22,
2.43574,19,42,32,24,
2.43711,19,42,32,24,
2.43851,45,23,23,34,
2.43987,35,30,27,28,
2.44128,24,19,33,23,
2.44273,11,14,26,18,
2.44409,11,19,23,25,
2.44545,11,19,23,25,
2.44686,-8,15,18,24,
2.44819,-2,18,15,29,
2.44958,-1,11,19,20,
2.45095,25,22,14,24,
2.4523,20,29,15,24,
2.45364,20,29,15,24,
2.45502,26,36,35,29,
2.45635,17,34,34,34,
2.45772,21,37,27,30,
2.45905,11,26,18,21,
2.46041,11,26,18,21,
2.46179,13,18,14,25,
2.46318,-2,2,15,25,
2.4645,-15,4,24,25,
2.46587,-7,11,16,25,
2.46722,11,15,15,24,
2.46857,26,25,42,25,
2.46994,26,25,42,25,
2.4713,17,25,40,28,
2.47261,40,27,31,34,
2.47397,34,35,27,30,
2.47535,24,18,21,28,
2.47673,16,21,21,24,
2.47809,16,21,21,24,
2.47945,14,24,22,25,
2.48076,7,22,11,22,
2.48212,2,7,12,17,
2.48353,13,12,9,15,
2.48487,14,25,7,29,
2.48624,24,22,21,35,
2.48761,37,24,23,27,
2.48893,38,32,30,26,
2.4903,21,19,24,26,
2.49166,19,20,34,24,
2.49298,19,20,34,24,
2.49434,19,16,38,27,
2.4957,11,22,26,25,
2.49705,12,30,24,27,
2.49844,1,23,28,30,
2.49979,6,22,11,30,
2.50114,18,30,15,34,
2.50251,31,29,12,25,
2.50391,32,29,14,16,
2.50522,26,41,28,19,
2.50659,26,41,28,19,
2.50794,26,40,34,20,
2.50932,31,37,38,35,
2.51071,21,27,29,25,
2.51207,10,16,14,17,
2.51339,16,11,8,21,
2.51475,11,15,4,28,
2.51608,-1,15,17,22,
2.51739,2,13,19,25,
2.51874,15,22,28,28,
2.52008,34,20,27,30,
2.52139,34,20,27,30,
2.52275,41,22,25,21,
2.5241,32,25,33,23,
2.52546,37,30,36,29,
2.52689,21,30,28,23,
2.52827,11,21,23,29,
2.52958,13,23,19,30,
2.53095,16,20,18,21,
2.53231,5,7,23,15,
2.53365,10,15,21,19,
2.53503,10,15,21,19,
2.53639,22,20,22,19,
2.53771,29,21,27,26,
2.53908,28,20,30,22,
2.54042,34,30,34,21,
2.54181,31,31,36,31,
2.54317,23,27,31,25,
2.54454,15,33,29,26,
2.54585,8,22,25,22,
2.54722,8,22,25,22,
2.54858,16,23,20,22,
2.54992,11,25,27,15,
2.55132,4,28,15,16,
2.55268,11,21,15,27,
2.55399,30,21,19,36,
2.55535,34,33,20,31,
2.55667,34,33,20,31,
2.55803,26,41,34,28,
2.5594,36,32,37,24,
2.56077,32,36,21,20,
2.56215,12,37,24,22,
2.5635,13,23,20,25,
2.56487,22,19,19,25,
2.56622,16,19,20,15,
2.56757,3,21,20,11,
2.56893,5,20,19,14,
2.57032,-1,14,26,24,
2.57169,22,29,28,27,
2.57301,40,32,28,28,
2.57441,33,37,32,30,
2.57577,33,37,32,30,
2.57713,39,34,28,31,
2.57862,41,32,29,30,
2.57999,27,25,30,20,
2.58135,21,17,32,18,
2.58271,21,15,23,16,
2.58408,21,15,23,16,
2.58544,3,11,27,15,
2.58681,6,4,19,16,
2.58818,2,15,24,22,
2.5895,15,28,35,21,
2.59089,27,26,44,25,
2.59226,40,26,34,26,
2.59363,51,28,33,28,
2.59499,49,25,37,30,
2.59636,35,27,35,31,
2.59769,22,26,28,34,
2.59903,19,11,14,13,
2.60039,19,11,14,13,
2.60179,14,17,16,14,
2.60316,-3,10,16,25,
2.60452,4,17,18,27,
2.6059,10,21,28,30,
2.60732,25,19,28,25,
2.60865,25,19,28,25,
2.61001,28,24,25,28,
2.61137,30,19,33,22,
2.61274,29,28,33,27,
2.61415,30,31,25,23,
2.61551,30,16,15,15,
2.61686,30,16,15,15,
2.61827,22,20,14,20,
2.61957,-5,10,14,16,
2.62094,11,15,11,17,
2.62244,11,15,11,17,
2.62389,27,26,18,25,
2.62529,27,26,18,25,
2.62675,34,21,25,21,
2.62813,37,38,36,27,
2.62951,32,37,42,33,
2.63092,22,24,31,33,
2.63232,12,28,22,31,
2.63369,12,28,22,31,
2.63519,10,27,26,26,
2.63663,13,17,22,19,
2.63801,-1,4,14,14,
2.63942,-1,16,25,11,
2.64079,17,28,19,27,
2.64216,28,29,30,25,
2.64353,27,26,27,20,
2.64478,36,23,31,20,
2.64616,47,30,48,23,
2.64754,37,22,44,33,
2.64888,16,23,28,24,
2.65024,16,23,28,24,
2.65159,16,23,28,24,
2.65293,29,2,27,9,
2.65432,21,16,17,15,
2.65565,13,22,22,19,
2.65697,22,15,29,21,
2.65833,13,14,24,38,
2.6597,13,14,24,38,
2.66101,29,32,31,37,
2.66236,41,40,33,31,
2.66375,21,31,32,28,
2.66505,15,26,37,29,
2.66643,15,26,37,29,
2.66772,21,25,34,35,
2.66903,19,18,27,26,
2.67042,8,24,23,29,
2.67182,-2,9,10,17,
2.67315,-7,8,16,15,
2.67451,8,9,19,16,
2.67588,21,16,24,19,
2.67723,21,16,24,19,
2.67859,28,26,33,22,
2.67995,36,30,35,20,
2.6813,31,38,32,24,
2.68266,26,45,29,30,
2.68403,29,37,24,24,
2.68536,20,26,26,17,
2.68676,21,24,21,25,
2.68813,8,18,17,31,
2.68949,-5,10,15,19,
2.69088,-1,13,22,12,
2.69225,3,24,27,25,
2.69361,20,20,21,31,
2.69498,25,31,24,26,
2.69633,23,33,36,24,
2.69768,29,30,42,31,
2.69906,37,36,27,23,
2.70043,31,27,23,16,
2.70186,31,27,23,16,
2.70323,27,17,25,18,
2.70454,25,20,34,14,
2.70585,14,9,21,18,
2.70719,13,0,10,16,
2.70859,22,14,11,18,
2.70994,22,14,11,18,
2.71132,25,38,25,20,
2.7127,25,38,25,20,
2.71409,33,32,30,26,
2.71546,34,43,18,37,
2.71677,41,36,15,31,
2.71814,41,36,15,31,
2.71949,22,26,12,30,
2.72084,3,10,23,31,
2.72222,5,9,21,22,
2.72357,1,8,13,16,
2.72491,12,7,21,20,
2.7263,12,7,21,20,
2.72766,12,7,21,20,
2.72899,17,34,20,24,
2.73032,24,30,21,35,
2.73169,27,30,29,28,
2.73303,37,39,27,28,
2.7344,29,34,29,32,
2.73579,34,40,22,29,
2.73715,31,29,18,22,
2.73848,18,25,16,25,
2.7399,13,20,18,23,
2.74127,3,8,22,26,
2.74274,-2,-2,21,19,
2.74408,-2,-2,21,19,
2.74545,0,7,29,26,
2.74683,17,23,32,23,
2.74818,15,21,29,20,
2.74949,25,30,18,23,
2.75086,25,30,18,23,
2.75219,23,40,29,24,
2.7535,16,42,25,27,
2.75482,19,26,23,19,
2.75617,17,17,27,23,
2.75754,17,17,27,23,
2.75891,7,5,17,23,
2.76026,2,6,12,21,
2.76164,7,15,17,23,
2.76301,25,18,19,33,
2.76443,25,18,19,33,
2.76578,30,17,22,33,
2.76718,32,20,25,29,
2.76855,36,28,41,31,
2.76991,26,24,38,34,
2.77128,21,12,21,25,
2.77267,21,10,25,22,
2.77401,13,16,15,23,
2.77543,0,8,13,19,
2.77679,-1,10,18,13,
2.77816,7,22,26,6,
2.77955,14,27,25,9,
2.78104,14,27,25,9,
2.7824,27,26,38,24,
2.78376,27,27,38,25,
2.78511,39,34,31,26,
2.78648,33,24,26,35,
2.78785,29,13,26,32,
2.78921,26,18,26,26,
2.79061,13,27,28,29,
2.792,5,26,26,26,
2.79335,-1,19,13,17,
2.79472,0,7,21,16,
2.79608,0,1,21,29,
2.79742,14,10,29,34,
2.7988,22,32,41,29,
2.80018,21,29,36,24,
2.80155,28,36,24,30,
2.8029,26,31,23,26,
2.80425,23,21,25,28,
2.80559,16,21,31,23,
2.807,16,21,31,23,
2.80834,6,22,19,23,
2.80972,11,12,15,27,
2.8111,4,18,16,19,
2.81243,-6,17,17,15,
2.81379,-1,17,20,19,
2.81523,-1,17,20,19,
2.8166,37,16,29,24,
2.81793,33,16,19,30,
2.81926,38,24,25,26,
2.82061,25,17,26,30,
2.82198,32,30,24,32,
2.82338,29,26,31,19,
2.82478,21,12,26,11,
2.82614,9,9,27,20,
2.82749,-1,6,27,20,
2.82883,-1,6,27,20,
2.83021,2,11,29,11,
2.83158,0,12,24,12,
2.83292,10,20,27,26,
2.83429,24,25,31,30,
2.8356,35,21,31,25,
2.8369,45,25,22,28,
2.83825,35,21,23,31,
2.83957,20,23,27,23,
2.84087,20,23,27,23,
2.84224,10,29,24,15,
2.84354,13,18,17,24,
2.84484,7,7,13,26,
2.84619,-4,1,14,19,
2.84754,8,17,15,10,
2.84886,21,19,23,15,
2.85022,20,21,28,11,
2.85152,40,28,24,19,
2.85288,43,30,20,22,
2.85424,24,31,23,33,
2.85561,24,31,23,33,
2.85694,23,21,23,37,
2.8583,21,28,28,31,
2.85965,15,25,26,20,
2.86098,18,24,17,17,
2.86237,-3,13,18,17,
2.86374,8,18,20,32,
2.86505,14,21,21,26,
2.86638,14,21,21,26,
2.86774,33,32,33,26,
2.86911,35,25,25,27,
2.8705,32,18,24,27,
2.87186,41,19,24,27,
2.87322,40,23,31,24,
2.87455,36,25,27,18,
2.8759,36,25,27,18,
2.87725,12,17,28,23,
2.87861,5,21,24,28,
2.87997,-12,13,25,26,
2.88131,-2,22,23,26,
2.88269,-2,22,23,26,
2.88405,8,18,29,31,
2.88541,28,28,33,28,
2.88679,30,21,29,21,
2.88811,34,32,29,30,
2.88946,34,36,33,31,
2.89082,34,36,33,31,
2.89215,31,34,33,23,
2.89346,25,21,25,19,
2.89479,4,15,9,25,
2.89614,6,13,21,20,
2.89747,-4,20,20,13,
2.89889,-1,20,18,16,
2.90034,-1,20,18,16,
2.9017,5,21,22,16,
2.90306,28,25,24,30,
2.90445,36,24,31,35,
2.90582,39,27,36,42,
2.90717,35,27,38,27,
2.90851,19,25,35,23,
2.90984,17,15,33,28,
2.91121,10,13,36,34,
2.91256,0,10,26,24,
2.9139,4,10,18,12,
2.91534,4,10,18,12,
2.9167,19,15,23,5,
2.91809,13,22,14,9,
2.91944,16,25,13,26,
2.92079,34,18,23,30,
2.92212,38,26,18,25,
2.92355,39,29,24,26,
2.92492,37,27,30,29,
2.92632,38,31,26,32,
2.92763,35,23,21,28,
2.929,30,22,22,28,
2.93034,14,21,25,11,
2.93171,14,21,25,11,
2.93309,0,23,18,17,
2.93445,-5,26,13,29,
2.93583,3,13,15,19,
2.9372,16,10,20,18,
2.93857,30,20,31,26,
2.93993,30,20,31,26,
2.94124,38,23,27,31,
2.94259,31,26,19,33,
2.94395,20,18,23,29,
2.94531,4,17,24,31,
2.94669,15,14,25,35,
2.948,22,21,24,25,
2.94934,22,21,24,25,
2.95068,3,14,18,10,
2.952,6,10,13,18,
2.95333,9,21,16,14,
2.95471,15,27,18,25,
2.95621,38,31,18,31,
2.95759,38,31,18,31,
2.95892,48,35,28,28,
2.96033,41,34,33,16,
2.96169,23,33,27,34,
2.96302,23,33,27,34,
2.96434,14,19,22,25,
2.96569,5,20,13,28,
2.96715,-1,18,23,19,
2.96851,-5,6,23,7,
2.96983,6,16,14,15,
2.97121,14,24,19,27,
2.97257,24,23,30,30,
2.97393,26,23,32,22,
2.97539,41,28,29,22,
2.97675,33,34,24,24,
2.97811,37,26,29,26,
2.97946,25,27,30,23,
2.98077,15,14,22,20,
2.98215,14,10,23,17,
2.98352,2,14,22,19,
2.98486,-6,18,17,11,
2.98624,-8,23,14,14,
2.98762,3,21,18,25,
2.98896,19,21,19,28,
2.99032,26,29,25,26,
2.99167,24,28,30,27,
2.99303,24,28,30,27,
2.9944,26,26,24,26,
2.99576,25,20,25,25,
2.99711,12,21,19,23,
2.99848,-3,20,22,21,
2.99986,-1,16,25,23,
3.00121,-5,0,20,22,
3.00262,0,9,21,21,
3.00398,9,23,31,25,
3.0053,20,30,29,24,
3.00668,28,31,17,25,
3.00803,28,31,17,25,
3.00935,28,31,17,25,
3.01072,36,24,21,35,
3.01208,27,29,30,33,
3.01341,19,30,24,31,
3.01478,14,27,17,30,
3.01615,11,26,17,21,
3.0175,11,26,17,21,
3.01893,1,9,11,10,
3.02034,11,15,14,19,
3.02171,8,22,17,28,
3.02309,11,33,12,28,
3.02446,20,42,17,30,
3.02587,20,42,17,30,
3.02732,26,24,27,35,
3.0288,21,21,36,40,
3.03023,11,23,33,29,
3.03167,4,28,30,27,
3.03301,5,27,28,20,
3.0344,5,27,28,20,
3.03576,2,25,32,17,
3.03708,-4,10,29,13,
3.03846,3,5,14,8,
3.03983,2,19,18,25,
3.04117,18,30,21,30,
3.04255,24,26,25,26,
3.04391,29,29,34,21,
3.04524,39,28,37,24,
3.0466,30,18,22,25,
3.04795,21,22,25,18,
3.04928,20,25,23,17,
3.05067,9,24,20,17,
3.05202,9,24,20,17,
3.05335,3,23,16,22,
3.05474,8,21,6,23,
3.05611,12,10,19,24,
3.05748,2,23,27,20,
3.05889,20,25,30,22,
3.06024,35,20,28,20,
3.06157,41,22,33,26,
3.06293,27,31,34,26,
3.06427,14,20,35,22,
3.06563,14,18,37,26,
3.06701,3,12,42,29,
3.06837,11,7,29,26,
3.06972,11,7,29,26,
3.07109,10,12,10,18,
3.07247,5,13,8,14,
3.07383,-3,5,17,16,
3.07521,10,8,30,30,
3.07661,18,22,29,33,
3.07796,18,22,29,33,
3.07932,35,34,33,37,
3.08069,35,34,33,37,
3.08209,36,33,27,33,
3.08345,28,30,16,18,
3.08479,18,13,19,20,
3.08616,5,5,12,22,
3.08747,5,5,12,22,
3.08879,0,22,16,31,
3.09016,1,15,15,24,
3.09146,14,18,11,27,
3.09277,37,27,29,25,
3.09409,37,27,29,25,
3.09542,37,27,29,25,
3.0968,37,25,29,31,
3.09817,22,33,29,26,
3.09953,35,23,31,23,
3.10092,27,30,34,28,
3.10229,14,31,22,33,
3.10367,3,27,15,29,
3.10501,3,13,10,21,
3.10638,-4,13,13,13,
3.10778,5,10,11,16,
3.10913,6,20,22,19,
3.11052,13,30,26,16,
3.11191,13,30,26,16,
3.11326,20,34,16,13,
3.11463,41,40,34,24,
3.11602,22,32,23,20,
3.11737,15,22,32,22,
3.11878,10,14,30,25,
3.12015,8,14,21,18,
3.12151,6,9,27,19,
3.12291,4,15,29,14,
3.12428,2,14,20,18,
3.12562,11,22,14,25,
3.12699,11,22,14,25,
3.12834,16,15,31,31,
3.12974,23,14,28,36,
3.13111,31,20,24,38,
3.13248,34,29,33,16,
3.13385,31,29,26,28,
3.13521,22,33,31,31,
3.13652,15,28,34,21,
3.13787,14,31,22,17,
3.13926,4,24,16,24,
3.14056,6,22,12,21,
3.14192,18,13,21,12,
3.14335,25,13,29,9,
3.14473,25,13,29,9,
3.14611,30,15,34,27,
3.14746,26,17,23,31,
3.1488,30,33,32,27,
3.15017,28,39,25,33,
3.15155,28,39,25,33,
3.15289,30,31,23,33,
3.15425,1,20,26,26,
3.1556,16,14,24,21,
3.15694,16,14,24,21,
3.1583,-5,14,20,15,
3.15964,15,7,13,27,
3.16104,7,13,19,23,
3.16239,7,13,19,23,
3.16376,22,27,34,21,
3.16508,36,30,28,29,
3.16646,44,33,37,29,
3.16777,23,30,41,27,
3.1691,32,18,33,37,
3.17044,25,19,20,37,
3.17182,25,19,20,37,
3.17313,11,14,23,28,
3.17452,7,16,27,22,
3.17586,-4,12,29,29,
3.17721,5,24,18,20,
3.1786,5,24,18,20,
3.17992,12,26,18,24,
3.18128,28,15,22,24,
3.18264,23,27,23,31,
3.18395,32,32,29,25,
3.18532,34,35,27,17,
3.18668,28,23,24,26,
3.18801,28,23,24,26,
3.18947,15,28,20,30,
3.19079,11,19,22,19,
3.1921,11,8,12,9,
3.19338,7,12,5,15,
3.19475,2,11,12,25,
3.1961,-1,12,26,24,
3.19746,23,20,22,22,
3.19885,34,32,24,23,
3.20023,28,30,27,30,
3.20164,28,30,27,30,
3.20305,34,28,23,26,
3.2044,22,27,23,22,
3.20574,25,22,24,24,
3.20706,25,22,24,24,
3.20844,17,29,21,22,
3.20981,5,24,19,23,
3.21117,-9,9,14,25,
3.21254,1,11,16,20,
3.21391,4,20,23,31,
3.21536,14,27,26,36,
3.21677,22,26,26,36,
3.21813,29,29,21,39,
3.21951,33,28,22,43,
3.22087,23,30,25,38,
3.22226,18,17,19,35,
3.22364,0,13,22,30,
3.22496,0,13,22,30,
3.22636,-5,15,22,29,
3.22777,0,10,22,22,
3.22915,11,14,12,20,
3.23059,1,11,15,16,
3.23206,1,11,15,16,
3.23349,23,30,24,37,
3.23503,19,28,28,42,
3.23641,23,22,34,39,
3.23776,28,24,31,34,
3.23919,28,28,28,30,
3.24053,26,16,30,28,
3.2419,21,14,29,31,
3.24336,8,13,23,34,
3.24467,-4,17,21,24,
3.24603,-10,2,13,19,
3.24736,-6,11,16,32,
3.24868,12,9,21,25,
3.25006,28,19,19,21,
3.25142,38,21,26,27,
3.25277,46,16,33,28,
3.25413,46,16,33,28,
3.25548,19,27,26,25,
3.25689,19,24,27,33,
3.25826,9,27,23,27,
3.25962,3,23,28,28,
3.26095,8,14,30,19,
3.26232,13,13,23,13,
3.26365,-2,7,25,15,
3.26498,13,23,18,23,
3.26636,28,25,17,14,
3.26771,28,25,17,14,
3.26903,31,16,16,19,
3.27041,37,18,20,25,
3.27178,37,18,28,23,
3.27315,18,20,29,26,
3.27451,20,15,19,22,
3.27588,20,15,19,22,
3.27718,10,22,21,22,
3.27852,3,11,19,17,
3.27984,7,6,17,13,
3.28121,3,17,24,20,
3.28258,19,18,31,26,
3.28394,19,18,31,26,
3.28528,19,18,31,26,
3.28661,31,25,22,29,
3.28797,40,21,32,34,
3.28929,37,18,32,35,
3.29067,36,19,25,30,
3.29204,35,16,28,19,
3.29338,15,4,21,21,
3.29474,8,10,14,21,
3.2961,-14,4,16,15,
3.2975,-9,2,18,14,
3.29886,4,16,28,20,
3.30016,12,21,31,32,
3.30148,12,21,31,32,
3.30273,20,32,28,34,
3.30411,22,25,33,35,
3.30546,38,24,43,23,
3.30682,27,31,34,16,
3.30817,15,27,28,11,
3.30953,8,25,17,22,
3.31088,17,22,15,23,
3.31221,13,21,14,15,
3.31351,5,20,12,15,
3.31484,8,1,20,20,
3.31617,8,1,20,20,
3.31749,8,1,20,20,
3.31885,12,20,14,19,
3.32021,32,35,27,29,
3.32158,26,35,23,28,
3.32296,32,33,23,30,
3.32429,37,22,23,35,
3.32564,22,18,15,24,
3.32701,11,18,18,17,
3.3284,12,2,19,13,
3.32978,18,6,19,20,
3.33122,12,22,20,21,
3.33258,-1,20,18,18,
3.33393,-1,20,18,18,
3.33533,-2,17,24,18,
3.33668,25,38,20,20,
3.33803,19,35,27,16,
3.33939,35,28,39,25,
3.34077,34,27,43,36,
3.34214,18,30,34,34,
3.34349,20,20,32,31,
3.34482,14,20,23,27,
3.34618,19,12,10,11,
3.34759,19,12,10,11,
3.34895,-2,14,11,22,
3.35032,6,13,18,15,
3.35167,0,18,18,9,
3.35302,13,15,15,14,
3.3544,38,19,25,24,
3.35575,41,17,28,20,
3.35707,44,17,29,35,
3.35843,44,17,29,35,
3.35982,27,36,23,35,
3.36113,31,28,23,32,
3.36249,31,28,23,32,
3.36388,9,18,20,29,
3.36527,-3,15,24,30,
3.36665,4,10,10,24,
3.36801,15,18,15,23,
3.36937,6,30,20,32,
3.37073,22,20,18,35,
3.37209,24,22,35,35,
3.37345,21,30,30,27,
3.37481,23,26,30,25,
3.37616,23,26,30,25,
3.37751,22,20,24,28,
3.37887,26,29,20,23,
3.38023,22,29,20,31,
3.38159,19,14,12,11,
3.38298,6,14,16,14,
3.38434,8,9,22,26,
3.38568,13,18,22,31,
3.38707,15,22,23,24,
3.3884,16,21,29,19,
3.38978,27,30,19,19,
3.3912,27,30,19,19,
3.39255,25,24,24,22,
3.39393,20,16,23,25,
3.39531,29,20,24,27,
3.39666,29,21,31,25,
3.39806,15,19,26,18,
3.39948,17,22,21,20,
3.40083,-3,10,20,24,
3.4022,-3,10,20,24,
3.40356,4,9,26,22,
3.40492,19,9,26,28,
3.40631,22,19,24,26,
3.40766,31,27,25,31,
3.40913,35,26,29,36,
3.41046,35,26,29,36,
3.41183,20,31,26,30,
3.41324,23,28,23,29,
3.41462,24,22,21,23,
3.41596,14,17,23,23,
3.41736,14,17,23,23,
3.41882,2,14,21,29,
3.42019,-4,10,16,20,
3.42156,9,16,22,27,
3.42305,9,16,22,27,
3.42451,32,20,26,26,
3.42589,32,20,26,26,
3.42735,22,26,28,34,
3.42877,32,21,29,34,
3.43017,27,31,19,27,
3.43153,12,10,16,26,
3.43289,12,10,16,26,
3.43427,24,5,17,23,
3.43566,0,18,11,17,
3.43705,0,18,11,17,
3.43848,-1,18,12,17,
3.43985,10,19,10,31,
3.44119,25,29,18,26,
3.44256,28,33,19,25,
3.44392,21,36,27,29,
3.44524,21,36,27,29,
3.44661,22,17,29,30,
3.44797,30,16,24,29,
3.44929,15,20,20,29,
3.45068,6,22,20,32,
3.45205,12,12,27,22,
3.45339,4,8,24,21,
3.45477,11,12,24,26,
3.45613,11,20,27,25,
3.45747,7,24,27,21,
3.45882,39,17,24,27,
3.46008,30,33,24,21,
3.46142,32,40,23,23,
3.46279,33,40,25,21,
3.46416,33,40,25,21,
3.46552,22,32,30,19,
3.4669,23,32,19,18,
3.46829,11,21,14,18,
3.46964,-4,14,11,18,
3.47102,-13,7,22,16,
3.47237,0,16,30,12,
3.47373,14,21,21,12,
3.47514,30,30,29,23,
3.47653,22,27,26,22,
3.47789,27,35,38,26,
3.47928,27,35,38,26,
3.48063,27,32,38,25,
3.48198,26,22,32,18,
3.48335,14,22,32,27,
3.4847,17,16,19,23,
3.48608,4,4,24,18,
3.48756,4,4,24,18,
3.48888,4,6,17,17,
3.49025,11,12,23,14,
3.49161,9,18,23,17,
3.49293,9,18,23,17,
3.49428,29,31,26,23,
3.49562,28,23,23,34,
3.49697,28,23,23,34,
3.49835,37,25,29,19,
3.49971,23,25,35,21,
3.50105,24,14,35,19,
3.50241,12,21,28,16,
3.50379,12,21,28,16,
3.50514,12,14,14,22,
3.5065,12,17,14,26,
3.50784,19,30,26,23,
3.50917,11,30,33,19,
3.51051,17,22,34,26,
3.51184,17,22,34,26,
3.51318,34,19,29,26,
3.51454,42,25,22,30,
3.51589,33,32,24,35,
3.51723,25,26,16,18,
3.51864,12,33,14,13,
3.52,15,37,18,23,
3.52133,8,30,13,32,
3.52273,0,23,5,22,
3.52408,7,16,14,13,
3.52543,9,22,23,14,
3.52675,22,28,29,23,
3.52813,28,32,33,22,
3.52945,31,34,37,17,
3.53081,43,44,25,23,
3.53211,50,41,28,26,
3.53345,41,28,37,25,
3.53478,19,22,16,20,
3.53614,10,19,12,23,
3.53745,10,19,12,23,
3.5388,14,22,16,25,
3.54015,6,20,22,18,
3.54153,14,19,20,9,
3.54295,17,16,17,13,
3.5443,32,27,17,35,
3.54564,32,27,17,35,
3.54701,35,21,23,36,
3.54832,44,29,40,21,
3.54969,37,34,30,30,
3.55101,21,34,29,32,
3.55235,9,32,22,28,
3.55367,9,32,22,28,
3.55494,9,32,22,28,
3.55632,11,23,21,18,
3.55764,19,13,20,16,
3.55902,15,17,24,19,
3.56039,10,23,26,19,
3.56176,16,22,29,24,
3.56314,31,33,32,22,
3.5645,39,34,28,26,
3.56585,33,38,35,27,
3.56721,33,33,30,29,
3.56858,37,21,34,26,
3.5699,37,21,34,26,
3.57128,14,12,35,20,
3.57266,14,17,23,21,
3.57402,31,17,16,29,
3.57538,-1,16,22,30,
3.57674,13,19,22,28,
3.57808,21,30,21,23,
3.57947,29,36,29,24,
3.58083,21,41,28,22,
3.58222,35,47,32,27,
3.58358,37,44,34,39,
3.58491,28,31,36,20,
3.58624,28,31,36,20,
3.58759,24,27,35,28,
3.58892,14,22,34,29,
3.59031,22,15,28,28,
3.5917,24,3,22,28,
3.59304,13,6,10,26,
3.59442,19,14,16,27,
3.59579,19,14,16,27,
3.59712,15,24,22,25,
3.5985,47,29,34,24,
3.5999,38,24,26,24,
3.60123,38,24,26,24,
3.60256,30,27,34,27,
3.60391,31,25,22,30,
3.60526,31,25,22,30,
3.60658,14,22,21,33,
3.60789,4,26,12,34,
3.60922,1,15,7,29,
3.61056,5,13,8,31,
3.6119,28,25,30,16,
3.61325,28,25,30,16,
3.61462,32,30,27,22,
3.61599,31,18,21,24,
3.61734,32,24,21,24,
3.61878,29,36,34,29,
3.62018,35,23,31,16,
3.62153,35,23,31,16,
3.62293,30,18,24,20,
3.62431,17,13,30,34,
3.62565,17,12,25,31,
3.62704,8,18,28,24,
3.62848,8,18,28,24,
3.62992,2,17,30,23,
3.63133,-1,19,29,22,
3.6327,21,25,24,24,
3.6341,31,33,24,31,
3.63546,39,33,25,37,
3.63682,17,34,18,33,
3.63819,24,21,28,25,
3.63955,24,21,28,25,
3.64087,31,17,26,14,
3.64228,12,14,27,21,
3.64364,12,14,27,21,
3.64497,11,11,17,15,
3.64636,6,20,24,28,
3.64771,27,25,18,32,
3.64907,27,25,18,32,
3.65043,35,42,24,36,
3.6518,28,37,28,31,
3.65315,36,28,39,35,
3.65451,19,17,21,35,
3.65589,19,17,21,35,
3.65723,14,17,13,37,
3.65859,18,13,9,29,
3.65993,9,12,14,29,
3.66133,9,12,14,29,
3.66276,11,22,10,18,
3.66411,5,23,5,11,
3.66549,5,32,12,13,
3.66688,29,33,16,17,
3.66821,27,28,24,35,
3.66955,29,24,30,26,
3.67092,37,28,29,24,
3.67227,34,28,36,28,
3.67363,33,18,39,28,
3.67498,28,30,33,32,
3.67632,28,30,33,32,
3.67768,18,10,23,19,
3.67904,16,2,14,18,
3.68042,12,15,22,24,
3.68179,23,19,25,20,
3.68319,15,26,22,19,
3.68457,28,39,23,24,
3.68594,40,39,27,25,
3.6873,31,35,28,28,
3.68866,31,35,28,28,
3.69003,26,33,30,30,
3.69139,26,33,30,30,
3.69275,18,22,29,19,
3.69411,5,13,35,21,
3.69548,2,19,27,18,
3.69682,9,26,26,14,
3.69819,9,26,26,14,
3.6995,4,17,29,33,
3.70079,20,26,36,34,
3.7022,30,23,37,38,
3.70357,18,24,28,46,
3.70487,18,24,28,46,
3.70623,22,32,34,31,
3.70758,15,24,42,25,
3.70888,18,11,36,29,
3.71028,24,21,36,23,
3.71164,19,24,34,25,
3.713,18,23,22,25,
3.71439,8,18,26,16,
3.7157,20,19,19,12,
3.71703,12,24,26,15,
3.71845,35,22,37,25,
3.71981,29,32,31,29,
3.72117,25,32,18,31,
3.72249,34,27,23,30,
3.72384,34,27,23,30,
3.72516,26,16,28,29,
3.72655,23,21,19,35,
3.72789,9,22,21,29,
3.72924,13,27,18,30,
3.73055,13,27,18,30,
3.73191,17,4,27,21,
3.73326,9,2,13,17,
3.73464,-1,5,24,15,
3.73601,25,23,28,27,
3.73737,31,28,30,32,
3.73876,31,28,30,32,
3.74013,37,41,39,33,
3.74151,34,33,41,31,
3.74288,32,24,42,35,
3.74423,4,24,11,22,
3.74568,4,24,11,22,
3.747,14,32,15,25,
3.74836,12,16,17,16,
3.74972,12,7,19,13,
3.75104,4,15,32,9,
3.7524,25,18,26,8,
3.75371,31,29,21,21,
3.75504,39,24,17,26,
3.7564,41,31,26,28,
3.75771,35,39,34,33,
3.75909,35,38,29,25,
3.76045,31,33,21,21,
3.76189,20,35,16,19,
3.76328,8,20,23,17,
3.76463,3,11,17,22,
3.766,5,21,17,20,
3.76732,5,17,22,22,
3.76868,23,20,19,25,
3.77004,23,20,19,25,
3.77135,30,28,35,21,
3.77275,23,28,37,31,
3.77411,23,28,37,31,
3.77545,28,23,26,32,
3.77675,28,14,15,31,
3.77809,28,14,15,31,
3.77945,24,26,21,24,
3.78076,16,22,26,18,
3.7821,16,17,24,26,
3.78347,6,13,26,29,
3.78484,1,20,14,15,
3.78621,1,20,14,15,
3.78763,16,26,14,28,
3.78894,28,39,27,24,
3.79026,28,39,27,24,
3.79161,33,35,26,20,
3.79297,19,24,19,29,
3.79437,32,28,20,26,
3.79577,29,34,21,17,
3.7971,18,23,15,18,
3.79847,5,17,28,18,
3.79985,0,14,31,12,
3.80111,0,14,23,16,
3.80249,0,14,23,16,
3.80384,8,18,27,13,
3.80519,15,23,33,19,
3.80658,15,23,33,19,
3.80797,28,32,24,22,
3.80936,17,30,18,19,
3.81072,17,30,18,19,
3.81205,17,28,28,23,
3.81341,14,20,29,30,
3.81477,15,23,27,21,
3.81611,9,21,18,19,
3.81747,3,6,18,23,
3.81883,3,6,18,23,
3.82018,-4,5,17,19,
3.82169,-5,8,16,23,
3.82313,7,7,26,27,
3.82461,29,30,35,23,
3.82604,26,38,34,27,
3.8275,35,40,31,27,
3.8289,28,27,25,15,
3.83028,28,27,25,15,
3.83164,28,27,25,15,
3.83302,1,21,14,14,
3.83443,-8,20,16,26,
3.83574,-4,22,10,24,
3.83709,-3,24,12,24,
3.83852,6,28,17,30,
3.8399,6,28,17,30,
3.84125,26,20,24,20,
3.84265,31,22,22,28,
3.84404,43,22,23,32,
3.84537,29,14,30,21,
3.84683,18,21,34,19,
3.84821,8,21,22,22,
3.84952,-1,16,16,18,
3.85093,13,21,23,13,
3.85225,5,10,18,11,
3.85359,9,3,23,18,
3.85496,23,13,22,16,
3.85635,31,26,21,22,
3.85771,31,26,21,22,
3.85908,27,27,25,32,
3.86046,21,29,21,38,
3.86182,31,35,22,35,
3.86317,24,21,24,19,
3.86461,21,17,33,23,
3.86597,21,17,33,23,
3.86738,-3,20,16,33,
3.86874,-2,26,14,28,
3.8701,2,9,7,26,
3.87146,-2,19,19,19,
3.87286,-2,19,19,19,
3.87422,8,17,17,20,
3.87557,33,29,29,28,
3.877,33,29,29,28,
3.8784,39,30,28,24,
3.8798,18,14,34,32,
3.88116,18,14,34,32,
3.88252,21,22,32,34,
3.8839,18,17,15,16,
3.88526,13,19,10,14,
3.88662,1,19,20,22,
3.88799,8,21,20,31,
3.8893,8,21,20,31,
3.89069,13,22,24,22,
3.89205,13,22,24,22,
3.89337,13,33,26,15,
3.89477,15,40,19,19,
3.89613,28,38,20,31,
3.89748,26,29,22,24,
3.89881,22,26,20,30,
3.90016,19,15,16,30,
3.90148,17,19,24,33,
3.90285,-2,16,12,27,
3.9042,-9,19,13,29,
3.90555,-9,19,13,29,
3.90692,8,6,14,26,
3.9083,11,6,15,28,
3.90967,11,6,15,28,
3.91102,23,16,18,27,
3.91238,35,17,23,31,
3.91371,35,17,23,31,
3.91511,29,29,23,22,
3.91651,26,29,26,20,
3.91784,17,36,30,23,
3.91916,18,32,29,26,
3.92052,7,15,21,30,
3.92188,9,6,12,20,
3.92322,1,9,19,19,
3.92465,23,21,22,23,
3.926,23,21,22,23,
3.92744,31,17,29,18,
3.92876,32,31,40,20,
3.93013,21,28,33,31,
3.93146,19,31,31,34,
3.9328,16,30,36,28,
3.93417,11,34,26,28,
3.93553,21,25,26,19,
3.93685,12,14,30,21,
3.93823,12,15,16,18,
3.93954,0,12,21,5,
3.94088,2,9,23,5,
3.94226,14,14,25,12,
3.94365,19,25,34,16,
3.94497,20,21,34,18,
3.94634,30,30,36,22,
3.9477,30,34,44,26,
3.94904,27,30,35,29,
3.95048,20,25,24,23,
3.95184,8,13,24,20,
3.95321,8,13,24,20,
3.95455,16,21,23,24,
3.95588,10,12,17,27,
3.95722,10,8,23,19,
3.95861,10,8,23,19,
3.95997,16,10,14,21,
3.96129,16,10,14,21,
3.96266,35,27,24,27,
3.96403,37,24,26,34,
3.9654,31,33,30,26,
3.96672,34,38,31,25,
3.96806,35,24,15,28,
3.9694,23,24,17,29,
3.97078,18,14,19,26,
3.97215,8,14,23,30,
3.9735,12,20,21,33,
3.97485,2,20,14,26,
3.97617,-6,22,12,18,
3.97751,2,29,8,28,
3.97887,9,36,12,31,
3.98015,26,26,27,26,
3.98147,37,22,34,24,
3.98283,41,39,26,31,
3.98418,28,29,24,33,
3.98557,28,29,24,33,
3.98691,33,24,16,24,
3.98826,14,18,22,22,
3.98957,6,13,27,22,
3.99094,6,13,27,22,
3.99231,4,16,22,25,
3.99364,11,16,29,21,
3.99496,11,16,29,21,
3.99629,15,10,24,20,
3.99761,33,35,39,20,
3.99898,32,35,29,28,
4.00039,34,41,33,36,
4.00176,22,36,38,26,
4.00312,14,32,34,29,
4.00447,4,16,26,28,
4.00583,4,5,28,19,
4.00717,22,18,23,21,
4.00857,12,17,14,26,
4.00991,4,7,16,26,
4.0113,8,15,21,24,
4.01265,3,13,23,30,
4.01397,20,28,20,36,
4.01534,20,38,24,18,
4.01675,33,30,36,30,
4.01812,33,24,41,33,
4.01948,28,24,35,33,
4.02081,28,24,35,33,
4.02216,27,24,26,29,
4.02351,13,21,13,20,
4.02485,21,21,9,23,
4.02623,1,14,16,29,
4.02759,-9,17,17,26,
4.02896,6,24,17,22,
4.03032,20,21,20,24,
4.0317,24,25,32,25,
4.03306,39,28,42,27,
4.03442,39,28,42,27,
4.03581,38,40,40,36,
4.03715,28,40,27,30,
4.03852,17,39,19,26,
4.03991,25,29,16,26,
4.04129,-2,8,19,27,
4.04277,-9,9,19,21,
4.04418,0,13,23,13,
4.04549,0,13,28,16,
4.04689,6,17,16,21,
4.04829,23,19,25,21,
4.0496,35,15,37,27,
4.05094,29,15,34,28,
4.05226,37,35,34,33,
4.05357,32,26,27,38,
4.05496,19,21,32,41,
4.05633,4,24,32,37,
4.05769,11,28,23,30,
4.05908,8,12,22,30,
4.06048,4,6,15,29,
4.06184,12,8,11,23,
4.06322,12,17,17,19,
4.06457,12,17,17,19,
4.06594,21,29,21,18,
4.06733,40,17,30,24,
4.06868,50,23,32,21,
4.07004,42,27,31,27,
4.0714,21,26,24,20,
4.07279,29,19,20,21,
4.07415,29,19,14,14,
4.07554,7,18,4,20,
4.07681,1,17,21,19,
4.07816,1,17,21,19,
4.07954,2,17,16,15,
4.08092,-6,15,20,23,
4.08228,18,23,28,16,
4.08366,33,26,31,20,
4.08497,29,27,39,20,
4.08634,27,31,30,21,
4.08773,27,31,30,21,
4.08905,22,25,23,28,
4.09042,12,19,30,25,
4.09179,4,20,26,23,
4.09313,3,20,23,19,
4.09451,2,16,13,20,
4.09588,2,16,13,20,
4.09724,-9,14,9,18,
4.09864,15,14,10,13,
4.10002,30,17,20,11,
4.10135,27,26,22,22,
4.10271,30,35,23,25,
4.10407,30,35,23,25,
4.10539,36,38,28,33,
4.10678,39,34,32,24,
4.1081,8,29,22,18,
4.10948,12,27,23,29,
4.11085,12,27,23,29,
4.11217,-1,15,19,22,
4.1135,-6,13,17,22,
4.11484,-7,25,19,27,
4.11616,8,31,17,22,
4.11749,26,23,21,27,
4.11884,36,33,28,20,
4.12018,36,33,28,20,
4.12151,41,26,23,36,
4.12289,30,24,32,34,
4.12424,34,21,30,31,
4.12559,15,13,27,23,
4.12699,15,13,27,23,
4.12833,15,13,27,23,
4.12971,22,12,27,28,
4.13111,9,7,12,20,
4.13242,13,12,12,29,
4.13377,11,20,19,29,
4.13517,37,20,22,28,
4.13653,37,20,22,28,
4.13789,35,24,25,29,
4.13933,27,29,31,37,
4.14074,27,27,36,34,
4.14213,16,20,37,22,
4.14348,5,21,28,16,
4.14479,5,21,28,16,
4.14615,0,29,25,23,
4.14752,-14,13,11,26,
4.14883,3,15,14,31,
4.1502,22,25,25,26,
4.1516,24,19,34,23,
4.15292,33,19,36,24,
4.15428,32,27,35,34,
4.15562,37,32,45,23,
4.15695,36,30,41,31,
4.15834,33,31,28,31,
4.1597,33,31,28,31,
4.16104,19,16,19,25,
4.16243,4,12,11,19,
4.16383,14,27,13,9,
4.1652,-1,4,13,23,
4.16653,-8,2,21,14,
4.16792,9,13,23,20,
4.16927,9,13,23,20,
4.17064,21,22,18,27,
4.172,28,27,22,27,
4.17339,38,29,36,22,
4.17473,25,23,29,25,
4.1761,25,23,29,25,
4.17747,25,28,26,29,
4.17884,14,27,25,34,
4.1802,16,27,19,29,
4.18157,2,27,20,22,
4.18293,-2,7,21,19,
4.1843,10,11,20,17,
4.18567,10,11,20,17,
4.18704,8,13,29,26,
4.18839,29,32,38,24,
4.18972,29,32,38,24,
4.19108,42,35,35,36,
4.19246,27,17,25,28,
4.1939,19,23,26,18,
4.19535,19,23,26,18,
4.19672,8,23,19,28,
4.19805,3,28,18,18,
4.19941,4,15,13,12,
4.20078,-4,2,21,17,
4.20214,8,21,22,25,
4.2035,8,21,22,25,
4.20484,28,27,20,22,
4.2062,30,28,22,23,
4.20752,28,30,20,28,
4.20885,37,34,24,32,
4.2102,28,32,35,26,
4.2115,28,32,35,26,
4.2128,20,21,26,17,
4.21416,2,12,21,17,
4.21549,11,17,26,27,
4.21683,9,20,25,26,
4.21824,2,20,19,20,
4.21961,3,14,16,19,
4.22097,3,14,16,19,
4.22235,4,19,25,18,
4.22366,25,31,29,19,
4.22502,27,32,31,18,
4.22639,28,35,32,23,
4.22775,29,24,28,32,
4.22907,15,21,24,21,
4.23048,13,21,19,26,
4.23185,9,27,25,20,
4.2332,-3,16,11,22,
4.23459,-3,16,11,22,
4.23594,3,3,8,16,
4.23731,1,13,7,20,
4.23871,13,20,18,21,
4.24007,29,19,22,24,
4.24144,28,33,26,33,
4.24282,25,40,31,25,
4.24417,19,34,30,25,
4.24552,23,31,30,31,
4.2469,24,24,31,34,
4.24825,22,20,19,28,
4.2496,9,14,10,23,
4.25099,4,9,18,26,
4.25236,4,6,8,29,
4.25373,12,19,8,27,
4.2551,5,19,18,20,
4.25645,10,16,15,24,
4.25782,23,21,15,25,
4.2592,33,30,47,29,
4.26059,30,30,47,30,
4.26195,30,30,47,30,
4.26335,24,19,37,35,
4.26472,19,30,35,35,
4.26608,7,25,34,20,
4.26743,8,21,28,20,
4.26878,-1,6,13,23,
4.27015,-1,6,13,23,
4.27151,5,1,8,23,
4.27284,13,3,11,25,
4.27422,24,26,23,32,
4.27559,31,34,25,29,
4.27692,25,30,20,27,
4.27828,21,35,28,26,
4.27969,21,35,28,26,
4.28104,27,33,38,31,
4.28246,22,21,26,22,
4.28382,12,13,31,21,
4.28517,14,14,28,21,
4.28654,14,14,28,21,
4.2879,2,10,20,19,
4.28925,0,4,22,19,
4.29062,15,23,18,27,
4.29198,34,31,25,34,
4.29337,32,32,34,35,
4.29474,25,42,38,35,
4.29609,25,42,38,35,
4.29748,34,35,37,31,
4.29885,17,15,26,31,
4.30024,14,12,32,25,
4.30161,7,21,20,19,
4.30297,14,10,22,20,
4.30434,14,10,22,20,
4.3057,15,2,18,18,
4.30711,10,26,28,31,
4.30847,30,20,36,25,
4.30984,30,20,36,25,
4.31121,26,32,37,21,
4.31257,32,27,37,27,
4.31392,32,27,37,27,
4.31529,34,23,22,26,
4.31664,23,24,18,24,
4.31799,20,16,25,27,
4.31939,25,19,21,15,
4.32074,17,17,22,20,
4.3221,0,10,14,14,
4.32351,-1,12,8,12,
4.32484,24,15,30,8,
4.32621,24,15,30,8,
4.32761,42,33,37,22,
4.32895,45,20,47,35,
4.33031,45,20,47,35,
4.33169,39,24,49,37,
4.33305,23,29,23,31,
4.33437,12,23,14,32,
4.33572,5,16,10,27,
4.33702,16,13,19,32,
4.33837,0,6,18,17,
4.33973,0,6,18,17,
4.34103,-4,3,19,7,
4.3424,8,13,16,16,
4.34376,33,26,23,29,
4.34507,33,27,24,28,
4.34648,30,39,36,26,
4.34786,29,38,40,32,
4.34923,25,25,38,36,
4.35058,22,22,38,28,
4.35191,14,10,26,25,
4.35326,12,13,31,22,
4.35458,12,13,31,22,
4.35594,3,17,17,16,
4.35729,-5,21,11,9,
4.35865,-4,19,13,4,
4.36002,7,29,22,10,
4.36139,32,21,17,24,
4.36275,46,25,31,31,
4.36413,46,25,31,31,
4.36549,39,29,37,28,
4.36686,37,35,28,22,
4.36818,22,39,28,22,
4.36951,2,29,22,30,
4.37088,2,29,22,30,
4.37224,2,29,22,30,
4.37364,-6,25,23,19,
4.37499,-5,10,20,14,
4.37629,8,15,12,21,
4.37765,26,13,11,21,
4.37899,39,12,10,30,
4.38037,31,19,15,30,
4.38176,31,28,31,34,
4.38312,26,36,32,27,
4.38449,10,25,37,27,
4.38588,6,19,33,16,
4.3872,6,19,33,16,
4.38852,2,12,34,12,
4.38986,9,7,31,21,
4.39123,-6,4,14,23,
4.3926,-3,-10,13,11,
4.39396,0,11,9,19,
4.39532,15,27,13,26,
4.39668,38,30,23,33,
4.39807,38,23,24,33,
4.39945,41,30,24,40,
4.4008,32,21,28,26,
4.40223,16,30,30,25,
4.40361,16,30,30,25,
4.40496,18,32,30,18,
4.40635,-2,29,30,25,
4.40771,0,29,19,30,
4.40907,-13,9,17,19,
4.41045,-8,13,20,25,
4.41177,-8,13,20,25,
4.41308,14,20,25,24,
4.41448,40,40,32,31,
4.41588,32,28,31,30,
4.41728,33,26,23,38,
4.41868,28,23,33,35,
4.42011,28,23,33,35,
4.42157,28,23,33,35,
4.42309,4,29,15,28,
4.4245,-2,21,23,25,
4.42588,-6,-1,16,11,
4.42733,11,5,15,13,
4.4287,11,5,15,13,
4.4301,19,20,18,9,
4.43151,32,34,36,20,
4.43299,33,31,42,25,
4.43449,43,30,41,23,
4.43587,46,27,32,31,
4.43728,34,32,18,29,
4.43867,21,37,19,23,
4.44003,11,22,15,24,
4.44137,-4,9,19,21,
4.44275,-18,13,16,20,
4.44413,1,6,13,16,
4.4455,5,15,22,16,
4.44687,28,14,28,19,
4.44823,28,14,28,19,
4.44957,36,29,28,26,
4.45096,42,33,35,28,
4.45233,46,25,45,29,
4.45372,47,27,38,28,
4.4551,23,21,30,32,
4.45648,12,27,22,29,
4.45786,11,20,18,29,
4.45933,-2,11,14,15,
4.46068,-3,16,20,15,
4.46203,6,10,20,13,
4.46341,19,11,19,12,
4.46476,19,11,19,12,
4.46613,36,23,35,26,
4.46749,40,23,34,29,
4.46882,51,36,41,34,
4.47013,44,35,39,29,
4.47148,44,35,39,29,
4.47279,10,30,32,23,
4.47417,1,25,24,20,
4.4756,-4,14,15,21,
4.47695,-13,7,13,20,
4.47831,-11,8,8,15,
4.47965,0,5,20,16,
4.48097,4,17,27,17,
4.48236,25,35,30,28,
4.48372,28,36,34,38,
4.48506,28,36,34,38,
4.48642,26,26,38,36,
4.48778,20,25,36,39,
4.48914,28,26,23,33,
4.49048,6,26,21,29,
4.49184,3,18,24,30,
4.49317,11,15,15,22,
4.4946,2,11,1,7,
4.49592,-1,10,8,6,
4.49727,-2,10,9,17,
4.49864,3,9,23,21,
4.5,27,23,38,22,
4.50133,29,33,40,28,
4.50272,29,44,40,36,
4.50408,35,34,29,42,
4.5054,29,25,21,37,
4.50676,26,23,20,36,
4.50813,11,26,16,28,
4.5095,10,20,11,33,
4.51087,10,20,11,33,
4.51223,-9,2,13,7,
4.5136,-14,5,21,10,
4.51495,-14,5,21,10,
4.51631,-3,13,31,28,
4.51767,33,20,28,16,
4.51904,33,20,28,16,
4.5204,40,20,23,23,
4.52176,39,20,37,39,
4.52313,37,19,40,36,
4.52449,27,16,28,22,
4.52586,15,25,14,23,
4.52725,14,23,8,20,
4.52863,2,10,14,15,
4.53002,3,11,21,19,
4.53141,6,17,17,19,
4.53277,20,22,26,24,
4.5341,20,22,26,24,
4.53544,29,22,27,24,
4.53675,28,18,31,18,
4.53815,37,35,35,32,
4.53953,34,28,43,23,
4.54089,26,24,28,23,
4.54226,26,24,28,23,
4.54359,11,26,15,21,
4.5449,14,30,17,20,
4.54622,8,14,19,21,
4.54754,11,2,17,21,
4.54885,8,8,8,12,
4.55022,0,18,14,14,
4.55158,0,18,14,14,
4.55289,25,34,31,27,
4.55422,26,32,35,32,
4.55553,36,26,31,38,
4.55686,37,28,29,28,
4.55818,24,33,32,31,
4.55952,24,33,32,31,
4.56086,19,22,28,26,
4.56213,25,14,17,19,
4.56348,6,20,18,12,
4.56484,-8,5,18,12,
4.56619,-4,8,21,16,
4.56754,-5,11,22,16,
4.56892,5,28,18,25,
4.57028,29,38,21,26,
4.57166,37,36,27,33,
4.57299,41,42,18,38,
4.57435,41,42,18,38,
4.57577,25,29,16,39,
4.57709,11,24,21,23,
4.57839,9,18,28,19,
4.57976,11,13,25,28,
4.58107,3,1,22,17,
4.5824,-5,1,16,6,
4.58375,-5,1,16,6,
4.58508,7,15,11,11,
4.58643,25,27,21,24,
4.58779,29,36,34,28,
4.58912,37,37,35,30,
4.59049,37,39,40,35,
4.59186,20,29,38,30,
4.59317,21,14,30,23,
4.59452,31,22,19,26,
4.59586,17,20,21,23,
4.59719,17,22,18,20,
4.59862,17,22,18,20,
4.59998,-13,14,10,15,
4.6013,-9,6,8,15,
4.60263,7,15,23,11,
4.60408,37,24,28,20,
4.60544,34,28,34,21,
4.60681,39,32,31,31,
4.60816,35,31,31,35,
4.60951,29,26,28,33,
4.61088,22,23,33,34,
4.6122,13,24,31,25,
4.61353,7,17,28,25,
4.6149,7,15,22,17,
4.61626,7,15,22,17,
4.61759,-8,13,20,22,
4.61896,0,25,13,20,
4.62032,11,23,30,20,
4.62167,34,28,35,26,
4.62304,39,29,26,30,
4.62441,39,29,26,30,
4.62577,54,28,25,37,
4.62712,31,36,32,37,
4.62848,15,29,31,36,
4.62983,15,29,31,36,
4.63122,13,11,21,18,
4.63258,13,11,21,18,
4.63397,1,5,20,18,
4.63536,-7,2,13,18,
4.63667,-4,2,10,16,
4.63822,14,13,17,13,
4.63973,38,18,32,13,
4.64106,36,26,34,20,
4.64245,36,42,27,26,
4.6438,24,35,21,35,
4.64511,24,35,21,35,
4.64655,28,31,28,32,
4.6479,10,7,21,19,
4.64927,10,7,21,19,
4.65066,12,17,26,14,
4.65197,-14,13,9,18,
4.65333,-2,9,16,21,
4.65471,12,21,26,20,
4.65607,17,18,30,25,
4.65739,26,23,33,25,
4.65875,36,25,35,19,
4.66009,36,25,35,19,
4.66145,35,19,27,28,
4.66283,27,22,24,18,
4.66414,14,30,20,22,
4.66548,8,22,12,24,
4.66687,15,22,21,29,
4.66825,1,10,19,29,
4.66962,-6,6,15,22,
4.67103,6,22,30,11,
4.67239,6,22,30,11,
4.67376,14,26,27,25,
4.67504,26,34,29,31,
4.67636,31,32,29,27,
4.6777,31,32,29,27,
4.67905,19,17,35,25,
4.68037,22,24,33,31,
4.68169,22,24,33,31,
4.68303,14,17,25,22,
4.68436,11,10,25,24,
4.6857,-10,-1,18,24,
4.68705,-8,-2,16,20,
4.68837,0,13,11,14,
4.68972,7,28,9,19,
4.69111,20,36,13,32,
4.69249,23,31,32,33,
4.69386,32,28,33,24,
4.69524,32,28,33,24,
4.6966,21,22,38,34,
4.6981,17,16,32,23,
4.69946,20,13,31,15,
4.70077,18,20,30,7,
4.70216,7,15,15,8,
4.70355,7,15,15,8,
4.70487,4,7,17,5,
4.7062,1,5,25,4,
4.70751,11,12,34,15,
4.70885,31,33,29,29,
4.71023,39,43,24,27,
4.71163,39,47,26,33,
4.71294,20,35,33,31,
4.71433,20,35,33,31,
4.71571,27,29,20,20,
4.71706,28,18,25,14,
4.71839,19,5,25,28,
4.71973,10,17,29,20,
4.72106,7,5,30,16,
4.72245,-9,4,24,14,
4.72374,-14,19,22,10,
4.72509,27,20,24,29,
4.72645,31,23,33,33,
4.72782,31,23,33,33,
4.72913,42,35,33,34,
4.73047,31,38,24,34,
4.73178,31,38,24,34,
4.73315,26,31,32,24,
4.73446,0,23,27,26,
4.73578,0,23,27,26,
4.73711,-1,13,19,26,
4.73845,1,12,10,23,
4.73979,11,12,12,20,
4.74111,20,11,14,16,
4.74247,28,23,19,24,
4.74385,32,31,24,26,
4.74521,26,29,40,28,
4.74657,30,38,50,31,
4.74793,23,38,34,33,
4.74925,31,41,33,33,
4.75061,19,37,29,22,
4.75195,10,33,18,17,
4.75325,13,32,23,15,
4.75461,2,22,25,14,
4.75596,0,17,11,7,
4.7573,4,18,15,9,
4.75866,4,18,15,9,
4.76003,17,17,20,10,
4.7614,40,29,23,21,
4.76276,40,34,29,33,
4.76411,28,29,27,34,
4.76547,28,24,19,25,
4.76685,28,24,19,25,
4.76822,14,24,23,29,
4.76956,15,19,16,28,
4.77093,-3,24,16,25,
4.77223,-12,23,15,19,
4.77354,-17,17,21,20,
4.7749,-14,4,24,16,
4.77631,-2,14,15,12,
4.77768,11,32,20,29,
4.77902,24,37,21,28,
4.78038,31,37,25,25,
4.78176,31,37,37,32,
4.78316,31,37,37,32,
4.78455,43,16,27,22,
4.78597,39,21,26,29,
4.78737,18,15,24,23,
4.78876,12,19,10,22,
4.79014,8,9,17,20,
4.79146,0,13,20,22,
4.79281,-1,11,19,18,
4.79426,-1,11,19,18,
4.79568,14,23,18,28,
4.79705,28,34,32,24,
4.79854,40,39,23,30,
4.7999,33,31,23,36,
4.80134,27,14,22,25,
4.80274,27,14,22,25,
4.80415,14,6,15,22,
4.80554,13,3,22,17,
4.80696,6,2,19,27,
4.80832,-4,17,15,16,
4.80968,-2,13,18,15,
4.81105,-1,11,28,14,
4.81244,37,23,29,22,
4.81384,37,23,29,22,
4.81519,40,23,25,19,
4.81656,40,23,25,19,
4.81798,37,41,27,20,
4.81943,24,34,32,21,
4.82075,12,24,37,30,
4.82213,-3,16,34,26,
4.82344,-3,16,34,26,
4.82476,-4,11,22,20,
4.82613,-1,11,23,17,
4.8275,3,13,21,13,
4.82882,9,16,30,14,
4.83031,20,19,35,19,
4.83167,20,19,35,19,
4.83305,38,23,34,22,
4.83444,34,31,26,29,
4.83583,25,27,25,25,
4.83716,21,13,30,24,
4.83856,21,13,30,24,
4.83997,2,20,30,24,
4.84133,4,14,29,25,
4.84271,-2,2,8,19,
4.84408,1,9,7,13,
4.84543,20,13,15,26,
4.84681,30,31,20,31,
4.84813,30,31,20,31,
4.84943,38,43,17,25,
4.85075,42,34,14,27,
4.85207,40,33,27,39,
4.85337,22,24,27,33,
4.85468,22,24,27,33,
4.856,15,11,16,25,
4.85733,13,19,20,24,
4.85867,-6,9,11,20,
4.85994,-18,3,12,16,
4.86132,-6,14,11,15,
4.86267,4,12,19,25,
4.86399,16,19,25,34,
4.86537,16,19,25,34,
4.86671,39,21,36,23,
4.86803,44,24,26,20,
4.86936,29,27,23,24,
4.87073,24,26,30,23,
4.87209,14,17,26,20,
4.87346,16,22,26,23,
4.8749,14,13,26,24,
4.87626,3,15,11,15,
4.8776,0,9,17,18,
4.87896,-2,2,20,21,
4.88031,-2,2,20,21,
4.88169,14,16,22,23,
4.88307,24,34,28,25,
4.88442,25,38,36,19,
4.88579,41,40,39,28,
4.88716,39,25,32,32,
4.88853,31,21,28,32,
4.88989,30,22,23,22,
4.89127,11,26,24,16,
4.89262,19,12,19,23,
4.89394,-4,18,22,12,
4.89531,-7,14,23,6,
4.8967,-7,14,23,6,
4.89805,2,17,16,14,
4.8994,11,24,25,20,
4.90077,31,25,33,22,
4.9021,46,40,33,37,
4.90342,36,44,34,37,
4.90477,36,28,33,41,
4.90614,36,28,33,41,
4.90751,24,21,22,19,
4.90885,24,21,22,19,
4.91018,14,20,19,20,
4.91151,-8,14,18,15,
4.91282,-2,12,15,21,
4.91415,-3,14,7,20,
4.91545,-3,14,7,20,
4.91679,38,24,20,25,
4.91815,37,26,20,22,
4.91949,42,39,25,27,
4.92079,41,33,36,39,
4.92212,26,23,35,39,
4.9235,26,23,35,39,
4.92487,12,22,24,37,
4.9262,3,15,16,29,
4.92757,-4,20,13,25,
4.92891,-13,5,11,22,
4.93025,-14,1,7,19,
4.93163,-14,1,7,19,
4.93295,0,3,13,22,
4.93437,28,28,20,39,
4.93581,32,30,28,31,
4.93718,32,30,28,31,
4.93857,40,23,23,23,
4.93994,42,21,28,29,
4.94129,28,17,21,25,
4.94265,28,17,21,25,
4.94401,16,8,19,30,
4.94536,-2,1,19,22,
4.94677,-3,4,22,19,
4.94813,16,21,25,15,
4.94949,16,21,25,15,
4.95088,15,13,30,14,
4.95223,25,18,34,24,
4.95361,26,25,30,22,
4.95507,40,37,32,31,
4.95647,29,31,32,33,
4.95788,29,31,32,33,
4.95929,16,30,25,29,
4.96066,8,9,18,25,
4.96201,5,18,21,24,
4.96339,4,2,14,22,
4.96474,11,17,14,14,
4.9661,11,17,14,14,
4.96748,11,17,14,14,
4.9688,18,41,24,23,
4.97013,24,34,21,22,
4.97149,35,32,24,29,
4.97285,45,30,32,40,
4.9742,35,24,29,44,
4.97555,33,24,30,31,
4.9769,16,20,20,27,
4.97821,6,11,19,19,
4.97959,-6,10,10,18,
4.98094,-17,6,9,12,
4.98231,-17,6,9,12,
4.98368,-3,7,5,17,
4.98503,4,13,18,17,
4.9864,11,21,23,19,
4.9877,28,35,26,28,
4.98905,41,42,22,31,
4.99042,50,36,25,29,
4.99174,52,35,28,28,
4.99307,34,24,35,27,
4.99438,7,17,34,31,
4.99575,-1,11,14,29,
4.99708,-3,11,21,16,
4.99839,-6,2,14,5,
4.99973,-3,2,21,12,
5.00108,-5,6,22,13,
5.00244,1,22,23,11,
5.00381,25,34,28,16,
5.00521,31,24,37,25,
5.00657,42,35,35,27,
5.00791,42,35,35,27,
5.00925,42,33,35,27,
5.01067,31,17,41,23,
5.01199,25,21,28,14,
5.01332,25,21,28,14,
5.0147,11,17,21,11,
5.01606,11,17,21,11,
5.01739,1,8,20,7,
5.01884,9,-1,20,4,
5.02035,28,16,18,9,
5.02193,31,25,23,23,
5.02337,29,24,33,22,
5.02475,45,33,31,21,
5.0261,44,36,26,25,
5.02746,17,21,26,37,
5.02877,22,23,27,32,
5.03013,22,23,23,25,
5.03149,18,15,23,25,
5.03284,10,16,27,22,
5.03428,0,5,25,13,
5.03567,-5,19,15,8,
5.037,4,18,14,10,
5.03846,27,20,31,14,
5.0398,32,28,45,35,
5.04113,32,28,45,35,
5.04251,30,22,41,35,
5.04387,27,23,25,23,
5.0452,27,23,25,23,
5.04658,18,18,24,30,
5.04793,8,15,24,23,
5.04927,2,15,16,21,
5.05063,-4,22,12,22,
5.05199,1,15,20,14,
5.05331,12,26,20,21,
5.05471,33,31,27,18,
5.05606,36,42,32,24,
5.05741,32,40,28,28,
5.05878,40,30,27,27,
5.06012,39,28,32,22,
5.06148,26,21,36,15,
5.06284,25,26,24,12,
5.06418,16,15,26,21,
5.06556,5,11,31,18,
5.06696,10,16,31,16,
5.06831,-5,15,25,18,
5.06965,2,13,25,10,
5.071,3,14,12,26,
5.07239,3,14,12,26,
5.07373,36,27,19,29,
5.07509,35,22,37,29,
5.07646,43,30,32,39,
5.07781,43,30,32,39,
5.07915,42,36,36,44,
5.08055,14,21,23,27,
5.08196,14,21,23,27,
5.08334,1,25,10,10,
5.08471,-9,22,15,13,
5.08608,-12,21,13,6,
5.08745,-8,15,8,11,
5.0888,6,8,13,20,
5.09018,27,10,20,30,
5.09153,32,27,25,32,
5.09287,29,30,33,36,
5.09424,37,35,28,35,
5.0956,37,43,29,38,
5.09692,12,38,25,29,
5.09833,12,38,25,29,
5.09971,3,20,13,22,
5.10101,10,9,14,26,
5.10233,-16,3,11,21,
5.10369,-14,9,9,19,
5.105,9,12,7,18,
5.10637,22,26,11,25,
5.10773,26,35,16,30,
5.10904,26,32,32,28,
5.11042,47,23,33,31,
5.11182,47,32,24,26,
5.11315,46,37,19,21,
5.11453,46,37,19,21,
5.11591,13,17,11,28,
5.11724,11,15,12,27,
5.11862,4,19,9,25,
5.11998,5,11,17,12,
5.12132,5,11,17,12,
5.12271,-5,8,19,5,
5.12406,20,34,34,18,
5.1254,31,34,28,25,
5.12674,36,22,21,33,
5.12811,36,22,21,33,
5.12944,43,26,33,33,
5.13081,35,27,36,35,
5.13213,23,25,38,41,
5.13346,1,24,18,19,
5.13483,-4,19,25,16,
5.13615,2,12,27,18,
5.13749,-14,7,19,18,
5.13887,3,11,19,18,
5.14021,17,4,19,14,
5.14157,19,7,23,13,
5.14294,29,18,37,20,
5.14424,29,18,37,20,
5.14565,33,30,40,30,
5.14703,43,39,43,27,
5.14839,38,40,46,25,
5.14974,17,21,40,29,
5.15114,12,12,13,9,
5.15248,9,11,9,14,
5.15386,9,11,9,14,
5.15519,8,16,8,20,
5.15651,-5,6,17,9,
5.15786,11,7,20,14,
5.15923,31,18,27,31,
5.16056,35,25,34,36,
5.16192,40,40,40,31,
5.1633,40,40,40,31,
5.16467,46,36,36,24,
5.16602,40,37,29,30,
5.16739,23,24,27,29,
5.16872,-6,18,13,24,
5.17009,5,13,16,20,
5.17147,1,-6,17,18,
5.17283,-16,-6,5,13,
5.17419,0,13,24,25,
5.17555,21,26,22,34,
5.1769,21,26,22,34,
5.17822,24,23,22,26,
5.17962,28,23,20,19,
5.18096,44,35,33,28,
5.18231,50,33,42,34,
5.18367,21,29,32,18,
5.18513,9,25,29,15,
5.18644,9,25,29,15,
5.18781,3,26,11,13,
5.18917,2,12,5,17,
5.19056,-6,2,4,14,
5.192,-8,15,10,13,
5.19341,12,25,25,28,
5.1948,23,34,37,32,
5.19616,26,34,34,24,
5.19752,37,42,36,22,
5.1989,47,40,35,31,
5.20023,21,32,41,30,
5.2016,30,25,26,29,
5.20298,14,25,22,28,
5.20435,-1,21,29,24,
5.20572,-5,20,21,19,
5.20704,-5,20,21,19,
5.20836,-7,18,14,13,
5.20967,14,10,16,13,
5.21102,24,20,26,19,
5.21233,24,20,26,19,
5.21367,33,38,32,36,
5.21504,49,38,26,34,
5.21639,38,35,29,24,
5.21772,21,35,32,33,
5.21909,10,30,25,28,
5.22046,11,22,26,17,
5.22184,11,15,23,17,
5.22328,10,13,26,27,
5.22468,-14,9,25,21,
5.22612,-6,13,25,14,
5.22749,23,22,18,14,
5.22883,34,31,25,19,
5.23021,34,31,25,19,
5.23156,52,34,28,28,
5.23291,53,35,26,24,
5.23429,38,29,24,25,
5.23572,38,29,24,25,
5.23711,18,31,30,32,
5.23857,2,13,26,30,
5.24007,2,10,18,24,
5.24143,6,7,19,26,
5.24276,-4,17,17,22,
5.24408,13,19,19,14,
5.24542,31,27,22,20,
5.24677,45,40,31,20,
5.24808,45,40,31,20,
5.24939,36,33,34,31,
5.25075,41,26,39,34,
5.2521,34,27,31,28,
5.25348,28,20,31,31,
5.25486,14,21,32,30,
5.25618,14,21,32,30,
5.25749,0,27,15,20,
5.25884,-7,22,17,22,
5.26016,0,17,22,22,
5.26154,9,20,20,18,
5.26294,10,19,10,9,
5.26427,33,35,27,14,
5.26558,39,34,28,19,
5.2669,41,32,31,26,
5.26822,35,27,33,29,
5.26954,23,16,32,26,
5.27085,21,15,28,22,
5.2722,25,15,23,19,
5.27356,8,20,15,13,
5.27494,-2,26,22,10,
5.27629,-1,3,24,9,
5.27766,0,-5,29,7,
5.279,0,-5,29,7,
5.28036,1,4,26,11,
5.28171,12,9,23,17,
5.28307,35,23,27,29,
5.28444,51,19,31,38,
5.28581,43,35,33,34,
5.2872,36,23,26,34,
5.28858,36,23,26,34,
5.28992,2,29,19,35,
5.2913,-7,17,18,26,
5.29264,-2,13,22,20,
5.29401,-5,-1,13,19,
5.29539,-5,-1,13,19,
5.29675,4,13,18,17,
5.29811,33,32,30,24,
5.29947,45,33,20,27,
5.30083,45,33,20,27,
5.30219,43,34,26,24,
5.30351,29,31,33,32,
5.30481,37,27,28,34,
5.3062,25,21,22,30,
5.30755,6,23,18,26,
5.30887,6,16,23,23,
5.31026,1,8,27,24,
5.31163,1,8,27,24,
5.31299,-4,7,21,16,
5.31438,6,4,14,15,
5.31575,6,4,14,15,
5.31711,32,30,36,35,
5.31844,38,24,40,32,
5.31986,38,24,40,32,
5.32121,42,42,30,31,
5.32257,35,38,33,25,
5.32392,12,30,24,25,
5.32528,12,17,19,22,
5.32666,-4,10,21,26,
5.32802,-4,10,21,26,
5.32937,-9,3,19,24,
5.33075,-4,4,15,12,
5.3321,3,15,24,9,
5.33347,20,30,27,23,
5.33482,27,31,30,30,
5.33618,29,38,32,33,
5.33748,29,38,32,33,
5.33886,45,32,39,34,
5.34023,34,25,39,31,
5.34158,29,17,24,26,
5.34295,7,15,19,22,
5.34433,7,15,19,22,
5.34564,-6,13,14,21,
5.34703,-6,13,14,21,
5.34842,-4,9,16,19,
5.34979,14,17,20,28,
5.35114,38,34,33,27,
5.35248,45,31,28,25,
5.3538,51,38,35,26,
5.35518,51,38,35,26,
5.35653,42,17,28,25,
5.35789,21,18,29,14,
5.35928,21,18,29,14,
5.36061,13,25,14,19,
5.36195,2,14,19,25,
5.36328,2,14,19,25,
5.36461,0,8,15,12,
5.36595,-3,28,8,22,
5.36732,11,28,13,32,
5.36869,26,39,30,39,
5.37005,30,29,34,39,
5.37142,30,29,34,39,
5.37281,34,22,25,33,
5.37417,15,28,18,21,
5.37554,11,11,13,15,
5.37686,11,11,13,15,
5.37822,17,19,15,12,
5.37956,10,21,15,15,
5.38095,1,8,20,18,
5.38236,-1,0,20,17,
5.38374,13,17,26,17,
5.38508,33,26,26,17,
5.38641,33,26,26,17,
5.38778,27,42,23,28,
5.38912,38,43,32,27,
5.39043,27,42,24,32,
5.3918,20,32,24,33,
5.39317,15,21,25,26,
5.39454,15,21,25,26,
5.39586,16,11,21,25,
5.39724,-6,10,9,21,
5.39864,-15,17,13,28,
5.4,-4,14,10,24,
5.40133,4,12,14,28,
5.40273,12,18,18,30,
5.40409,18,17,28,32,
5.40544,35,19,26,36,
5.40687,49,27,32,29,
5.4082,38,21,34,34,
5.40958,38,21,34,34,
5.41092,12,22,32,25,
5.41224,12,22,32,25,
5.41356,1,24,23,20,
5.41493,-18,18,12,14,
5.41631,-2,7,9,17,
5.41768,-2,7,9,17,
5.41907,16,23,18,20,
5.42045,31,33,20,35,
5.42182,27,29,28,32,
5.42318,58,43,20,37,
5.42457,58,43,20,37,
5.42594,45,40,25,41,
5.42733,29,28,25,42,
5.42873,12,31,26,42,
5.43015,-3,30,29,32,
5.43157,0,15,18,9,
5.43297,2,15,6,14,
5.43756,20,22,32,21,
5.43902,47,29,37,24,
5.4404,60,45,39,31,
5.44177,52,47,31,32,
5.44315,52,47,31,32,
5.44454,40,36,20,34,
5.4459,15,23,20,30,
5.44727,6,17,19,18,
5.44865,5,15,8,19,
5.45003,-5,9,6,12,
5.4514,1,19,12,4,
5.4528,11,17,14,18,
5.45416,12,20,23,27,
5.45553,24,17,25,31,
5.45692,24,17,25,31,
5.45829,30,26,31,33,
5.45965,45,28,34,26,
5.46102,35,26,31,29,
5.46243,23,25,28,22,
5.46379,15,16,28,13,
5.46516,11,11,12,10,
5.46653,-3,5,20,10,
5.46785,-3,5,20,10,
5.46919,-1,7,20,10,
5.47056,13,18,27,21,
5.47191,23,30,36,32,
5.47327,30,40,40,36,
5.47466,40,42,44,28,
5.47603,48,39,41,26,
5.4774,45,25,29,32,
5.47876,29,32,23,29,
5.48012,22,26,32,19,
5.48151,10,15,23,32,
5.4829,-1,13,19,28,
5.48429,-9,1,17,19,
5.48565,-16,-1,25,10,
5.48702,-16,-1,25,10,
5.4884,2,15,22,16,
5.48976,27,22,15,22,
5.49114,32,34,29,20,
5.4925,42,33,26,26,
5.49386,42,33,26,26,
5.49525,40,43,39,30,
5.49664,27,33,37,26,
5.498,20,21,29,31,
5.49938,8,10,14,27,
5.50079,-16,1,21,29,
5.50215,-16,1,21,29,
5.50352,-8,0,22,16,
5.50491,5,5,19,6,
5.50627,17,9,17,21,
5.50763,34,37,28,35,
5.509,31,38,38,42,
5.51037,31,38,38,42,
5.51174,43,44,43,38,
5.51306,21,19,38,25,
5.51443,17,18,32,29,
5.51582,4,17,32,26,
5.51715,6,12,26,27,
5.51851,0,8,17,24,
5.51984,0,8,17,24,
5.52117,8,11,8,12,
5.52256,16,9,18,13,
5.52391,25,20,23,25,
5.52526,33,25,22,23,
5.52666,24,34,27,24,
5.52803,34,37,34,27,
5.52938,32,32,26,29,
5.53075,22,34,28,18,
5.5321,22,34,28,18,
5.53345,14,16,21,24,
5.53481,19,12,22,26,
5.53619,19,12,22,26,
5.53755,2,10,26,16,
5.53892,6,20,28,9,
5.54028,16,17,28,10,
5.54162,31,29,32,19,
5.54299,37,33,33,30,
5.54437,42,36,36,36,
5.54571,42,36,36,36,
5.5471,47,25,41,36,
5.54844,16,31,31,27,
5.5498,24,27,15,24,
5.55118,13,18,17,30,
5.55253,-14,6,12,19,
5.55388,-14,6,12,19,
5.55524,-15,6,7,25,
5.55659,-2,19,23,30,
5.55795,11,28,18,34,
5.55933,28,27,20,32,
5.56069,28,27,20,32,
5.56206,28,25,27,37,
5.56343,39,32,31,39,
5.56476,29,33,24,24,
5.56611,13,27,30,25,
5.56744,13,23,33,33,
5.56877,8,22,24,28,
5.57009,-1,16,22,21,
5.5714,-14,4,14,17,
5.57273,-18,16,7,23,
5.57414,2,8,17,24,
5.57547,23,11,25,22,
5.57675,26,22,25,25,
5.57813,28,29,24,21,
5.57949,28,29,24,21,
5.5808,54,41,26,36,
5.58217,43,40,26,33,
5.58356,32,33,31,29,
5.58492,8,16,30,31,
5.58627,5,9,13,22,
5.58762,5,9,13,22,
5.58896,-4,7,10,21,
5.59035,-7,13,16,19,
5.59172,-7,13,16,19,
5.59305,27,28,22,24,
5.59442,34,29,26,36,
5.59578,35,20,30,31,
5.59713,35,20,30,31,
5.59851,37,38,32,38,
5.59987,28,26,18,30,
5.60118,22,24,19,32,
5.60255,3,15,23,23,
5.60391,3,15,23,23,
5.60523,0,25,29,32,
5.60659,-6,19,26,14,
5.60795,2,20,15,4,
5.60934,-6,14,10,14,
5.6108,7,29,15,23,
5.61221,31,27,12,33,
5.61354,44,34,20,31,
5.61492,48,50,27,28,
5.61625,29,29,19,27,
5.61764,21,25,28,27,
5.61905,6,15,33,21,
5.62043,-4,10,31,23,
5.62181,-7,18,17,23,
5.62323,-7,18,17,23,
5.62459,-5,1,14,10,
5.626,-4,6,9,7,
5.62744,24,23,19,25,
5.62881,24,23,19,25,
5.63031,29,33,21,30,
5.63168,36,38,29,31,
5.63301,34,31,32,30,
5.63444,18,25,34,31,
5.63582,25,23,32,33,
5.63718,17,27,24,27,
5.63855,17,27,24,27,
5.63992,6,14,14,18,
5.64127,-3,4,17,2,
5.64267,-1,13,14,2,
5.64403,8,19,19,2,
5.64535,26,28,19,13,
5.64673,26,32,21,25,
5.64807,40,26,17,22,
5.6494,46,31,34,32,
5.65076,38,21,35,35,
5.65211,38,21,35,35,
5.65343,7,15,16,29,
5.65485,4,21,17,20,
5.65621,12,23,28,22,
5.65756,12,23,28,22,
5.65893,6,19,22,27,
5.66032,7,15,25,30,
5.66168,-4,13,25,17,
5.66305,35,38,25,30,
5.66441,45,43,28,38,
5.6658,37,46,36,43,
5.66717,38,39,42,39,
5.66855,35,36,40,31,
5.66991,39,41,28,30,
5.67128,-2,12,19,24,
5.67266,-2,12,19,24,
5.67402,6,17,18,26,
5.67539,-10,13,20,21,
5.67675,-10,13,20,21,
5.67811,2,8,23,23,
5.67949,12,4,20,26,
5.68083,44,33,21,22,
5.6822,35,37,19,19,
5.68355,48,32,31,29,
5.68489,41,33,33,33,
5.68628,41,33,33,33,
5.6877,30,24,29,32,
5.68906,20,22,24,29,
5.69045,8,10,8,30,
5.69183,14,6,16,26,
5.69319,7,5,21,21,
5.69459,7,2,10,21,
5.69594,4,-5,11,28,
5.69729,28,17,37,22,
5.69867,28,17,38,28,
5.70004,30,27,32,27,
5.7014,44,40,25,30,
5.70277,44,40,25,30,
5.70413,33,27,33,22,
5.70547,13,25,32,26,
5.70683,6,7,10,14,
5.70819,9,6,15,10,
5.70955,-12,-4,15,18,
5.71091,-13,4,11,13,
5.71231,-2,12,14,7,
5.71366,-1,19,23,16,
5.715,6,33,26,31,
5.71635,38,29,18,25,
5.7177,38,29,18,25,
5.71901,37,37,22,23,
5.72038,25,30,34,22,
5.72178,25,40,39,31,
5.72318,11,37,31,29,
5.72454,7,23,11,20,
5.7259,-5,28,21,19,
5.72723,-5,28,21,19,
5.72856,-2,22,25,21,
5.72992,-1,10,21,16,
5.73129,4,11,17,22,
5.73265,32,28,15,35,
5.73398,32,24,28,34,
5.73534,32,24,28,34,
5.73673,47,21,37,25,
5.73804,38,25,38,21,
5.73939,31,26,31,31,
5.74076,19,17,29,37,
5.74212,-3,23,23,12,
5.74349,-3,23,23,12,
5.74482,2,11,10,10,
5.74615,-10,18,12,5,
5.74751,-2,21,24,18,
5.74885,-2,21,24,18,
5.75024,9,29,18,24,
5.75163,19,33,33,29,
5.75302,19,33,33,29,
5.75445,44,34,37,31,
5.75579,35,23,44,30,
5.75714,20,23,36,36,
5.75853,2,17,21,23,
5.75985,0,12,21,15,
5.76122,-5,16,24,6,
5.76257,-8,10,13,15,
5.76384,-16,7,6,26,
5.76515,-5,12,16,20,
5.76649,8,18,20,12,
5.76788,26,20,27,31,
5.76922,35,24,37,28,
5.77054,35,32,32,21,
5.77188,46,31,30,31,
5.77326,34,27,36,39,
5.77461,26,14,26,28,
5.77595,23,10,14,23,
5.7773,23,10,14,23,
5.77863,4,16,19,22,
5.77995,4,16,19,22,
5.78129,-5,11,13,18,
5.78265,-9,16,15,14,
5.78399,30,25,29,29,
5.7853,30,25,29,29,
5.78663,37,40,33,27,
5.78796,42,32,28,32,
5.78932,32,32,34,26,
5.79069,24,35,25,30,
5.79205,24,30,30,25,
5.79344,7,16,27,20,
5.79481,13,16,27,27,
5.79615,9,21,30,25,
5.79748,-2,20,23,25,
5.79886,-6,13,11,25,
5.80021,-6,3,8,26,
5.80158,15,5,11,26,
5.80296,36,20,18,28,
5.80438,40,29,29,28,
5.80575,38,23,32,29,
5.80711,37,17,32,26,
5.80847,28,20,30,22,
5.80979,28,20,30,22,
5.81112,26,29,33,30,
5.81245,19,21,33,26,
5.81382,22,19,22,28,
5.8152,-5,19,21,19,
5.81658,-6,24,29,20,
5.818,-6,24,29,20,
5.81941,28,17,34,40,
5.8208,33,37,32,41,
5.82217,47,38,29,36,
5.82353,63,30,34,56,
5.82485,52,38,34,61,
5.82623,52,38,34,61,
5.82761,36,33,45,55,
5.82894,25,20,42,51,
5.83035,30,22,41,44,
5.83172,11,20,25,60,
5.83309,30,31,24,63,
5.8346,33,30,33,76,
5.83605,33,30,33,76,
5.83745,72,53,65,122,
5.83886,72,53,65,122,
5.84027,118,92,135,306,
5.84161,173,140,141,275,
5.84298,136,118,120,214,
5.84433,89,79,89,136,
5.84569,89,79,89,136,
5.84704,75,57,68,118,
5.84839,32,30,60,92,
5.84979,27,18,56,70,
5.85118,36,24,54,63,
5.85255,47,37,59,70,
5.85393,47,37,59,70,
5.85532,57,41,59,75,
5.85672,59,34,55,77,
5.8581,78,51,50,85,
5.85946,64,48,53,83,
5.86077,57,47,58,73,
5.8621,46,34,54,74,
5.86349,23,32,41,76,
5.86477,28,24,35,70,
5.86611,6,15,25,38,
5.86748,-3,10,31,36,
5.86878,-3,10,31,36,
5.8701,14,15,34,35,
5.87142,21,29,30,47,
5.87278,37,36,32,66,
5.87416,63,46,36,77,
5.87551,67,38,50,74,
5.87682,55,41,43,65,
5.87818,56,36,42,60,
5.87952,56,36,42,60,
5.88086,21,15,29,35,
5.88222,21,15,29,35,
5.88358,17,15,32,40,
5.88493,-11,23,34,38,
5.88631,0,14,30,32,
5.88767,27,29,25,32,
5.88901,39,27,20,40,
5.89037,36,33,24,41,
5.89171,38,45,36,37,
5.89305,42,44,43,43,
5.89444,27,33,33,52,
5.89583,22,27,28,38,
5.8972,22,27,28,38,
5.89856,7,19,34,34,
5.89993,0,12,32,24,
5.90131,-13,12,22,21,
5.90268,3,13,13,23,
5.90405,11,15,25,26,
5.90541,11,15,25,26,
5.9068,37,20,20,34,
5.90816,41,26,34,34,
5.90953,46,38,43,33,
5.9109,50,45,36,36,
5.91225,50,45,36,36,
5.91363,50,45,36,36,
5.91501,28,41,34,33,
5.91637,10,15,16,29,
5.91773,3,16,20,19,
5.91911,-8,10,14,18,
5.92046,-11,16,24,25,
5.92183,-11,16,24,25,
5.92321,13,26,25,31,
5.92457,49,27,34,37,
5.9259,60,29,39,34,
5.92728,64,32,39,28,
5.92866,57,31,33,24,
5.93002,46,31,37,29,
5.93139,46,31,37,29,
5.93275,27,36,34,30,
5.9342,13,22,28,29,
5.93561,2,10,21,19,
5.93696,4,10,14,12,
5.93835,4,10,14,12,
5.9397,19,9,22,11,
5.94108,33,26,23,27,
5.94241,45,35,28,36,
5.94379,55,41,36,45,
5.94516,55,41,36,45,
5.94652,34,36,35,41,
5.94789,41,26,31,35,
5.94922,32,18,23,35,
5.9506,4,5,21,23,
5.95196,5,4,23,27,
5.95332,-3,2,21,18,
5.95469,-6,-2,13,7,
5.95606,2,-1,14,15,
5.95742,18,20,22,19,
5.95878,32,22,33,25,
5.96014,44,30,33,38,
5.96155,44,30,33,38,
5.96303,44,30,33,38,
5.96439,42,38,42,43,
5.96575,34,34,37,38,
5.96713,22,26,24,38,
5.96852,4,27,27,34,
5.96989,4,20,13,18,
5.97123,4,20,13,18,
5.97255,-1,16,19,15,
5.97389,20,23,20,19,
5.97527,31,31,31,29,
5.97663,32,29,35,31,
5.97796,41,23,35,38,
5.97934,41,23,35,38,
5.98072,48,35,31,34,
5.9821,35,26,22,31,
5.98342,20,34,24,26,
5.98481,7,30,17,27,
5.98618,-8,25,16,21,
5.98756,-8,25,16,21,
5.98894,-14,14,11,16,
5.99034,2,19,11,17,
5.99172,2,19,11,17,
5.99307,21,32,27,25,
5.99444,42,39,26,31,
5.99577,54,49,26,30,
5.99711,54,49,26,30,
5.99847,45,44,33,35,
5.99983,41,32,31,30,
6.00115,22,26,22,22,
6.00254,1,29,19,25,
6.0039,-1,17,18,19,
6.00527,-11,8,20,13,
6.00663,-11,8,20,13,
6.008,-13,18,10,24,
6.00939,10,27,13,23,
6.01075,32,29,23,29,
6.01211,31,26,32,32,
6.01345,31,26,32,32,
6.01482,41,23,41,35,
6.01617,27,33,37,34,
6.01753,24,28,32,34,
6.01896,14,29,29,29,
6.02034,5,22,33,22,
6.02168,-9,19,31,18,
6.02305,-9,19,31,18,
6.02442,-22,2,26,23,
6.02579,7,18,23,19,
6.02724,17,28,18,21,
6.0286,41,41,17,33,
6.02998,43,35,25,35,
6.03137,55,34,31,29,
6.03294,41,27,20,35,
6.0344,41,27,20,35,
6.03581,32,32,25,27,
6.03723,11,10,22,25,
6.03859,5,2,24,21,
6.03997,-14,2,15,19,
6.04133,-17,4,15,19,
6.04277,-10,3,20,17,
6.04418,1,13,19,15,
6.04557,24,24,21,20,
6.04698,36,26,24,34,
6.04832,38,32,30,34,
6.04965,52,33,38,37,
6.05105,52,33,38,37,
6.05241,50,26,30,40,
6.05378,22,20,34,18,
6.05509,22,11,28,20,
6.05645,5,9,15,12,
6.05785,0,14,9,11,
6.05923,2,13,15,9,
6.06059,2,13,15,9,
6.06195,6,13,27,16,
6.06329,32,23,37,24,
6.06464,44,21,30,20,
6.06602,41,34,28,34,
6.06739,35,36,29,45,
6.06876,38,40,34,36,
6.07013,42,29,26,35,
6.07149,10,20,24,25,
6.07284,-1,6,26,22,
6.0742,-1,6,26,22,
6.07559,-7,8,23,15,
6.07694,-10,13,24,19,
6.07831,-8,19,25,25,
6.07965,6,28,16,21,
6.08102,24,32,22,30,
6.08232,29,34,24,25,
6.08365,48,35,27,37,
6.08499,39,33,29,34,
6.08637,30,33,33,22,
6.08768,14,22,33,27,
6.08903,0,13,24,31,
6.0904,-6,7,19,25,
6.09174,-10,-1,9,7,
6.09309,-10,-1,9,7,
6.09446,-1,9,9,9,
6.09582,8,16,21,13,
6.09713,33,17,24,18,
6.09842,30,34,34,29,
6.09977,53,34,26,31,
6.10111,53,34,26,31,
6.10249,52,28,35,31,
6.10381,38,22,29,31,
6.10518,29,20,21,31,
6.10655,8,18,20,34,
6.10788,-7,9,18,16,
6.1092,-6,14,16,7,
6.11056,-6,14,16,7,
6.11186,8,21,14,3,
6.11318,19,16,23,17,
6.11448,38,26,37,26,
6.11579,45,24,30,35,
6.11716,58,26,30,39,
6.11853,55,24,43,38,
6.11992,55,24,43,38,
6.12128,39,24,47,36,
6.12265,4,22,41,28,
6.12401,2,28,40,19,
6.12538,16,26,38,18,
6.12677,-12,26,30,9,
6.12813,0,19,22,3,
6.12949,3,18,24,-2,
6.13086,33,22,25,19,
6.13222,44,29,23,23,
6.13358,44,29,23,23,
6.13492,37,41,19,31,
6.13627,44,37,35,35,
6.13761,35,22,32,37,
6.13896,24,24,30,33,
6.14032,7,19,21,25,
6.14166,6,12,17,18,
6.14301,6,12,17,18,
6.14436,-12,11,13,5,
6.14568,-18,9,15,4,
6.14704,-9,9,11,8,
6.14841,1,16,23,13,
6.14976,33,23,24,27,
6.15116,40,33,33,37,
6.15256,40,33,33,37,
6.15392,38,38,48,39,
6.15529,33,31,39,35,
6.15664,28,27,39,20,
6.158,27,24,31,23,
6.15935,19,16,21,18,
6.16069,19,16,21,18,
6.16196,-3,19,12,9,
6.16332,-7,10,10,9,
6.1647,-4,20,17,7,
6.16608,-4,20,17,7,
6.16744,27,32,21,31,
6.16879,27,32,21,31,
6.17015,31,30,29,36,
6.1715,39,27,40,39,
6.17288,35,26,30,32,
6.17428,29,22,25,26,
6.17565,3,25,25,19,
6.17701,3,25,25,19,
6.17839,-5,21,24,14,
6.17975,-5,9,21,19,
6.1811,-3,16,9,19,
6.18247,-10,16,19,11,
6.18386,11,14,16,10,
6.18521,34,21,30,27,
6.1866,34,21,30,27,
6.18796,51,28,37,27,
6.18931,42,27,50,39,
6.19071,27,34,37,35,
6.19206,15,22,30,36,
6.19336,1,12,21,34,
6.19468,-1,11,17,20,
6.19602,-1,11,17,20,
6.19736,-6,6,7,6,
6.19872,-3,14,18,9,
6.20007,15,31,26,25,
6.20144,26,32,32,36,
6.20275,20,27,35,27,
6.20407,33,33,37,24,
6.20539,42,33,40,28,
6.20681,35,24,31,29,
6.20817,32,26,25,27,
6.20954,28,21,19,27,
6.2109,8,15,18,23,
6.21226,3,4,28,23,
6.21359,-8,7,25,19,
6.21493,-4,1,15,11,
6.21625,6,-7,7,16,
6.21761,18,27,12,30,
6.21901,34,32,28,30,
6.2204,34,32,28,30,
6.22179,50,41,38,41,
6.22323,44,30,39,29,
6.2246,44,30,39,29,
6.22593,13,24,35,33,
6.22731,19,13,24,35,
6.22864,15,19,18,37,
6.22999,10,15,17,31,
6.23138,-11,12,19,23,
6.23275,-21,0,16,18,
6.23407,1,18,22,14,
6.23544,23,35,33,32,
6.23678,30,39,32,35,
6.23814,30,39,32,35,
6.2395,30,46,40,32,
6.24082,52,47,39,28,
6.24215,39,32,36,28,
6.24349,29,29,16,29,
6.24484,9,12,22,30,
6.24617,9,12,22,30,
6.24749,-2,16,20,26,
6.24876,-17,19,16,6,
6.25011,-5,17,20,1,
6.25147,10,14,23,6,
6.25278,29,16,23,27,
6.25414,49,15,21,30,
6.2555,49,15,21,30,
6.25689,53,23,16,28,
6.25821,48,24,25,36,
6.25955,43,25,32,33,
6.26089,35,29,27,26,
6.26224,17,14,23,20,
6.26362,0,7,22,17,
6.26493,5,14,27,17,
6.2663,-12,5,15,13,
6.26768,-3,19,8,9,
6.26899,20,26,18,12,
6.27036,20,26,18,12,
6.2717,29,30,25,30,
6.27306,45,29,21,31,
6.27449,41,35,20,33,
6.27586,33,44,40,44,
6.27719,19,45,35,44,
6.27855,21,30,35,36,
6.27986,21,30,35,36,
6.2812,8,14,30,25,
6.28254,-4,5,22,19,
6.2839,-4,5,22,19,
6.28525,-3,10,20,15,
6.28663,3,11,18,21,
6.28798,10,27,31,23,
6.28934,31,23,36,31,
6.29073,46,23,26,35,
6.29205,56,35,31,39,
6.29342,49,34,21,35,
6.29482,17,22,24,33,
6.29617,11,23,25,29,
6.29755,11,23,25,29,
6.2989,14,28,16,20,
6.30025,5,17,23,20,
6.30158,-13,1,14,22,
6.30293,-3,9,19,24,
6.3043,15,24,27,18,
6.30562,28,36,35,18,
6.30696,40,39,31,25,
6.30834,38,32,25,38,
6.30969,27,24,39,43,
6.31107,36,29,34,34,
6.31243,26,25,20,29,
6.31382,23,13,25,24,
6.31517,2,10,24,20,
6.31651,-3,13,22,23,
6.3179,-9,16,27,28,
6.31928,-18,11,21,23,
6.32063,6,14,21,15,
6.322,30,27,20,22,
6.32334,30,24,20,28,
6.32473,34,34,26,31,
6.3261,34,34,26,31,
6.32746,32,40,28,35,
6.32879,39,32,32,33,
6.33016,22,28,23,30,
6.33152,17,26,16,32,
6.33279,17,26,16,32,
6.33414,0,13,23,33,
6.33551,-22,15,8,17,
6.33678,-9,22,9,12,
6.33813,9,13,9,13,
6.33949,26,20,19,13,
6.3408,38,31,23,22,
6.34216,38,31,23,22,
6.34351,41,38,33,35,
6.3448,36,40,26,40,
6.34616,36,27,24,37,
6.34752,37,29,20,37,
6.34885,17,13,16,33,
6.35022,7,9,16,26,
6.3516,-5,13,21,20,
6.35292,-9,4,14,17,
6.35431,-2,4,23,9,
6.35565,3,24,29,15,
6.35696,3,24,29,15,
6.35838,17,33,30,22,
6.35974,25,38,31,31,
6.36106,34,31,29,28,
6.36241,38,46,24,23,
6.36381,33,41,27,27,
6.36514,33,41,27,27,
6.36648,-1,13,24,24,
6.36788,-5,27,29,26,
6.3692,-1,14,24,19,
6.37052,-20,6,11,13,
6.37185,-20,6,11,13,
6.37317,3,10,24,24,
6.37453,23,26,26,34,
6.37588,31,35,25,30,
6.37719,35,28,24,31,
6.37854,49,31,37,31,
6.37985,49,35,41,36,
6.38118,43,31,40,28,
6.38257,36,27,36,30,
6.38392,24,18,29,34,
6.38525,3,26,26,25,
6.38672,-16,12,10,21,
6.38806,-5,-2,9,20,
6.38941,2,7,22,19,
6.3908,2,7,22,19,
6.39212,21,24,22,24,
6.39348,32,29,27,34,
6.39484,39,22,37,35,
6.39615,47,19,49,34,
6.39752,47,19,49,34,
6.3989,30,42,40,39,
6.40018,27,27,28,35,
6.40155,16,19,29,25,
6.40292,3,14,23,15,
6.40427,2,12,25,5,
6.40561,2,12,25,5,
6.40698,2,12,25,5,
6.40831,-5,22,19,16,
6.40963,26,20,32,25,
6.41101,45,31,37,36,
6.41233,47,40,25,35,
6.4137,46,30,36,37,
6.41505,46,30,36,37,
6.41642,33,33,27,36,
6.41776,26,36,19,23,
6.4192,26,36,19,23,
6.42054,9,26,16,14,
6.42191,-5,2,13,10,
6.42334,-5,2,13,10,
6.42476,3,16,11,16,
6.42616,6,21,21,13,
6.4275,32,27,31,20,
6.42887,28,35,29,33,
6.43025,47,31,40,34,
6.43162,37,39,41,35,
6.433,37,39,41,35,
6.43456,39,48,39,33,
6.43598,17,30,24,36,
6.43737,0,23,28,18,
6.43877,-10,12,27,25,
6.44014,-8,14,26,21,
6.4415,-6,11,27,18,
6.4429,11,14,33,13,
6.44428,26,19,36,17,
6.44563,36,24,33,32,
6.44705,44,39,35,29,
6.44843,58,44,45,33,
6.44979,42,42,36,36,
6.45117,29,26,31,35,
6.45252,28,17,26,23,
6.45394,18,23,20,18,
6.4554,1,26,25,15,
6.45677,-16,19,23,10,
6.45814,-13,4,21,10,
6.45947,0,7,12,11,
6.4608,0,7,12,11,
6.4622,5,19,24,10,
6.46355,31,36,38,20,
6.46487,41,39,37,34,
6.46624,35,36,42,32,
6.4676,28,35,42,26,
6.46895,25,33,37,28,
6.47035,14,18,34,20,
6.47172,-2,11,18,27,
6.47306,-7,2,9,18,
6.47442,-9,0,15,16,
6.47578,-9,0,15,16,
6.47711,-12,7,24,11,
6.47849,1,13,30,3,
6.47989,27,24,31,18,
6.48123,33,30,33,28,
6.48259,42,36,34,25,
6.48395,42,36,34,25,
6.48531,37,35,34,27,
6.48671,28,27,26,35,
6.48806,26,15,30,34,
6.48941,6,17,23,23,
6.49079,1,14,17,19,
6.49213,1,14,17,19,
6.49351,-7,15,10,21,
6.49492,13,14,5,14,
6.49627,25,29,18,25,
6.49763,33,33,34,32,
6.49905,40,47,22,36,
6.5004,40,47,22,36,
6.50178,48,44,23,32,
6.50317,29,25,31,35,
6.50454,25,16,29,35,
6.50588,12,25,16,27,
6.5073,3,23,14,21,
6.50866,3,23,14,21,
6.51002,0,18,8,23,
6.51139,0,12,27,9,
6.51277,11,19,25,17,
6.51412,27,19,19,21,
6.51548,57,32,26,33,
6.51681,57,32,26,33,
6.5182,63,33,25,39,
6.51957,50,24,21,43,
6.52095,30,28,20,23,
6.52232,23,29,13,20,
6.5237,15,20,18,14,
6.52506,15,20,18,14,
6.52644,-6,7,28,10,
6.52776,-3,-3,20,6,
6.52909,10,17,29,1,
6.53046,13,28,28,9,
6.53181,29,42,36,29,
6.53313,35,47,37,32,
6.53453,46,37,42,34,
6.53591,39,33,39,35,
6.5373,25,32,33,35,
6.53869,19,23,23,25,
6.54007,19,23,23,25,
6.54143,19,12,23,14,
6.54281,15,17,17,17,
6.54413,-4,6,13,22,
6.54548,-16,-1,15,16,
6.54683,9,2,20,24,
6.54814,41,12,22,30,
6.54945,41,12,22,30,
6.55084,47,29,28,24,
6.55217,57,42,31,41,
6.55349,40,34,32,40,
6.55485,33,18,34,26,
6.55618,22,18,27,26,
6.55751,13,12,23,19,
6.55887,13,12,23,19,
6.56019,-2,10,20,22,
6.56159,-8,1,16,15,
6.56298,5,15,16,10,
6.56433,15,13,16,5,
6.56567,29,23,15,17,
6.56705,35,29,21,21,
6.56842,39,34,32,30,
6.5698,37,31,34,35,
6.57117,37,31,34,35,
6.57255,45,34,38,33,
6.57386,5,22,12,22,
6.57524,5,22,12,22,
6.5766,7,27,19,17,
6.57792,8,21,26,17,
6.5793,3,10,19,23,
6.58063,9,0,19,22,
6.58196,9,0,19,22,
6.58334,32,32,25,26,
6.58468,37,32,29,27,
6.58601,49,31,34,32,
6.58739,39,35,30,28,
6.58876,39,35,30,28,
6.59013,39,35,30,28,
6.59151,25,31,28,32,
6.5929,13,20,31,26,
6.59429,15,22,29,21,
6.59564,3,11,13,18,
6.597,-16,1,13,13,
6.59835,-10,3,15,12,
6.59971,1,6,16,19,
6.60102,31,35,17,33,
6.60241,36,43,31,39,
6.60378,53,49,38,45,
6.60509,52,35,32,41,
6.60645,46,39,36,31,
6.60784,46,39,36,31,
6.60916,13,14,22,31,
6.61048,8,20,22,30,
6.61184,5,26,19,23,
6.61321,-14,25,9,6,
6.61458,-9,16,13,9,
6.61596,1,12,18,14,
6.61731,5,17,23,10,
6.61869,38,26,21,24,
6.62009,49,30,31,33,
6.62147,59,23,27,32,
6.6229,59,23,27,32,
6.62438,49,22,27,32,
6.62586,33,26,27,35,
6.62731,7,12,17,19,
6.62871,13,13,20,18,
6.63017,6,8,14,22,
6.63155,6,8,14,22,
6.63291,6,8,14,22,
6.63431,21,17,22,20,
6.63569,27,23,21,31,
6.63704,46,33,30,36,
6.63844,41,43,40,37,
6.63983,34,41,36,28,
6.64121,34,41,36,28,
6.6426,34,16,19,23,
6.64397,18,18,26,16,
6.6453,11,12,28,19,
6.64667,12,10,22,19,
6.64804,-8,8,16,7,
6.64942,-8,8,16,7,
6.65089,-4,18,7,5,
6.65231,24,18,17,15,
6.65366,43,30,24,18,
6.65503,40,24,23,23,
6.65642,47,34,37,33,
6.65777,47,34,37,33,
6.65917,42,32,40,36,
6.66052,21,18,29,35,
6.66188,5,20,19,31,
6.66325,2,9,13,24,
6.6646,-3,9,21,25,
6.66595,-3,9,21,25,
6.66731,-9,12,20,26,
6.66867,12,14,19,19,
6.67003,24,25,24,23,
6.67139,24,35,23,25,
6.67277,44,37,20,26,
6.67413,57,38,27,30,
6.6755,42,24,28,32,
6.67689,27,30,28,25,
6.67829,5,20,18,19,
6.67965,5,10,14,21,
6.68104,5,10,14,21,
6.68243,-12,11,15,21,
6.68379,-17,14,21,12,
6.68514,-13,19,20,9,
6.6865,15,24,25,22,
6.68789,34,40,23,27,
6.68926,40,42,20,36,
6.69062,50,41,33,33,
6.69199,50,37,30,33,
6.69337,45,32,29,41,
6.69472,4,12,28,20,
6.69608,2,5,26,18,
6.69744,2,5,26,18,
6.69883,2,5,26,18,
6.70021,-5,14,14,27,
6.7016,-1,13,8,17,
6.70297,-5,17,3,12,
6.70434,45,33,18,16,
6.70573,45,33,18,16,
6.70707,52,31,31,26,
6.70843,39,35,33,41,
6.70981,26,39,33,32,
6.71117,21,28,29,25,
6.71253,11,22,34,28,
6.71389,8,20,29,23,
6.71526,8,20,29,23,
6.7166,-9,10,22,23,
6.71796,-9,6,11,21,
6.71933,0,3,15,26,
6.72072,19,3,19,18,
6.7221,22,6,29,17,
6.72345,39,23,34,28,
6.72484,34,31,25,29,
6.72619,45,40,35,40,
6.72757,52,28,29,36,
6.72891,31,29,27,34,
6.7303,25,19,34,25,
6.73168,11,12,23,20,
6.73303,11,12,23,20,
6.7344,-7,10,15,2,
6.73579,-3,15,18,7,
6.73717,1,24,19,9,
6.73854,13,18,29,12,
6.73991,25,27,31,18,
6.74127,34,26,30,25,
6.74264,43,21,42,36,
6.744,43,22,49,39,
6.74537,43,22,49,39,
6.74674,26,33,48,33,
6.7481,20,11,35,22,
6.74947,20,11,35,22,
6.75086,6,12,16,28,
6.75223,-19,19,10,19,
6.75359,-19,19,10,19,
6.75498,-11,16,19,10,
6.75633,28,22,28,22,
6.75772,43,33,23,33,
6.75907,43,43,24,40,
6.76042,49,40,20,40,
6.76179,49,40,20,40,
6.76319,41,28,25,27,
6.76454,32,23,23,26,
6.76589,21,20,22,33,
6.76724,12,23,27,33,
6.76864,-2,13,28,23,
6.77001,-16,18,30,22,
6.77137,-5,19,30,19,
6.77271,13,14,26,22,
6.77404,32,15,43,31,
6.77545,40,15,31,36,
6.77676,45,32,30,36,
6.77808,53,35,26,44,
6.77943,44,31,24,42,
6.78079,25,28,28,32,
6.78217,25,29,35,28,
6.78355,16,17,27,22,
6.78492,13,19,21,13,
6.78629,13,19,21,13,
6.78765,-1,22,9,4,
6.78901,-4,14,14,12,
6.79038,7,19,21,21,
6.79174,37,21,25,26,
6.79309,37,21,25,26,
6.79446,36,24,29,36,
6.79582,41,29,37,36,
6.79718,38,29,44,31,
6.79857,38,29,44,31,
6.79993,19,18,32,29,
6.80128,7,20,25,22,
6.80269,7,20,25,22,
6.80407,4,15,25,15,
6.80544,-1,8,18,7,
6.80677,-2,12,17,17,
6.80812,15,17,17,32,
6.80947,33,29,25,32,
6.81086,33,29,25,32,
6.81221,33,29,25,32,
6.81353,62,43,25,26,
6.81489,55,41,30,25,
6.81628,40,41,31,28,
6.81762,19,35,23,29,
6.819,15,27,28,26,
6.82034,11,18,26,27,
6.8217,-3,1,18,12,
6.8231,1,9,16,24,
6.82446,3,12,28,21,
6.82582,3,12,28,21,
6.82725,35,25,23,29,
6.82863,45,30,22,25,
6.83007,46,35,32,25,
6.8316,51,46,38,19,
6.83299,35,32,35,31,
6.83438,8,18,22,29,
6.83575,-1,18,16,29,
6.83712,-12,15,10,21,
6.8385,-12,15,10,21,
6.83985,-6,9,4,12,
6.84122,-3,3,17,13,
6.84261,6,6,21,21,
6.84397,42,19,22,27,
6.84531,49,18,23,28,
6.84669,49,18,23,28,
6.84805,46,39,39,41,
6.84943,43,35,35,41,
6.85081,26,27,33,30,
6.85219,10,17,11,16,
6.85358,10,17,11,16,
6.85496,-4,26,11,10,
6.85633,-21,14,17,4,
6.85771,-18,-1,17,11,
6.85914,-7,-1,18,14,
6.86052,25,23,31,16,
6.86188,31,22,25,28,
6.86327,31,23,30,38,
6.86463,41,43,44,37,
6.86598,34,33,45,31,
6.86735,24,17,43,32,
6.86871,7,18,24,26,
6.87009,7,18,24,26,
6.8715,10,18,29,27,
6.87289,-8,9,24,26,
6.87431,-20,8,8,12,
6.87566,-4,15,18,0,
6.87701,6,26,28,7,
6.87838,51,36,31,24,
6.87974,51,36,31,24,
6.88112,39,37,35,30,
6.88249,50,28,37,34,
6.88388,39,19,38,33,
6.88524,39,19,38,33,
6.88664,21,16,13,25,
6.88799,11,5,14,24,
6.88945,11,5,14,24,
6.89088,-4,14,18,12,
6.89224,-3,14,21,5,
6.8936,5,16,23,10,
6.89496,19,37,33,22,
6.89636,39,32,30,26,
6.89774,39,32,30,26,
6.8991,43,38,22,37,
6.90047,43,38,22,37,
6.90182,37,43,24,29,
6.9032,14,21,31,22,
6.90457,15,20,36,23,
6.90592,15,20,36,23,
6.90719,4,20,32,22,
6.90854,-13,-4,13,17,
6.9099,-7,-5,12,11,
6.91128,17,6,25,9,
6.91265,28,14,28,10,
6.91402,31,29,36,19,
6.9154,40,41,33,21,
6.91677,52,45,28,26,
6.91814,44,35,36,33,
6.91948,32,32,43,33,
6.92078,17,35,36,37,
6.92215,13,28,23,34,
6.92358,6,18,29,21,
6.92488,11,11,24,21,
6.92625,0,5,19,4,
6.92765,-4,15,23,6,
6.92903,2,18,28,13,
6.93042,37,24,32,25,
6.9318,37,24,32,25,
6.93316,46,36,33,24,
6.93455,47,37,41,36,
6.9359,50,33,37,27,
6.93728,31,22,38,25,
6.93865,19,23,31,28,
6.94,9,18,22,25,
6.94133,11,15,24,31,
6.94271,2,2,11,26,
6.94406,-4,-7,19,15,
6.94541,3,-6,27,13,
6.9468,1,-1,29,22,
6.94817,9,8,24,20,
6.94951,29,21,17,18,
6.9509,35,24,20,29,
6.95226,54,28,26,34,
6.95365,39,26,24,26,
6.95497,22,23,33,26,
6.95633,6,27,26,23,
6.95769,8,12,20,18,
6.95906,10,9,11,21,
6.96041,-6,5,11,16,
6.96179,0,-1,16,17,
6.96317,-3,2,23,19,
6.96453,-3,2,23,19,
6.96588,36,37,28,19,
6.96723,41,36,33,31,
6.96865,41,25,39,30,
6.96999,44,29,30,25,
6.97135,43,20,29,22,
6.97261,43,20,29,22,
6.97393,15,32,21,30,
6.97526,1,23,25,29,
6.9766,2,21,17,18,
6.97796,4,23,9,14,
6.97934,3,3,17,3,
6.98069,9,15,25,17,
6.98205,9,15,25,17,
6.98341,33,36,22,24,
6.98476,46,37,31,28,
6.98613,60,37,44,38,
6.98748,45,30,50,40,
6.98874,32,26,41,36,
6.99007,30,22,23,24,
6.9914,30,22,17,18,
6.99274,12,21,17,18,
6.99411,0,28,7,27,
6.99549,-10,21,6,16,
6.99681,-11,14,14,13,
6.99819,2,16,21,17,
6.9995,25,30,27,16,
7.00085,37,32,31,22,
7.00222,39,34,30,36,
7.00361,40,40,23,38,
7.00498,49,40,19,41,
7.00635,49,40,19,41,
7.00775,35,29,28,39,
7.0091,13,14,33,29,
7.01043,14,9,24,31,
7.01181,-19,4,21,14,
7.01313,-15,7,17,4,
7.0145,-15,7,17,4,
7.01588,7,13,8,10,
7.0173,32,23,23,25,
7.01868,42,22,25,25,
7.02004,37,44,26,25,
7.02139,37,44,26,25,
7.0229,37,44,26,25,
7.02438,24,44,27,32,
7.02575,28,32,33,35,
7.02719,2,23,23,8,
7.02856,-2,15,15,7,
7.02996,-4,6,15,8,
7.03131,-1,6,22,6,
7.03266,0,17,20,10,
7.03402,9,19,25,21,
7.03542,9,19,25,21,
7.03678,39,32,36,33,
7.03816,49,39,32,27,
7.03947,53,44,28,22,
7.04078,33,32,38,21,
7.04212,12,26,39,27,
7.04348,3,23,34,24,
7.0448,2,23,33,28,
7.04615,-10,4,27,17,
7.04751,-12,6,16,11,
7.04878,-6,2,9,6,
7.05012,-6,2,9,6,
7.05148,12,15,14,9,
7.05279,28,27,24,18,
7.05414,22,25,22,21,
7.0555,42,49,26,27,
7.0568,42,49,26,27,
7.05815,31,32,19,30,
7.05946,15,17,23,30,
7.06077,8,14,18,24,
7.06212,12,20,15,23,
7.06347,12,18,13,20,
7.0648,-5,14,16,9,
7.06613,-5,14,16,9,
7.06748,-7,7,17,4,
7.06877,-1,10,14,18,
7.07014,48,29,34,24,
7.07147,36,29,23,23,
7.07279,44,29,22,28,
7.07415,47,36,27,30,
7.07552,38,29,30,31,
7.07685,31,29,36,34,
7.07821,3,17,22,24,
7.07958,-9,12,26,16,
7.08091,-9,12,26,16,
7.08229,-7,9,27,6,
7.08364,4,16,14,2,
7.08496,13,10,15,-3,
7.08627,16,19,25,0,
7.08761,40,34,26,30,
7.08897,60,42,23,29,
7.09034,47,39,29,39,
7.09172,47,39,29,39,
7.09303,33,29,31,41,
7.0944,25,26,34,29,
7.09574,25,26,34,29,
7.09709,10,16,21,15,
7.09844,4,10,14,13,
7.09983,-3,1,18,10,
7.10113,0,5,26,15,
7.10247,16,24,17,11,
7.10378,27,21,25,21,
7.10512,25,18,31,28,
7.10648,51,35,21,39,
7.10785,51,35,21,39,
7.10922,44,32,20,42,
7.11058,27,31,28,40,
7.11193,23,20,27,29,
7.1133,10,20,17,27,
7.11467,4,9,23,34,
7.11604,-11,9,10,10,
7.1174,-11,9,10,10,
7.11881,-16,6,4,8,
7.12017,5,28,25,23,
7.12151,23,23,19,22,
7.12288,36,24,28,18,
7.12443,46,33,27,28,
7.12579,46,33,27,28,
7.12713,50,40,21,39,
7.12846,27,32,31,34,
7.12983,17,32,26,28,
7.13133,10,22,27,25,
7.13267,-7,14,24,20,
7.13398,-7,14,24,20,
7.13538,-3,5,17,16,
7.13673,10,17,17,20,
7.1381,19,24,29,21,
7.13948,40,24,34,26,
7.14074,56,21,35,33,
7.14212,56,21,35,33,
7.14349,58,38,42,39,
7.1448,48,33,37,38,
7.14613,26,29,28,23,
7.14748,15,24,31,24,
7.14882,15,24,31,24,
7.15017,5,14,9,19,
7.15157,-3,0,10,20,
7.15291,0,-2,7,19,
7.15428,16,17,24,12,
7.15562,27,17,27,18,
7.15696,27,17,27,18,
7.15834,22,17,37,25,
7.15973,37,27,43,32,
7.16106,41,22,36,37,
7.16238,22,26,25,37,
7.16373,20,35,31,22,
7.16507,13,23,31,13,
7.16639,13,23,31,13,
7.16778,12,19,25,16,
7.16915,-4,15,22,18,
7.17052,-8,5,22,22,
7.17188,11,13,17,24,
7.17324,28,21,23,29,
7.1746,27,24,25,30,
7.17595,27,24,25,30,
7.1773,35,45,32,29,
7.17866,33,33,27,32,
7.18002,33,20,33,39,
7.1814,12,19,29,25,
7.18279,12,19,29,25,
7.18415,16,12,27,27,
7.18549,4,11,18,27,
7.18686,-8,10,23,19,
7.18821,-8,16,18,6,
7.18955,-2,19,16,13,
7.19093,26,20,20,36,
7.19228,26,20,20,36,
7.19364,31,18,26,40,
7.19497,39,33,37,45,
7.19633,25,32,43,42,
7.19765,15,27,26,30,
7.19905,7,18,25,21,
7.20038,4,18,28,20,
7.20171,8,17,23,26,
7.20304,-12,9,16,24,
7.20441,-11,10,27,18,
7.20579,-8,19,29,11,
7.20712,10,22,30,14,
7.20849,24,19,29,25,
7.20986,33,25,29,25,
7.21119,44,39,22,34,
7.21254,44,34,18,48,
7.2139,26,32,31,35,
7.21525,29,25,33,36,
7.2166,29,25,33,36,
7.21796,5,18,34,28,
7.21935,5,18,34,28,
7.22076,-6,23,19,25,
7.22217,-10,16,15,23,
7.22358,-1,26,20,20,
7.22493,-1,26,20,20,
7.22649,22,28,24,23,
7.22803,32,32,29,40,
7.22946,44,39,30,41,
7.23091,33,41,38,39,
7.23228,33,41,38,39,
7.23364,7,11,24,29,
7.23503,7,11,24,29,
7.23646,-4,8,23,33,
7.23783,-11,13,15,17,
7.23921,-4,21,10,12,
7.24057,-6,24,8,10,
7.24193,4,16,18,11,
7.24333,28,25,22,20,
7.24475,39,24,19,28,
7.24612,36,42,28,41,
7.24746,36,42,28,41,
7.24884,23,38,26,34,
7.2502,19,29,37,32,
7.25158,19,29,37,32,
7.2529,2,25,36,25,
7.25427,3,24,27,13,
7.25558,-18,20,11,8,
7.25691,-10,14,9,9,
7.25829,1,23,8,16,
7.25965,15,26,26,30,
7.26097,33,38,30,35,
7.26232,33,38,30,35,
7.26359,48,43,22,34,
7.26494,37,32,31,40,
7.26632,40,31,24,36,
7.26768,23,24,25,34,
7.26899,2,16,20,36,
7.27038,-9,20,28,32,
7.27169,-17,12,31,33,
7.27303,-21,-2,19,20,
7.27437,-13,2,23,7,
7.27571,9,7,18,13,
7.27706,9,7,18,13,
7.27843,19,31,19,21,
7.27979,33,25,25,32,
7.28113,40,30,33,29,
7.28251,27,46,36,40,
7.28382,17,34,35,37,
7.28515,17,34,35,37,
7.28654,10,19,25,23,
7.2879,2,16,18,21,
7.28924,-13,6,10,14,
7.29061,-11,17,11,14,
7.29195,-10,22,12,15,
7.29331,-10,22,12,15,
7.29468,4,25,24,17,
7.29604,17,26,31,22,
7.29737,40,31,38,33,
7.29875,43,32,40,40,
7.3001,40,28,40,36,
7.30147,32,32,32,36,
7.30287,22,36,18,26,
7.30424,5,19,10,17,
7.30576,-8,16,14,17,
7.30712,-12,6,17,12,
7.30852,-12,6,17,12,
7.3099,3,7,21,5,
7.31124,14,5,27,11,
7.3126,21,11,32,15,
7.31398,40,35,33,35,
7.31533,45,40,30,36,
7.3167,38,36,33,37,
7.31808,20,31,32,30,
7.31943,16,23,20,35,
7.32084,9,14,20,34,
7.32221,4,8,18,20,
7.32356,4,8,18,20,
7.32489,1,11,23,22,
7.32626,-9,10,16,14,
7.32762,-13,13,17,4,
7.32897,4,16,18,13,
7.33036,29,20,24,31,
7.33174,41,29,37,37,
7.3331,47,35,37,40,
7.33442,32,35,32,34,
7.3358,20,36,24,38,
7.33712,18,24,27,38,
7.33848,18,24,27,38,
7.33984,-2,10,24,23,
7.34121,-7,2,15,19,
7.34255,-13,-1,6,16,
7.34392,-13,-1,6,16,
7.3453,-16,5,13,25,
7.34666,0,19,21,27,
7.34802,33,40,30,33,
7.34937,41,42,36,48,
7.35075,35,45,43,38,
7.35211,35,45,43,38,
7.35345,21,40,40,35,
7.35482,13,28,36,34,
7.35617,0,16,39,31,
7.35754,7,20,33,25,
7.35889,-13,14,28,12,
7.36025,-13,14,28,12,
7.36164,-20,9,22,16,
7.36301,-1,25,29,17,
7.36439,27,29,31,26,
7.36581,35,24,29,37,
7.36721,43,27,23,39,
7.36857,48,32,22,33,
7.36993,37,37,19,32,
7.37125,24,34,20,28,
7.37258,22,32,22,24,
7.37391,14,23,21,20,
7.37524,2,31,22,17,
7.37654,-15,17,19,17,
7.37787,-15,-1,17,13,
7.37927,-7,-3,15,18,
7.38063,12,24,31,12,
7.38198,22,32,39,27,
7.38331,22,32,39,27,
7.38467,39,49,23,34,
7.38603,35,37,31,36,
7.38736,35,37,31,36,
7.38872,20,26,25,29,
7.39009,8,21,30,26,
7.39144,3,10,25,21,
7.39279,3,10,25,21,
7.39417,-10,10,12,15,
7.39555,2,9,13,9,
7.39685,3,19,21,12,
7.3982,17,25,29,25,
7.39955,17,25,29,25,
7.40087,26,23,34,34,
7.40224,41,21,34,38,
7.4036,63,39,37,37,
7.40493,36,39,37,37,
7.4063,21,37,41,39,
7.40763,18,23,33,33,
7.40893,16,15,16,34,
7.41031,4,12,16,21,
7.41169,-10,5,24,17,
7.413,-13,5,9,7,
7.41436,1,16,18,12,
7.41572,11,17,29,16,
7.41703,20,23,37,22,
7.4184,20,23,37,22,
7.41977,33,17,35,36,
7.42113,38,25,44,35,
7.42253,21,26,29,38,
7.42389,24,18,31,36,
7.42525,11,27,23,26,
7.4267,-4,16,20,32,
7.4281,-6,12,13,25,
7.42947,-16,10,5,13,
7.4309,-12,11,17,5,
7.43226,-9,20,29,11,
7.43357,-9,20,29,11,
7.4349,25,28,35,28,
7.43624,38,35,35,39,
7.43758,33,36,36,39,
7.439,29,28,29,26,
7.44041,29,28,29,26,
7.44171,21,12,31,31,
7.44317,-12,11,26,23,
7.44453,-20,2,18,27,
7.4459,-19,-3,14,23,
7.4473,-10,-7,11,24,
7.44867,-4,3,17,29,
7.45002,10,3,25,29,
7.45139,27,29,28,35,
7.45275,27,29,28,35,
7.4541,29,30,27,39,
7.45546,41,29,28,45,
7.45679,37,38,27,39,
7.45818,25,26,29,27,
7.45953,14,28,27,27,
7.46089,0,14,28,34,
7.46226,-2,11,20,29,
7.46362,-2,11,20,29,
7.46499,-14,11,24,21,
7.46642,-15,20,18,19,
7.46773,-7,12,23,32,
7.46909,21,27,33,27,
7.47047,21,27,33,27,
7.47195,30,39,35,28,
7.47329,37,48,40,36,
7.47464,34,41,41,41,
7.476,26,34,36,42,
7.47735,11,28,35,32,
7.47872,3,16,22,30,
7.48007,3,16,22,30,
7.48136,-16,17,20,21,
7.48274,-16,0,20,6,
7.4841,-11,18,17,18,
7.48552,5,22,27,30,
7.48687,26,24,39,40,
7.48822,31,35,33,45,
7.48957,31,35,33,45,
7.49095,37,44,24,43,
7.49229,32,33,26,38,
7.49361,13,15,34,35,
7.49493,0,3,33,27,
7.49626,4,1,29,20,
7.49765,-8,5,21,18,
7.49902,-23,13,5,10,
7.50037,-29,2,10,10,
7.50175,-15,-1,21,16,
7.50314,2,9,28,17,
7.50449,22,26,23,42,
7.50587,22,26,23,42,
7.50727,24,36,34,44,
7.50863,13,25,43,32,
7.50999,9,17,45,38,
7.51136,8,12,27,33,
7.51268,8,12,27,33,
7.51402,-11,16,28,32,
7.51537,-19,5,29,30,
7.51671,-22,9,22,26,
7.51808,-5,6,24,30,
7.51947,-5,6,24,30,
7.52079,-5,6,24,30,
7.52215,8,24,31,35,
7.52352,20,40,34,52,
7.52485,26,39,37,57,
7.52622,22,33,36,56,
7.5276,23,28,34,50,
7.52895,13,22,32,47,
7.53032,1,12,26,46,
7.53169,-14,6,21,28,
7.53312,-30,12,22,26,
7.5345,-22,10,27,18,
7.53585,-3,11,23,22,
7.53721,-3,11,23,22,
7.53857,8,14,20,36,
7.53991,17,16,30,42,
7.54123,33,33,29,57,
7.54256,30,33,37,58,
7.54388,23,37,45,50,
7.54519,7,22,31,48,
7.54659,-15,8,28,40,
7.54795,-18,3,25,35,
7.54929,-37,2,28,34,
7.55067,-32,-5,27,31,
7.55204,-32,-5,27,31,
7.55343,-21,3,23,29,
7.5548,-8,8,24,27,
7.55616,18,12,31,40,
7.55751,26,30,31,46,
7.55888,31,39,40,41,
7.56024,24,36,33,43,
7.56161,27,33,35,44,
7.56298,9,31,34,45,
7.56433,-11,10,28,43,
7.56569,-11,10,28,43,
7.56706,-19,12,21,35,
7.56852,-31,5,10,25,
7.56986,-40,-7,11,27,
7.5712,-15,3,15,32,
7.57254,6,25,26,43,
7.57385,14,27,42,50,
7.57523,24,22,47,53,
7.57657,31,28,41,63,
7.57788,14,29,30,53,
7.57927,14,29,30,53,
7.58061,0,32,27,43,
7.58191,3,32,22,33,
7.58327,2,17,11,32,
7.58466,-13,6,17,27,
7.58597,-27,11,8,28,
7.58734,-27,11,8,28,
7.58871,-14,13,20,24,
7.59003,27,22,39,30,
7.59138,28,28,39,36,
7.59273,36,29,41,41,
7.59405,38,29,34,39,
7.59543,38,29,34,39,
7.59678,25,27,24,47,
7.59811,16,19,24,51,
7.59948,-13,23,24,38,
7.60087,-15,9,15,42,
7.6022,-14,-3,14,35,
7.60354,-17,14,29,16,
7.60489,-17,14,29,16,
7.60626,-8,18,23,15,
7.60764,15,28,31,23,
7.609,26,42,26,41,
7.61034,26,42,26,41,
7.61179,34,46,38,46,
7.61311,33,31,34,45,
7.61444,26,25,29,37,
7.61578,16,32,24,30,
7.61716,-3,9,31,34,
7.61856,-6,10,31,31,
7.61987,-17,11,24,29,
7.62123,-23,0,13,26,
7.62263,-11,0,14,23,
7.62402,-1,16,19,25,
7.62541,-1,16,19,25,
7.62694,15,30,30,40,
7.62827,37,29,29,36,
7.62962,43,34,28,39,
7.63103,12,28,29,39,
7.63238,12,28,29,39,
7.63369,-4,17,30,28,
7.63514,-10,23,21,26,
7.63648,-4,18,19,31,
7.63791,-19,10,12,22,
7.63933,-18,6,17,18,
7.64069,-18,11,27,23,
7.64203,-18,11,27,23,
7.64339,3,23,36,46,
7.64474,10,28,36,49,
7.64608,15,33,46,53,
7.64744,7,19,43,42,
7.64874,7,27,30,29,
7.65012,7,27,30,29,
7.6515,-5,14,25,37,
7.65278,-18,11,18,27,
7.65414,-26,7,10,21,
7.65547,-25,-5,12,21,
7.65675,-15,13,16,19,
7.65812,-6,17,23,26,
7.65949,-6,17,23,26,
7.66079,22,18,24,38,
7.66236,28,23,36,48,
7.66369,28,23,36,48,
7.665,28,29,49,52,
7.66636,23,17,34,40,
7.66772,23,17,34,40,
7.66903,11,16,26,36,
7.67039,-31,11,10,23,
7.67174,-43,10,12,27,
7.67309,-32,4,9,29,
7.67445,-10,2,16,19,
7.67584,-10,2,16,19,
7.6772,15,5,29,21,
7.67856,11,21,30,26,
7.67991,19,22,29,40,
7.68125,19,32,34,46,
7.68264,7,27,38,43,
7.684,1,14,22,34,
7.68537,1,14,22,34,
7.68675,-9,12,26,36,
7.68811,-21,5,17,26,
7.68947,-47,5,17,20,
7.69083,-36,9,18,20,
7.69219,-22,14,19,26,
7.69354,-22,14,19,26,
7.69491,-9,8,13,33,
7.69627,28,29,27,34,
7.69762,31,34,34,45,
7.69899,27,35,30,49,
7.70037,16,29,26,50,
7.70173,6,13,21,47,
7.70305,-5,16,28,33,
7.70444,-15,8,30,29,
7.7058,-20,6,19,16,
7.7072,-25,6,19,15,
7.70855,-15,-7,8,21,
7.70985,-15,-7,8,21,
7.71122,-13,11,16,28,
7.71253,15,24,22,29,
7.7139,11,17,22,27,
7.71526,31,28,44,31,
7.71661,20,29,47,31,
7.71797,11,25,37,34,
7.71929,0,21,24,30,
7.72064,-11,12,25,27,
7.722,-17,11,30,26,
7.72339,-28,0,31,28,
7.72474,-22,-11,25,18,
7.72606,-19,-11,19,9,
7.7274,-19,-11,19,9,
7.72873,-1,12,19,27,
7.73008,24,25,32,31,
7.73145,25,28,37,35,
7.73276,24,34,33,38,
7.73414,30,26,31,36,
7.73552,30,26,31,36,
7.73686,14,23,28,40,
7.73821,-9,19,27,39,
7.73962,-18,7,30,33,
7.74094,-7,5,22,19,
7.74228,-15,-1,13,6,
7.74364,-19,4,7,17,
7.74495,-16,19,7,17,
7.74632,6,16,26,22,
7.74764,18,22,31,23,
7.74895,20,23,31,31,
7.75034,38,29,36,32,
7.75167,27,27,37,28,
7.75301,22,27,34,25,
7.75441,22,27,34,25,
7.75578,-16,15,22,32,
7.75712,-22,14,14,24,
7.75848,-15,2,14,19,
7.75981,-25,-14,20,4,
7.76115,-24,-2,13,3,
7.76256,-10,8,23,16,
7.76392,8,13,32,29,
7.76524,20,31,30,33,
7.76662,26,43,37,40,
7.76798,26,45,37,45,
7.76934,26,45,37,45,
7.77071,25,33,38,46,
7.77208,8,25,37,39,
7.77346,-20,17,20,21,
7.77488,-7,16,8,15,
7.77623,-7,16,8,15,
7.77759,-18,6,17,13,
7.77896,-5,10,12,8,
7.78027,2,8,22,13,
7.78164,8,13,19,17,
7.78299,29,36,30,38,
7.78432,29,36,30,38,
7.78571,29,36,30,38,
7.78706,12,41,35,48,
7.78844,0,27,21,34,
7.78979,-1,14,30,23,
7.79115,-9,2,23,24,
7.79251,-23,4,18,20,
7.79387,-23,4,18,20,
7.79526,-29,8,15,9,
7.7966,-2,1,8,6,
7.7979,11,10,22,7,
7.79923,14,31,35,11,
7.80055,26,33,26,30,
7.80191,31,37,26,37,
7.80327,31,37,26,37,
7.80463,15,31,25,33,
7.80599,2,33,29,29,
7.80735,0,17,21,22,
7.80868,-13,18,26,20,
7.81004,-28,14,24,11,
7.8114,-36,15,16,7,
7.81266,-22,15,25,9,
7.81399,-7,18,33,2,
7.81533,14,25,32,17,
7.81668,14,25,32,17,
7.81805,26,18,25,23,
7.81936,37,29,38,20,
7.82076,38,38,45,34,
7.82213,14,37,34,27,
7.82355,11,27,34,23,
7.82495,3,17,40,28,
7.8266,-10,22,37,27,
7.82803,-17,18,18,8,
7.82942,-14,14,14,0,
7.83081,-24,15,17,-4,
7.83217,-18,20,21,7,
7.83352,10,29,23,20,
7.83489,30,27,21,19,
7.83624,33,28,38,22,
7.83759,42,38,52,24,
7.83902,29,45,59,33,
7.84043,14,26,41,30,
7.84182,10,26,41,30,
7.84326,-2,11,34,28,
7.84462,-23,22,22,19,
7.84601,-41,20,13,6,
7.8474,-40,7,15,3,
7.84877,-12,2,17,12,
7.85009,-4,18,25,22,
7.85142,3,30,26,32,
7.85276,27,38,52,32,
7.8541,29,35,44,31,
7.85546,29,35,44,31,
7.85675,21,41,29,23,
7.85808,20,44,37,18,
7.85944,10,25,40,21,
7.86084,2,14,37,20,
7.86222,-17,24,29,9,
7.86361,-17,24,29,9,
7.86492,-26,25,28,8,
7.86628,-14,25,16,20,
7.86765,4,35,21,27,
7.869,18,44,35,29,
7.87037,33,41,31,31,
7.87174,33,41,31,31,
7.87309,33,41,31,31,
7.87445,35,38,47,48,
7.87581,14,33,38,35,
7.87714,5,23,29,22,
7.87855,10,11,31,24,
7.87993,-31,6,25,13,
7.88128,-31,6,25,13,
7.88266,-26,11,18,16,
7.88397,4,35,39,24,
7.88532,15,41,37,36,
7.88663,15,41,37,36,
7.88798,22,37,44,34,
7.88931,25,43,45,39,
7.89068,19,50,46,44,
7.89209,22,36,43,42,
7.89342,6,22,29,27,
7.8948,1,24,25,32,
7.89617,-5,15,28,21,
7.89752,-14,9,21,13,
7.8989,-9,2,18,16,
7.90026,-10,4,23,16,
7.9016,0,17,29,25,
7.90297,3,33,35,32,
7.90436,15,38,40,27,
7.90572,30,43,38,28,
7.90714,49,46,42,32,
7.9085,35,38,48,36,
7.90986,14,22,47,33,
7.91123,-6,26,53,29,
7.9126,-6,26,53,29,
7.91397,-3,25,48,31,
7.9155,-7,7,29,5,
7.91681,-10,12,24,9,
7.9182,13,17,31,15,
7.91955,13,17,31,15,
7.92089,26,22,40,30,
7.92224,26,22,40,30,
7.92359,36,34,38,35,
7.92492,40,40,32,26,
7.92628,25,47,38,31,
7.92763,6,10,37,29,
7.92896,6,10,37,29,
7.93029,0,11,31,29,
7.9317,0,11,25,25,
7.93306,-9,14,14,11,
7.93445,-17,13,31,13,
7.93586,5,15,36,16,
7.93719,5,15,36,16,
7.93853,27,22,35,21,
7.93997,25,32,42,29,
7.94133,41,41,50,40,
7.94271,24,31,48,32,
7.94402,33,20,43,34,
7.94536,13,12,35,33,
7.94674,8,8,27,24,
7.9481,4,3,17,16,
7.94945,-2,12,25,15,
7.95084,-9,5,29,9,
7.9522,-9,5,29,9,
7.95354,-9,11,28,15,
7.95485,4,17,24,20,
7.95622,28,18,22,32,
7.95756,34,30,21,37,
7.95892,35,30,28,40,
7.96029,28,27,31,34,
7.96159,28,27,31,34,
7.9629,21,27,25,32,
7.96422,3,13,33,22,
7.9656,6,20,36,23,
7.96696,-2,20,26,16,
7.96822,-8,14,27,11,
7.96958,-11,23,26,4,
7.9709,-11,23,26,4,
7.97222,4,26,31,12,
7.97355,30,21,46,27,
7.97484,47,22,41,28,
7.97621,59,31,38,32,
7.97753,59,31,38,32,
7.97888,46,29,44,27,
7.98021,18,16,50,19,
7.98154,7,26,42,5,
7.98292,-1,3,29,3,
7.98429,-1,3,29,3,
7.98565,-4,4,30,4,
7.987,-8,1,35,4,
7.98837,-7,16,34,-3,
7.98971,16,27,28,14,
7.99107,28,34,32,26,
7.99242,47,46,44,25,
7.99378,47,46,44,25,
7.99514,27,33,36,28,
7.99649,23,35,33,22,
7.99784,0,26,29,16,
7.99916,3,22,25,2,
8.00045,3,22,25,2,
8.0018,-7,19,24,2,
8.00315,-15,23,29,-5,
8.00449,-15,23,29,-5,
8.00582,4,14,29,0,
8.00719,22,25,36,10,
8.0085,40,32,43,22,
8.00983,40,32,43,22,
8.01119,39,35,40,35,
8.01251,31,34,42,30,
8.01388,16,32,43,22,
8.01533,4,17,35,8,
8.0167,-12,16,24,7,
8.01803,-12,16,24,7,
8.01941,-12,16,24,7,
8.02081,-9,16,17,0,
8.02219,1,20,22,6,
8.02354,17,25,35,19,
8.02484,26,24,40,24,
8.02617,26,24,40,24,
8.02755,27,32,31,23,
8.02892,41,45,27,27,
8.03032,44,31,35,24,
8.03181,26,22,29,29,
8.03325,3,23,31,20,
8.03461,3,18,36,19,
8.03597,3,18,36,19,
8.03733,-1,7,18,9,
8.03871,-6,13,18,9,
8.0401,10,23,9,6,
8.04145,31,33,34,19,
8.04286,31,33,34,19,
8.04424,43,31,43,19,
8.04563,60,36,39,29,
8.04702,59,42,41,36,
8.04837,54,44,39,31,
8.04974,22,25,46,21,
8.05112,6,17,47,23,
8.05248,4,11,33,23,
8.05385,-13,15,16,15,
8.05523,-1,27,22,7,
8.05659,-2,23,22,1,
8.05794,25,24,37,15,
8.05935,37,35,42,30,
8.06073,37,35,42,30,
8.06205,42,40,36,31,
8.06336,40,38,32,34,
8.06471,39,35,32,33,
8.06606,41,39,34,32,
8.0674,1,31,22,21,
8.06869,1,31,22,21,
8.07007,3,28,17,15,
8.07144,-10,8,9,3,
8.07277,-2,7,4,11,
8.07412,13,13,25,22,
8.07549,24,21,34,24,
8.07681,34,32,30,36,
8.07818,34,32,30,36,
8.07951,39,42,38,38,
8.08086,51,45,39,34,
8.08221,39,43,35,29,
8.08358,28,32,36,24,
8.08494,28,32,36,24,
8.08634,4,4,30,12,
8.08769,11,3,21,8,
8.089,-11,-10,23,10,
8.09037,-10,4,24,8,
8.09172,-10,4,24,8,
8.09308,7,9,30,13,
8.09441,24,31,33,20,
8.09578,39,40,39,26,
8.09711,48,51,49,36,
8.09853,48,51,49,36,
8.09988,45,44,43,34,
8.10125,47,26,31,25,
8.10264,38,17,25,22,
8.10401,3,7,22,4,
8.10538,0,4,22,-3,
8.10674,-8,2,15,-3,
8.10809,-8,9,6,-8,
8.10948,-1,22,8,-1,
8.11089,17,29,23,4,
8.11226,38,30,30,13,
8.11365,38,30,30,13,
8.11502,47,33,37,16,
8.11637,29,40,36,15,
8.11773,25,38,35,17,
8.1191,27,35,27,13,
8.12045,-7,31,23,3,
8.12187,-15,19,23,5,
8.12325,-20,4,19,-4,
8.1246,-15,-3,26,-13,
8.12596,-17,3,31,-10,
8.12734,8,6,31,-1,
8.12869,30,21,33,11,
8.13008,25,25,36,5,
8.13148,28,45,42,6,
8.13283,28,45,42,6,
8.13418,36,33,43,11,
8.13553,27,32,41,5,
8.13685,19,35,29,-1,
8.13819,7,26,24,-7,
8.13955,-8,16,16,-11,
8.14104,-27,13,9,-8,
8.14236,-22,2,21,-12,
8.14372,1,16,16,-6,
8.14506,16,20,23,-3,
8.14641,35,35,37,-3,
8.14778,35,35,37,-3,
8.14911,40,53,42,6,
8.15047,49,56,39,14,
8.15184,40,41,46,1,
8.15322,24,23,38,-8,
8.15465,18,17,29,-15,
8.15601,12,14,30,-14,
8.15739,8,14,32,-9,
8.15874,0,14,20,-10,
8.16005,-6,14,26,-15,
8.16144,-6,14,26,-15,
8.16281,7,22,29,-12,
8.16414,30,46,27,0,
8.16546,34,52,33,10,
8.16683,37,56,46,9,
8.16818,36,59,59,13,
8.16954,27,40,44,8,
8.17092,15,38,31,3,
8.17227,15,38,31,3,
8.17362,9,31,27,-6,
8.17498,1,20,24,-17,
8.17634,3,22,25,-23,
8.17769,1,24,30,-24,
8.17903,11,33,27,-13,
8.1804,24,50,31,0,
8.18176,24,50,31,0,
8.18315,23,60,49,8,
8.18455,33,61,57,18,
8.18592,32,45,64,19,
8.18729,13,48,50,10,
8.18872,13,48,50,10,
8.19008,-1,27,40,2,
8.19148,-9,15,23,-16,
8.19281,-8,11,25,-13,
8.19419,-9,13,18,-12,
8.19555,-7,9,23,-9,
8.19687,3,18,39,-5,
8.19823,3,18,39,-5,
8.19959,24,30,49,-3,
8.2009,30,49,42,16,
8.20232,32,53,33,17,
8.20371,21,39,34,20,
8.20506,21,30,34,18,
8.20644,11,28,38,8,
8.2078,1,33,25,-2,
8.20913,-14,28,27,-12,
8.21051,-14,28,27,-12,
8.21184,-19,16,25,-8,
8.21318,-5,14,22,-15,
8.2146,5,15,24,-12,
8.21594,26,36,35,5,
8.21723,44,46,49,15,
8.21863,39,40,50,18,
8.22003,28,36,51,20,
8.22141,27,31,55,28,
8.22282,21,37,48,26,
8.22421,21,37,48,26,
8.22561,5,33,44,14,
8.22699,-15,22,24,-3,
8.22837,-22,2,23,-10,
8.22973,-18,11,24,-2,
8.23116,0,20,30,-5,
8.23255,17,31,37,-2,
8.23391,34,32,44,4,
8.2353,44,48,51,21,
8.23669,39,47,49,25,
8.23807,39,47,49,25,
8.2394,24,43,39,26,
8.24077,24,43,39,26,
8.24215,13,24,22,19,
8.24351,8,25,19,9,
8.24484,-13,26,18,-2,
8.2462,-1,16,16,-11,
8.24752,10,26,18,2,
8.24896,6,33,20,5,
8.25034,28,34,32,8,
8.25168,44,38,35,18,
8.25305,55,50,34,19,
8.25443,55,50,34,19,
8.2558,39,45,31,14,
8.25715,36,39,37,10,
8.25854,24,38,39,6,
8.25991,12,23,25,11,
8.26125,5,29,15,-10,
8.2627,-13,21,16,-12,
8.26403,-13,21,16,-12,
8.26539,3,17,18,-6,
8.26675,19,21,22,-5,
8.26811,31,27,32,2,
8.26945,38,41,31,15,
8.27081,38,41,31,15,
8.27217,38,41,31,15,
8.27366,40,47,39,18,
8.27503,24,38,42,18,
8.27637,9,36,38,6,
8.27774,10,33,24,2,
8.2791,-19,16,17,1,
8.28049,-19,16,17,1,
8.28185,-11,17,12,-7,
8.28323,19,33,24,-2,
8.28459,42,33,21,12,
8.2859,52,36,22,16,
8.28723,51,43,30,10,
8.28858,55,48,34,12,
8.28989,55,48,34,12,
8.29123,39,47,39,13,
8.29257,19,33,19,15,
8.29394,16,40,14,7,
8.29527,10,38,21,3,
8.29663,-2,31,14,-2,
8.29798,-4,25,11,-8,
8.2993,3,17,12,-6,
8.30065,14,31,17,-1,
8.302,27,44,20,3,
8.30339,49,48,29,8,
8.30478,51,51,29,12,
8.30613,59,50,26,18,
8.30748,53,52,36,20,
8.30878,43,53,32,12,
8.31015,13,34,33,11,
8.31151,19,32,22,14,
8.31289,6,31,24,2,
8.31425,-4,28,23,-7,
8.3156,-2,25,13,-6,
8.31689,-2,25,13,-6,
8.31825,-4,31,24,2,
8.31961,51,56,34,0,
8.32092,58,60,25,2,
8.32228,61,64,24,12,
8.32365,61,64,24,12,
8.32496,63,70,32,27,
8.32628,53,62,28,20,
8.32767,38,62,24,10,
8.32901,20,47,27,-11,
8.3304,11,41,19,-18,
8.33175,11,41,19,-18,
8.3331,-6,25,21,-10,
8.33441,4,27,23,-3,
8.33577,21,39,31,5,
8.3371,43,57,27,3,
8.33846,49,67,31,12,
8.33982,49,67,31,12,
8.34115,68,65,36,16,
8.34253,46,55,44,12,
8.34391,33,58,40,17,
8.34527,18,47,29,9,
8.34664,25,50,21,4,
8.348,25,50,21,4,
8.34932,20,45,24,0,
8.35071,3,32,12,-4,
8.35209,11,39,11,-10,
8.35343,20,40,19,-6,
8.35488,40,42,27,4,
8.35623,49,57,31,11,
8.35754,53,63,26,15,
8.35885,50,67,31,26,
8.36017,39,56,30,19,
8.3615,32,50,27,3,
8.36284,32,50,27,3,
8.36414,14,42,21,-2,
8.36544,-1,32,10,2,
8.36678,-1,32,10,2,
8.36811,7,30,7,-7,
8.36949,15,28,13,-4,
8.37085,16,34,16,0,
8.37217,30,51,25,6,
8.37353,47,55,29,12,
8.3749,68,43,20,24,
8.37625,65,42,12,11,
8.37759,65,42,12,11,
8.37896,46,46,12,7,
8.38032,32,35,19,2,
8.38161,23,32,21,2,
8.38299,16,28,6,-8,
8.38435,-4,23,11,-11,
8.38571,-4,23,11,-11,
8.38713,-4,23,11,-11,
8.38845,20,35,12,-1,
8.3898,36,45,20,12,
8.39116,38,52,17,14,
8.3925,65,57,17,9,
8.39381,61,60,22,10,
8.39515,53,52,28,11,
8.39654,41,45,22,13,
8.39792,21,45,16,5,
8.39927,15,48,9,0,
8.40062,18,33,7,-5,
8.40197,18,33,7,-5,
8.4033,8,26,5,-7,
8.40465,10,25,-2,-8,
8.40602,33,27,-4,0,
8.40741,63,45,8,10,
8.40876,65,51,10,25,
8.41012,67,50,15,25,
8.4115,67,47,16,25,
8.41281,71,46,21,20,
8.41413,37,38,12,6,
8.41549,16,32,11,2,
8.4168,16,32,11,2,
8.41818,14,16,14,-2,
8.41955,14,16,14,-2,
8.42088,10,23,-2,0,
8.42221,21,30,11,3,
8.42358,42,46,17,10,
8.42494,45,42,20,15,
8.42633,58,47,29,24,
8.42775,58,47,29,24,
8.42914,49,44,20,19,
8.43056,35,41,11,11,
8.43212,17,22,9,5,
8.43353,19,21,0,7,
8.4349,6,26,-3,13,
8.43629,2,15,0,7,
8.43767,4,22,-3,-5,
8.43917,4,31,-2,-9,
8.44055,31,38,12,4,
8.4419,31,41,19,14,
8.44326,46,56,17,18,
8.44463,43,50,30,24,
8.446,43,50,30,24,
8.44736,47,43,32,23,
8.44871,35,44,24,3,
8.45009,30,32,24,6,
8.45144,10,30,13,10,
8.45278,-2,23,12,4,
8.45421,-2,18,16,1,
8.45557,7,22,9,3,
8.45689,15,32,10,2,
8.45826,27,45,19,-2,
8.45969,53,52,22,-1,
8.46103,49,40,18,10,
8.46236,37,48,23,17,
8.46376,37,48,23,17,
8.46515,40,43,18,30,
8.46655,20,35,12,16,
8.4679,13,24,9,14,
8.46926,11,19,8,14,
8.47063,-8,16,1,9,
8.47199,2,16,8,-2,
8.4734,5,23,6,1,
8.47483,26,26,5,16,
8.47618,39,32,14,19,
8.47753,49,46,12,17,
8.47893,73,44,21,21,
8.48031,73,35,32,28,
8.48167,58,36,32,26,
8.48312,37,45,25,19,
8.48463,15,25,19,11,
8.48599,3,29,12,18,
8.48737,-10,20,3,18,
8.48873,-10,20,3,18,
8.49009,-2,15,-4,9,
8.49144,5,4,1,-4,
8.49275,37,30,13,1,
8.49412,47,36,15,11,
8.4955,55,44,15,11,
8.49684,70,50,17,15,
8.49818,56,42,16,14,
8.49954,48,49,13,13,
8.50088,24,35,3,-3,
8.50226,14,34,12,1,
8.50362,2,35,5,1,
8.50497,2,35,5,1,
8.50636,9,35,-4,-9,
8.50774,15,22,-10,-12,
8.5091,10,29,-3,-7,
8.51048,59,31,10,-7,
8.51185,64,40,14,-10,
8.51317,64,40,14,-10,
8.51454,71,65,14,9,
8.51588,69,58,9,5,
8.51724,51,50,5,1,
8.51869,16,20,-4,-11,
8.52007,16,20,-4,-11,
8.52143,29,19,4,-5,
8.52292,26,22,-7,-14,
8.52429,10,17,-21,-19,
8.52562,23,22,-23,-16,
8.527,49,34,-3,-3,
8.52838,49,44,-1,2,
8.52975,49,44,-1,2,
8.53113,75,49,1,6,
8.53245,77,42,0,-3,
8.53379,57,38,-9,-3,
8.53509,40,28,-3,-7,
8.53642,25,26,-2,-2,
8.53774,25,26,-2,-2,
8.53908,28,28,-6,1,
8.54042,13,17,-11,-10,
8.54172,17,2,-15,-14,
8.54309,25,3,-12,-10,
8.54454,41,18,-13,-3,
8.54591,68,43,2,3,
8.54725,63,43,0,16,
8.54864,70,46,10,17,
8.55,59,56,18,14,
8.55137,53,36,13,24,
8.5527,53,36,13,24,
8.55405,9,33,10,-2,
8.55541,9,33,10,-2,
8.55677,5,34,6,6,
8.55816,7,7,-8,6,
8.55952,1,17,-8,-1,
8.56085,15,27,2,5,
8.56221,15,27,2,5,
8.56356,44,39,12,13,
8.5649,51,44,19,19,
8.56626,57,51,27,19,
8.56756,36,44,13,17,
8.56892,36,44,13,17,
8.57028,19,36,15,13,
8.57162,19,36,15,13,
8.57294,18,29,8,10,
8.57429,3,29,8,8,
8.57566,-4,12,3,0,
8.577,-14,11,6,6,
8.57839,6,23,16,8,
8.57973,20,38,16,6,
8.58109,32,40,20,20,
8.58246,44,51,21,36,
8.58381,31,41,21,25,
8.58519,31,41,21,25,
8.58656,25,41,23,16,
8.58787,24,35,29,24,
8.58927,24,35,29,24,
8.59068,15,10,18,12,
8.59205,4,1,9,5,
8.5934,4,1,9,5,
8.59476,12,29,-3,8,
8.59611,21,34,0,11,
8.59745,39,33,10,19,
8.59889,45,49,24,31,
8.60025,61,49,25,23,
8.6016,61,49,25,23,
8.60291,61,49,25,23,
8.60429,41,38,13,30,
8.60565,30,31,13,23,
8.60702,19,33,20,23,
8.60838,12,15,8,26,
8.60979,12,15,8,26,
8.61116,5,20,7,20,
8.61251,21,18,16,11,
8.61386,35,27,18,16,
8.61523,50,36,28,21,
8.61658,49,43,36,24,
8.61794,49,43,36,24,
8.61931,49,43,36,24,
8.62069,40,43,30,19,
8.62211,41,37,21,29,
8.62348,37,27,14,23,
8.62474,30,19,7,25,
8.62613,14,15,8,18,
8.62754,0,13,-5,-1,
8.62893,1,11,-2,-2,
8.63031,15,26,19,18,
8.63169,35,29,14,26,
8.63298,39,42,15,31,
8.6345,56,45,22,24,
8.63587,56,45,22,24,
8.63726,61,45,28,21,
8.63875,42,35,13,22,
8.6401,38,35,13,20,
8.64147,36,32,12,12,
8.6429,3,9,10,13,
8.64423,3,9,10,13,
8.64562,1,11,4,3,
8.64698,-3,7,-3,-4,
8.64832,0,21,11,9,
8.64965,25,40,28,23,
8.65111,49,43,22,23,
8.65253,49,43,22,23,
8.65388,55,44,29,30,
8.65525,41,46,22,37,
8.65656,29,43,31,37,
8.65792,10,32,22,34,
8.65932,2,31,13,18,
8.66076,2,31,13,18,
8.66212,2,14,0,21,
8.66347,11,19,5,21,
8.66477,19,20,15,20,
8.66613,15,28,30,26,
8.6675,25,38,27,32,
8.66883,34,41,37,26,
8.6702,43,37,30,24,
8.67162,43,37,30,24,
8.67295,41,44,33,18,
8.67434,25,34,23,22,
8.6757,25,34,23,22,
8.67701,12,33,7,23,
8.67841,-2,32,14,19,
8.67975,-2,32,14,19,
8.68105,-11,35,10,11,
8.6824,5,32,7,8,
8.68377,23,39,15,16,
8.68511,44,38,22,25,
8.68649,40,44,39,31,
8.68788,40,44,39,31,
8.68924,40,44,39,31,
8.69059,40,36,39,31,
8.69196,14,34,26,28,
8.6933,11,32,11,21,
8.69466,8,35,9,10,
8.69602,-1,16,13,6,
8.69738,-1,16,13,6,
8.69883,5,21,6,10,
8.70018,17,42,13,22,
8.70155,34,45,27,34,
8.70297,30,41,26,32,
8.70437,36,39,33,28,
8.70579,40,42,38,36,
8.70717,39,44,33,28,
8.70853,27,37,28,28,
8.70992,15,29,19,32,
8.71129,0,19,16,18,
8.71265,-4,22,23,15,
8.71399,-6,17,25,11,
8.71535,-5,10,14,4,
8.7167,11,19,10,8,
8.71809,24,31,15,18,
8.71946,40,49,21,31,
8.72079,45,48,18,29,
8.72217,45,48,18,29,
8.72351,63,50,23,26,
8.72483,44,49,31,32,
8.72619,17,44,28,33,
8.72754,21,36,20,23,
8.72885,16,32,13,22,
8.73021,2,33,11,17,
8.73156,-6,22,13,13,
8.73286,-6,16,13,6,
8.73423,0,21,18,10,
8.7356,29,36,27,24,
8.73693,29,36,27,24,
8.7383,29,36,27,24,
8.73968,44,50,25,28,
8.74102,41,46,29,32,
8.74245,41,45,34,38,
8.74381,28,40,28,32,
8.74514,28,40,28,32,
8.7465,14,21,30,20,
8.74789,-2,16,17,12,
8.74926,1,23,12,9,
8.75065,2,25,8,11,
8.75201,3,33,17,20,
8.75338,11,38,32,17,
8.75478,11,38,32,17,
8.75613,29,41,32,23,
8.7575,60,37,32,36,
8.75888,43,37,38,29,
8.7602,25,43,36,27,
8.76156,19,24,20,27,
8.76295,14,20,11,22,
8.76427,14,28,14,26,
8.76565,-10,16,21,8,
8.76706,1,12,20,16,
8.76841,11,9,17,24,
8.76969,11,9,17,24,
8.77107,29,12,26,27,
8.77247,39,37,34,29,
8.77383,28,40,28,27,
8.77523,32,31,34,25,
8.77661,32,24,20,20,
8.77796,33,18,25,19,
8.77933,12,26,25,23,
8.7807,12,25,18,23,
8.78207,0,15,19,19,
8.78344,-20,11,20,15,
8.78483,-9,17,20,22,
8.7861,-8,16,10,13,
8.78745,-2,19,21,22,
8.78879,31,28,19,34,
8.79015,32,27,21,25,
8.79152,34,28,30,26,
8.79285,37,31,36,40,
8.79422,35,25,31,34,
8.79561,35,25,31,34,
8.79696,17,15,12,29,
8.79835,10,22,11,23,
8.79974,10,22,11,23,
8.8011,-7,7,12,9,
8.80249,3,-1,18,16,
8.80386,3,-1,18,16,
8.80521,10,12,23,29,
8.80655,38,13,33,28,
8.80791,36,29,39,24,
8.8093,42,31,39,28,
8.81071,47,37,28,25,
8.81207,42,42,31,27,
8.81342,22,27,31,34,
8.81479,13,15,24,23,
8.81615,1,11,20,29,
8.81752,-1,-4,23,24,
8.81898,6,-3,23,27,
8.82036,9,4,25,29,
8.82175,9,4,25,29,
8.82317,19,36,28,35,
8.82458,21,37,28,28,
8.82597,41,35,31,23,
8.8275,51,40,40,27,
8.8289,45,37,39,30,
8.83029,40,34,25,39,
8.83168,27,34,22,36,
8.83305,5,28,23,25,
8.83454,-9,22,18,16,
8.83592,-1,16,19,15,
8.83727,-1,11,20,29,
8.8387,6,11,21,30,
8.84007,15,24,25,29,
8.84156,15,24,25,29,
8.84302,35,26,28,28,
8.84436,54,25,31,36,
8.84575,42,15,28,40,
8.84711,23,23,31,27,
8.84842,23,23,31,27,
8.84974,11,21,24,26,
8.85106,-9,9,28,21,
8.85243,-2,1,16,18,
8.85379,-4,-10,21,19,
8.85521,-4,-10,21,19,
8.85657,4,1,19,10,
8.85792,29,18,30,18,
8.85931,29,18,30,18,
8.86067,36,40,35,31,
8.86203,38,34,37,36,
8.86339,33,38,37,40,
8.86471,21,28,32,39,
8.86608,11,18,25,32,
8.86743,15,10,26,26,
8.86889,-16,-1,16,25,
8.87034,-10,-2,14,17,
8.87173,-10,-2,14,17,
8.87312,-9,-4,15,20,
8.87451,-7,4,17,25,
8.87587,19,12,15,31,
8.87718,28,26,35,29,
8.87855,38,26,27,35,
8.87991,42,19,27,38,
8.88125,31,14,25,34,
8.88263,7,15,27,28,
8.88397,-6,13,21,26,
8.88534,-6,7,24,22,
8.88671,-6,-4,27,28,
8.88807,-13,-3,12,22,
8.88946,-4,0,12,15,
8.89083,10,7,15,18,
8.89219,8,7,12,21,
8.89352,26,8,28,26,
8.89485,46,31,38,33,
8.89619,45,36,38,30,
8.8975,39,35,23,22,
8.89881,39,35,23,22,
8.90013,15,14,31,36,
8.90148,15,14,31,36,
8.90283,12,8,23,26,
8.90421,-14,6,18,29,
8.90558,-9,10,24,25,
8.90695,-9,10,24,25,
8.90831,-12,11,23,15,
8.90967,19,15,37,21,
8.91104,27,20,37,19,
8.91244,35,28,37,32,
8.91377,47,30,44,34,
8.91513,36,27,38,27,
8.91652,33,25,22,24,
8.91786,27,25,16,29,
8.91925,20,18,19,30,
8.9206,15,22,29,28,
8.92195,2,15,8,23,
8.92332,2,15,8,23,
8.92468,-1,16,11,24,
8.92603,20,31,30,21,
8.92742,45,33,31,32,
8.92873,51,34,25,40,
8.93005,50,42,28,35,
8.93139,27,33,25,27,
8.93274,28,29,23,25,
8.93411,20,21,22,27,
8.93545,8,22,30,18,
8.93676,-4,10,31,14,
8.93814,-9,10,16,20,
8.93953,-9,10,16,20,
8.94085,-12,11,6,3,
8.94218,-4,-1,22,13,
8.94355,9,13,22,10,
8.94489,25,31,26,12,
8.94626,26,25,29,16,
8.94763,27,24,36,19,
8.94899,45,42,41,26,
8.95041,27,38,32,35,
8.95182,16,28,30,29,
8.95317,6,25,27,22,
8.95455,11,12,30,15,
8.9559,11,12,30,15,
8.95729,-7,8,24,19,
8.95865,-16,11,14,22,
8.95995,-14,25,18,20,
8.96133,-14,25,18,20,
8.96269,27,25,33,32,
8.96405,29,35,31,39,
8.96538,29,39,36,48,
8.96674,27,29,42,39,
8.96811,23,17,42,38,
8.96949,23,17,42,38,
8.97088,2,17,41,34,
8.97223,-4,11,34,27,
8.97358,-9,18,21,20,
8.97498,-21,14,17,9,
8.97633,-11,12,20,6,
8.97768,8,13,24,11,
8.97904,8,13,24,11,
8.9804,29,29,41,29,
8.9818,23,32,35,25,
8.98317,20,38,34,22,
8.98455,13,19,35,23,
8.9859,13,19,35,23,
8.98728,13,19,35,23,
8.98864,3,8,29,21,
8.99,-3,18,18,23,
8.99138,-13,13,9,16,
8.99277,-21,2,13,5,
8.99414,-16,-3,16,2,
8.99547,-16,-3,16,2,
8.9968,8,15,27,11,
8.99817,22,23,40,25,
8.99955,37,31,37,28,
9.00085,37,31,37,28,
9.00222,22,27,45,26,
9.00358,22,27,45,26,
9.00488,-1,6,34,26,
9.00625,-5,2,35,25,
9.00761,-3,-9,15,28,
9.00891,-25,-18,16,16,
9.01028,-19,-12,14,10,
9.01159,-25,-14,13,13,
9.01289,-5,-17,21,28,
9.01423,11,-13,28,32,
9.01551,13,1,30,37,
9.01684,33,19,30,37,
9.01826,41,18,32,39,
9.01968,41,18,32,39,
9.02108,21,22,28,30,
9.02253,9,6,16,31,
9.02394,-7,-9,12,26,
9.02539,-21,-11,24,27,
9.02675,-39,-13,16,21,
9.0281,-32,-16,21,13,
9.02945,-11,-8,34,17,
9.03084,-1,10,36,26,
9.03223,-1,10,36,26,
9.03361,17,28,33,29,
9.0351,26,25,24,31,
9.03654,31,26,28,36,
9.03792,18,21,33,34,
9.03929,8,19,25,35,
9.04066,-2,5,21,22,
9.04203,-7,-4,36,27,
9.0434,-19,-5,28,30,
9.04479,-19,-5,29,33,
9.04616,-19,-5,29,33,
9.04752,-6,-10,30,32,
9.04886,3,-4,35,29,
9.05022,24,22,41,39,
9.05159,21,34,46,44,
9.05289,17,26,41,35,
9.05425,28,23,44,39,
9.05562,8,12,39,39,
9.05691,-1,6,33,35,
9.05833,-9,-5,31,35,
9.05969,-14,-7,21,25,
9.06104,-14,-7,21,25,
9.06242,-26,5,18,29,
9.06378,-27,3,23,22,
9.06512,-12,2,34,22,
9.06649,8,14,43,33,
9.06786,25,24,62,36,
9.06927,27,26,68,53,
9.07069,27,26,68,53,
9.07205,16,21,61,46,
9.07342,-11,7,66,47,
9.07478,-11,12,67,48,
9.07613,-22,2,64,49,
9.07751,-35,2,58,36,
9.07887,-42,-12,49,32,
9.08024,-42,-12,49,32,
9.0816,-20,-2,61,42,
9.08302,-2,4,71,53,
9.08439,4,6,78,61,
9.0857,9,17,69,79,
9.08709,10,12,77,81,
9.08849,10,12,77,81,
9.08988,7,21,84,77,
9.09126,-15,16,81,75,
9.09264,-23,-2,81,71,
9.09399,-25,-4,69,73,
9.09536,-39,-7,58,57,
9.09673,-39,-7,58,57,
9.09811,-36,-2,48,39,
9.09947,-15,4,58,52,
9.10081,10,1,70,63,
9.10219,20,29,77,58,
9.10359,30,21,74,59,
9.10494,30,21,74,59,
9.1063,30,21,74,59,
9.10761,-1,17,52,52,
9.10894,-8,18,41,46,
9.11033,-23,10,40,40,
9.11171,-12,-4,24,26,
9.11303,-35,-9,21,18,
9.11446,-35,-9,21,18,
9.11581,-17,8,30,29,
9.11718,-1,13,37,34,
9.11856,12,13,56,35,
9.11993,9,17,60,37,
9.1213,21,21,60,48,
9.12266,21,21,60,48,
9.12397,15,29,58,52,
9.12535,-4,14,58,41,
9.12673,-15,8,55,37,
9.12808,-19,1,49,36,
9.12944,-28,-5,36,24,
9.13083,-28,-5,36,24,
9.13219,-34,-6,22,25,
9.13353,-18,14,36,38,
9.13493,-18,14,36,38,
9.13628,1,17,51,34,
9.13763,3,19,66,38,
9.13901,21,33,58,57,
9.14034,21,33,58,57,
9.14169,11,30,57,59,
9.14304,-7,8,57,36,
9.14439,-24,3,53,35,
9.14571,-23,-5,42,30,
9.14703,-29,-14,37,32,
9.14834,-28,-13,34,30,
9.14967,-28,-13,34,30,
9.15106,-28,-6,34,20,
9.15245,-1,5,34,25,
9.15382,2,13,43,36,
9.15521,5,11,58,46,
9.15658,16,16,73,49,
9.15794,23,12,69,44,
9.15931,12,9,55,39,
9.16069,8,15,53,41,
9.16206,-4,16,54,42,
9.16345,-4,16,54,42,
9.16479,-19,-6,31,24,
9.16616,-19,-6,31,24,
9.16751,-19,-16,27,15,
9.16887,-12,-17,34,28,
9.17024,-2,14,55,37,
9.17161,22,24,65,30,
9.17291,30,25,60,39,
9.17427,27,32,69,41,
9.17565,25,25,75,36,
9.17696,25,22,64,31,
9.17832,4,7,63,33,
9.17967,-2,7,63,29,
9.181,-13,0,60,31,
9.18242,-25,-4,48,33,
9.18381,-19,-1,33,28,
9.18517,-11,-13,27,33,
9.18655,-7,-6,32,36,
9.1879,24,16,47,33,
9.18924,17,19,44,42,
9.19063,19,26,46,49,
9.192,17,17,57,46,
9.19341,26,3,59,52,
9.19477,26,3,59,52,
9.19612,-9,9,44,30,
9.19748,0,3,46,24,
9.19885,0,3,46,24,
9.20021,-17,-19,36,17,
9.20156,-11,-7,23,19,
9.20292,-6,-6,25,26,
9.20433,-6,8,35,25,
9.20569,18,18,52,35,
9.2071,18,18,52,35,
9.20846,23,30,63,33,
9.20979,34,25,66,43,
9.21118,27,17,57,43,
9.21283,2,10,41,41,
9.21422,-19,3,39,27,
9.21553,-19,3,39,27,
9.21685,-35,1,29,25,
9.21822,-28,-9,31,18,
9.21955,-28,-10,35,12,
9.2209,-6,-3,28,15,
9.22239,14,9,40,21,
9.22374,28,24,54,31,
9.22512,27,24,51,27,
9.22656,36,37,57,32,
9.22796,29,26,52,28,
9.22934,26,12,47,27,
9.23075,-12,12,40,17,
9.23214,-1,12,34,8,
9.23346,-1,12,34,8,
9.23483,-24,1,22,7,
9.23619,-23,7,34,2,
9.23759,-15,9,25,1,
9.239,11,13,28,11,
9.24036,30,23,47,25,
9.24175,24,16,50,20,
9.24313,26,23,52,16,
9.24449,28,32,45,24,
9.24585,23,28,44,25,
9.24723,9,6,42,23,
9.24861,0,0,29,8,
9.24996,-1,10,34,-1,
9.25133,-25,7,35,2,
9.25268,-25,7,35,2,
9.25407,-24,3,32,-5,
9.25541,-23,6,37,0,
9.25676,16,25,34,21,
9.25812,31,33,35,19,
9.25943,36,26,46,17,
9.26075,43,35,52,22,
9.26208,30,38,60,22,
9.26341,14,30,58,21,
9.26477,4,25,37,11,
9.26614,4,25,37,11,
9.26749,8,13,33,7,
9.26887,8,13,33,7,
9.27023,-19,9,26,-6,
9.27162,-25,15,34,4,
9.27295,-9,7,44,7,
9.27432,17,22,49,10,
9.27572,33,36,55,20,
9.27706,28,31,61,17,
9.27842,33,25,56,29,
9.2798,20,22,50,25,
9.28118,12,22,40,28,
9.28255,1,17,31,18,
9.28388,-2,11,26,12,
9.28523,-2,11,26,12,
9.28664,6,10,24,15,
9.28797,-21,6,24,13,
9.28937,-19,-2,29,5,
9.29075,2,5,41,9,
9.29211,43,28,44,9,
9.29351,43,28,44,9,
9.2949,50,41,55,12,
9.29626,48,36,62,19,
9.29761,36,26,63,24,
9.29898,22,28,59,24,
9.30033,-2,5,33,18,
9.30169,-2,5,33,18,
9.30304,-15,12,30,7,
9.30441,-23,-8,30,-6,
9.30577,-13,-10,31,-2,
9.30712,5,-5,35,3,
9.30847,19,17,36,15,
9.30982,41,38,35,31,
9.31118,32,37,48,32,
9.31256,32,37,48,32,
9.31395,45,46,42,31,
9.31534,42,43,45,30,
9.31686,26,44,42,33,
9.31817,3,10,27,24,
9.31954,3,10,27,24,
9.32084,-11,7,27,17,
9.32216,-17,4,21,8,
9.32354,-10,5,21,2,
9.32489,-10,5,21,2,
9.32626,1,9,29,4,
9.32758,28,30,60,22,
9.32893,28,30,60,22,
9.33032,43,29,60,24,
9.33169,30,45,62,21,
9.33298,20,42,61,29,
9.33437,17,26,61,21,
9.33576,-6,19,44,5,
9.33715,-6,19,44,5,
9.33851,-6,19,44,5,
9.33989,-8,1,40,14,
9.34125,-9,8,46,12,
9.3426,1,18,44,7,
9.34391,27,35,48,9,
9.34523,35,40,60,16,
9.34668,41,39,59,18,
9.34799,52,53,61,31,
9.34935,36,37,63,35,
9.35072,26,30,52,29,
9.35203,8,16,55,26,
9.3534,6,19,55,22,
9.35483,6,19,55,22,
9.35615,8,10,48,18,
9.3575,-3,1,41,17,
9.35886,0,8,39,12,
9.36018,17,8,37,5,
9.36153,41,27,44,7,
9.36286,42,35,52,17,
9.36421,31,43,53,33,
9.36559,35,43,56,30,
9.36695,33,46,66,28,
9.36831,19,38,59,29,
9.36968,16,32,51,19,
9.37106,0,22,47,9,
9.37244,-12,6,48,3,
9.3738,-23,3,36,4,
9.37516,-17,5,38,2,
9.37651,-5,20,43,7,
9.37786,26,26,50,13,
9.37925,31,33,50,27,
9.3806,23,31,51,31,
9.38195,23,31,51,31,
9.38332,28,33,58,27,
9.38467,27,34,71,31,
9.38609,21,22,54,21,
9.38744,2,14,45,13,
9.38881,-2,16,44,8,
9.39021,2,19,39,11,
9.39157,-16,2,31,18,
9.39293,-14,-7,24,15,
9.39431,15,19,37,10,
9.39567,15,19,37,10,
9.39706,30,36,53,20,
9.39849,39,48,65,21,
9.39984,52,41,57,32,
9.40116,42,41,55,32,
9.40253,14,29,39,14,
9.40387,2,29,46,17,
9.40519,2,31,38,17,
9.40651,11,23,32,7,
9.40784,-7,11,31,3,
9.40917,-11,6,38,2,
9.41053,1,6,45,3,
9.4119,3,24,41,5,
9.41323,11,30,42,12,
9.41459,18,31,47,18,
9.41596,18,31,47,18,
9.4173,30,52,63,25,
9.41868,28,35,57,29,
9.42005,34,27,54,30,
9.42143,17,23,45,13,
9.42281,13,25,45,19,
9.42417,13,25,45,19,
9.42553,4,25,40,18,
9.42692,-12,10,33,15,
9.42834,-5,6,35,14,
9.4297,21,19,35,5,
9.43106,36,22,44,12,
9.43241,36,22,44,12,
9.43377,40,36,61,28,
9.43514,35,28,60,29,
9.43649,23,42,65,31,
9.43785,9,32,56,7,
9.43925,9,32,56,7,
9.4406,9,19,37,-3,
9.44196,-2,13,29,-3,
9.44333,-22,0,25,-5,
9.44473,-10,5,25,-1,
9.44613,-6,16,30,3,
9.44752,7,17,39,3,
9.44889,32,19,45,15,
9.45025,35,26,51,17,
9.45161,52,46,67,18,
9.45297,37,43,61,14,
9.45436,30,39,50,8,
9.45574,10,32,46,15,
9.45709,3,17,39,14,
9.45847,2,19,31,6,
9.45982,-5,12,29,5,
9.46116,-7,3,27,-1,
9.46254,-11,7,22,-3,
9.46392,-11,28,33,0,
9.46528,3,41,35,3,
9.46667,32,35,46,3,
9.46803,46,35,51,22,
9.46941,35,31,53,30,
9.47077,19,36,51,23,
9.47215,18,25,48,11,
9.47348,18,25,48,11,
9.4749,7,17,38,14,
9.47625,2,19,37,13,
9.4776,-29,4,21,4,
9.47894,-16,8,23,6,
9.48032,-10,5,26,1,
9.48168,5,14,22,6,
9.48307,25,31,30,4,
9.48445,31,40,45,8,
9.4858,45,38,45,10,
9.48718,47,34,48,20,
9.48857,47,34,48,20,
9.48993,47,34,48,20,
9.49131,12,30,48,10,
9.49269,7,16,37,13,
9.49407,-11,11,23,-1,
9.49548,-21,0,12,-1,
9.49682,-21,2,13,-2,
9.49821,4,20,21,3,
9.49959,22,30,33,15,
9.50093,22,30,33,15,
9.50232,23,37,40,27,
9.50367,43,38,46,27,
9.50502,39,30,43,17,
9.50633,41,36,38,15,
9.50769,24,36,41,7,
9.50903,14,32,35,5,
9.5104,11,32,20,4,
9.51179,4,19,26,7,
9.51312,-10,-2,21,-10,
9.51451,-11,6,20,-10,
9.51586,-11,6,20,-10,
9.51721,8,26,29,-1,
9.51858,34,37,37,5,
9.51995,43,41,32,10,
9.52132,51,47,41,30,
9.52268,43,41,35,28,
9.52404,21,36,27,26,
9.52539,1,31,22,19,
9.52675,-10,27,15,2,
9.52811,-3,19,14,0,
9.52943,-7,19,7,5,
9.5308,-14,18,2,4,
9.53216,-20,18,-2,2,
9.53354,-13,24,11,-1,
9.5349,13,27,29,4,
9.53627,26,33,36,7,
9.5376,36,44,41,6,
9.53896,32,42,38,20,
9.54033,22,38,34,20,
9.54168,22,38,34,20,
9.54307,7,30,27,13,
9.54445,12,32,3,3,
9.54583,1,17,-2,0,
9.54721,-20,13,-6,-1,
9.54857,-2,15,-1,-7,
9.54993,-2,15,-1,-7,
9.55132,6,18,-5,-11,
9.55268,37,36,15,7,
9.55413,28,37,18,10,
9.55563,33,36,20,19,
9.55699,28,40,22,25,
9.55835,28,40,22,25,
9.55972,18,42,0,15,
9.56107,3,38,-6,7,
9.56243,3,38,-6,7,
9.56379,-14,30,-5,0,
9.56514,-20,26,-3,-11,
9.5665,-13,21,-6,-8,
9.56787,-13,21,-6,-8,
9.56923,13,47,-3,6,
9.5706,34,47,12,15,
9.57196,34,53,6,18,
9.57332,34,56,19,22,
9.5747,34,56,19,22,
9.57605,34,48,14,15,
9.57744,26,30,0,5,
9.5788,11,39,-7,10,
9.58016,10,38,-10,7,
9.58152,3,24,-11,-4,
9.58291,5,27,-12,-10,
9.58427,6,32,-3,-4,
9.58564,17,28,-4,7,
9.58702,40,45,-5,19,
9.58837,42,52,7,23,
9.58974,55,65,11,33,
9.59107,55,55,6,38,
9.59241,52,50,0,36,
9.59373,52,50,0,36,
9.59506,50,43,-1,33,
9.59638,21,38,3,12,
9.59774,-1,44,-12,10,
9.59912,-16,36,-19,5,
9.60048,-4,28,-25,13,
9.60183,-6,30,-18,14,
9.6032,2,34,-8,10,
9.60455,40,55,-5,11,
9.60591,40,55,-5,11,
9.60729,34,59,0,24,
9.60866,42,63,8,27,
9.61003,46,59,0,28,
9.61141,31,64,-3,27,
9.61281,12,51,-8,17,
9.61423,11,35,0,18,
9.61559,0,35,-18,12,
9.61689,-13,35,-35,-5,
9.61825,-7,26,-26,-3,
9.61961,-3,36,-22,6,
9.62103,5,45,-17,16,
9.62244,28,49,-10,27,
9.62383,38,52,-4,19,
9.62521,38,52,-4,19,
9.62675,35,63,1,18,
9.6282,22,67,-3,15,
9.6296,15,47,-1,3,
9.63103,-2,38,-5,8,
9.63239,3,35,-15,6,
9.63374,-10,28,-18,1,
9.63522,-7,36,-21,-4,
9.63661,-2,40,-19,-11,
9.63799,12,49,-13,-1,
9.63942,27,61,-9,6,
9.64081,34,66,-12,7,
9.64219,43,67,2,14,
9.64358,43,67,2,14,
9.64492,32,62,9,15,
9.64629,21,56,1,3,
9.64766,0,47,-18,3,
9.64901,3,41,-21,6,
9.65039,3,41,-21,6,
9.65178,-3,35,-23,5,
9.6531,-3,35,-23,5,
9.65447,-3,45,-27,15,
9.65585,6,45,-27,4,
9.65719,31,65,-15,17,
9.65854,34,66,-17,25,
9.6599,40,65,3,25,
9.66126,45,63,7,21,
9.66263,45,63,7,21,
9.66401,45,63,7,21,
9.66536,6,42,-11,6,
9.66673,7,48,-19,3,
9.66809,5,37,-19,3,
9.66945,-8,27,-28,5,
9.67086,-5,33,-21,7,
9.67221,-5,33,-21,7,
9.67356,29,46,3,9,
9.67494,44,49,3,8,
9.67629,44,61,5,8,
9.67765,54,64,10,13,
9.679,52,65,13,15,
9.68035,52,65,13,15,
9.68172,34,54,8,15,
9.68309,4,34,5,16,
9.68445,3,33,1,5,
9.68585,-12,29,-6,6,
9.68727,-8,29,-6,7,
9.68863,-13,33,-6,6,
9.69008,0,49,-12,5,
9.69145,30,62,1,23,
9.69277,30,62,1,23,
9.69412,36,50,9,20,
9.69548,55,53,17,30,
9.69683,55,53,17,30,
9.69815,46,48,15,24,
9.69952,26,56,2,28,
9.70084,5,49,-8,5,
9.70224,-11,49,-10,-3,
9.7036,-11,49,-10,-3,
9.70492,-11,44,-12,-8,
9.70632,-4,42,-5,-1,
9.70771,16,59,-9,5,
9.70903,32,69,-12,7,
9.71045,40,68,-3,18,
9.71182,34,74,7,26,
9.71316,38,76,10,28,
9.71455,30,68,0,27,
9.71592,20,59,-11,24,
9.71724,17,46,-18,21,
9.71861,1,42,-24,11,
9.71996,-19,43,-28,11,
9.72137,-19,43,-28,11,
9.72274,-10,43,-34,-10,
9.72409,11,48,-32,2,
9.72547,11,48,-32,2,
9.72689,21,64,-22,4,
9.72825,40,72,-15,1,
9.72964,40,72,-15,1,
9.73101,43,71,-1,19,
9.73239,33,75,-16,17,
9.73374,9,66,-21,12,
9.73514,4,64,-12,-2,
9.73655,4,64,-12,-2,
9.73791,6,60,-17,0,
9.73927,2,52,-42,-4,
9.74066,-1,65,-48,-1,
9.74201,-1,65,-48,-1,
9.74342,18,79,-36,5,
9.74483,50,100,-23,2,
9.74625,50,100,-23,2,
9.74761,53,118,-16,21,
9.74896,51,132,-12,23,
9.75034,37,119,-14,14,
9.7517,14,120,-18,7,
9.75306,1,114,-26,8,
9.75443,8,109,-39,7,
9.75581,3,105,-42,3,
9.75717,10,123,-42,0,
9.75854,10,123,-42,0,
9.75991,20,135,-46,10,
9.76127,48,146,-32,9,
9.76262,52,167,-23,9,
9.76394,63,179,-31,15,
9.76532,84,199,-32,25,
9.76669,58,220,-42,32,
9.76808,50,240,-48,20,
9.76946,37,266,-58,20,
9.77083,20,258,-70,9,
9.77216,20,258,-70,9,
9.77351,17,252,-83,-6,
9.77488,8,231,-84,1,
9.77622,15,229,-87,-2,
9.77759,33,221,-82,0,
9.77896,54,225,-74,-3,
9.78035,55,219,-58,-6,
9.7817,64,223,-60,-6,
9.78308,63,222,-70,4,
9.78442,29,208,-66,-8,
9.78582,25,185,-74,-19,
9.78716,25,185,-74,-19,
9.7885,20,159,-78,-13,
9.78985,12,152,-74,-15,
9.79123,-12,144,-70,-19,
9.7926,-5,127,-68,-20,
9.79399,21,138,-57,-8,
9.79536,27,147,-37,-7,
9.79672,26,138,-37,-6,
9.79809,37,139,-35,-3,
9.79955,58,149,-19,-1,
9.80088,31,138,-25,0,
9.80225,31,138,-25,0,
9.80361,23,115,-26,-5,
9.80494,23,115,-26,-5,
9.80631,-2,87,-24,-6,
9.80769,-16,79,-16,-8,
9.80903,-12,70,-14,0,
9.8104,7,65,-6,-5,
9.81178,15,75,-2,3,
9.81312,15,75,-2,3,
9.8145,35,88,-3,30,
9.81588,42,98,6,27,
9.81725,51,86,6,24,
9.81864,44,84,1,29,
9.82,32,66,0,31,
9.82136,23,58,2,23,
9.82274,23,58,2,23,
9.82406,-4,48,-7,8,
9.82543,-20,49,-13,6,
9.82685,-23,52,-7,3,
9.82819,8,47,-5,4,
9.82973,8,47,-5,4,
9.83115,25,69,-4,8,
9.83252,25,81,6,14,
9.83394,36,88,10,7,
9.8354,47,96,10,13,
9.83674,40,62,-5,31,
9.83811,40,62,-5,31,
9.8395,13,61,-2,9,
9.84082,15,51,0,10,
9.84218,-2,41,-5,12,
9.84349,-1,31,-6,11,
9.84498,2,31,-17,1,
9.84637,2,31,-17,1,
9.84773,4,40,-16,-1,
9.84907,38,80,-3,9,
9.85043,38,69,-9,11,
9.85179,43,77,-12,14,
9.8532,32,73,-10,14,
9.8546,32,73,-10,14,
9.85597,32,69,-10,18,
9.85733,11,46,-3,8,
9.85869,-12,43,-10,-3,
9.86001,-21,41,-30,-13,
9.86139,-19,31,-21,-9,
9.86275,-17,39,-16,-7,
9.86406,-17,39,-16,-7,
9.86541,-5,43,-19,-12,
9.86677,26,62,-5,6,
9.8681,32,68,-4,6,
9.86946,27,68,1,-1,
9.87085,27,68,1,-1,
9.87218,17,55,-4,-5,
9.87355,16,54,-18,-1,
9.87492,-3,48,-19,-12,
9.87625,-24,42,-14,-13,
9.8776,-24,42,-14,-13,
9.87898,-22,34,-22,-16,
9.88034,-19,41,-24,-14,
9.88169,-8,48,-28,-16,
9.88306,18,52,-29,-18,
9.88442,24,65,-26,-15,
9.8858,40,77,-7,14,
9.88718,40,77,-7,14,
9.88848,26,70,-15,-1,
9.88979,15,68,-27,-3,
9.89112,8,55,-26,-6,
9.89247,3,51,-35,-14,
9.89378,3,51,-35,-14,
9.89511,-32,44,-49,-17,
9.89646,-28,45,-47,-16,
9.89778,-28,45,-47,-16,
9.89912,1,57,-34,-22,
9.90048,25,65,-28,-16,
9.90182,36,79,-28,-7,
9.9031,36,79,-28,-7,
9.90443,33,88,-30,2,
9.90574,25,95,-27,5,
9.90706,20,93,-31,6,
9.90837,5,86,-32,-3,
9.9097,-7,77,-22,-1,
9.91107,-4,64,-13,-9,
9.91247,-26,60,-19,-26,
9.91383,-14,54,-32,-19,
9.91519,-14,54,-32,-19,
9.91656,4,64,-23,-10,
9.91788,42,81,-3,0,
9.91927,42,81,-3,0,
9.92063,48,92,-3,2,
9.92202,49,101,-5,1,
9.92341,22,107,-3,6,
9.92477,13,89,-10,-1,
9.92615,5,80,-12,0,
9.92751,-11,69,-14,-3,
9.92885,-27,71,-21,0,
9.93026,-27,71,-21,0,
9.93163,-6,62,-27,-10,
9.93299,-8,55,-28,-15,
9.93438,14,67,-14,-7,
9.93575,18,89,-8,5,
9.9371,18,92,-6,6,
9.93846,41,93,7,10,
9.93978,46,118,7,22,
9.94115,26,98,-1,17,
9.94256,26,98,-1,17,
9.94392,13,92,-12,9,
9.94526,1,71,-12,-7,
9.94672,1,71,-12,-7,
9.94809,-12,62,-11,-14,
9.94943,-1,65,-16,-6,
9.9508,13,66,-9,4,
9.95216,20,81,-2,3,
9.95351,29,84,9,0,
9.95483,42,93,3,5,
9.95619,44,117,5,5,
9.95755,29,110,5,10,
9.95894,21,79,2,5,
9.96033,21,79,2,5,
9.96171,21,79,2,5,
9.96308,4,60,0,6,
9.96445,-7,47,-8,-1,
9.96585,-10,47,-20,-12,
9.96722,2,56,-23,-3,
9.96857,17,73,-21,-6,
9.96989,17,73,-21,-6,
9.97126,20,101,1,6,
9.97264,37,103,6,3,
9.97401,25,106,8,3,
9.97537,19,112,-4,1,
9.97673,8,103,-9,0,
9.97809,8,103,-9,0,
9.97943,9,82,-9,-3,
9.98083,-10,78,-10,-8,
9.9822,-14,70,-12,-9,
9.98357,-4,72,-18,-11,
9.98492,3,70,-7,-4,
9.98632,3,70,-7,-4,
9.9877,5,89,4,-7,
9.98901,30,97,3,5,
9.9904,30,97,3,5,
9.9918,28,124,16,10,
9.99311,11,119,-4,0,
9.9945,5,101,-15,1,
9.99589,5,101,-15,1,
9.99724,-6,83,-17,4,
9.99864,-22,79,-10,-12,
10,-29,74,-14,-11,
10.0014,-30,77,-22,-17,
10.0028,-20,77,-13,-9,
10.0041,10,83,-6,1,
10.0055,29,95,-6,11,
10.0069,35,103,3,17,
10.0082,52,108,8,18,
10.0096,41,110,-2,13,
10.011,29,111,-8,2,
10.0124,8,120,-15,2,
10.0138,-1,112,-11,-6,
10.0151,-16,80,-12,-4,
10.0165,-21,79,-7,-5,
10.0179,-18,89,-10,-13,
10.0193,-13,90,-18,-16,
10.0207,16,94,-19,-3,
10.0221,16,94,-19,-3,
10.0236,34,115,-3,3,
10.0249,47,125,3,3,
10.0264,47,125,3,3,
10.0278,33,113,5,21,
10.0292,24,91,-1,17,
10.0306,8,81,-7,3,
10.0321,-5,56,5,-2,
10.0334,-8,48,-5,-5,
10.0348,-8,52,-2,-1,
10.0361,-3,56,7,7,
10.0375,-3,56,7,7,
10.0389,5,58,8,13,
10.0402,41,71,6,12,
10.0416,37,67,5,17,
10.043,40,68,10,13,
10.0443,39,63,14,14,
10.0457,24,58,20,21,
10.0471,26,65,15,15,
10.0484,19,49,7,7,
10.0498,5,40,18,6,
10.0512,1,30,7,-5,
10.0526,9,37,7,-3,
10.054,9,37,7,-3,
10.0553,4,41,0,2,
10.0567,6,50,8,3,
10.058,44,43,22,21,
10.0594,43,59,32,23,
10.0607,43,69,26,31,
10.0621,28,61,27,24,
10.0635,18,56,30,21,
10.0648,9,40,33,15,
10.0662,10,25,15,13,
10.0676,10,25,15,13,
10.0689,-9,23,13,7,
10.0703,-18,18,6,7,
10.0716,-17,16,6,15,
10.073,0,17,11,13,
10.0744,22,34,15,13,
10.0758,41,42,26,27,
10.0771,49,41,34,33,
10.0786,41,37,38,26,
10.0799,28,35,33,25,
10.0813,28,35,33,25,
10.0827,21,23,20,22,
10.0841,-4,24,20,11,
10.0855,-13,14,23,7,
10.0868,-5,3,13,6,
10.0882,-5,3,13,6,
10.0895,-11,9,23,10,
10.0909,16,20,17,15,
10.0923,30,23,21,26,
10.0936,42,45,38,37,
10.095,42,45,38,37,
10.0963,51,41,36,25,
10.0976,43,37,26,28,
10.099,26,29,25,34,
10.1004,14,24,26,35,
10.1017,10,21,25,28,
10.103,-17,-2,28,22,
10.1044,-17,-2,28,22,
10.1057,-10,-12,23,18,
10.1071,13,8,24,18,
10.1084,34,31,30,26,
10.1098,37,42,31,20,
10.1111,40,45,37,30,
10.1125,46,44,48,34,
10.1138,46,44,48,34,
10.1152,43,41,45,25,
10.1166,23,24,23,27,
10.118,0,19,20,21,
10.1194,-1,19,22,16,
10.1208,-8,11,18,18,
10.1221,-7,1,7,19,
10.1235,-2,-5,8,19,
10.1249,32,16,28,22,
10.1262,32,14,41,23,
10.1276,35,14,39,34,
10.1289,49,35,37,38,
10.1303,49,35,37,38,
10.1317,49,37,36,40,
10.133,42,29,41,37,
10.1344,-1,14,24,30,
10.1358,4,18,19,24,
10.1371,4,18,19,24,
10.1385,-20,0,19,22,
10.1399,-18,2,19,23,
10.1412,-5,10,25,28,
10.1426,29,34,34,25,
10.144,35,31,34,24,
10.1453,35,31,34,24,
10.1466,41,28,33,31,
10.148,42,39,35,36,
10.1493,41,39,30,34,
10.1507,42,32,26,27,
10.152,18,17,26,21,
10.1534,18,17,26,21,
10.1548,8,21,19,24,
10.1561,0,7,10,6,
10.1575,-3,3,14,3,
10.1589,3,15,31,18,
10.1602,3,15,31,18,
10.1615,40,39,30,38,
10.1629,40,39,30,38,
10.1643,41,38,28,39,
10.1657,56,35,28,35,
10.167,35,29,36,30,
10.1684,25,29,26,28,
10.1698,18,24,24,25,
10.1712,9,13,29,24,
10.1726,-2,16,32,19,
10.1739,-6,9,11,12,
10.1754,10,7,12,10,
10.1768,23,9,21,25,
10.1781,28,31,27,29,
10.1795,28,31,27,29,
10.1809,26,40,22,33,
10.1822,40,40,27,36,
10.1836,31,46,35,31,
10.1849,22,36,41,28,
10.1862,26,25,32,30,
10.1876,12,21,20,27,
10.1889,-1,25,26,27,
10.1903,-2,24,13,23,
10.1916,-13,12,13,17,
10.1929,-6,8,17,8,
10.1943,9,14,18,18,
10.1957,9,14,18,18,
10.1971,41,34,23,25,
10.1985,37,43,24,27,
10.1998,57,52,29,32,
10.2012,26,32,37,22,
10.2026,17,26,37,21,
10.2039,17,26,37,21,
10.2053,4,19,32,17,
10.2067,4,19,32,17,
10.208,5,20,31,13,
10.2094,6,6,9,16,
10.2108,1,9,8,26,
10.2121,1,9,8,26,
10.2135,40,41,30,28,
10.2149,39,35,33,32,
10.2162,41,34,35,33,
10.2176,38,41,33,39,
10.219,41,42,25,34,
10.2204,25,26,22,34,
10.2218,7,30,15,25,
10.2232,1,24,17,19,
10.2245,3,23,21,24,
10.2259,-6,8,13,15,
10.2274,3,6,15,1,
10.2288,3,6,15,1,
10.2301,4,22,8,16,
10.2315,34,30,27,34,
10.2329,38,41,24,33,
10.2343,38,45,29,25,
10.2357,30,40,24,20,
10.237,37,45,31,28,
10.2384,18,36,30,23,
10.2398,15,28,28,28,
10.2412,7,25,17,24,
10.2427,0,8,13,16,
10.244,3,18,20,5,
10.2454,3,18,20,5,
10.2468,8,13,24,14,
10.2482,27,35,23,21,
10.2496,32,31,27,29,
10.251,49,38,31,36,
10.2523,51,46,30,28,
10.2537,50,43,29,26,
10.2551,30,29,28,20,
10.2564,18,19,32,14,
10.2578,9,13,21,16,
10.2592,12,24,25,18,
10.2605,2,20,20,11,
10.2619,1,13,20,16,
10.2633,-1,11,19,10,
10.2647,11,20,16,10,
10.2661,34,43,31,20,
10.2675,48,44,37,30,
10.2688,48,44,37,30,
10.2702,46,35,25,40,
10.2716,46,35,25,40,
10.2729,44,29,24,29,
10.2743,13,26,25,17,
10.2757,7,20,24,16,
10.277,-11,7,20,17,
10.2784,-9,-2,22,11,
10.2798,-4,4,16,5,
10.2811,-3,8,22,18,
10.2825,28,32,37,23,
10.2839,37,35,33,28,
10.2852,37,35,33,28,
10.2866,51,48,44,33,
10.288,46,44,34,25,
10.2894,24,38,26,31,
10.2908,9,16,28,27,
10.2923,0,23,19,16,
10.2937,0,23,19,16,
10.2951,5,9,13,13,
10.2965,7,15,4,12,
10.2978,5,11,6,4,
10.2992,36,28,23,25,
10.3006,31,37,19,26,
10.302,31,37,19,26,
10.3033,31,37,19,26,
10.3047,51,48,23,38,
10.3061,31,50,26,31,
10.3075,35,46,20,26,
10.3088,18,19,32,23,
10.3103,18,19,32,23,
10.3116,2,18,36,17,
10.3129,-4,4,13,6,
10.3143,-3,0,16,7,
10.3156,1,16,19,14,
10.317,20,32,18,21,
10.3184,35,45,24,25,
10.3199,35,45,24,25,
10.3213,46,37,38,37,
10.3226,57,45,45,38,
10.324,47,45,31,32,
10.3253,9,18,31,32,
10.3267,4,8,33,31,
10.3281,4,8,33,31,
10.3294,4,4,32,31,
10.3308,-11,0,7,27,
10.3322,-8,10,12,17,
10.3336,6,11,17,15,
10.3349,25,29,29,22,
10.3363,25,29,29,22,
10.3376,38,40,23,31,
10.339,43,37,35,37,
10.3404,38,31,39,37,
10.3417,34,22,24,32,
10.3431,12,11,18,27,
10.3445,-3,-5,25,33,
10.3459,9,-9,27,25,
10.3473,7,-7,14,20,
10.3487,-2,-4,9,21,
10.3501,-2,-4,9,21,
10.3514,22,22,27,18,
10.3528,22,22,27,18,
10.3542,42,32,32,26,
10.3555,37,36,32,36,
10.3569,36,31,36,32,
10.3583,41,20,33,32,
10.3596,41,20,33,32,
10.361,24,8,28,28,
10.3623,8,5,27,31,
10.3637,-9,7,13,27,
10.365,-7,1,13,15,
10.3664,-4,-10,14,18,
10.3678,12,-17,17,22,
10.3691,32,11,29,20,
10.3706,33,22,30,25,
10.372,33,22,30,25,
10.3734,42,19,23,22,
10.3748,54,27,31,31,
10.3761,41,24,35,26,
10.3775,26,16,38,32,
10.3789,14,1,24,32,
10.3802,8,-5,25,22,
10.3816,-7,-13,15,8,
10.383,3,-10,15,17,
10.3844,5,-17,21,27,
10.3857,9,-15,25,28,
10.3871,15,-8,21,32,
10.3884,32,-4,28,31,
10.3898,33,-2,36,25,
10.3911,45,8,32,21,
10.3925,39,2,34,34,
10.3939,38,-2,33,38,
10.3952,-1,-37,26,36,
10.3966,-3,-44,24,34,
10.398,-3,-44,24,34,
10.3994,-11,-47,21,26,
10.4008,-2,-60,21,29,
10.4022,-2,-60,21,29,
10.4035,2,-65,25,19,
10.4049,33,-54,34,28,
10.4062,42,-55,38,39,
10.4076,42,-55,38,39,
10.4089,39,-68,45,41,
10.4103,38,-80,54,39,
10.4117,29,-86,45,34,
10.413,22,-101,37,29,
10.4144,3,-114,35,20,
10.4158,3,-114,35,20,
10.4171,-5,-125,18,23,
10.4185,-3,-136,14,19,
10.4199,-6,-143,17,16,
10.4212,1,-146,15,13,
10.4226,25,-122,14,16,
10.424,25,-122,14,16,
10.4254,22,-109,3,14,
10.4268,-6,-85,-56,-42,
10.4281,-56,-160,-120,-108,
10.4295,-126,-381,-209,-191,
10.4309,-198,-670,-301,-282,
10.4323,-276,-920,-366,-376,
10.4337,-346,-1114,-406,-452,
10.4351,-390,-1236,-447,-515,
10.4365,-426,-1278,-455,-547,
10.4378,-426,-1277,-448,-554,
10.4392,-400,-1235,-430,-550,
10.4406,-350,-1082,-380,-500,
10.442,-350,-1082,-380,-500,
10.4434,-288,-928,-319,-429,
10.4448,-288,-928,-319,-429,
10.4462,-267,-858,-297,-401,
10.4475,-262,-812,-269,-368,
10.4489,-246,-692,-255,-322,
10.4502,-230,-652,-240,-298,
10.4516,-224,-605,-210,-283,
10.4529,-205,-562,-189,-270,
10.4543,-190,-532,-171,-254,
10.4557,-159,-489,-156,-231,
10.457,-137,-460,-137,-207,
10.4584,-123,-428,-120,-196,
10.4597,-106,-392,-112,-189,
10.4611,-95,-366,-111,-163,
10.4625,-105,-362,-102,-155,
10.4638,-91,-348,-95,-149,
10.4652,-88,-336,-94,-147,
10.4665,-109,-319,-82,-133,
10.4679,-125,-314,-87,-124,
10.4692,-125,-314,-87,-124,
10.4706,-121,-284,-84,-115,
10.472,-106,-274,-84,-120,
10.4734,-106,-274,-84,-120,
10.4748,-67,-255,-65,-96,
10.4761,-57,-241,-60,-90,
10.4775,-38,-230,-64,-76,
10.4789,-44,-222,-67,-77,
10.4802,-50,-215,-53,-86,
10.4816,-46,-215,-50,-91,
10.4829,-53,-200,-55,-88,
10.4843,-72,-190,-53,-84,
10.4857,-72,-190,-53,-84,
10.4871,-81,-200,-48,-81,
10.4884,-75,-195,-52,-81,
10.4898,-64,-191,-55,-82,
10.4911,-55,-177,-41,-79,
10.4924,-40,-147,-34,-64,
10.4938,-40,-147,-34,-64,
10.4952,-33,-144,-34,-56,
10.4965,-18,-135,-29,-48,
10.4979,-29,-131,-31,-48,
10.4992,-44,-134,-34,-54,
10.5006,-50,-139,-30,-56,
10.5019,-62,-138,-39,-63,
10.5033,-62,-138,-39,-63,
10.5046,-63,-127,-44,-57,
10.506,-52,-128,-37,-64,
10.5073,-46,-117,-31,-57,
10.5086,-29,-96,-26,-49,
10.51,-7,-93,-24,-31,
10.5113,-17,-89,-19,-23,
10.5127,-8,-71,-14,-22,
10.5141,-1,-78,-14,-31,
10.5155,-5,-77,-14,-29,
10.5168,-26,-74,-18,-29,
10.5182,-26,-74,-18,-29,
10.5195,-37,-76,-17,-40,
10.5208,-44,-87,-28,-40,
10.5222,-44,-87,-28,-40,
10.5235,-44,-75,-30,-35,
10.5248,-42,-72,-27,-26,
10.5261,-31,-73,-11,-28,
10.5275,-18,-55,-6,-21,
10.5288,-3,-54,-14,-16,
10.5302,15,-27,-1,-17,
10.5315,0,-26,-1,-18,
10.5329,-7,-36,-1,-7,
10.5342,-18,-44,-4,-1,
10.5356,-30,-48,-14,-10,
10.5369,-28,-57,-15,-18,
10.5382,-24,-53,-21,-23,
10.5396,-27,-50,-15,-18,
10.5409,-30,-58,-14,-16,
10.5422,-30,-58,-14,-16,
10.5436,-20,-49,-6,-14,
10.5449,3,-19,-2,-9,
10.5462,17,-16,3,-14,
10.5475,24,-9,7,-9,
10.5488,18,-17,0,-11,
10.5502,5,-13,-2,-5,
10.5515,-2,-12,4,5,
10.5528,-10,-17,8,10,
10.5541,-14,-21,-15,-3,
10.5554,-25,-26,-11,-5,
10.5568,-25,-26,-11,-5,
10.5581,-21,-27,3,0,
10.5594,-13,-26,1,-5,
10.5608,-5,-23,7,-5,
10.5621,9,-3,19,-1,
10.5638,19,5,11,5,
10.5652,19,5,11,5,
10.5665,14,4,10,6,
10.5679,7,-15,19,9,
10.5692,-4,-14,13,5,
10.5706,-4,-20,11,1,
10.572,-14,-21,16,3,
10.5734,-18,-19,2,-3,
10.5748,-15,-8,-5,-2,
10.5761,-19,-16,6,-3,
10.5774,4,-20,6,4,
10.5787,12,-5,8,6,
10.5801,27,15,15,10,
10.5814,31,12,23,21,
10.5827,44,19,30,22,
10.584,28,22,35,16,
10.5854,18,13,18,9,
10.5867,-1,8,23,5,
10.588,-4,1,23,4,
10.5893,-4,1,23,4,
10.5907,-3,-2,11,13,
10.592,-18,-16,0,13,
10.5934,-4,-7,-5,11,
10.5948,13,10,3,4,
10.5962,18,24,20,17,
10.5975,29,17,17,22,
10.5989,29,17,17,22,
10.6003,25,19,29,23,
10.6016,18,17,22,32,
10.6029,20,24,15,23,
10.6043,4,-3,9,12,
10.6057,4,-3,9,12,
10.607,4,-3,9,12,
10.6084,-6,4,-2,11,
10.6097,-15,7,3,13,
10.6111,-6,-5,14,22,
10.6124,10,-2,14,21,
10.6138,26,15,19,16,
10.6152,24,22,31,27,
10.6165,26,14,26,32,
10.6178,32,12,17,34,
10.6192,26,14,16,21,
10.6206,18,8,9,13,
10.622,18,8,9,13,
10.6235,5,9,14,14,
10.6249,2,13,14,27,
10.6263,-22,5,10,24,
10.6277,-10,3,12,28,
10.6291,0,9,11,22,
10.6305,36,25,37,22,
10.6318,36,25,37,22,
10.6332,22,26,24,28,
10.6345,18,23,33,22,
10.6359,17,16,28,14,
10.6372,17,16,28,14,
10.6386,19,26,30,22,
10.64,12,24,21,21,
10.6413,2,13,7,22,
10.6428,8,16,16,18,
10.6442,-10,4,16,18,
10.6455,-8,7,24,23,
10.6469,13,8,25,27,
10.6483,33,11,19,27,
10.6497,44,31,16,26,
10.6511,43,29,19,29,
10.6524,47,38,33,23,
10.6538,28,23,37,22,
10.6552,34,16,28,20,
10.6565,22,12,19,31,
10.6579,15,11,26,24,
10.6593,15,10,23,21,
10.6606,2,14,6,9,
10.662,3,15,19,14,
10.6634,16,16,24,20,
10.6647,16,16,24,20,
10.6661,25,40,29,24,
10.6674,18,28,26,25,
10.6688,36,27,20,25,
10.6701,35,23,24,24,
10.6715,33,32,32,32,
10.6728,33,32,32,32,
10.6742,12,28,19,20,
10.6755,3,18,11,16,
10.6768,0,12,22,19,
10.6781,-16,0,16,15,
10.6794,-1,1,18,18,
10.6808,7,17,23,20,
10.6822,14,18,20,19,
10.6835,38,26,21,22,
10.6849,41,35,19,25,
10.6862,39,35,27,28,
10.6875,47,26,34,31,
10.6888,30,31,31,25,
10.6902,30,31,31,25,
10.6916,14,26,30,23,
10.6929,-2,6,14,22,
10.6944,-17,-3,5,22,
10.6956,-1,5,16,23,
10.697,9,17,19,20,
10.6984,9,17,19,20,
10.6997,22,17,20,16,
10.701,29,29,21,17,
10.7024,38,36,23,24,
10.7037,37,35,26,25,
10.7051,30,30,26,35,
10.7065,18,33,34,30,
10.7079,18,22,35,31,
10.7092,22,12,22,23,
10.7105,3,5,15,23,
10.7118,-1,8,20,22,
10.7132,-1,8,20,22,
10.7145,8,8,7,17,
10.7158,8,8,7,17,
10.7171,20,28,30,13,
10.7185,36,30,36,20,
10.7198,31,27,30,27,
10.7212,23,25,30,28,
10.7225,22,32,24,21,
10.7239,22,32,24,21,
10.7252,20,36,21,21,
10.7266,0,26,22,19,
10.7279,0,26,25,21,
10.7292,0,26,25,21,
10.7306,-9,14,30,17,
10.7319,4,19,21,27,
10.7333,4,19,21,27,
10.7347,15,19,26,30,
10.736,45,40,30,25,
10.7374,41,35,25,23,
10.7387,42,32,32,28,
10.7401,30,37,30,36,
10.7415,30,37,30,36,
10.7428,30,37,30,36,
10.7442,6,27,19,15,
10.7455,5,19,19,11,
10.7469,5,19,20,19,
10.7483,-7,16,15,22,
10.7496,-1,15,21,18,
10.751,16,8,26,17,
10.7524,22,12,22,21,
10.7538,32,26,19,26,
10.7552,32,38,32,30,
10.7566,32,38,32,30,
10.758,32,45,16,39,
10.7594,32,45,16,39,
10.7607,17,31,10,27,
10.7621,1,18,16,16,
10.7635,3,17,9,24,
10.7648,-8,19,15,21,
10.7662,-10,21,20,15,
10.7675,-4,23,25,15,
10.7689,5,22,21,24,
10.7703,25,32,28,22,
10.7717,33,39,37,23,
10.773,33,39,37,23,
10.7744,32,43,45,28,
10.7758,37,44,34,33,
10.7771,39,32,31,38,
10.7785,29,16,27,34,
10.7799,5,16,8,26,
10.7812,4,17,21,14,
10.7825,8,9,27,11,
10.7838,2,18,17,25,
10.7852,-1,23,23,25,
10.7865,-1,23,23,25,
10.7878,5,25,27,20,
10.7891,45,27,35,32,
10.7905,36,36,38,29,
10.7918,42,45,31,26,
10.7931,42,45,31,26,
10.7945,22,20,31,31,
10.7959,6,17,24,26,
10.7973,4,16,17,19,
10.7987,-8,20,24,19,
10.8,-7,4,15,23,
10.8014,-7,4,15,23,
10.8027,-2,15,15,15,
10.804,7,22,18,18,
10.8054,32,23,19,21,
10.8068,40,27,15,27,
10.8081,41,35,35,34,
10.8095,41,35,35,34,
10.8109,37,27,43,32,
10.8122,8,18,22,26,
10.8136,6,11,13,20,
10.815,9,12,18,13,
10.8163,4,12,19,14,
10.8176,6,4,19,19,
10.819,6,4,19,19,
10.8204,3,16,14,22,
10.8217,21,16,28,24,
10.8231,30,24,35,22,
10.8245,27,21,28,23,
10.8259,30,31,33,29,
10.8273,24,36,29,24,
10.8287,31,35,34,22,
10.8302,22,18,22,31,
10.8317,6,12,30,19,
10.833,0,20,32,10,
10.8344,-1,10,16,11,
10.8358,-1,10,16,11,
10.8371,-2,20,21,16,
10.8385,-2,20,21,16,
10.8399,35,22,23,25,
10.8413,38,31,21,21,
10.8427,27,41,34,24,
10.8441,27,41,34,24,
10.8454,27,41,34,24,
10.8468,27,26,27,22,
10.8481,17,16,21,20,
10.8495,16,12,17,26,
10.8508,-2,16,16,20,
10.8522,-2,16,16,20,
10.8535,-12,18,16,18,
10.8548,1,19,16,17,
10.8561,24,29,27,20,
10.8575,21,28,23,22,
10.8589,36,31,20,22,
10.8603,43,40,27,27,
10.8617,29,32,26,31,
10.863,32,35,29,25,
10.8643,14,27,23,24,
10.8657,7,15,18,26,
10.867,7,15,18,26,
10.8684,-3,14,11,20,
10.8697,-3,14,16,27,
10.871,-16,16,12,23,
10.8725,-1,12,8,21,
10.8738,24,25,21,22,
10.8751,24,25,21,22,
10.8764,34,22,34,33,
10.8778,41,29,28,24,
10.8792,27,32,17,27,
10.8805,27,32,17,27,
10.8819,21,31,12,33,
10.8833,22,11,20,33,
10.8847,22,11,20,33,
10.886,13,-2,23,30,
10.8874,-11,-6,18,18,
10.8887,-5,3,14,16,
10.8903,3,17,19,26,
10.8916,9,21,25,28,
10.893,37,27,22,22,
10.8943,49,24,32,24,
10.8957,24,25,39,39,
10.8971,24,25,39,39,
10.8984,29,23,25,33,
10.8998,22,27,26,28,
10.9011,9,15,26,23,
10.9025,6,5,18,19,
10.9039,6,5,22,13,
10.9053,1,15,20,19,
10.9066,6,19,13,23,
10.908,6,19,13,23,
10.9094,20,25,18,29,
10.9108,21,37,14,23,
10.9121,32,46,23,32,
10.9135,28,36,29,37,
10.9149,31,33,27,38,
10.9163,34,31,27,33,
10.9176,27,27,27,20,
10.919,25,22,31,17,
10.9203,17,8,20,22,
10.9217,0,2,18,20,
10.9231,4,10,13,15,
10.9244,4,10,13,15,
10.9258,8,20,19,16,
10.9272,36,27,25,14,
10.9286,36,27,25,14,
10.9299,28,22,21,24,
10.9313,32,29,23,25,
10.9327,32,29,23,25,
10.934,30,27,22,20,
10.9354,7,10,13,26,
10.9368,15,2,20,26,
10.9381,0,14,13,25,
10.9395,-17,18,9,9,
10.9408,-17,18,9,9,
10.9422,-6,19,20,18,
10.9436,18,28,23,27,
10.9449,39,40,29,28,
10.9463,36,33,35,27,
10.9477,31,22,36,33,
10.9491,31,17,24,33,
10.9504,31,17,24,33,
10.9518,19,21,17,28,
10.9532,1,12,15,24,
10.9546,10,13,17,25,
10.956,-1,2,8,16,
10.9573,-1,2,8,16,
10.9587,-3,9,28,28,
10.96,-3,9,28,28,
10.9614,12,19,24,28,
10.9627,27,28,28,32,
10.9641,30,28,29,34,
10.9654,34,36,33,39,
10.9668,24,19,25,26,
10.9682,24,19,25,26,
10.9695,19,14,30,25,
10.9709,6,25,25,26,
10.9723,1,18,22,26,
10.9736,-12,2,24,17,
10.9751,1,9,17,17,
10.9764,1,9,17,17,
10.9778,11,10,21,8,
10.9792,25,20,21,12,
10.9805,18,33,26,26,
10.9819,41,29,39,29,
10.9832,43,23,38,32,
10.9845,24,24,39,24,
10.9859,24,24,39,24,
10.9873,27,22,35,19,
10.9887,10,9,18,31,
10.99,1,15,23,23,
10.9914,-6,15,13,10,
10.9928,-5,1,6,0,
10.9942,4,7,9,10,
10.9955,6,22,19,21,
10.9969,29,32,33,29,
10.9982,38,30,21,32,
10.9996,38,30,21,32,
11.0009,51,31,28,35,
11.0023,20,23,20,28,
11.0036,20,23,20,28,
11.005,4,20,20,22,
11.0064,-5,11,20,18,
11.0077,-9,-1,27,22,
11.009,-12,2,15,16,
11.0104,-14,9,11,25,
11.0117,-5,14,16,24,
11.0131,8,14,21,26,
11.0144,8,14,21,26,
11.0157,29,30,33,33,
11.017,42,32,23,38,
11.0183,39,33,25,32,
11.0197,28,32,31,35,
11.021,17,23,32,30,
11.0224,6,17,22,27,
11.0238,-1,8,9,21,
11.0251,5,15,6,19,
11.0265,-2,6,14,18,
11.0279,-2,-9,15,17,
11.0293,9,2,22,13,
11.0307,14,9,22,10,
11.032,28,31,33,21,
11.0334,30,24,33,33,
11.0348,45,29,39,21,
11.0361,37,26,38,23,
11.0375,28,17,25,27,
11.0389,17,10,26,29,
11.0403,-3,15,30,27,
11.0416,-3,15,30,27,
11.043,-12,-7,17,12,
11.0444,-12,-3,14,9,
11.0457,-9,2,14,9,
11.0471,10,15,15,15,
11.0484,31,31,26,22,
11.0498,34,22,26,23,
11.0512,32,24,19,29,
11.0526,23,21,37,38,
11.054,19,28,29,34,
11.0554,19,28,29,34,
11.0568,19,23,19,18,
11.0581,19,23,19,18,
11.0595,15,7,17,15,
11.0608,-17,-4,11,20,
11.0622,-8,-1,11,22,
11.0636,1,3,16,21,
11.0649,8,1,20,28,
11.0662,33,4,17,24,
11.0675,33,18,27,20,
11.0689,36,18,31,19,
11.0702,39,26,22,31,
11.0716,39,26,22,31,
11.0729,29,23,15,24,
11.0743,21,12,20,16,
11.0756,12,10,22,15,
11.077,5,11,24,18,
11.0783,-9,3,12,17,
11.0797,-6,8,10,14,
11.081,-11,9,6,13,
11.0824,1,0,14,18,
11.0837,28,12,22,22,
11.0851,30,16,19,22,
11.0864,42,19,17,31,
11.0878,42,19,17,31,
11.0892,37,22,21,34,
11.0906,27,14,18,28,
11.092,18,17,17,29,
11.0933,-2,3,12,23,
11.0947,-8,15,3,24,
11.0961,-3,5,4,21,
11.0974,10,11,19,15,
11.0988,6,9,31,16,
11.1002,15,21,25,21,
11.1016,25,30,33,21,
11.1029,22,35,32,18,
11.1043,22,35,32,18,
11.1056,36,27,26,19,
11.107,28,22,26,21,
11.1083,22,23,21,22,
11.1096,2,20,13,25,
11.111,5,2,14,27,
11.1123,-6,-7,12,19,
11.1137,-6,-7,12,19,
11.115,-2,-7,9,10,
11.1164,2,5,26,12,
11.1177,27,8,29,26,
11.1191,35,23,29,24,
11.1205,35,21,21,23,
11.1218,35,21,21,23,
11.1231,41,23,25,21,
11.1245,16,21,34,26,
11.1258,13,7,37,31,
11.1272,16,2,21,34,
11.1286,17,10,16,21,
11.1299,2,4,9,13,
11.1312,-1,-5,6,14,
11.1326,1,11,17,23,
11.134,14,29,26,18,
11.1354,35,31,28,26,
11.1368,36,26,17,33,
11.1382,36,26,17,33,
11.1395,48,35,32,40,
11.1409,44,40,39,40,
11.1423,30,23,31,24,
11.1436,13,11,21,16,
11.145,-3,-1,24,19,
11.1464,3,0,17,20,
11.1477,6,5,8,19,
11.1491,-2,0,9,20,
11.1504,9,4,23,21,
11.1518,34,19,30,31,
11.1531,34,19,30,31,
11.1544,34,19,30,31,
11.1558,44,31,25,23,
11.1571,57,33,34,26,
11.1586,39,25,27,21,
11.1599,27,11,17,23,
11.1613,27,11,17,23,
11.1627,14,11,14,15,
11.164,6,10,16,25,
11.1653,-11,14,7,23,
11.1667,-2,21,15,24,
11.1681,-1,18,23,26,
11.1694,17,27,30,32,
11.1707,17,27,30,32,
11.1721,38,30,27,30,
11.1734,39,25,19,22,
11.1748,38,28,28,28,
11.1762,24,27,25,34,
11.1776,12,28,26,25,
11.179,13,19,24,19,
11.1804,19,16,20,28,
11.1818,11,19,10,22,
11.1831,-7,23,12,11,
11.1844,0,23,17,15,
11.1858,0,23,17,15,
11.1871,11,17,19,20,
11.1885,21,26,22,23,
11.1899,16,22,26,27,
11.1913,37,32,32,31,
11.1926,35,19,34,27,
11.194,35,19,34,27,
11.1953,24,16,27,22,
11.1966,5,21,22,22,
11.198,2,15,21,21,
11.1993,-1,9,18,18,
11.2007,-6,13,13,10,
11.2021,2,11,13,11,
11.2034,19,15,14,18,
11.2048,35,24,31,14,
11.2062,38,33,32,21,
11.2074,31,31,35,28,
11.2088,25,32,30,23,
11.2101,29,35,29,23,
11.2116,23,38,25,29,
11.2129,22,30,17,35,
11.2143,2,13,22,21,
11.2156,2,5,9,11,
11.217,-1,9,16,11,
11.2184,-1,9,16,11,
11.2197,13,21,22,9,
11.221,28,21,17,18,
11.2224,28,21,17,18,
11.2238,30,37,24,34,
11.2252,40,36,22,30,
11.2265,40,36,22,30,
11.2279,37,30,34,30,
11.2294,27,18,22,32,
11.2307,13,26,24,32,
11.2321,4,6,18,16,
11.2335,4,6,18,16,
11.2348,-13,7,17,9,
11.2362,-9,10,19,17,
11.2376,-1,21,21,20,
11.2392,16,31,22,22,
11.2407,25,34,27,23,
11.242,28,27,32,31,
11.2434,30,37,26,28,
11.2448,34,35,22,23,
11.2462,32,27,20,24,
11.2475,18,28,19,33,
11.2489,11,31,20,37,
11.2503,-4,17,19,29,
11.2517,-11,19,8,31,
11.253,-1,9,9,29,
11.2544,5,13,3,16,
11.2557,6,20,13,6,
11.2571,28,26,30,24,
11.2584,36,30,37,35,
11.2598,45,32,33,27,
11.2611,45,32,33,27,
11.2625,24,35,24,24,
11.2638,34,24,24,32,
11.2651,34,24,24,32,
11.2665,14,13,13,20,
11.2679,12,14,15,19,
11.2692,12,14,15,19,
11.2705,-4,2,9,20,
11.272,7,14,15,30,
11.2733,12,18,21,31,
11.2746,27,25,21,29,
11.276,39,26,23,36,
11.2773,44,27,35,30,
11.2787,50,35,48,34,
11.2801,30,29,25,29,
11.2814,28,16,26,22,
11.2828,24,12,29,17,
11.2841,24,12,29,17,
11.2855,13,22,27,23,
11.2868,-1,14,21,24,
11.2882,-15,6,16,19,
11.2895,13,7,15,17,
11.2909,23,16,21,22,
11.2922,44,27,37,33,
11.2936,44,27,37,33,
11.2949,31,36,31,29,
11.2962,32,42,37,29,
11.2976,32,42,37,29,
11.299,14,29,28,27,
11.3003,13,29,16,23,
11.3017,13,29,16,23,
11.303,-2,21,24,20,
11.3044,-4,23,15,25,
11.3057,2,18,12,28,
11.3071,1,21,8,18,
11.3084,1,23,12,16,
11.3098,15,21,19,21,
11.3112,37,24,26,24,
11.3126,37,49,45,34,
11.3139,26,32,39,26,
11.3153,33,15,30,29,
11.3167,33,15,30,29,
11.318,24,23,32,29,
11.3194,15,27,31,24,
11.3207,13,23,29,18,
11.3221,-8,17,17,16,
11.3234,-14,15,22,14,
11.3247,-14,15,22,14,
11.3261,15,14,29,11,
11.3274,33,31,31,19,
11.3287,30,34,35,24,
11.3301,26,30,32,31,
11.3315,37,25,32,31,
11.3329,37,25,32,31,
11.3342,37,25,32,31,
11.3356,15,22,21,32,
11.337,12,19,18,25,
11.3383,4,16,26,27,
11.3397,16,17,12,18,
11.341,16,17,12,18,
11.3424,17,15,16,9,
11.3438,23,21,30,30,
11.3452,39,22,25,30,
11.3465,47,34,25,31,
11.3478,47,34,25,31,
11.3492,38,29,30,31,
11.3506,38,29,30,31,
11.3519,38,29,34,31,
11.3533,4,17,30,32,
11.3547,6,13,31,25,
11.356,5,-1,30,28,
11.3574,6,-1,22,22,
11.3588,13,15,24,27,
11.3602,24,23,27,32,
11.3615,32,33,29,37,
11.3628,35,44,27,37,
11.3641,35,31,31,36,
11.3654,47,26,38,40,
11.3668,54,32,42,43,
11.3681,45,33,46,40,
11.3694,27,35,30,41,
11.3708,21,29,16,35,
11.3721,8,15,15,22,
11.3735,-5,14,13,26,
11.3748,9,16,19,22,
11.3762,14,22,25,28,
11.3775,23,36,30,32,
11.3789,23,36,30,32,
11.3803,40,44,35,35,
11.3816,51,40,34,37,
11.3829,51,40,34,37,
11.3842,46,50,35,43,
11.3855,25,27,24,38,
11.3869,24,15,22,26,
11.3882,14,20,17,18,
11.3896,4,22,13,21,
11.3909,5,28,17,22,
11.3923,4,13,18,20,
11.3937,10,12,15,16,
11.395,18,30,21,21,
11.3963,39,41,32,34,
11.3976,45,48,38,39,
11.399,50,47,35,38,
11.4005,44,43,43,40,
11.4018,37,31,51,34,
11.4031,26,26,49,33,
11.4045,14,24,33,34,
11.4058,19,35,32,34,
11.4072,19,35,32,34,
11.4086,-2,20,18,19,
11.4099,-2,20,18,19,
11.4113,-9,13,29,17,
11.4126,10,20,28,28,
11.414,36,37,36,21,
11.4153,45,38,29,22,
11.4167,54,41,30,26,
11.4181,55,43,36,29,
11.4194,47,37,36,32,
11.4208,22,41,38,33,
11.4222,22,41,38,33,
11.4236,14,22,19,40,
11.425,12,16,17,37,
11.4264,7,11,17,28,
11.4278,-5,12,14,31,
11.4291,4,21,21,31,
11.4305,12,16,24,28,
11.4318,38,42,32,27,
11.4331,35,41,33,31,
11.4345,35,41,33,31,
11.4359,32,35,30,40,
11.4373,32,35,30,40,
11.4387,30,35,28,39,
11.44,14,32,31,36,
11.4414,22,30,39,28,
11.4428,12,33,37,17,
11.4442,9,17,15,11,
11.4455,3,15,23,10,
11.4469,11,19,22,15,
11.4482,34,32,24,30,
11.4496,40,27,31,46,
11.451,29,32,34,46,
11.4523,36,40,34,45,
11.4537,44,36,34,34,
11.4551,43,37,34,31,
11.4565,29,26,27,36,
11.4578,1,19,28,27,
11.4592,7,18,23,27,
11.4605,0,10,19,17,
11.4619,1,16,15,17,
11.4633,1,16,15,17,
11.4646,2,19,21,17,
11.466,39,20,21,32,
11.4674,45,29,32,35,
11.4687,41,32,35,32,
11.4701,37,33,38,40,
11.4714,41,34,25,36,
11.4727,34,37,33,29,
11.4741,27,29,43,24,
11.4755,15,15,24,21,
11.4768,15,15,24,21,
11.4782,12,19,14,26,
11.4796,-4,16,11,25,
11.4809,-1,21,10,16,
11.4823,7,27,19,10,
11.4837,24,32,20,25,
11.4851,49,31,23,39,
11.4864,38,39,32,45,
11.4878,33,41,40,49,
11.4892,35,29,36,45,
11.4906,16,21,25,38,
11.492,16,21,25,38,
11.4933,4,20,27,20,
11.4947,12,28,33,19,
11.496,-4,10,25,22,
11.4974,15,0,15,23,
11.4988,15,0,15,23,
11.5001,11,19,17,29,
11.5014,13,26,24,26,
11.5028,50,35,38,31,
11.5042,50,35,38,31,
11.5056,41,40,47,26,
11.5069,18,35,44,30,
11.5083,24,22,37,32,
11.5097,16,28,34,33,
11.511,12,29,26,22,
11.5124,1,23,19,26,
11.5137,-4,17,9,27,
11.5151,-3,15,17,22,
11.5166,2,18,14,29,
11.5179,27,26,12,36,
11.5193,45,30,32,41,
11.5207,48,30,39,41,
11.5221,48,30,39,41,
11.5235,41,36,42,35,
11.5248,33,33,45,22,
11.5262,16,25,36,21,
11.5275,5,19,27,22,
11.5288,-5,27,22,27,
11.5303,-5,10,20,22,
11.5316,-5,10,20,22,
11.533,17,10,11,15,
11.5344,19,30,13,20,
11.5357,19,30,13,20,
11.5371,39,32,26,32,
11.5384,39,38,36,37,
11.5398,34,41,32,36,
11.5411,27,44,37,39,
11.5425,22,46,42,30,
11.5439,18,33,27,31,
11.5452,18,20,26,37,
11.5466,3,3,19,31,
11.5479,-2,6,22,19,
11.5493,-2,6,22,19,
11.5507,-10,20,19,21,
11.552,3,34,17,29,
11.5534,19,31,27,26,
11.5548,39,29,32,23,
11.5561,38,39,27,29,
11.5575,38,38,32,32,
11.5589,38,38,32,32,
11.5602,12,34,37,29,
11.5616,-4,30,31,31,
11.5629,12,18,23,32,
11.5643,2,20,17,23,
11.5657,-6,11,17,16,
11.567,0,10,29,24,
11.5684,12,16,31,24,
11.5697,27,18,34,24,
11.571,33,33,36,29,
11.5724,24,43,37,38,
11.5738,56,30,32,42,
11.5751,56,30,32,42,
11.5765,38,29,43,36,
11.5778,23,23,44,29,
11.5792,14,22,27,29,
11.5805,3,11,25,31,
11.5819,2,20,29,28,
11.5832,-2,20,33,17,
11.5846,-2,20,33,17,
11.586,5,19,26,17,
11.5873,24,40,26,29,
11.5886,43,44,27,27,
11.5899,48,35,31,23,
11.5912,44,32,30,30,
11.5926,29,27,26,38,
11.5939,29,27,26,38,
11.5953,28,26,22,40,
11.5967,8,18,31,34,
11.598,18,19,24,38,
11.5994,0,10,21,35,
11.6007,-6,10,22,31,
11.6021,4,23,21,22,
11.6034,6,15,16,21,
11.6048,9,24,30,29,
11.6062,49,22,37,30,
11.6076,49,22,37,30,
11.6089,44,31,35,30,
11.6102,38,37,26,28,
11.6116,33,31,30,33,
11.613,33,31,30,33,
11.6143,12,25,35,30,
11.6156,11,21,32,29,
11.6169,6,17,17,20,
11.6183,-11,4,14,22,
11.6196,-3,14,21,18,
11.6209,6,24,21,19,
11.6223,23,27,25,29,
11.6237,23,27,25,29,
11.6251,28,37,33,44,
11.6264,49,36,39,36,
11.6278,49,35,45,38,
11.6291,34,20,47,41,
11.6305,23,22,37,34,
11.6319,7,30,23,26,
11.6332,7,32,27,29,
11.6346,6,24,26,18,
11.636,-11,14,11,18,
11.6373,-2,16,16,15,
11.6387,19,22,26,12,
11.6401,19,22,26,12,
11.6414,34,29,28,18,
11.6428,46,29,37,29,
11.6441,54,41,46,38,
11.6455,54,41,46,38,
11.6468,26,29,22,25,
11.6482,19,22,24,21,
11.6495,19,22,24,21,
11.6509,11,26,15,34,
11.6523,3,25,19,21,
11.6536,4,11,18,14,
11.6549,-8,9,17,18,
11.6563,27,32,24,30,
11.6577,27,32,24,30,
11.6591,27,32,24,30,
11.6605,44,31,24,28,
11.6618,50,38,37,37,
11.6632,36,44,44,36,
11.6646,27,31,37,24,
11.6659,27,31,37,24,
11.6672,17,19,33,25,
11.6686,12,12,23,17,
11.6699,1,16,12,25,
11.6713,8,17,14,33,
11.6726,20,10,17,25,
11.674,20,10,17,25,
11.6753,31,10,22,22,
11.6767,31,30,30,26,
11.6781,38,33,35,45,
11.6794,35,30,36,34,
11.6808,37,27,28,28,
11.6821,28,22,34,29,
11.6834,8,17,33,28,
11.6848,-2,8,29,34,
11.6862,-6,-1,19,34,
11.6875,4,-5,19,16,
11.6888,1,5,28,28,
11.6902,1,5,28,28,
11.6916,19,22,24,32,
11.6929,43,31,29,39,
11.6943,44,28,36,37,
11.6956,38,34,36,34,
11.6969,32,28,39,34,
11.6983,32,28,39,34,
11.6996,26,23,33,38,
11.7009,21,24,26,27,
11.7022,9,14,29,22,
11.7036,-4,9,23,13,
11.7049,-4,9,23,13,
11.7063,-6,3,22,10,
11.7076,-2,13,26,24,
11.709,21,24,36,21,
11.7103,30,27,34,27,
11.7116,35,40,29,32,
11.713,35,40,29,32,
11.7144,40,47,35,30,
11.7158,38,27,25,25,
11.7171,26,16,21,26,
11.7184,20,18,14,25,
11.7197,10,15,19,26,
11.7212,1,9,15,24,
11.7225,-2,6,8,25,
11.7238,-3,-3,6,20,
11.7252,22,0,27,22,
11.7266,35,25,30,20,
11.728,27,23,33,28,
11.7293,27,23,33,28,
11.7307,33,29,36,36,
11.7321,46,38,32,38,
11.7334,29,29,27,24,
11.7348,17,20,26,19,
11.7361,17,20,26,19,
11.7375,11,5,19,28,
11.7388,-9,3,19,10,
11.7402,-15,0,9,10,
11.7416,-5,3,19,15,
11.7429,10,8,21,19,
11.7443,27,23,22,19,
11.7457,28,25,34,32,
11.747,33,28,36,35,
11.7484,44,31,27,32,
11.7498,38,32,27,29,
11.7511,37,29,30,31,
11.7525,22,13,26,32,
11.7537,21,7,17,32,
11.7551,-1,6,21,31,
11.7564,-8,1,13,31,
11.7578,-9,0,6,15,
11.7592,10,0,12,17,
11.7606,10,0,12,17,
11.762,28,12,13,28,
11.7634,40,31,14,37,
11.7647,34,38,30,36,
11.766,34,43,30,40,
11.7674,33,38,24,45,
11.7687,33,38,24,45,
11.7701,16,27,15,19,
11.7715,8,19,16,26,
11.7728,-8,20,21,23,
11.7741,-16,9,17,20,
11.7755,-6,10,18,25,
11.7768,-6,10,18,25,
11.7782,6,19,20,20,
11.7796,30,25,24,33,
11.7809,29,26,22,46,
11.7823,44,35,24,38,
11.7837,45,35,21,34,
11.785,45,35,21,34,
11.7863,39,29,16,26,
11.7877,13,27,14,30,
11.789,1,8,16,33,
11.7904,-10,1,8,31,
11.7918,-13,-3,4,25,
11.7931,-14,-6,21,24,
11.7945,-6,17,33,26,
11.7959,13,22,33,36,
11.7973,32,29,32,40,
11.7986,35,18,32,28,
11.8,40,31,39,32,
11.8014,39,37,40,33,
11.8028,34,36,37,27,
11.8041,25,24,35,34,
11.8055,9,13,24,25,
11.8068,6,16,17,18,
11.8082,-2,9,18,20,
11.8096,-2,9,18,20,
11.811,7,10,17,21,
11.8123,7,10,17,21,
11.8137,17,13,20,20,
11.8151,46,34,25,36,
11.8164,36,27,22,30,
11.8178,36,27,22,30,
11.8191,41,27,27,26,
11.8204,33,32,38,29,
11.8217,33,20,36,27,
11.8231,16,15,24,25,
11.8244,5,24,22,24,
11.8257,6,19,27,26,
11.8271,5,6,19,17,
11.8285,5,6,19,17,
11.8299,8,10,16,27,
11.8313,19,14,22,28,
11.8327,26,33,19,34,
11.8342,26,33,19,34,
11.8356,33,39,27,26,
11.837,35,26,39,37,
11.8384,25,23,24,34,
11.84,6,16,25,25,
11.8415,8,17,20,24,
11.8428,3,21,14,26,
11.8442,-12,8,20,21,
11.8456,-2,-1,23,16,
11.847,-3,5,17,9,
11.8484,36,15,29,13,
11.8497,44,30,23,30,
11.8511,44,30,23,30,
11.8525,37,34,25,45,
11.8539,38,40,17,42,
11.8553,22,41,26,34,
11.8567,9,31,26,32,
11.858,1,16,18,32,
11.8594,5,13,14,34,
11.8608,5,13,14,34,
11.8621,-4,3,17,32,
11.8634,-7,2,22,27,
11.8648,-2,19,21,29,
11.8661,34,28,27,32,
11.8675,43,27,23,38,
11.8689,43,27,23,38,
11.8702,40,23,28,34,
11.8716,26,28,30,23,
11.8729,31,27,34,34,
11.8743,16,21,32,35,
11.8757,12,22,18,26,
11.877,12,22,18,26,
11.8784,9,18,24,18,
11.8797,-4,5,14,22,
11.8811,4,5,12,31,
11.8825,21,16,11,24,
11.8838,43,26,28,32,
11.8852,43,26,28,32,
11.8865,50,27,32,33,
11.8879,50,27,32,33,
11.8892,28,26,25,37,
11.8906,22,18,27,27,
11.892,25,28,24,30,
11.8933,18,25,26,34,
11.8947,0,16,24,30,
11.8961,-5,12,24,29,
11.8974,3,9,17,18,
11.8988,27,7,16,10,
11.9001,27,7,16,10,
11.9015,27,24,19,19,
11.9029,34,19,20,20,
11.9042,37,24,23,22,
11.9056,44,32,34,33,
11.9069,32,38,25,45,
11.9083,26,33,20,34,
11.9097,14,16,25,25,
11.911,2,16,20,19,
11.9124,-12,16,10,28,
11.9137,-14,0,15,20,
11.9151,-8,12,16,20,
11.9164,5,23,23,23,
11.9178,16,19,21,30,
11.9192,37,26,19,34,
11.9206,31,26,27,34,
11.9219,39,26,31,35,
11.9233,55,23,30,31,
11.9247,20,13,21,31,
11.9261,21,7,12,31,
11.9274,17,10,16,34,
11.9288,17,10,16,34,
11.9301,5,16,12,22,
11.9314,5,-1,10,16,
11.9328,1,-10,12,18,
11.9342,7,19,26,19,
11.9356,21,16,20,35,
11.9369,19,20,32,34,
11.9383,33,29,37,29,
11.9397,42,38,41,29,
11.941,34,32,29,36,
11.9423,21,20,16,18,
11.9437,21,20,16,18,
11.9451,9,16,15,24,
11.9465,13,10,12,24,
11.9478,14,9,5,19,
11.9491,1,6,1,22,
11.9505,-3,3,-4,16,
11.9519,10,11,15,17,
11.9532,19,24,32,34,
11.9546,19,24,32,34,
11.956,51,24,25,46,
11.9574,45,21,22,47,
11.9588,45,21,22,47,
11.9601,22,35,31,23,
11.9615,7,29,23,29,
11.9629,-6,16,11,18,
11.9643,5,13,8,17,
11.9656,-4,2,10,13,
11.967,-11,1,14,19,
11.9683,-6,-2,24,13,
11.9696,27,24,12,30,
11.9711,27,24,12,30,
11.9724,37,23,25,30,
11.9737,31,30,37,27,
11.9751,40,38,33,32,
11.9765,32,32,27,35,
11.9778,22,25,24,25,
11.9793,7,24,16,23,
11.9807,7,24,16,23,
11.982,-1,8,18,22,
11.9834,-8,4,7,24,
11.9848,-5,18,9,22,
11.9862,2,24,7,26,
11.9875,16,30,7,24,
11.9888,16,30,7,24,
11.9902,36,23,22,31,
11.9915,42,31,35,32,
11.9929,50,35,36,37,
11.9942,40,30,24,30,
11.9956,31,24,19,22,
11.9969,10,15,22,18,
11.9983,-5,13,19,24,
11.9997,6,11,24,24,
12.0011,3,19,12,31,
12.0024,12,22,8,28,
12.0037,13,26,23,21,
12.0051,34,28,27,28,
12.0064,34,28,27,28,
12.0077,31,42,27,28,
12.009,34,33,32,37,
12.0104,36,18,30,48,
12.0118,29,17,24,43,
12.0131,29,13,31,39,
12.0145,19,16,33,26,
12.0158,18,21,21,22,
12.0172,10,17,16,23,
12.0186,4,8,12,19,
12.02,0,0,20,15,
12.0213,9,19,28,21,
12.0227,9,19,28,21,
12.0241,32,26,28,38,
12.0255,39,31,34,41,
12.0269,57,41,33,40,
12.0282,35,36,19,35,
12.0296,35,36,19,35,
12.031,28,30,21,39,
12.0324,12,20,22,24,
12.0338,2,20,28,23,
12.0354,0,4,23,9,
12.0369,0,4,23,9,
12.0383,0,4,23,9,
12.0397,16,18,18,8,
12.041,31,27,18,19,
12.0425,37,33,29,21,
12.0439,32,32,24,32,
12.0452,25,28,22,34,
12.0466,25,28,22,34,
12.048,16,17,22,30,
12.0493,6,22,26,29,
12.0507,0,20,24,26,
12.0521,-6,21,22,18,
12.0534,-5,5,13,25,
12.0548,-11,11,15,22,
12.0563,3,21,14,21,
12.0576,18,17,15,23,
12.059,38,21,29,38,
12.0603,39,29,28,37,
12.0616,42,40,33,32,
12.063,42,44,35,39,
12.0643,42,44,35,39,
12.0657,25,28,20,33,
12.0671,25,28,20,33,
12.0684,18,26,20,32,
12.0698,-2,10,17,22,
12.0711,-4,2,24,18,
12.0725,-4,2,24,18,
12.0738,-2,8,19,18,
12.0752,24,31,24,36,
12.0765,30,38,30,36,
12.0779,35,32,34,41,
12.0793,38,32,35,35,
12.0807,38,32,35,35,
12.082,38,32,35,35,
12.0834,45,34,28,32,
12.0847,5,24,10,23,
12.0861,6,28,14,25,
12.0875,8,22,16,28,
12.0888,2,18,21,17,
12.0902,0,17,10,20,
12.0916,17,24,23,23,
12.0929,36,37,29,32,
12.0943,46,39,40,35,
12.0957,58,50,39,36,
12.097,44,47,31,30,
12.0983,44,47,31,30,
12.0997,22,43,22,34,
12.101,13,27,27,30,
12.1024,9,14,27,26,
12.1037,11,14,27,20,
12.1051,-6,15,14,20,
12.1064,-5,6,6,21,
12.1079,6,7,20,13,
12.1092,26,25,32,18,
12.1106,39,48,21,39,
12.1119,52,34,32,43,
12.1133,52,34,32,43,
12.1147,52,34,32,43,
12.1161,45,33,30,33,
12.1174,22,35,22,25,
12.1188,16,27,15,26,
12.1201,19,13,23,34,
12.1215,-5,5,18,28,
12.1229,-5,5,18,28,
12.1242,-4,15,20,29,
12.1256,6,19,23,26,
12.1269,6,19,23,26,
12.1283,24,28,42,32,
12.1296,41,28,46,31,
12.131,42,28,43,47,
12.1323,42,28,43,47,
12.1336,23,34,25,41,
12.135,17,20,21,39,
12.1364,18,18,26,39,
12.1377,11,10,17,30,
12.1392,11,10,17,30,
12.1405,-2,12,14,31,
12.1419,-2,9,12,32,
12.1433,6,10,16,38,
12.1447,32,29,24,37,
12.146,38,45,23,36,
12.1474,52,40,26,43,
12.1487,52,40,26,43,
12.1501,46,37,26,42,
12.1514,23,20,24,29,
12.1527,15,19,25,30,
12.1541,0,14,18,28,
12.1554,13,19,12,18,
12.1567,-1,13,17,20,
12.1581,1,18,19,26,
12.1595,1,18,19,26,
12.1608,21,32,37,42,
12.1622,38,40,37,45,
12.1635,46,35,36,42,
12.1649,46,35,36,42,
12.1663,48,34,45,56,
12.1676,33,30,32,46,
12.169,35,29,25,38,
12.1704,16,9,22,32,
12.1717,16,14,28,25,
12.1731,16,14,28,25,
12.1744,4,7,28,16,
12.1758,-7,9,24,19,
12.1772,-2,7,29,26,
12.1785,15,28,29,28,
12.1799,37,23,43,35,
12.1813,37,23,43,35,
12.1826,47,40,31,41,
12.184,37,42,33,42,
12.1854,30,46,40,42,
12.1867,33,36,29,41,
12.1881,16,17,29,43,
12.1894,7,22,26,31,
12.1908,-1,21,19,29,
12.1921,3,13,21,22,
12.1935,8,6,30,20,
12.1948,17,5,29,19,
12.1961,25,15,21,28,
12.1974,28,27,25,33,
12.1988,23,33,26,39,
12.2002,36,31,38,43,
12.2015,34,31,42,32,
12.2029,37,18,37,38,
12.2043,37,18,37,38,
12.2056,24,17,26,28,
12.207,7,3,25,16,
12.2083,6,2,18,8,
12.2097,2,8,24,11,
12.2111,-2,10,18,18,
12.2124,-2,10,18,18,
12.2138,11,28,24,27,
12.2152,26,32,24,34,
12.2166,37,38,23,30,
12.2179,39,44,22,34,
12.2192,36,30,20,42,
12.2206,32,19,26,42,
12.2219,21,15,34,39,
12.2233,11,15,32,37,
12.2247,3,24,33,31,
12.226,3,24,33,31,
12.2275,3,24,33,31,
12.2291,-2,12,24,26,
12.2306,11,22,12,24,
12.232,39,21,24,34,
12.2333,49,34,30,35,
12.2347,54,36,36,29,
12.2361,37,29,28,38,
12.2374,37,29,28,38,
12.2388,37,29,28,38,
12.2402,16,21,29,28,
12.2416,11,11,19,33,
12.243,12,19,15,30,
12.2444,-4,6,14,26,
12.2457,4,4,23,36,
12.2471,4,4,23,36,
12.2485,34,16,33,37,
12.2498,30,21,33,40,
12.2512,39,31,31,30,
12.2526,50,42,27,28,
12.254,28,44,32,33,
12.2553,28,44,32,33,
12.2568,32,36,23,39,
12.2582,11,13,26,37,
12.2596,16,11,23,34,
12.2609,4,7,17,31,
12.2623,8,8,7,25,
12.2637,8,8,7,25,
12.2651,21,12,8,20,
12.2665,47,33,29,41,
12.2678,58,33,28,41,
12.2692,58,33,28,41,
12.2705,32,34,24,45,
12.272,40,35,24,41,
12.2734,40,35,24,41,
12.2748,29,25,34,40,
12.276,23,22,25,25,
12.2774,16,13,20,29,
12.2787,6,5,25,30,
12.28,3,6,30,18,
12.2814,13,8,23,20,
12.2828,20,8,25,34,
12.2842,25,18,26,36,
12.2855,39,17,21,29,
12.2869,43,30,25,34,
12.2882,44,33,26,45,
12.2896,33,42,23,45,
12.291,25,37,30,39,
12.2924,8,16,32,27,
12.2937,2,16,26,22,
12.2951,-4,20,22,23,
12.2965,-4,20,22,23,
12.2978,-6,-3,20,12,
12.2992,-1,11,21,16,
12.3005,25,24,17,22,
12.3019,40,38,19,23,
12.3033,46,45,30,33,
12.3047,46,45,30,33,
12.3061,32,21,37,34,
12.3075,39,26,33,30,
12.3089,37,17,26,38,
12.3102,2,15,26,26,
12.3116,4,21,17,26,
12.3129,4,21,17,26,
12.3142,6,13,6,28,
12.3156,0,13,11,30,
12.3169,-8,10,18,21,
12.3183,19,12,20,21,
12.3196,43,24,27,27,
12.321,40,35,29,32,
12.3224,40,35,29,32,
12.3237,40,25,33,48,
12.325,36,31,38,33,
12.3264,20,33,34,32,
12.3277,10,17,13,25,
12.3291,-2,16,16,19,
12.3305,-2,16,16,19,
12.3319,-2,16,16,19,
12.3332,-1,5,8,12,
12.3346,20,16,4,6,
12.336,19,26,20,14,
12.3373,45,43,30,25,
12.3387,45,43,30,25,
12.3401,46,41,40,39,
12.3414,33,27,46,31,
12.3428,15,15,34,32,
12.3441,9,18,20,20,
12.3455,9,18,20,20,
12.3469,-1,10,12,8,
12.3483,-13,4,16,5,
12.3496,-1,9,10,4,
12.3509,-3,12,15,6,
12.3523,13,11,23,19,
12.3536,13,11,23,19,
12.355,27,38,29,33,
12.3564,35,31,29,36,
12.3577,30,32,23,33,
12.3591,25,37,26,36,
12.3605,23,36,29,39,
12.3618,14,19,16,38,
12.3632,8,1,22,33,
12.3646,4,8,7,12,
12.3659,-14,6,12,14,
12.3673,-14,6,12,14,
12.3687,7,3,10,28,
12.3701,7,3,10,28,
12.3714,29,17,12,27,
12.3728,38,22,37,32,
12.3742,43,38,33,33,
12.3756,33,31,30,25,
12.3769,31,22,25,28,
12.3783,15,23,25,25,
12.3797,10,26,21,28,
12.381,2,17,14,29,
12.3824,-11,15,9,24,
12.3838,-11,15,9,24,
12.3852,-2,11,4,17,
12.3865,0,6,10,8,
12.3879,8,6,13,13,
12.3892,17,14,22,21,
12.3906,43,36,24,29,
12.3919,43,36,24,29,
12.3933,42,38,34,24,
12.3947,33,20,26,24,
12.396,21,28,15,28,
12.3974,15,21,19,26,
12.3987,-1,10,22,21,
12.4001,-8,11,13,9,
12.4015,-1,4,0,11,
12.4029,0,1,-3,19,
12.4042,7,9,7,13,
12.4056,31,20,24,17,
12.407,43,26,31,25,
12.4084,41,27,29,28,
12.4098,49,31,27,33,
12.4112,44,32,29,25,
12.4125,13,19,19,22,
12.4139,-2,9,19,21,
12.4153,-1,1,20,23,
12.4166,-4,3,20,25,
12.418,-1,4,13,9,
12.4194,-1,2,10,11,
12.4207,-1,2,10,11,
12.4221,14,20,6,15,
12.4236,39,35,21,13,
12.425,34,34,29,22,
12.4264,30,42,30,27,
12.4278,31,39,22,24,
12.4293,30,38,22,25,
12.4308,30,23,26,21,
12.4322,11,24,18,19,
12.4337,-1,17,14,16,
12.4352,-7,11,8,15,
12.4366,-17,13,19,8,
12.438,-3,6,17,2,
12.4395,17,10,16,0,
12.4409,34,25,30,19,
12.4423,34,25,30,19,
12.4438,31,24,35,20,
12.4452,33,34,33,29,
12.4466,42,30,36,34,
12.448,31,18,38,35,
12.4494,14,17,20,19,
12.4508,8,12,11,10,
12.4522,-10,5,8,5,
12.4535,-11,-2,6,-3,
12.4549,-17,-1,20,-6,
12.4563,-7,4,26,3,
12.4576,25,15,32,26,
12.459,39,12,32,35,
12.4604,39,12,32,35,
12.4618,37,23,21,34,
12.4632,43,38,24,34,
12.4646,28,40,28,30,
12.4659,20,20,28,15,
12.4673,8,14,20,21,
12.4687,-11,21,22,19,
12.47,-10,8,17,6,
12.4715,-2,1,11,6,
12.4728,-7,14,15,16,
12.4742,29,20,29,19,
12.4756,29,20,29,19,
12.4769,27,23,23,29,
12.4783,34,25,24,37,
12.4797,43,29,29,32,
12.481,40,24,33,30,
12.4824,22,19,22,33,
12.4838,5,4,20,26,
12.4851,-9,7,21,16,
12.4865,-9,7,21,16,
12.4879,-6,13,15,12,
12.4892,-6,13,15,12,
12.4906,-17,6,9,19,
12.492,-1,21,29,21,
12.4934,27,21,35,28,
12.4948,39,22,39,32,
12.4961,38,34,44,31,
12.4975,29,23,34,26,
12.4989,28,20,23,20,
12.5002,12,8,32,20,
12.5016,11,17,24,9,
12.503,11,17,24,9,
12.5043,-15,13,9,7,
12.5057,-15,13,9,7,
12.5071,-13,12,16,7,
12.5085,-5,4,15,2,
12.5099,19,18,21,17,
12.5112,30,28,28,22,
12.5126,31,24,35,29,
12.5139,37,31,42,25,
12.5153,32,29,36,28,
12.5167,24,27,23,35,
12.5181,18,23,27,32,
12.5195,5,19,19,19,
12.5208,-8,8,16,11,
12.5222,-13,-5,17,7,
12.5236,-18,0,7,6,
12.5249,-9,8,6,17,
12.5263,18,21,17,22,
12.5277,42,27,20,28,
12.529,40,24,19,34,
12.5304,40,29,17,37,
12.5318,40,29,17,37,
12.5332,31,33,17,29,
12.5346,35,33,19,28,
12.5359,12,30,18,27,
12.5373,-1,19,20,26,
12.5387,-1,19,20,26,
12.54,-8,4,8,22,
12.5414,8,-3,3,24,
12.5427,-4,4,12,24,
12.5441,22,18,20,20,
12.5454,27,28,27,22,
12.5468,37,37,22,27,
12.5482,37,37,22,27,
12.5495,42,36,24,28,
12.5509,47,29,20,25,
12.5523,30,26,23,24,
12.5536,4,11,19,25,
12.555,3,9,10,31,
12.5564,3,9,10,31,
12.5578,-4,11,3,10,
12.5591,-8,7,6,5,
12.5605,-1,20,8,7,
12.5619,26,20,23,19,
12.5632,26,20,23,19,
12.5646,26,20,23,19,
12.566,40,27,28,25,
12.5674,37,35,34,33,
12.5687,20,28,27,36,
12.5701,6,14,29,26,
12.5715,6,14,29,26,
12.5728,-6,2,32,28,
12.5742,-11,-7,23,22,
12.5756,-1,2,14,6,
12.5769,-5,2,8,6,
12.5783,13,11,21,15,
12.5797,27,22,37,31,
12.581,27,22,37,31,
12.5824,21,32,36,24,
12.5837,37,34,36,30,
12.5851,24,33,31,30,
12.5865,34,26,25,30,
12.5879,25,11,31,29,
12.5893,6,17,29,17,
12.5906,6,17,29,17,
12.592,-9,17,19,14,
12.5933,-4,13,15,16,
12.5947,10,8,15,9,
12.5961,4,11,19,11,
12.5974,11,25,28,24,
12.5988,29,32,29,23,
12.6001,30,29,25,26,
12.6015,31,42,32,37,
12.6029,27,33,33,29,
12.6043,24,19,25,31,
12.6056,0,16,17,20,
12.607,10,14,11,14,
12.6084,-4,13,9,18,
12.6097,-4,13,9,18,
12.6111,-9,24,11,19,
12.6125,2,25,22,18,
12.6138,11,26,25,18,
12.6152,21,24,23,19,
12.6166,26,26,24,21,
12.6179,34,28,27,28,
12.6193,34,27,46,25,
12.6207,18,32,43,27,
12.6221,18,32,43,27,
12.6235,6,16,32,20,
12.6248,-4,13,24,19,
12.6262,-7,16,19,22,
12.6276,0,7,24,16,
12.629,7,5,23,19,
12.6303,7,5,23,19,
12.6317,3,14,22,23,
12.6331,30,36,35,22,
12.6345,29,32,35,24,
12.6359,38,44,35,25,
12.6372,29,28,25,37,
12.6386,29,28,25,37,
12.64,15,30,27,27,
12.6413,16,23,24,19,
12.6427,12,24,9,23,
12.6441,-7,11,17,24,
12.6454,-13,10,13,7,
12.6468,-13,10,13,7,
12.6482,4,20,24,9,
12.6495,22,19,28,21,
12.6509,23,19,30,29,
12.6523,34,17,29,32,
12.6536,38,23,34,35,
12.655,42,35,33,37,
12.6563,32,36,24,30,
12.6577,8,28,14,22,
12.659,-8,5,9,18,
12.6604,-8,5,9,18,
12.6618,-13,8,11,22,
12.6631,-13,8,11,22,
12.6645,-5,9,19,23,
12.6658,3,21,29,28,
12.6671,26,33,30,38,
12.6684,41,47,35,36,
12.6698,41,47,35,36,
12.6712,56,40,37,29,
12.6726,20,19,17,37,
12.6739,19,16,27,27,
12.6752,20,5,29,30,
12.6766,15,18,21,34,
12.6779,15,18,21,34,
12.6793,-2,17,19,21,
12.6807,-14,12,25,10,
12.6821,1,20,24,32,
12.6836,11,26,28,25,
12.685,40,33,34,29,
12.6864,48,35,39,32,
12.6877,46,34,44,32,
12.6889,40,35,42,40,
12.6903,16,26,30,33,
12.6917,8,19,21,34,
12.693,8,19,21,34,
12.6944,14,21,20,27,
12.6958,15,18,23,29,
12.6972,3,12,25,26,
12.6985,2,7,24,15,
12.6999,0,13,29,28,
12.7013,0,13,29,28,
12.7027,32,22,24,33,
12.704,48,24,28,38,
12.7054,50,26,37,48,
12.7068,46,31,40,45,
12.7081,21,29,28,29,
12.7095,21,29,28,29,
12.7108,14,28,21,28,
12.7121,14,28,21,28,
12.7134,-1,12,26,24,
12.7148,-1,12,28,18,
12.7162,10,20,26,30,
12.7176,12,22,24,29,
12.719,30,31,25,35,
12.7203,33,42,33,37,
12.7217,56,47,28,54,
12.7231,60,48,28,54,
12.7244,55,49,36,49,
12.7258,42,42,43,41,
12.7272,17,21,37,38,
12.7285,17,21,37,38,
12.7299,10,18,27,38,
12.7312,-5,7,19,24,
12.7326,2,13,22,28,
12.7339,2,13,22,28,
12.7353,32,32,31,30,
12.7367,41,39,35,38,
12.738,36,34,33,54,
12.7394,51,38,35,67,
12.7407,60,51,41,75,
12.7421,60,51,41,75,
12.7434,60,51,41,75,
12.7448,39,32,53,57,
12.7461,24,26,42,51,
12.7475,13,26,35,57,
12.7489,14,15,27,42,
12.7502,14,15,27,42,
12.7516,9,11,24,47,
12.7529,31,33,25,55,
12.7542,58,33,43,71,
12.7556,60,32,44,81,
12.7569,70,41,62,85,
12.7583,66,36,69,93,
12.7596,66,36,69,93,
12.761,70,45,62,97,
12.7623,22,40,55,95,
12.7637,37,35,46,96,
12.765,38,28,52,97,
12.7664,34,22,52,99,
12.7678,32,33,47,90,
12.7691,32,35,44,94,
12.7705,52,44,54,111,
12.7719,78,50,79,117,
12.7733,80,49,80,125,
12.7746,80,49,80,125,
12.776,85,52,82,123,
12.7774,85,52,82,123,
12.7788,85,55,77,124,
12.7801,66,52,77,136,
12.7815,64,60,83,137,
12.7828,64,60,83,137,
12.7842,55,48,82,137,
12.7856,69,52,89,147,
12.787,86,61,92,156,
12.7883,99,77,108,186,
12.7896,126,81,107,205,
12.791,133,86,104,220,
12.7924,143,91,109,241,
12.7937,143,91,109,241,
12.7951,153,106,116,281,
12.7964,159,102,124,312,
12.7978,168,101,136,338,
12.7991,176,108,169,374,
12.8005,195,133,185,427,
12.8019,208,147,198,486,
12.8033,286,200,255,704,
12.8047,358,241,311,941,
12.806,452,283,430,1833,
12.8074,692,437,652,2054,
12.8087,692,437,652,2054,
12.8101,652,498,622,1468,
12.8114,387,344,418,834,
12.8128,301,267,322,652,
12.8141,240,210,254,522,
12.8155,184,169,207,412,
12.8168,137,132,174,337,
12.8182,98,103,146,273,
12.8195,89,80,123,238,
12.8208,87,68,111,206,
12.8222,106,79,107,182,
12.8235,106,79,107,182,
12.8249,105,84,105,173,
12.8263,110,84,104,171,
12.8278,116,83,101,155,
12.8293,101,78,95,133,
12.8307,89,66,89,127,
12.8321,86,61,78,125,
12.8336,50,59,68,96,
12.8349,50,59,68,96,
12.8363,33,38,69,99,
12.8377,42,32,58,77,
12.8391,44,38,54,66,
12.8404,57,43,61,76,
12.8418,74,46,61,84,
12.8432,83,52,58,75,
12.8446,97,67,69,83,
12.846,92,44,72,78,
12.8474,70,43,70,77,
12.8487,56,48,60,74,
12.8501,55,35,45,70,
12.8514,49,26,38,60,
12.8527,24,24,33,43,
12.8541,24,24,33,43,
12.8554,21,31,38,48,
12.8568,43,38,35,43,
12.8582,43,38,35,43,
12.8595,64,47,38,66,
12.8609,65,46,43,79,
12.8623,70,53,56,87,
12.8636,70,54,53,79,
12.865,58,39,55,68,
12.8663,31,44,59,56,
12.8676,18,39,49,46,
12.8689,8,33,36,40,
12.8704,7,23,22,28,
12.8717,10,17,28,23,
12.8731,16,19,24,25,
12.8744,29,28,29,25,
12.8757,37,38,30,36,
12.8771,49,43,32,46,
12.8785,51,55,50,42,
12.8798,55,42,40,45,
12.8812,58,47,43,46,
12.8826,39,50,43,56,
12.884,39,50,43,56,
12.8853,21,42,46,55,
12.8867,6,29,35,40,
12.888,7,25,22,36,
12.8893,10,28,26,26,
12.8908,7,20,20,36,
12.8921,24,23,31,42,
12.8935,47,36,38,51,
12.8948,46,39,45,56,
12.8962,64,45,46,64,
12.8976,49,45,48,65,
12.8989,49,45,48,65,
12.9002,53,42,54,67,
12.9016,47,29,48,61,
12.9029,24,25,41,41,
12.9043,15,22,45,34,
12.9057,15,18,27,23,
12.9071,16,22,29,28,
12.9085,30,32,24,27,
12.9098,43,39,28,32,
12.9111,57,40,42,48,
12.9125,54,45,39,53,
12.9138,55,50,39,55,
12.9152,52,50,46,62,
12.9165,40,44,40,62,
12.9179,24,44,32,55,
12.9193,17,39,38,47,
12.9207,5,32,31,35,
12.922,13,29,23,34,
12.9234,-3,23,23,19,
12.9247,1,20,31,25,
12.9261,1,20,31,25,
12.9274,44,26,39,35,
12.9288,44,26,39,35,
12.9301,52,35,38,38,
12.9315,55,40,33,55,
12.9328,53,50,28,64,
12.9341,53,50,28,64,
12.9355,35,42,33,53,
12.9369,15,29,31,32,
12.9383,22,19,28,34,
12.9396,-5,12,29,32,
12.941,-5,19,20,31,
12.9423,-5,19,20,31,
12.9437,-5,19,20,31,
12.9451,24,21,22,38,
12.9464,58,49,25,53,
12.9478,68,42,31,46,
12.9491,65,38,34,44,
12.9507,52,38,22,37,
12.952,37,32,29,45,
12.9533,31,29,32,45,
12.9547,19,16,28,23,
12.9561,16,13,25,20,
12.9574,12,8,19,16,
12.9588,3,3,21,26,
12.9601,3,3,21,26,
12.9615,6,7,21,29,
12.9629,10,14,19,33,
12.9643,47,37,36,39,
12.9657,50,31,41,41,
12.9671,45,33,44,46,
12.9685,42,38,43,46,
12.9698,34,39,42,42,
12.9713,24,27,41,45,
12.9727,25,13,32,40,
12.974,0,6,28,34,
12.9753,-10,15,32,34,
12.9767,-10,15,32,34,
12.978,6,10,28,37,
12.9794,20,17,32,38,
12.9808,40,23,43,51,
12.9821,41,41,47,51,
12.9835,46,54,52,50,
12.9848,46,54,52,50,
12.9862,38,34,47,45,
12.9876,34,37,47,42,
12.9889,18,29,42,38,
12.9903,9,18,36,29,
12.9916,11,22,24,19,
12.9929,4,17,16,20,
12.9943,-3,19,17,22,
12.9956,16,22,19,29,
12.997,32,32,31,39,
12.9984,46,39,29,43,
12.9997,59,44,46,47,
13.001,59,44,46,47,
13.0024,58,37,41,48,
13.0038,43,41,47,32,
13.0051,43,41,47,32,
13.0064,17,22,39,28,
13.0078,10,25,29,34,
13.0091,-14,9,26,28,
13.0105,-14,9,26,28,
13.0119,-2,12,22,14,
13.0132,24,11,27,27,
13.0145,32,11,29,30,
13.0159,27,31,32,29,
13.0172,50,32,42,39,
13.0187,50,32,42,39,
13.02,40,42,41,42,
13.0214,28,42,46,47,
13.0228,20,33,45,40,
13.0242,23,23,35,28,
13.0255,16,22,30,33,
13.027,1,14,24,34,
13.0284,-8,11,27,20,
13.0298,10,4,25,12,
13.0312,38,11,26,25,
13.0327,46,24,33,40,
13.034,38,24,36,37,
13.0354,47,38,34,42,
13.0368,47,38,34,42,
13.0382,46,42,43,51,
13.0396,36,24,35,47,
13.0409,15,25,25,32,
13.0423,19,22,24,31,
13.0437,8,7,17,15,
13.0451,8,7,17,15,
13.0465,19,2,19,20,
13.0479,32,14,23,22,
13.0492,32,14,23,22,
13.0507,41,19,35,22,
13.0521,49,40,28,38,
13.0534,49,40,28,38,
13.0548,56,40,29,40,
13.0561,38,38,44,42,
13.0575,17,30,40,38,
13.0589,15,19,31,24,
13.0603,-2,7,9,27,
13.0617,-2,7,9,27,
13.0632,-8,8,9,21,
13.0645,1,19,11,25,
13.0659,9,24,30,22,
13.0672,26,29,42,26,
13.0686,67,28,50,42,
13.07,67,27,46,47,
13.0713,67,27,46,47,
13.0727,52,36,52,41,
13.0741,31,32,39,31,
13.0755,15,25,29,28,
13.0768,14,28,22,31,
13.0781,14,28,22,31,
13.0795,14,28,22,31,
13.0808,-6,19,23,22,
13.0822,10,12,11,13,
13.0836,26,17,15,25,
13.085,44,20,28,31,
13.0863,47,30,42,32,
13.0877,47,30,42,32,
13.089,44,35,47,44,
13.0904,36,35,36,31,
13.0918,20,27,27,25,
13.0931,20,27,27,25,
13.0945,18,26,27,28,
13.0959,-1,13,10,20,
13.0972,-1,13,10,20,
13.0985,1,12,15,22,
13.0999,6,13,18,25,
13.1013,22,33,31,30,
13.1027,36,38,43,34,
13.1041,46,32,47,29,
13.1054,56,36,41,39,
13.1068,54,32,34,35,
13.1081,39,29,45,36,
13.1095,31,23,35,38,
13.1109,8,19,17,37,
13.1122,5,11,11,30,
13.1136,0,11,17,27,
13.1149,-5,14,16,27,
13.1163,5,7,13,22,
13.1176,17,22,32,25,
13.119,34,29,35,28,
13.1204,50,34,28,31,
13.1218,56,51,34,37,
13.1231,56,51,34,37,
13.1244,51,48,43,40,
13.1258,49,40,49,39,
13.1272,34,36,34,28,
13.1285,24,24,27,21,
13.1299,23,23,17,22,
13.1312,9,22,9,24,
13.1326,4,17,16,19,
13.134,7,15,24,22,
13.1353,32,18,29,37,
13.1367,32,18,29,37,
13.1381,51,19,31,42,
13.1394,63,32,25,51,
13.1407,70,38,34,59,
13.1421,46,33,42,46,
13.1435,38,34,31,40,
13.1448,1,25,30,33,
13.1462,1,28,24,29,
13.1475,1,28,24,29,
13.1489,-16,-1,9,6,
13.1503,-13,1,7,9,
13.1516,1,4,7,18,
13.153,20,17,19,32,
13.1544,43,38,24,40,
13.1558,56,42,30,38,
13.1571,56,42,30,38,
13.1584,49,47,40,45,
13.1598,41,39,37,43,
13.1611,20,35,28,43,
13.1625,11,20,31,25,
13.1639,9,19,36,25,
13.1652,9,19,36,25,
13.1666,9,19,36,25,
13.1679,-5,13,20,21,
13.1693,-7,6,13,30,
13.1707,11,7,22,34,
13.172,32,19,34,39,
13.1734,32,19,34,39,
13.1748,39,19,33,44,
13.1762,29,34,37,41,
13.1776,33,34,41,37,
13.1789,17,23,32,26,
13.1803,2,20,23,23,
13.1817,0,23,29,22,
13.1831,0,23,29,22,
13.1845,5,21,9,20,
13.1858,6,13,20,17,
13.1872,9,6,30,17,
13.1886,46,19,39,35,
13.1899,55,36,44,36,
13.1913,55,36,44,36,
13.1927,70,45,43,49,
13.1941,54,36,40,43,
13.1954,44,38,35,37,
13.1968,27,33,34,40,
13.1982,2,13,25,19,
13.1996,12,9,23,20,
13.2009,12,9,23,20,
13.2023,-5,13,30,8,
13.2037,4,17,20,12,
13.205,17,22,15,20,
13.2064,57,26,26,30,
13.2077,52,30,27,34,
13.2091,52,30,27,34,
13.2104,52,30,27,34,
13.2117,45,38,26,35,
13.2131,28,26,28,32,
13.2144,31,30,24,32,
13.2158,18,30,30,28,
13.2172,-1,29,23,21,
13.2185,4,14,17,23,
13.2199,5,9,19,10,
13.2212,16,23,18,17,
13.2226,33,26,20,30,
13.224,41,31,26,28,
13.2254,41,31,26,28,
13.2268,43,41,25,36,
13.2282,48,43,35,47,
13.2296,47,27,36,47,
13.2309,45,14,22,45,
13.2323,16,5,22,29,
13.2336,-4,8,28,15,
13.235,-4,8,28,15,
13.2364,-14,7,16,14,
13.2377,9,0,20,14,
13.2391,9,0,20,14,
13.2405,21,24,32,17,
13.2419,26,32,38,34,
13.2433,41,28,38,40,
13.2447,64,41,39,47,
13.246,60,48,38,40,
13.2474,46,36,28,36,
13.2488,22,30,23,37,
13.2501,2,20,27,35,
13.2515,6,16,21,27,
13.2528,5,11,9,20,
13.2542,5,11,9,20,
13.2556,-3,20,20,20,
13.257,13,23,20,18,
13.2583,24,24,18,16,
13.2597,30,35,30,26,
13.261,48,44,40,25,
13.2624,63,45,42,33,
13.2637,51,40,27,34,
13.2651,28,25,25,43,
13.2664,28,25,25,43,
13.2678,25,17,23,31,
13.2691,6,10,16,29,
13.2704,-21,12,17,26,
13.2718,-21,12,17,26,
13.2731,-10,11,18,19,
13.2745,27,24,27,24,
13.2759,27,24,27,24,
13.2772,45,37,41,28,
13.2785,54,33,45,42,
13.2799,56,33,42,42,
13.2812,46,40,33,41,
13.2826,29,42,38,39,
13.284,21,21,30,29,
13.2853,15,9,15,35,
13.2867,21,9,13,30,
13.2881,4,12,18,13,
13.2894,-8,6,11,5,
13.2908,-14,6,12,11,
13.2922,-4,11,11,23,
13.2935,24,29,23,34,
13.2948,38,36,30,43,
13.2962,56,37,41,34,
13.2975,61,31,42,36,
13.2989,51,28,36,32,
13.3003,27,26,29,31,
13.3016,27,26,29,31,
13.303,11,29,27,31,
13.3043,12,22,23,32,
13.3057,-14,11,20,14,
13.307,3,16,19,15,
13.3083,10,16,13,9,
13.3097,10,16,13,9,
13.311,38,34,30,26,
13.3124,43,30,31,37,
13.3137,48,38,40,46,
13.3151,39,35,34,40,
13.3165,39,35,34,40,
13.3179,18,32,27,39,
13.3193,17,19,30,39,
13.3206,3,14,32,32,
13.322,2,11,20,24,
13.3234,-11,3,10,5,
13.3247,-10,8,15,15,
13.326,-10,8,15,15,
13.3274,-2,15,21,16,
13.3288,35,40,38,26,
13.3302,46,40,35,39,
13.3315,59,49,32,44,
13.3328,41,40,31,36,
13.3342,24,30,37,33,
13.3355,24,30,37,33,
13.3369,17,20,37,38,
13.3383,10,19,19,20,
13.3396,-6,13,15,14,
13.341,0,15,7,14,
13.3424,2,11,9,14,
13.3438,13,22,24,9,
13.3451,21,27,26,9,
13.3465,51,29,39,25,
13.3478,60,43,44,31,
13.3492,60,43,44,31,
13.3505,60,48,43,38,
13.3518,46,31,39,34,
13.3532,29,20,38,26,
13.3546,26,15,32,30,
13.356,-2,21,21,25,
13.3573,-14,10,14,15,
13.3587,-5,14,7,14,
13.3601,5,16,17,23,
13.3614,8,24,21,19,
13.3628,28,32,22,31,
13.3642,34,38,30,36,
13.3655,42,33,33,42,
13.3669,43,34,30,42,
13.3683,47,29,32,35,
13.3697,38,23,28,37,
13.371,28,17,20,30,
13.3724,18,26,22,26,
13.3737,3,11,18,18,
13.3751,-7,6,17,19,
13.3765,-7,6,17,19,
13.3779,7,5,10,26,
13.3793,15,18,25,30,
13.3806,41,33,33,27,
13.382,44,32,32,34,
13.3833,47,38,33,43,
13.3847,47,38,33,43,
13.3861,38,28,48,39,
13.3874,34,23,44,30,
13.3888,24,15,40,30,
13.3902,3,8,14,20,
13.3915,-15,2,13,16,
13.3929,-15,2,13,16,
13.3942,-12,7,19,20,
13.3956,6,4,19,14,
13.3969,17,9,24,16,
13.3983,32,22,25,29,
13.3996,41,34,33,48,
13.4009,41,34,33,48,
13.4023,61,38,37,40,
13.4036,44,37,34,33,
13.4049,16,25,36,39,
13.4063,3,18,17,28,
13.4077,4,26,11,18,
13.409,-6,24,18,12,
13.4103,-6,24,18,12,
13.4116,-1,3,26,13,
13.413,2,2,28,8,
13.4143,36,15,17,26,
13.4157,46,34,25,26,
13.417,43,38,27,29,
13.4184,45,30,33,42,
13.4197,37,30,38,39,
13.421,37,34,49,38,
13.4224,18,31,39,38,
13.4237,15,27,31,22,
13.4251,15,27,31,22,
13.4265,15,27,31,22,
13.4278,-13,17,17,7,
13.4292,-8,14,13,3,
13.4307,5,13,12,1,
13.4321,35,31,21,21,
13.4337,35,31,21,21,
13.4352,31,35,24,35,
13.4365,41,40,31,34,
13.4381,41,40,31,34,
13.4396,25,24,22,36,
13.441,20,21,23,37,
13.4424,0,20,28,22,
13.4438,0,20,28,22,
13.4452,-10,7,22,13,
13.4466,2,6,10,8,
13.448,13,16,10,14,
13.4493,25,17,16,32,
13.4508,50,29,26,39,
13.4522,50,29,26,39,
13.4535,50,29,26,39,
13.455,64,28,27,49,
13.4563,36,36,27,46,
13.4576,27,27,18,37,
13.4589,16,12,20,35,
13.4602,7,12,19,22,
13.4615,7,12,19,22,
13.4628,-16,0,18,13,
13.4642,-12,-10,24,10,
13.4656,16,8,30,16,
13.467,41,19,28,29,
13.4684,44,27,27,33,
13.4697,44,27,27,33,
13.4711,50,33,28,36,
13.4725,58,39,29,41,
13.4739,35,38,37,38,
13.4753,19,36,37,28,
13.4767,2,33,21,19,
13.4781,2,27,20,25,
13.4794,-8,4,14,24,
13.4808,-16,9,19,18,
13.4822,16,16,25,13,
13.4836,34,21,31,22,
13.4849,34,21,31,22,
13.4863,32,25,27,47,
13.4877,32,25,27,47,
13.489,52,38,40,51,
13.4903,48,45,38,47,
13.4916,23,39,25,39,
13.493,23,39,25,39,
13.4943,18,35,23,24,
13.4957,-3,14,26,16,
13.497,1,9,11,12,
13.4984,10,5,2,8,
13.4997,10,15,9,15,
13.5011,12,17,27,32,
13.5025,29,22,39,30,
13.5038,33,26,36,28,
13.5051,49,39,39,34,
13.5065,49,39,39,34,
13.5079,46,43,39,43,
13.5092,46,43,39,43,
13.5107,18,30,34,22,
13.512,3,29,27,24,
13.5134,-1,27,22,26,
13.5148,-10,19,20,25,
13.5161,-7,8,22,17,
13.5175,-6,9,17,19,
13.5188,35,31,26,25,
13.5202,33,23,39,28,
13.5215,50,28,43,38,
13.5229,58,35,46,49,
13.5242,58,35,46,49,
13.5256,51,26,40,53,
13.527,27,13,31,29,
13.5284,7,9,29,27,
13.5298,6,6,22,25,
13.5311,-10,18,15,20,
13.5325,-15,17,13,14,
13.5339,-6,14,14,16,
13.5353,10,9,16,26,
13.5367,31,28,36,28,
13.538,39,33,29,35,
13.5394,39,33,29,35,
13.5408,46,30,31,41,
13.5422,40,30,36,44,
13.5436,35,36,24,36,
13.545,24,27,37,34,
13.5463,20,14,26,22,
13.5477,20,14,26,22,
13.549,-5,14,28,13,
13.5503,-14,19,23,17,
13.5516,-1,29,13,20,
13.553,22,30,16,23,
13.5543,35,24,28,28,
13.5557,35,24,28,28,
13.557,45,24,33,39,
13.5585,61,32,39,47,
13.5599,52,41,41,44,
13.5612,34,33,36,33,
13.5626,5,16,29,22,
13.564,5,16,29,22,
13.5653,2,20,27,20,
13.5667,-7,20,25,19,
13.5681,-12,9,20,9,
13.5694,4,24,23,15,
13.5708,21,20,19,21,
13.5721,43,26,25,34,
13.5735,44,33,25,34,
13.5748,44,33,25,34,
13.5762,31,35,35,35,
13.5775,25,39,33,37,
13.5789,19,32,26,28,
13.5801,19,32,26,28,
13.5815,6,20,36,16,
13.5829,8,28,29,25,
13.5842,-4,15,18,17,
13.5855,-12,11,12,13,
13.5869,19,21,23,25,
13.5882,19,21,23,25,
13.5895,19,21,23,25,
13.5908,34,27,37,45,
13.5922,41,35,43,50,
13.5936,42,40,44,49,
13.595,40,33,36,37,
13.5964,40,33,36,37,
13.5977,25,18,24,30,
13.599,9,8,16,26,
13.6004,-15,2,11,10,
13.6017,-18,0,7,13,
13.6031,-9,8,20,14,
13.6045,1,25,21,16,
13.6059,1,25,21,16,
13.6072,8,35,30,31,
13.6086,33,31,42,30,
13.61,52,36,43,33,
13.6113,49,29,32,41,
13.6127,29,28,27,34,
13.6141,12,27,25,36,
13.6155,0,29,30,31,
13.6168,-7,16,28,22,
13.6182,-8,3,27,11,
13.6196,-8,3,27,11,
13.6209,-13,1,18,15,
13.6223,-2,10,22,20,
13.6236,17,14,22,27,
13.625,28,20,33,25,
13.6264,38,29,34,32,
13.6278,36,36,41,39,
13.6291,24,38,41,43,
13.6305,29,30,36,38,
13.6319,18,25,21,33,
13.6333,11,22,20,23,
13.6347,10,20,20,19,
13.636,-9,15,18,21,
13.6375,-17,10,17,22,
13.6389,-8,7,20,19,
13.6403,3,22,14,20,
13.6416,21,36,25,31,
13.643,37,40,27,34,
13.6446,52,40,45,44,
13.646,44,28,44,34,
13.6473,37,24,41,32,
13.6487,37,24,41,32,
13.65,27,22,32,33,
13.6514,12,22,23,26,
13.6528,0,12,14,18,
13.6541,-14,3,12,22,
13.6555,-10,7,8,24,
13.6568,-5,4,15,15,
13.6582,6,11,21,10,
13.6595,23,20,28,28,
13.6608,51,45,31,47,
13.6622,52,51,29,49,
13.6636,35,47,35,45,
13.6648,35,47,35,45,
13.6662,27,39,29,42,
13.6676,17,18,22,40,
13.6689,5,10,21,29,
13.6702,-19,11,20,16,
13.6716,-19,11,20,16,
13.673,-15,20,21,11,
13.6743,3,22,22,16,
13.6757,35,33,24,25,
13.677,38,38,37,23,
13.6783,34,38,43,35,
13.6797,50,32,43,50,
13.681,37,28,32,41,
13.6823,37,28,32,41,
13.6837,38,28,29,32,
13.685,7,21,29,24,
13.6864,0,28,33,27,
13.6878,-7,19,31,20,
13.6891,-15,6,21,8,
13.6905,-9,4,24,4,
13.6919,13,12,29,8,
13.6932,42,20,36,33,
13.6946,47,36,42,34,
13.696,39,40,38,37,
13.6973,39,40,38,37,
13.6987,34,35,34,42,
13.7,35,31,26,41,
13.7014,32,18,20,39,
13.7028,9,7,21,28,
13.7041,1,9,28,17,
13.7055,1,9,28,17,
13.7069,-9,2,17,9,
13.7082,-1,9,21,3,
13.7096,13,15,29,15,
13.7109,46,40,43,22,
13.7123,46,40,43,22,
13.7137,38,46,40,33,
13.7151,50,44,44,42,
13.7165,40,44,49,42,
13.7178,22,40,45,38,
13.7191,22,37,27,35,
13.7205,-6,5,33,24,
13.7219,-6,5,33,24,
13.7233,-18,3,13,16,
13.7247,-19,-8,8,5,
13.726,-13,6,22,8,
13.7274,-1,21,27,24,
13.7287,27,32,29,27,
13.7301,27,32,29,27,
13.7314,27,37,35,32,
13.7328,39,41,37,48,
13.7342,27,34,36,44,
13.7355,13,25,29,38,
13.7369,5,13,19,28,
13.7382,9,3,20,26,
13.7396,8,13,26,23,
13.741,8,13,26,23,
13.7423,-6,10,16,26,
13.7437,5,12,22,23,
13.745,19,14,29,29,
13.7464,33,28,26,36,
13.7477,48,24,24,40,
13.7491,49,30,38,35,
13.7505,49,30,38,35,
13.7519,23,28,35,26,
13.7533,9,20,26,20,
13.7546,9,20,26,20,
13.756,-8,-2,20,27,
13.7573,-20,2,20,19,
13.7587,-30,14,14,11,
13.7601,-16,19,15,11,
13.7614,8,16,19,9,
13.7628,31,16,27,22,
13.7642,35,33,28,28,
13.7655,40,37,27,36,
13.7669,40,37,27,36,
13.7682,28,37,32,32,
13.7696,34,29,33,28,
13.771,19,25,24,21,
13.7723,7,12,21,22,
13.7737,-6,7,12,25,
13.7751,-6,7,12,25,
13.7764,-6,3,20,20,
13.7778,-2,13,19,20,
13.7792,11,31,13,29,
13.7806,19,31,28,27,
13.7819,19,39,28,28,
13.7833,28,35,27,29,
13.7847,46,33,33,33,
13.7861,41,28,32,36,
13.7874,28,26,26,36,
13.7888,11,29,25,28,
13.7901,0,25,27,19,
13.7915,-12,27,34,15,
13.7928,-21,20,32,15,
13.7942,-12,21,27,14,
13.7955,4,21,20,5,
13.7969,21,30,23,17,
13.7982,20,31,34,21,
13.7996,20,31,34,21,
13.8009,41,28,40,26,
13.8023,47,29,45,33,
13.8037,24,25,46,31,
13.805,18,21,38,23,
13.8064,8,22,36,15,
13.8078,8,22,36,15,
13.8092,4,21,26,27,
13.8106,-7,-1,26,18,
13.8119,-8,0,23,13,
13.8132,-4,12,21,16,
13.8146,31,38,34,19,
13.8159,31,38,34,19,
13.8173,30,40,33,31,
13.8187,42,46,29,28,
13.82,37,40,33,25,
13.8213,34,43,45,31,
13.8227,37,37,46,22,
13.8241,30,27,38,22,
13.8254,16,15,24,19,
13.8269,-11,21,20,-3,
13.8283,-1,18,14,2,
13.8297,-6,19,7,2,
13.8311,17,24,26,19,
13.8324,17,24,26,19,
13.8338,17,24,26,19,
13.8352,43,32,38,18,
13.8366,40,32,36,33,
13.838,30,23,40,35,
13.8393,27,25,43,23,
13.8407,10,31,44,19,
13.8421,-1,25,30,11,
13.8435,2,13,33,5,
13.8448,-15,3,15,7,
13.8462,-24,11,12,-2,
13.8475,-4,6,15,5,
13.8488,7,4,27,10,
13.8502,7,4,27,10,
13.8515,21,23,29,22,
13.8528,21,33,38,25,
13.8542,34,28,65,32,
13.8555,32,39,63,33,
13.8568,32,39,63,33,
13.8581,15,36,38,18,
13.8595,3,28,24,6,
13.8608,-5,16,23,3,
13.8622,-13,6,21,4,
13.8635,-11,9,18,2,
13.8649,-6,8,24,7,
13.8662,15,9,25,4,
13.8676,24,26,30,12,
13.8689,33,35,39,24,
13.8703,48,36,45,34,
13.8716,58,44,44,26,
13.873,40,33,44,30,
13.8743,31,33,44,30,
13.8757,12,36,43,26,
13.877,5,7,43,17,
13.8784,5,4,25,9,
13.8798,-11,11,17,0,
13.8812,-11,11,17,0,
13.8826,-6,10,19,4,
13.8839,-6,10,21,11,
13.8852,14,23,26,11,
13.8866,35,49,31,21,
13.8879,49,53,38,22,
13.8893,47,35,33,27,
13.8906,39,33,31,26,
13.892,25,22,32,25,
13.8934,15,20,31,16,
13.8947,-4,20,30,6,
13.8961,-14,16,19,0,
13.8975,-14,16,19,0,
13.8988,-14,16,19,0,
13.9002,2,16,13,12,
13.9016,11,26,23,17,
13.9029,28,37,29,20,
13.9043,31,30,34,25,
13.9057,47,34,49,30,
13.9071,41,43,44,19,
13.9084,32,35,33,9,
13.9098,14,28,30,6,
13.9112,14,28,30,6,
13.9126,7,20,17,4,
13.9139,1,9,9,4,
13.9153,-3,2,14,-11,
13.9167,-8,6,13,-12,
13.9181,-7,4,25,-7,
13.9194,9,18,26,6,
13.9208,27,31,26,17,
13.9222,42,39,46,28,
13.9235,40,43,39,25,
13.9248,40,43,39,25,
13.9262,25,35,28,21,
13.9275,12,34,21,26,
13.9288,12,35,32,24,
13.9302,10,18,36,21,
13.9316,-5,8,21,7,
13.9329,-11,5,17,7,
13.9343,-11,5,17,7,
13.9356,19,14,22,8,
13.9369,38,19,25,18,
13.9383,31,20,29,21,
13.9397,40,38,46,30,
13.941,48,44,51,28,
13.9424,48,44,51,28,
13.9437,44,37,57,23,
13.9451,16,19,50,13,
13.9465,0,23,36,5,
13.9478,5,17,33,8,
13.9492,-1,9,32,-2,
13.9506,-12,-1,22,-6,
13.952,-3,0,11,-10,
13.9533,34,23,19,-3,
13.9547,42,28,24,13,
13.9561,42,28,24,13,
13.9574,46,42,32,24,
13.9588,46,42,32,24,
13.9602,42,34,32,18,
13.9615,32,28,36,16,
13.9629,18,19,34,10,
13.9642,3,15,34,10,
13.9656,3,15,34,10,
13.967,-12,11,31,6,
13.9683,-5,7,16,6,
13.9697,0,1,13,13,
13.971,30,32,29,16,
13.9724,30,32,29,16,
13.9738,30,27,36,15,
13.9751,47,30,34,18,
13.9765,54,44,32,22,
13.9778,37,45,34,22,
13.9792,28,33,32,20,
13.9806,24,27,27,22,
13.982,16,30,21,18,
13.9834,19,24,18,21,
13.9848,-11,16,15,3,
13.9861,-2,13,19,3,
13.9875,2,14,22,3,
13.9888,23,26,34,5,
13.9902,39,30,42,14,
13.9916,45,38,43,29,
13.9929,28,25,28,31,
13.9944,26,29,26,30,
13.9958,26,29,26,30,
13.9971,19,23,32,27,
13.9985,8,26,25,13,
13.9999,6,18,19,-3,
14.0012,7,11,12,-8,
14.0026,1,9,9,-4,
14.004,18,7,14,-6,
14.0053,18,7,14,-6,
14.0067,28,31,16,5,
14.0081,39,42,24,19,
14.0094,39,42,24,19,
14.0108,44,46,29,21,
14.0122,44,42,28,26,
14.0135,31,38,24,14,
14.0149,8,26,29,5,
14.0163,10,14,16,6,
14.0176,10,9,11,2,
14.019,2,13,16,-3,
14.0204,-5,11,9,-19,
14.0217,-5,11,9,-19,
14.0231,8,14,23,-9,
14.0245,25,27,26,-1,
14.0259,39,36,27,2,
14.0274,44,45,38,16,
14.0288,29,31,41,11,
14.0301,16,33,30,11,
14.0315,16,33,30,11,
14.0328,4,16,21,-1,
14.0341,6,10,27,-3,
14.0355,-6,11,21,-12,
14.0368,-12,7,20,-12,
14.0382,-16,2,15,-8,
14.0395,-16,2,15,-8,
14.0409,-1,13,32,-1,
14.0422,35,19,28,6,
14.0436,29,16,35,2,
14.045,37,38,40,18,
14.0463,40,40,46,25,
14.0477,24,32,40,15,
14.0491,24,32,40,15,
14.0505,0,24,27,5,
14.0518,0,21,24,0,
14.0532,-3,27,19,-10,
14.0546,-18,12,5,-22,
14.0559,2,10,8,-17,
14.0573,2,10,8,-17,
14.0587,10,21,15,-6,
14.06,28,31,42,21,
14.0613,27,30,48,21,
14.0627,39,26,43,21,
14.064,30,24,42,19,
14.0654,30,24,42,19,
14.0668,24,31,46,14,
14.0681,11,35,40,10,
14.0695,2,20,32,-1,
14.0707,-3,0,28,1,
14.0721,-14,-8,22,2,
14.0734,-21,6,15,2,
14.0748,2,20,22,8,
14.0761,9,17,37,9,
14.0775,27,24,46,14,
14.0788,40,33,49,29,
14.0802,47,31,42,23,
14.0815,35,34,51,23,
14.0827,35,34,51,23,
14.0841,20,39,43,27,
14.0854,25,25,38,18,
14.0868,17,18,34,12,
14.0882,-8,4,22,5,
14.0895,-8,4,22,5,
14.0909,-15,0,18,7,
14.0922,25,16,26,6,
14.0936,36,28,26,15,
14.0949,47,38,32,14,
14.0963,56,49,42,15,
14.0977,55,42,53,23,
14.099,33,36,52,18,
14.1004,23,30,52,13,
14.1017,18,14,38,16,
14.1031,5,15,23,14,
14.1045,0,21,12,10,
14.1059,-11,19,8,-2,
14.1072,-21,10,11,-14,
14.1086,-2,3,9,-16,
14.1099,5,15,16,-9,
14.1113,40,35,28,12,
14.1126,40,35,28,12,
14.114,45,32,42,9,
14.1154,33,39,39,12,
14.1167,38,38,37,21,
14.1181,38,38,37,21,
14.1195,11,11,36,8,
14.1208,5,8,31,-1,
14.1222,5,8,31,-1,
14.1235,-20,17,22,-4,
14.1249,-21,10,18,-11,
14.1263,-11,2,26,-17,
14.1276,14,6,28,-12,
14.1289,46,34,43,3,
14.1303,46,34,43,3,
14.1317,47,42,45,13,
14.1331,40,47,35,19,
14.1344,29,40,43,20,
14.1357,35,26,48,24,
14.1371,21,19,45,22,
14.1384,0,13,34,12,
14.1398,-7,20,32,2,
14.1411,-4,22,32,2,
14.1425,-6,11,11,-10,
14.1439,8,23,16,-9,
14.1453,28,34,31,-2,
14.1466,42,37,43,2,
14.148,42,37,43,2,
14.1493,33,30,45,12,
14.1507,49,42,46,24,
14.1521,36,39,51,30,
14.1534,28,27,43,22,
14.1548,9,20,24,21,
14.1562,3,21,16,12,
14.1575,-10,12,24,-1,
14.1588,-5,3,14,1,
14.1602,2,8,30,1,
14.1616,10,23,28,5,
14.1629,10,23,28,5,
14.1643,42,32,32,18,
14.1656,56,28,32,28,
14.167,52,39,35,34,
14.1684,38,43,49,30,
14.1697,33,40,43,20,
14.1711,22,22,23,20,
14.1725,10,23,28,17,
14.1738,0,22,24,8,
14.1751,-6,18,22,-2,
14.1765,-5,18,15,-1,
14.1778,-1,11,18,3,
14.1792,5,13,24,3,
14.1805,32,35,30,10,
14.1818,32,35,30,10,
14.1832,43,39,42,18,
14.1846,51,39,46,19,
14.1859,43,25,43,20,
14.1873,28,37,37,17,
14.1886,10,21,34,16,
14.1899,10,21,34,16,
14.1913,11,13,30,13,
14.1926,-4,11,27,6,
14.194,-20,6,22,-3,
14.1953,-26,12,19,0,
14.1967,-1,10,24,5,
14.198,11,24,29,8,
14.1993,39,35,28,15,
14.2007,46,36,31,20,
14.202,45,26,55,27,
14.2034,41,29,57,23,
14.2048,41,29,57,23,
14.2061,22,42,49,15,
14.2074,20,22,38,13,
14.2088,16,18,31,2,
14.2101,-1,13,23,2,
14.2114,-9,10,15,10,
14.2128,-9,10,15,10,
14.2141,-8,18,21,4,
14.2154,-2,23,19,-1,
14.2168,37,33,34,6,
14.2181,34,27,38,10,
14.2195,52,33,47,22,
14.2208,59,29,54,25,
14.2222,49,23,52,22,
14.2235,36,28,46,15,
14.2248,19,24,39,15,
14.2262,-9,10,21,19,
14.2275,-9,10,21,19,
14.2288,-9,10,21,19,
14.2302,-1,13,10,-5,
14.2316,12,23,21,8,
14.233,8,28,27,20,
14.2344,26,37,55,26,
14.2357,45,38,52,29,
14.2371,45,38,52,29,
14.2384,39,42,48,28,
14.2398,21,37,56,30,
14.2411,16,36,42,27,
14.2425,2,19,26,24,
14.2438,6,4,22,18,
14.2451,6,0,17,7,
14.2465,6,0,17,7,
14.2479,-10,14,17,6,
14.2492,8,21,31,9,
14.2506,18,41,34,12,
14.252,27,31,31,18,
14.2533,33,30,31,34,
14.2546,52,31,41,42,
14.256,50,39,54,42,
14.2574,17,29,34,30,
14.2588,17,29,34,30,
14.2602,18,13,24,24,
14.2615,-7,17,21,14,
14.2629,-7,17,21,14,
14.2642,-5,16,28,4,
14.2655,-13,21,25,3,
14.2669,25,23,29,21,
14.2681,46,38,32,18,
14.2695,46,38,32,18,
14.2709,53,40,32,32,
14.2723,36,38,33,33,
14.2736,39,34,30,26,
14.275,-2,21,33,26,
14.2764,-2,21,33,26,
14.2778,-2,21,33,26,
14.2792,0,7,20,27,
14.2807,-21,2,21,8,
14.282,-2,0,25,2,
14.2834,10,21,24,9,
14.2847,21,31,23,17,
14.2861,21,31,23,17,
14.2874,35,25,29,18,
14.2888,63,47,43,36,
14.2902,47,43,42,21,
14.2915,27,39,39,24,
14.2929,11,35,35,20,
14.2942,11,35,35,20,
14.2956,5,23,22,20,
14.2969,-5,16,20,19,
14.2984,-9,21,14,5,
14.2999,-14,22,9,2,
14.3011,-10,20,19,3,
14.3025,16,18,30,0,
14.3038,26,18,41,4,
14.3052,44,22,37,9,
14.3066,44,30,40,34,
14.3079,44,30,40,34,
14.3093,30,23,37,23,
14.3107,19,16,37,17,
14.312,8,13,29,10,
14.3134,5,9,25,5,
14.3148,-11,-2,22,-8,
14.3161,-10,15,13,-8,
14.3175,0,13,17,-6,
14.3189,24,43,38,-5,
14.3201,24,43,38,-5,
14.3215,24,43,38,-5,
14.3229,39,36,32,-1,
14.3243,48,40,41,14,
14.3257,42,40,40,23,
14.3271,31,30,40,18,
14.3284,22,29,43,15,
14.3298,15,20,29,7,
14.3312,11,10,20,-6,
14.3326,-12,22,22,-21,
14.3339,-20,18,25,-15,
14.3353,-1,24,25,-11,
14.3366,27,27,35,-7,
14.338,27,27,35,-7,
14.3394,29,30,43,2,
14.3408,41,33,40,5,
14.3422,41,41,40,16,
14.3436,29,39,41,18,
14.3449,9,28,37,13,
14.3463,-7,20,28,8,
14.3477,-2,10,28,9,
14.349,-9,-1,30,1,
14.3504,-20,2,35,-18,
14.3518,-20,2,35,-18,
14.3531,-7,13,28,-12,
14.3545,-7,24,21,0,
14.3559,21,33,40,10,
14.3572,36,33,42,11,
14.3585,32,33,42,6,
14.3599,15,38,42,4,
14.3612,9,31,39,-9,
14.3626,1,24,39,-13,
14.364,-1,11,40,-12,
14.3653,-1,11,40,-12,
14.3667,-3,5,44,-13,
14.368,-9,3,18,-28,
14.3694,-8,0,18,-21,
14.3708,1,14,36,-25,
14.3721,19,22,38,-19,
14.3735,14,25,42,-6,
14.3749,24,31,51,-8,
14.3762,36,47,51,-11,
14.3776,29,35,53,-7,
14.379,13,28,43,-3,
14.3803,13,28,43,-3,
14.3817,-9,16,40,-11,
14.3831,-10,7,44,-17,
14.3844,-26,14,31,-16,
14.3858,-14,13,24,-32,
14.3872,-14,13,24,-32,
14.3885,-8,11,36,-28,
14.39,28,36,46,-9,
14.3914,24,37,53,0,
14.3928,29,46,69,-6,
14.3942,28,48,69,-6,
14.3956,18,34,70,-6,
14.397,23,20,66,-13,
14.3983,-7,27,57,-27,
14.3997,-12,25,66,-37,
14.401,-12,25,66,-37,
14.4024,-33,21,54,-39,
14.4037,-34,14,41,-44,
14.4051,-19,11,47,-41,
14.4065,2,27,54,-35,
14.4079,21,33,67,-33,
14.4092,23,54,76,-22,
14.4106,36,58,91,-19,
14.4119,41,47,91,-17,
14.4133,33,52,91,-20,
14.4147,3,52,94,-28,
14.416,-13,40,95,-62,
14.4174,-13,40,95,-62,
14.4188,-23,37,93,-68,
14.4202,-23,37,93,-68,
14.4215,-17,44,84,-62,
14.4228,5,52,87,-54,
14.4242,22,47,96,-39,
14.4256,28,49,100,-24,
14.4271,18,52,103,-23,
14.4284,30,70,105,-22,
14.4298,32,61,98,-27,
14.4313,21,50,96,-34,
14.4327,21,50,96,-34,
14.4342,7,46,95,-43,
14.4356,-16,35,83,-44,
14.4369,-18,33,76,-53,
14.4383,-21,21,80,-54,
14.4396,-8,23,76,-54,
14.4409,-4,34,75,-48,
14.4424,21,46,86,-28,
14.4437,24,46,88,-27,
14.4451,24,46,88,-27,
14.4465,27,56,89,-22,
14.4479,21,59,85,-17,
14.4493,15,41,77,-17,
14.4506,-12,34,73,-21,
14.452,-20,31,61,-23,
14.4533,-19,17,53,-37,
14.4546,-31,13,54,-44,
14.456,-21,13,66,-39,
14.4573,-13,27,70,-34,
14.4587,-13,27,70,-34,
14.46,26,48,83,-15,
14.4614,22,55,88,-14,
14.4628,30,65,87,-7,
14.4642,25,59,81,-7,
14.4656,20,54,82,-4,
14.467,7,32,74,-7,
14.4683,-7,26,59,-22,
14.4697,0,15,63,-25,
14.4711,-18,17,52,-29,
14.4725,-9,22,43,-26,
14.4738,-9,22,43,-26,
14.4753,-8,18,41,-28,
14.4766,32,47,59,-11,
14.478,33,45,61,-12,
14.4793,38,43,71,-1,
14.4807,38,43,71,-1,
14.4821,27,46,69,8,
14.4835,18,36,61,6,
14.4848,5,24,61,5,
14.4862,-8,26,52,-6,
14.4876,-8,26,52,-6,
14.4889,-16,12,52,-16,
14.4903,0,14,47,-6,
14.4917,5,26,38,0,
14.4932,31,31,44,1,
14.4946,31,31,44,1,
14.4959,35,39,53,11,
14.4973,33,44,64,9,
14.4986,49,41,77,16,
14.5,42,45,66,7,
14.5014,24,40,64,7,
14.5027,2,23,50,4,
14.5041,-10,23,43,9,
14.5055,-7,27,44,7,
14.5069,-10,6,41,4,
14.5083,1,13,39,-4,
14.5097,1,13,39,-4,
14.5111,15,33,49,2,
14.5125,26,38,59,16,
14.5138,39,40,57,12,
14.5152,51,54,55,20,
14.5166,26,49,56,18,
14.518,26,49,56,18,
14.5193,24,43,55,8,
14.5207,15,28,47,9,
14.522,9,29,41,-3,
14.5234,-18,20,38,-8,
14.5247,-5,23,33,6,
14.5262,-5,23,33,6,
14.5275,5,25,27,2,
14.529,29,29,36,1,
14.5304,36,37,52,6,
14.5317,44,40,69,16,
14.5331,32,41,63,27,
14.5345,27,39,66,19,
14.5359,27,39,66,19,
14.5372,0,26,61,15,
14.5386,-3,24,51,9,
14.54,-9,16,42,2,
14.5413,-20,10,35,-1,
14.5427,-8,12,35,-5,
14.544,-8,12,35,-5,
14.5454,7,16,47,-11,
14.5468,36,43,61,11,
14.5481,32,46,59,22,
14.5494,47,52,67,33,
14.5508,33,48,64,25,
14.5521,31,46,61,26,
14.5534,16,45,57,20,
14.5548,6,28,48,12,
14.5561,0,30,47,7,
14.5575,-17,16,45,4,
14.5589,-17,16,45,4,
14.5602,-13,13,36,7,
14.5616,1,15,29,9,
14.5629,12,29,32,12,
14.5643,28,44,38,19,
14.5657,44,50,42,29,
14.5671,52,51,45,26,
14.5684,52,51,45,26,
14.5698,32,44,44,20,
14.5711,19,52,35,20,
14.5724,0,39,29,22,
14.5738,-18,4,19,24,
14.5752,-18,4,19,24,
14.5765,-18,4,19,24,
14.5779,-16,3,25,9,
14.5793,-6,28,25,0,
14.5806,8,35,29,7,
14.582,27,40,27,15,
14.5834,45,40,34,23,
14.5848,45,40,34,23,
14.5861,52,46,38,30,
14.5875,23,31,44,26,
14.5889,2,19,40,17,
14.5903,-1,24,30,9,
14.5917,-1,16,26,6,
14.593,-1,16,26,6,
14.5944,-3,6,19,9,
14.5957,-5,19,24,5,
14.5971,2,27,34,13,
14.5985,31,37,37,15,
14.5999,47,45,41,28,
14.6012,53,59,44,30,
14.6025,51,57,40,35,
14.6039,33,44,39,34,
14.6053,18,26,35,19,
14.6067,13,13,25,18,
14.6081,13,13,25,18,
14.6094,6,14,24,17,
14.6108,6,3,13,10,
14.6122,-1,1,21,4,
14.6136,11,23,19,7,
14.6149,24,35,19,9,
14.6163,24,35,19,9,
14.6176,28,48,35,12,
14.619,38,59,41,28,
14.6204,40,60,45,32,
14.6217,49,41,45,28,
14.6231,39,41,44,25,
14.6245,18,29,43,21,
14.6258,18,29,36,14,
14.6273,0,31,34,13,
14.6287,-16,20,18,4,
14.6301,-9,9,21,8,
14.6315,-5,20,20,17,
14.6328,16,33,13,26,
14.6342,35,45,30,25,
14.6356,44,46,52,19,
14.6369,38,43,56,14,
14.6383,42,38,49,21,
14.6397,27,27,45,25,
14.6412,-1,26,40,22,
14.6426,-1,26,40,22,
14.644,0,38,37,2,
14.6453,1,25,21,4,
14.6468,-6,22,16,7,
14.6481,-5,14,23,5,
14.6495,6,28,20,1,
14.6509,12,39,32,10,
14.6523,42,50,51,24,
14.6537,52,50,51,31,
14.6551,43,55,57,25,
14.6564,34,57,51,18,
14.6578,34,57,51,18,
14.6592,19,48,44,19,
14.6606,-3,38,29,11,
14.662,3,35,29,11,
14.6634,-15,26,21,6,
14.6647,-12,16,20,-4,
14.6661,-6,30,34,0,
14.6675,17,36,31,-2,
14.6688,38,42,41,6,
14.6702,46,38,51,31,
14.6715,39,43,54,34,
14.6729,39,43,54,34,
14.6743,28,47,53,25,
14.6756,28,47,53,25,
14.677,18,46,51,15,
14.6784,-3,36,36,7,
14.6797,-19,14,29,-2,
14.681,-19,14,29,-2,
14.6824,3,17,18,3,
14.6838,13,33,20,6,
14.6851,23,46,31,9,
14.6865,31,56,41,7,
14.6879,52,52,55,20,
14.6892,52,52,55,20,
14.6905,52,52,55,20,
14.6919,41,40,49,23,
14.6932,35,35,42,13,
14.6946,22,26,45,12,
14.696,-3,21,40,6,
14.6973,-14,21,28,-9,
14.6986,-14,21,28,-9,
14.7,-2,18,24,-10,
14.7013,29,40,31,5,
14.7027,40,52,32,14,
14.7041,40,52,32,14,
14.7054,53,63,42,19,
14.7068,53,63,42,19,
14.7082,45,53,48,20,
14.7097,38,44,30,20,
14.7111,7,36,30,20,
14.7126,-10,37,19,18,
14.7139,-13,23,14,0,
14.7153,-13,23,14,0,
14.7167,-11,32,7,-1,
14.7181,14,39,19,10,
14.7194,29,56,30,21,
14.7208,29,56,30,21,
14.7221,40,55,24,27,
14.7235,57,54,22,21,
14.7248,60,55,30,25,
14.7262,47,49,32,18,
14.7276,30,46,12,11,
14.7289,4,34,16,6,
14.7303,5,30,24,9,
14.7317,0,31,14,13,
14.733,-13,12,4,11,
14.7345,-3,21,2,12,
14.7359,6,31,11,9,
14.7372,21,33,23,16,
14.7386,32,47,36,20,
14.74,37,53,39,13,
14.7414,53,62,36,21,
14.7428,51,68,32,26,
14.7442,25,50,43,7,
14.7456,10,40,39,6,
14.7469,7,32,31,0,
14.7483,1,36,18,2,
14.7497,-8,33,13,1,
14.751,-2,31,16,1,
14.7524,12,36,20,8,
14.7538,12,36,20,8,
14.7552,12,36,20,8,
14.7565,34,61,29,14,
14.7579,36,61,24,22,
14.7593,43,57,23,19,
14.7607,25,43,23,10,
14.7621,10,44,16,12,
14.7635,10,44,16,12,
14.7648,0,46,8,4,
14.7662,-6,26,2,-4,
14.7675,0,29,-1,0,
14.7689,5,28,-1,-6,
14.7703,6,35,3,-1,
14.7716,27,42,16,-1,
14.773,27,42,16,-1,
14.7744,27,43,24,25,
14.7757,55,53,32,23,
14.7771,60,51,30,16,
14.7785,50,44,25,22,
14.7799,30,42,13,18,
14.7812,10,38,16,14,
14.7825,-1,36,18,12,
14.7839,-17,20,-1,-3,
14.7853,-2,23,5,-2,
14.7866,-2,23,5,-2,
14.788,18,38,0,-1,
14.7893,18,38,0,-1,
14.7907,39,45,3,7,
14.7921,35,46,10,22,
14.7935,50,56,18,27,
14.7949,50,56,18,27,
14.7962,29,55,23,21,
14.7976,22,39,14,8,
14.7989,15,27,10,10,
14.8003,10,30,3,12,
14.8016,-5,26,2,6,
14.803,-17,27,-4,2,
14.8044,-17,27,-4,2,
14.8058,-1,32,-10,-3,
14.8072,19,42,-3,4,
14.8086,28,50,1,17,
14.81,36,54,10,22,
14.8113,36,54,10,22,
14.8127,39,57,6,28,
14.8141,35,41,13,27,
14.8155,13,26,11,28,
14.8168,11,30,1,16,
14.8182,-10,34,-1,-4,
14.8195,-10,34,-1,-4,
14.8209,-10,34,-1,-4,
14.8222,-7,26,-9,1,
14.8236,14,26,1,13,
14.825,32,33,-2,21,
14.8264,32,52,6,21,
14.8278,56,59,11,38,
14.8292,56,59,11,38,
14.8306,55,47,4,28,
14.832,30,47,-2,19,
14.8333,27,28,-8,21,
14.8347,27,28,-11,16,
14.836,14,35,-11,16,
14.8374,-2,32,-9,7,
14.8387,-4,21,-13,8,
14.84,-2,32,-14,11,
14.8414,26,35,0,15,
14.8428,40,48,14,18,
14.8442,38,50,15,29,
14.8455,55,52,18,34,
14.847,50,53,16,25,
14.8483,38,44,14,20,
14.8497,19,39,10,20,
14.8511,14,34,1,24,
14.8524,12,28,-4,24,
14.8538,-2,22,-12,19,
14.8551,-9,25,-11,4,
14.8565,-14,25,-14,5,
14.8579,-5,31,-2,5,
14.8592,45,52,15,25,
14.8606,52,58,18,25,
14.8619,52,58,18,25,
14.8633,52,44,16,26,
14.8646,43,43,21,27,
14.866,43,43,21,27,
14.8673,16,33,23,24,
14.8687,25,41,20,19,
14.87,25,41,20,19,
14.8714,-3,27,0,2,
14.8728,-14,25,5,4,
14.8742,-12,24,4,12,
14.8756,6,22,4,15,
14.8769,28,42,11,14,
14.8782,45,53,23,23,
14.8795,58,49,25,32,
14.8809,44,38,13,35,
14.8823,37,36,28,31,
14.8836,37,36,28,31,
14.8849,28,46,27,25,
14.8863,12,29,19,22,
14.8877,8,25,7,19,
14.8891,7,13,5,11,
14.8904,-2,18,-1,11,
14.8918,7,24,0,10,
14.8931,7,24,0,10,
14.8945,24,32,14,19,
14.8958,34,52,19,20,
14.8972,51,54,32,22,
14.8986,55,56,36,29,
14.8999,42,52,33,30,
14.9013,26,39,24,36,
14.9026,26,39,24,36,
14.904,11,34,8,29,
14.9054,13,34,9,22,
14.9067,0,25,5,15,
14.9081,2,19,3,18,
14.9095,-3,30,10,16,
14.9108,14,24,12,16,
14.9122,55,39,21,35,
14.9136,59,47,24,36,
14.9149,64,47,36,42,
14.9163,54,46,43,37,
14.9176,46,37,32,30,
14.9189,46,37,32,30,
14.9203,21,33,20,25,
14.9216,2,36,9,26,
14.923,-3,26,2,27,
14.9244,-7,19,6,16,
14.9257,-7,19,6,16,
14.9271,11,29,6,6,
14.9284,25,34,12,10,
14.9298,32,39,28,18,
14.9312,50,62,35,34,
14.9326,50,62,35,34,
14.9339,42,51,27,34,
14.9353,33,45,26,32,
14.9367,23,42,28,38,
14.938,6,38,17,38,
14.9394,-1,28,19,19,
14.9408,-18,21,5,15,
14.9421,-18,21,5,15,
14.9435,3,22,8,17,
14.9448,29,24,20,26,
14.9462,46,30,16,26,
14.9475,43,35,10,21,
14.9489,47,46,19,35,
14.9502,47,46,19,35,
14.9516,50,49,17,38,
14.9529,33,44,21,34,
14.9543,12,34,21,36,
14.9557,5,27,12,22,
14.957,17,29,16,21,
14.9584,7,21,20,18,
14.9597,-1,20,8,12,
14.9611,-4,30,5,10,
14.9625,34,34,15,22,
14.9639,49,47,22,23,
14.9653,53,51,27,33,
14.9666,53,51,27,33,
14.968,59,57,27,36,
14.9694,48,41,18,33,
14.9708,35,35,27,26,
14.9722,26,30,15,21,
14.9735,26,30,15,21,
14.9749,15,6,9,31,
14.9762,7,2,-5,17,
14.9776,11,6,-7,4,
14.979,9,14,4,4,
14.9803,29,30,7,7,
14.9817,40,44,14,21,
14.9831,29,49,14,23,
14.9844,56,48,16,32,
14.9858,35,40,16,38,
14.9872,26,46,11,42,
14.9885,26,46,11,42,
14.9898,23,32,18,30,
14.9912,11,22,20,28,
14.9926,15,14,18,22,
14.994,-8,19,6,16,
14.9954,-7,29,-3,13,
14.9968,-7,29,-3,13,
14.9981,36,33,9,20,
14.9995,52,44,17,20,
15.0008,55,45,20,29,
15.0022,61,47,19,40,
15.0036,48,46,18,35,
15.0049,33,47,21,32,
15.0063,19,36,16,25,
15.0076,7,19,20,26,
15.009,11,25,25,22,
15.0103,-2,25,16,14,
15.0117,-11,22,9,2,
15.0131,2,29,13,-4,
15.0144,17,29,7,3,
15.0158,39,48,8,28,
15.0171,39,48,8,28,
15.0185,53,59,14,34,
15.0199,55,56,22,26,
15.0212,50,51,26,25,
15.0225,40,39,17,23,
15.0239,15,35,13,17,
15.0253,11,33,19,20,
15.0268,4,36,20,21,
15.0281,-15,28,10,12,
15.0295,-4,18,2,13,
15.0311,-3,10,-5,6,
15.0326,13,11,-3,14,
15.034,39,37,12,20,
15.0355,46,57,20,25,
15.0369,50,58,19,23,
15.0382,48,56,10,31,
15.0395,44,54,4,25,
15.0408,26,37,5,26,
15.0422,14,25,14,23,
15.0436,5,18,10,15,
15.0449,-2,14,9,17,
15.0463,-10,18,10,14,
15.0477,-17,26,0,9,
15.049,-1,27,-5,13,
15.0504,12,25,8,18,
15.0518,28,35,24,15,
15.0531,38,42,13,17,
15.0545,42,51,17,25,
15.0558,28,43,24,20,
15.0572,16,34,12,24,
15.0586,16,34,12,24,
15.0599,16,25,2,28,
15.0612,5,20,2,22,
15.0626,1,13,-1,12,
15.0639,-8,8,0,11,
15.0653,3,23,3,15,
15.0667,3,23,3,15,
15.068,35,38,22,12,
15.0694,39,47,23,21,
15.0707,47,53,18,26,
15.072,30,44,18,29,
15.0734,30,44,18,29,
15.0747,24,44,12,32,
15.0761,20,37,9,26,
15.0774,8,25,4,19,
15.0788,3,19,1,9,
15.0801,-10,14,-1,2,
15.0814,-14,10,-2,5,
15.0827,-2,16,3,11,
15.0841,20,30,12,7,
15.0854,22,38,14,14,
15.0867,38,42,27,16,
15.0881,37,52,28,22,
15.0895,37,52,28,22,
15.0908,36,47,19,17,
15.0922,36,47,19,17,
15.0935,24,38,20,16,
15.0949,15,38,18,21,
15.0962,9,35,2,22,
15.0976,-12,25,-15,15,
15.099,-12,25,-15,15,
15.1003,8,26,-4,10,
15.1016,23,30,8,19,
15.103,44,43,8,25,
15.1044,41,57,19,30,
15.1057,41,57,19,30,
15.1071,50,53,19,35,
15.1085,52,49,16,30,
15.1099,36,45,15,24,
15.1112,27,40,7,26,
15.1126,15,29,4,15,
15.1139,13,35,10,11,
15.1153,8,27,1,5,
15.1167,-2,16,-2,-7,
15.118,10,23,-2,-3,
15.1194,25,37,7,5,
15.1208,39,46,17,16,
15.1221,36,54,19,24,
15.1235,44,59,13,32,
15.1248,43,54,12,35,
15.1262,46,58,13,26,
15.1275,37,57,18,25,
15.1288,8,46,7,21,
15.1301,8,46,7,21,
15.1315,2,40,-2,12,
15.1328,6,23,-2,9,
15.1342,-2,16,7,4,
15.1355,-7,25,12,9,
15.1369,14,43,17,7,
15.1382,28,49,20,9,
15.1396,42,53,21,13,
15.1409,49,49,30,31,
15.1423,35,54,17,37,
15.1437,28,57,25,28,
15.145,28,57,25,28,
15.1464,13,48,22,21,
15.1478,10,41,12,18,
15.1491,0,40,5,14,
15.1505,-13,37,-7,6,
15.1519,-8,28,-10,12,
15.1532,-8,28,-10,12,
15.1546,38,50,12,19,
15.156,56,66,17,28,
15.1573,53,58,11,22,
15.1587,63,60,13,22,
15.16,52,66,16,24,
15.1613,44,64,20,32,
15.1627,44,64,20,32,
15.164,16,41,12,6,
15.1654,8,39,-1,3,
15.1667,9,29,4,7,
15.168,1,22,0,6,
15.1694,0,32,3,2,
15.1708,0,34,7,-1,
15.1721,17,41,10,5,
15.1734,34,51,13,22,
15.1748,53,54,8,23,
15.1761,53,54,8,23,
15.1775,55,52,7,21,
15.1788,44,50,6,14,
15.1802,28,54,6,8,
15.1814,25,54,7,16,
15.1828,18,40,-13,10,
15.1841,1,45,-6,10,
15.1854,-2,42,-7,9,
15.1868,-5,47,-8,12,
15.1882,13,55,-4,11,
15.1896,38,51,-3,18,
15.191,38,51,-3,18,
15.1923,45,67,15,21,
15.1937,56,70,9,18,
15.1951,53,69,10,30,
15.1964,57,64,5,33,
15.1978,38,63,-3,21,
15.1991,29,52,-1,14,
15.2005,28,52,7,7,
15.2019,18,57,5,4,
15.2033,0,45,-9,6,
15.2047,12,65,-10,12,
15.206,26,62,-4,8,
15.2074,55,66,2,16,
15.2088,59,72,10,17,
15.2102,58,71,11,21,
15.2116,58,71,11,21,
15.2129,58,78,5,31,
15.2143,46,80,-4,7,
15.2157,40,58,-12,6,
15.2171,25,56,-9,8,
15.2184,27,49,3,7,
15.2198,14,54,3,6,
15.2212,17,51,-3,10,
15.2225,12,52,-12,13,
15.2239,45,64,-4,17,
15.2253,45,64,-4,17,
15.2267,58,78,3,17,
15.2281,60,81,10,22,
15.2295,65,78,15,23,
15.2309,51,70,6,18,
15.2323,29,68,1,23,
15.2336,13,59,-7,17,
15.235,16,61,-12,5,
15.2364,11,63,-10,-10,
15.2378,7,53,-6,-3,
15.2392,0,51,-2,-7,
15.2406,7,57,1,-5,
15.2419,37,63,4,-5,
15.2433,57,75,10,7,
15.2446,61,85,13,27,
15.246,69,92,7,29,
15.2474,61,87,7,24,
15.2488,57,65,5,20,
15.2501,26,57,0,16,
15.2516,26,60,-4,5,
15.253,29,52,-8,1,
15.2544,29,52,-8,1,
15.2558,8,40,-11,-3,
15.2571,17,43,-7,-2,
15.2585,32,55,3,2,
15.2599,53,58,-2,7,
15.2612,53,68,-3,14,
15.2626,60,77,-5,14,
15.2639,72,77,0,22,
15.2653,60,60,9,31,
15.2667,34,52,-1,23,
15.268,27,40,-7,21,
15.2693,27,40,-7,21,
15.2707,17,44,0,19,
15.2721,3,32,2,19,
15.2734,15,17,-7,16,
15.2748,23,32,-3,3,
15.2762,36,41,0,3,
15.2775,39,45,4,17,
15.2788,39,45,4,17,
15.2802,67,39,12,25,
15.2815,61,36,16,23,
15.2829,59,39,21,26,
15.2842,35,32,19,25,
15.2856,20,25,0,23,
15.287,20,25,0,23,
15.2883,11,23,-3,19,
15.2897,11,9,4,11,
15.291,5,20,-8,3,
15.2924,23,15,-6,4,
15.2938,39,17,5,12,
15.2951,53,19,20,17,
15.2965,53,33,13,26,
15.2979,77,50,14,35,
15.2993,76,48,14,35,
15.3006,63,30,7,28,
15.302,48,29,12,22,
15.3033,48,29,12,22,
15.3047,23,22,6,24,
15.306,20,8,14,27,
15.3073,0,11,3,12,
15.3087,1,9,-2,25,
15.3101,16,9,1,20,
15.3114,42,20,3,18,
15.3128,52,27,14,29,
15.3141,61,33,28,36,
15.3155,65,34,28,31,
15.3168,68,29,25,33,
15.3181,62,27,29,32,
15.3195,54,27,27,32,
15.3209,33,13,25,33,
15.3223,20,17,13,35,
15.3237,13,5,2,18,
15.325,25,6,9,10,
15.3264,23,-2,11,17,
15.3278,33,-1,16,24,
15.3292,52,17,20,31,
15.3305,59,27,20,23,
15.3319,59,27,20,23,
15.3333,74,33,34,35,
15.3348,61,36,20,42,
15.3361,45,23,10,33,
15.3375,27,17,12,34,
15.3389,11,9,7,29,
15.3402,18,-2,12,20,
15.3416,-3,-7,13,10,
15.343,18,12,15,6,
15.3444,18,12,15,6,
15.3457,25,20,4,14,
15.347,37,32,7,20,
15.3484,55,46,15,29,
15.3498,61,43,26,38,
15.3512,65,37,26,28,
15.3525,62,34,26,29,
15.3539,52,32,21,28,
15.3553,26,11,16,28,
15.3566,12,0,15,28,
15.358,17,10,22,27,
15.3594,18,12,8,23,
15.3607,9,0,3,13,
15.3621,12,7,1,14,
15.3635,30,25,13,22,
15.3648,50,29,14,34,
15.3662,68,37,20,31,
15.3676,65,44,27,32,
15.3689,58,23,23,40,
15.3703,48,10,18,29,
15.3717,48,10,18,29,
15.3731,29,19,6,36,
15.3745,32,6,-3,32,
15.3759,32,6,-3,32,
15.3773,11,-1,-2,20,
15.3786,21,6,-3,19,
15.38,35,9,8,22,
15.3814,42,11,9,25,
15.3828,51,14,15,30,
15.3841,59,32,22,42,
15.3854,51,32,23,42,
15.3868,42,23,21,41,
15.3882,42,23,21,41,
15.3895,28,8,17,26,
15.3909,21,3,18,20,
15.3923,31,5,23,15,
15.3937,22,0,14,10,
15.395,7,-15,-1,13,
15.3964,7,-15,-1,13,
15.3977,22,-10,3,11,
15.3991,59,25,14,18,
15.4004,65,31,23,25,
15.4017,73,34,21,25,
15.4031,70,36,19,34,
15.4044,50,31,20,26,
15.4058,43,16,11,22,
15.4072,43,16,11,22,
15.4085,26,20,13,26,
15.4099,23,23,23,22,
15.4112,25,14,7,16,
15.4125,20,1,8,15,
15.4139,23,6,2,17,
15.4153,24,19,9,22,
15.4167,44,28,16,27,
15.418,61,28,15,25,
15.4194,61,28,15,25,
15.4207,75,27,13,30,
15.4221,63,31,28,39,
15.4234,49,31,23,31,
15.4248,49,31,23,31,
15.4262,31,10,27,34,
15.4276,20,11,9,20,
15.4289,20,11,9,20,
15.4303,7,4,-2,14,
15.4318,28,-2,14,26,
15.4333,35,12,16,28,
15.4347,49,34,21,36,
15.4361,73,41,17,33,
15.4374,73,41,17,33,
15.4388,65,37,16,34,
15.4401,64,27,12,30,
15.4415,44,18,9,22,
15.4429,15,12,13,34,
15.4442,28,14,21,22,
15.4455,10,0,7,18,
15.4469,13,-9,-3,13,
15.4483,23,3,2,9,
15.4496,23,3,2,9,
15.451,37,18,10,12,
15.4523,56,24,16,31,
15.4537,70,33,19,36,
15.4551,78,40,28,31,
15.4564,78,40,28,31,
15.4578,45,19,14,31,
15.4591,44,16,14,31,
15.4606,31,12,13,22,
15.4619,13,7,21,18,
15.4633,6,-1,10,16,
15.4647,6,-1,10,16,
15.4661,7,-1,21,9,
15.4675,24,8,29,14,
15.4688,37,20,31,25,
15.4702,56,25,28,32,
15.4715,76,29,31,37,
15.4728,76,29,31,37,
15.4742,70,26,26,29,
15.4755,58,16,20,42,
15.4768,39,9,25,42,
15.4782,32,-2,19,24,
15.4795,14,3,22,26,
15.4808,14,3,22,26,
15.4822,14,3,22,26,
15.4836,12,-2,21,25,
15.4849,37,12,8,24,
15.4863,43,31,18,34,
15.4877,42,21,31,36,
15.489,56,27,32,27,
15.4903,56,27,32,27,
15.4916,61,28,35,24,
15.493,45,22,27,19,
15.4944,18,20,20,27,
15.4957,18,20,20,27,
15.4971,12,20,20,30,
15.4985,-7,9,5,21,
15.4998,-7,9,5,21,
15.5012,4,10,5,25,
15.5026,50,22,26,25,
15.5039,57,35,32,29,
15.5053,55,27,30,26,
15.5067,62,36,24,25,
15.508,47,35,29,23,
15.5094,47,35,29,23,
15.5108,43,29,30,29,
15.5121,10,21,21,19,
15.5135,12,24,16,24,
15.5149,13,14,17,26,
15.5162,-3,1,12,21,
15.5176,-3,7,5,29,
15.519,3,16,23,32,
15.5204,34,27,23,23,
15.5217,46,29,18,22,
15.5231,63,30,33,30,
15.5245,61,29,29,35,
15.5259,61,29,29,35,
15.5272,53,26,32,39,
15.5286,23,22,36,32,
15.53,19,13,17,29,
15.5314,15,24,10,20,
15.5327,15,24,10,20,
15.5341,-1,10,18,27,
15.5354,5,17,25,25,
15.5368,24,16,33,30,
15.5381,32,31,36,29,
15.5395,41,34,43,32,
15.5408,41,34,43,32,
15.5422,51,49,39,33,
15.5436,45,35,33,35,
15.5449,35,40,36,36,
15.5462,23,26,35,33,
15.5475,15,17,15,15,
15.5489,15,17,15,15,
15.5502,7,10,18,19,
15.5516,-4,14,3,15,
15.5529,8,19,7,22,
15.5543,33,35,22,22,
15.5556,47,46,26,22,
15.557,46,45,33,27,
15.5584,46,45,33,27,
15.5597,41,49,39,28,
15.5611,28,29,24,39,
15.5624,14,25,22,35,
15.5638,18,19,16,25,
15.5652,9,23,20,23,
15.5665,3,23,24,15,
15.5679,-4,23,14,15,
15.5693,8,19,13,17,
15.5706,25,22,14,14,
15.572,41,37,19,24,
15.5734,41,37,19,24,
15.5747,35,51,23,39,
15.5761,43,55,26,38,
15.5775,47,44,21,32,
15.5789,30,41,36,33,
15.5802,15,36,27,31,
15.5816,2,23,20,29,
15.5829,11,29,22,24,
15.5843,0,19,21,19,
15.5856,0,9,23,17,
15.587,3,6,27,12,
15.5883,11,7,22,17,
15.5896,23,21,16,30,
15.591,23,21,16,30,
15.5924,24,37,32,27,
15.5937,41,35,37,31,
15.5951,47,40,32,28,
15.5964,30,30,34,20,
15.5978,11,30,20,22,
15.5992,11,30,20,22,
15.6006,-9,23,13,17,
15.602,-14,25,18,7,
15.6034,-15,22,19,2,
15.6047,-15,22,19,2,
15.6061,16,32,17,26,
15.6074,29,35,29,31,
15.6088,29,35,29,31,
15.6101,35,41,30,32,
15.6114,41,45,36,29,
15.6128,31,37,28,21,
15.6141,18,35,31,29,
15.6155,17,38,36,28,
15.6169,5,38,26,21,
15.6182,5,38,26,21,
15.6196,-9,13,18,22,
15.6209,-14,11,10,24,
15.6223,-16,1,15,22,
15.6237,2,32,32,19,
15.6251,2,32,32,19,
15.6265,17,45,35,32,
15.6278,27,51,25,38,
15.6292,26,42,35,36,
15.6305,34,37,29,25,
15.6318,21,33,27,27,
15.6331,21,33,27,27,
15.6345,13,30,34,30,
15.6359,11,24,31,26,
15.6373,-18,11,21,18,
15.6387,-11,6,25,16,
15.64,-10,10,27,20,
15.6414,13,22,16,22,
15.6428,26,34,22,26,
15.6442,38,30,32,31,
15.6455,53,40,40,37,
15.6469,39,38,42,26,
15.6482,39,38,42,26,
15.6496,39,38,42,26,
15.6512,24,34,31,28,
15.6526,7,25,26,25,
15.654,6,5,12,23,
15.6555,6,7,16,15,
15.6568,2,4,23,6,
15.6582,25,14,21,32,
15.6595,25,14,21,32,
15.6609,25,14,21,32,
15.6623,32,39,27,31,
15.6637,34,43,27,28,
15.665,27,33,30,25,
15.6664,22,18,44,35,
15.6678,22,18,44,35,
15.6691,22,13,41,28,
15.6705,10,14,31,29,
15.6718,-6,1,15,21,
15.6732,-10,-9,20,26,
15.6745,-5,-1,14,22,
15.6759,15,21,20,18,
15.6772,32,32,34,22,
15.6785,32,32,34,22,
15.6799,25,32,29,29,
15.6812,31,39,40,32,
15.6826,42,31,44,27,
15.6839,42,31,44,27,
15.6852,17,29,17,35,
15.6866,9,22,19,24,
15.688,12,14,27,23,
15.6894,-6,17,19,24,
15.6908,-7,7,14,18,
15.6922,-7,7,14,18,
15.6936,12,19,20,27,
15.695,37,32,27,22,
15.6963,35,32,31,28,
15.6977,44,35,31,26,
15.6991,43,41,30,35,
15.7004,18,36,32,33,
15.7017,18,36,32,33,
15.7031,8,19,18,25,
15.7044,0,17,30,22,
15.7058,4,16,21,22,
15.7072,-12,18,11,22,
15.7086,-12,18,11,22,
15.7099,-12,18,11,22,
15.7113,18,25,27,17,
15.7127,35,32,32,26,
15.7141,46,33,32,26,
15.7153,60,32,33,37,
15.7167,47,40,41,41,
15.7181,26,36,46,32,
15.7194,22,28,43,30,
15.7208,4,22,27,20,
15.7222,6,19,17,22,
15.7235,-12,12,7,23,
15.7248,-12,12,7,23,
15.7261,-9,11,11,21,
15.7275,-12,12,14,17,
15.7288,-1,27,27,13,
15.7302,10,48,29,9,
15.7315,26,49,21,20,
15.7328,24,48,28,23,
15.7341,24,48,28,23,
15.7355,29,29,32,29,
15.7369,15,25,33,20,
15.7382,5,25,31,13,
15.7396,5,23,24,10,
15.741,4,17,28,8,
15.7424,-4,11,25,16,
15.7437,-1,17,16,19,
15.7451,4,21,19,21,
15.7465,18,19,17,31,
15.7479,38,21,25,31,
15.7493,59,35,32,35,
15.7506,52,45,32,39,
15.752,52,45,32,39,
15.7533,38,33,30,40,
15.7547,11,34,23,32,
15.7561,4,23,19,30,
15.7575,8,28,28,14,
15.7588,-7,14,23,13,
15.7602,-6,11,16,6,
15.7616,5,13,11,6,
15.763,12,24,9,20,
15.7643,20,41,26,26,
15.7657,31,49,36,31,
15.767,31,49,36,31,
15.7684,32,39,32,33,
15.7698,32,39,32,33,
15.7712,19,48,24,35,
15.7725,16,33,23,22,
15.7739,0,22,28,20,
15.7753,-9,21,18,20,
15.7767,-16,16,15,17,
15.7781,-16,16,15,17,
15.7794,-3,28,18,11,
15.7808,6,26,21,10,
15.7821,19,45,32,12,
15.7835,26,44,27,24,
15.7848,37,46,31,36,
15.7862,36,36,39,28,
15.7875,36,36,39,28,
15.7889,17,45,43,31,
15.7902,3,34,38,34,
15.7917,2,26,34,28,
15.7931,-9,17,22,13,
15.7944,-9,13,29,8,
15.7959,-9,13,29,8,
15.7972,-10,9,32,10,
15.7986,17,23,27,12,
15.8,26,39,35,20,
15.8013,42,33,41,21,
15.8027,35,37,39,26,
15.8041,35,37,39,26,
15.8055,19,38,34,29,
15.8068,1,32,36,23,
15.8082,-6,33,33,25,
15.8095,-25,29,23,15,
15.8109,-25,29,23,15,
15.8123,-25,29,23,15,
15.8137,-25,23,28,13,
15.815,2,21,32,9,
15.8164,6,25,31,10,
15.8177,17,33,33,18,
15.8191,38,34,34,29,
15.8205,38,34,34,29,
15.8218,17,33,32,19,
15.8232,2,23,19,29,
15.8246,-19,11,27,29,
15.8259,-10,13,33,19,
15.8274,-21,7,28,21,
15.8287,-21,7,28,21,
15.8301,-35,-6,21,14,
15.8315,-17,14,18,11,
15.8328,-3,16,24,8,
15.8342,2,23,38,16,
15.8355,16,28,44,23,
15.8369,28,40,43,34,
15.8383,29,42,48,41,
15.8396,11,34,43,26,
15.841,-8,11,40,21,
15.8423,-11,13,31,17,
15.8437,-11,13,31,17,
15.845,-27,4,19,19,
15.8464,-30,-13,24,19,
15.8478,-30,-13,24,19,
15.8492,0,-5,30,18,
15.8505,16,8,37,21,
15.8519,16,8,37,21,
15.8533,11,20,35,21,
15.8547,15,30,33,28,
15.8561,0,24,46,21,
15.8574,-1,20,47,31,
15.8588,-8,8,43,29,
15.8601,-25,1,43,27,
15.8615,-12,0,41,20,
15.8629,-37,-2,34,8,
15.8642,-24,-7,36,9,
15.8656,-24,-7,36,9,
15.867,-24,-7,36,9,
15.8684,0,-4,30,16,
15.8697,14,12,45,28,
15.8711,28,25,45,33,
15.8725,27,20,50,32,
15.8738,27,20,50,32,
15.8753,24,16,47,35,
15.8766,-4,17,32,35,
15.878,-17,13,35,36,
15.8794,-18,5,38,35,
15.8807,-18,3,27,29,
15.8821,-18,3,27,29,
15.8834,-18,3,27,29,
15.8848,-10,18,31,23,
15.8862,3,25,39,33,
15.8875,15,40,39,26,
15.8889,33,39,43,30,
15.8903,38,41,39,40,
15.8916,35,40,36,45,
15.893,22,37,39,33,
15.8943,5,18,45,29,
15.8957,-1,16,34,20,
15.897,-9,10,31,22,
15.8984,-10,2,30,27,
15.8998,-10,2,30,27,
15.9012,-18,8,28,29,
15.9025,10,19,34,20,
15.9039,26,33,43,28,
15.9052,26,43,40,36,
15.9066,23,40,50,36,
15.908,20,46,48,34,
15.9094,19,46,48,36,
15.9108,13,44,40,29,
15.9121,-12,42,41,32,
15.9135,-17,33,46,32,
15.9149,-7,30,36,31,
15.9163,-24,17,18,8,
15.9176,-24,17,18,8,
15.9191,-20,23,26,8,
15.9204,27,50,36,23,
15.9218,32,45,50,22,
15.9232,44,39,47,23,
15.9245,38,45,50,28,
15.9259,16,53,44,34,
15.9273,16,53,44,34,
15.9286,8,36,54,31,
15.93,-15,17,48,34,
15.9314,-13,18,49,33,
15.9327,-13,5,40,29,
15.9341,-19,2,23,21,
15.9355,-20,9,37,22,
15.9369,-17,17,50,18,
15.9382,10,24,58,36,
15.9396,8,19,65,49,
15.941,8,19,65,49,
15.9423,27,31,76,39,
15.9437,27,31,76,39,
15.9451,22,20,71,37,
15.9464,3,-5,66,39,
15.9478,-3,-11,63,35,
15.9491,-16,-26,63,35,
15.9505,-20,-39,57,35,
15.9518,-9,-34,54,36,
15.9532,-2,-27,50,35,
15.9546,-4,-29,49,30,
15.956,13,-36,63,37,
15.9574,13,-27,78,41,
15.9588,25,-14,76,40,
15.9601,21,-15,64,38,
15.9615,7,-33,58,46,
15.9629,10,-54,54,40,
15.9643,-8,-67,56,47,
15.9656,-6,-66,56,45,
15.967,-29,-70,58,40,
15.9684,-37,-73,51,39,
15.9697,-20,-74,47,27,
15.9711,-11,-73,45,31,
15.9725,8,-52,44,32,
15.9738,18,-35,53,35,
15.9752,12,-30,66,41,
15.9766,12,-30,66,41,
15.978,18,-29,56,50,
15.9794,29,-36,60,43,
15.9808,23,-35,59,42,
15.9822,-17,-33,59,34,
15.9835,-17,-33,59,34,
15.9849,-14,-40,57,29,
15.9863,-24,-44,45,27,
15.9876,-15,-53,45,33,
15.989,-7,-36,46,44,
15.9904,15,-10,50,47,
15.9918,15,-10,50,47,
15.9931,12,-18,49,40,
15.9945,35,-7,62,44,
15.9959,25,-16,67,54,
15.9972,21,-25,74,45,
15.9986,-2,-21,79,47,
15.9999,-15,-25,70,47,
16.0013,-10,-30,58,47,
16.0027,-28,-37,49,35,
16.004,-11,-50,48,38,
16.0054,-11,-50,48,38,
16.0068,6,-34,65,35,
16.0081,29,-17,64,48,
16.0095,29,-17,64,48,
16.0109,23,-7,75,62,
16.0122,27,-19,85,64,
16.0136,12,-27,71,51,
16.0149,5,-31,68,41,
16.0163,-4,-37,58,42,
16.0177,-11,-35,54,38,
16.0191,-11,-35,54,38,
16.0205,-28,-48,51,35,
16.0219,-26,-40,49,27,
16.0233,-25,-30,54,23,
16.0247,-5,-25,50,25,
16.026,16,-24,53,34,
16.0274,31,-27,53,30,
16.0288,42,-17,54,41,
16.0302,26,-9,73,50,
16.0318,12,-13,77,55,
16.0332,12,-13,77,55,
16.0346,-7,-32,66,45,
16.036,-15,-44,50,37,
16.0373,-18,-45,44,18,
16.0387,-13,-45,35,14,
16.0401,-5,-30,31,21,
16.0415,11,-15,49,28,
16.043,11,-15,49,28,
16.0444,18,-18,50,37,
16.0458,28,-4,45,43,
16.0471,40,8,44,40,
16.0485,42,-1,58,43,
16.0499,29,-17,58,48,
16.0513,7,-26,47,33,
16.0526,7,-26,47,33,
16.0539,-2,-39,39,29,
16.0553,-10,-43,36,26,
16.0566,-9,-36,30,26,
16.058,-2,-27,35,26,
16.0594,8,-16,51,25,
16.0608,27,-5,53,34,
16.0621,26,8,50,39,
16.0635,39,14,58,42,
16.0649,31,10,59,40,
16.0662,23,6,58,41,
16.0676,2,-17,52,44,
16.069,2,-17,52,44,
16.0704,-6,-19,45,37,
16.0718,-20,-21,27,26,
16.0731,-22,-21,23,32,
16.0745,-13,-21,27,22,
16.0759,11,-19,36,24,
16.0772,22,-6,43,36,
16.0786,30,7,42,45,
16.08,30,7,42,45,
16.0813,44,15,56,49,
16.0827,37,7,55,49,
16.0841,32,-5,49,40,
16.0854,16,-6,38,34,
16.0868,11,-5,38,28,
16.0882,10,-15,37,34,
16.0896,-11,-28,24,34,
16.091,-12,-23,20,30,
16.0923,3,-18,33,33,
16.0937,16,-7,37,39,
16.0951,16,-7,37,39,
16.0965,22,15,46,47,
16.0978,41,15,59,46,
16.0992,32,0,61,55,
16.1005,36,3,56,47,
16.1019,36,3,56,47,
16.1033,20,-6,45,44,
16.1046,19,0,39,36,
16.106,6,-7,34,30,
16.1074,-1,-13,31,26,
16.1088,2,-5,31,25,
16.1101,2,-5,31,25,
16.1115,11,-3,35,38,
16.1128,29,9,47,49,
16.1142,38,20,50,56,
16.1156,40,30,46,54,
16.1169,36,16,53,52,
16.1182,36,16,53,52,
16.1196,24,18,46,48,
16.121,9,-8,38,41,
16.1224,2,-10,38,31,
16.1237,-10,-20,42,33,
16.1251,-13,-19,33,30,
16.1265,-17,-13,25,28,
16.1278,0,-11,34,34,
16.1292,11,2,36,40,
16.1305,30,14,30,38,
16.1319,41,28,36,37,
16.1332,55,33,46,50,
16.1346,38,20,46,56,
16.1359,31,19,47,48,
16.1373,27,20,51,39,
16.1387,7,10,27,33,
16.1401,-1,-1,29,40,
16.1414,-3,-22,27,38,
16.1428,-3,-22,27,38,
16.1441,-6,-25,35,29,
16.1455,-4,-17,36,32,
16.1468,7,4,27,42,
16.1482,46,21,40,39,
16.1496,48,30,45,49,
16.1509,48,30,45,49,
16.1523,51,36,38,51,
16.1536,24,21,38,43,
16.155,11,3,35,32,
16.1564,4,-13,23,35,
16.1577,4,-13,23,35,
16.1591,2,-6,26,25,
16.1605,0,-8,23,27,
16.1619,6,-4,14,36,
16.1632,4,6,19,32,
16.1646,16,10,31,35,
16.166,29,19,37,37,
16.1673,41,16,45,38,
16.1687,50,29,51,42,
16.1701,49,10,45,40,
16.1715,33,9,40,31,
16.1728,12,5,29,31,
16.1742,19,5,23,37,
16.1755,9,3,32,43,
16.1768,-10,0,31,37,
16.1782,-10,0,31,37,
16.1796,7,-10,25,41,
16.1809,17,-6,20,41,
16.1823,32,17,21,43,
16.1837,30,28,27,39,
16.185,52,19,41,44,
16.1864,50,26,37,49,
16.1878,22,26,34,37,
16.1891,20,15,20,37,
16.1905,20,15,20,37,
16.1919,10,-13,27,35,
16.1932,1,-8,29,28,
16.1946,1,-8,29,28,
16.1959,9,-4,20,32,
16.1972,11,-2,35,32,
16.1986,11,-2,35,32,
16.1999,22,6,32,35,
16.2012,27,19,34,40,
16.2026,58,36,46,52,
16.204,54,40,48,53,
16.2053,47,36,35,54,
16.2067,24,14,25,45,
16.208,2,7,17,35,
16.2093,4,-3,10,30,
16.2106,-3,-10,10,37,
16.212,-1,-24,22,34,
16.2133,3,-9,24,34,
16.2148,12,9,23,34,
16.2161,32,17,21,42,
16.2175,45,10,32,49,
16.2189,52,6,37,50,
16.2202,50,24,41,54,
16.2215,52,26,43,63,
16.2229,51,23,40,70,
16.2243,10,6,25,57,
16.2257,9,-9,12,50,
16.227,4,-14,10,44,
16.2284,-3,-23,17,44,
16.2298,5,-16,13,42,
16.2311,5,-16,13,42,
16.2325,18,-9,15,30,
16.2338,47,4,17,45,
16.2352,45,14,29,50,
16.2366,38,22,38,59,
16.238,47,25,38,64,
16.2394,41,16,32,71,
16.2408,41,10,34,65,
16.2422,10,0,23,46,
16.2436,19,2,26,35,
16.2449,19,2,26,35,
16.2463,5,-5,18,21,
16.2477,-5,-15,5,23,
16.2491,-5,-15,5,23,
16.2506,22,-5,18,33,
16.252,22,-5,18,33,
16.2534,46,17,23,46,
16.2548,34,11,32,64,
16.2562,31,10,40,65,
16.2575,26,3,43,63,
16.2589,32,-6,32,58,
16.2603,9,-3,13,47,
16.2617,4,-3,11,41,
16.2631,1,-8,12,42,
16.2645,-10,-26,7,27,
16.2658,-16,-30,4,22,
16.2672,10,-21,7,27,
16.2685,30,-16,23,35,
16.2699,33,4,29,42,
16.2712,37,10,28,51,
16.2726,34,11,23,57,
16.274,35,1,18,50,
16.2753,25,-6,25,44,
16.2768,13,-2,23,48,
16.2781,14,-5,15,56,
16.2795,14,-5,15,56,
16.2809,7,-22,16,38,
16.2822,1,-25,3,25,
16.2836,-1,-26,6,31,
16.285,17,-13,13,42,
16.2863,38,0,21,41,
16.2878,51,14,16,46,
16.2891,51,14,16,46,
16.2905,58,8,22,58,
16.2919,46,-2,22,67,
16.2932,24,-7,26,56,
16.2945,24,-23,19,47,
16.2959,5,-23,9,41,
16.2972,-7,-11,12,34,
16.2986,-5,-24,-2,31,
16.3,-5,-25,7,36,
16.3013,-11,-29,5,36,
16.3027,33,-4,17,49,
16.3041,42,-5,15,51,
16.3054,42,-5,15,51,
16.3068,61,3,19,52,
16.3081,62,19,28,57,
16.3095,54,16,31,59,
16.3109,45,6,20,54,
16.3122,21,-25,10,49,
16.3136,0,-18,5,40,
16.315,0,-18,5,40,
16.3163,-1,-28,-8,30,
16.3177,0,-22,1,33,
16.319,0,-22,1,33,
16.3203,24,2,7,48,
16.3217,32,13,16,60,
16.3231,32,11,16,61,
16.3245,32,11,16,61,
16.3259,49,7,19,54,
16.3272,43,2,13,53,
16.3286,27,-1,15,48,
16.33,6,-4,3,46,
16.3313,6,-4,3,46,
16.3327,-6,-14,2,47,
16.3341,-19,-25,-6,34,
16.3355,-11,-33,-4,31,
16.3369,-3,-26,-1,37,
16.3383,39,11,6,50,
16.3396,43,4,11,60,
16.341,43,4,11,60,
16.3423,43,14,19,72,
16.3437,41,9,22,75,
16.3451,24,2,19,70,
16.3464,11,-11,16,59,
16.3477,12,-15,2,51,
16.349,18,-12,-9,52,
16.3505,18,-12,-9,52,
16.3518,4,-19,-11,48,
16.3532,13,-22,1,52,
16.3545,18,-12,-5,50,
16.3559,28,2,5,45,
16.3573,32,12,16,47,
16.3586,33,12,16,61,
16.3599,47,16,20,74,
16.3613,35,25,12,80,
16.3627,17,15,12,76,
16.364,17,15,12,76,
16.3653,13,2,13,59,
16.3667,9,-14,0,57,
16.368,9,-14,0,57,
16.3693,0,-20,-8,43,
16.3706,0,-5,-5,36,
16.372,17,0,0,48,
16.3733,17,0,0,48,
16.3747,41,-3,15,54,
16.3761,48,11,21,54,
16.3774,58,23,17,63,
16.3788,38,13,5,66,
16.3802,38,13,5,66,
16.3816,21,10,0,66,
16.3829,21,10,0,66,
16.3843,5,-15,-6,56,
16.3857,-3,-14,-15,44,
16.3871,-3,-10,-18,38,
16.3885,7,4,-4,37,
16.3898,7,4,-4,37,
16.3912,39,22,8,53,
16.3926,46,21,21,54,
16.3939,53,30,14,65,
16.3953,45,13,6,74,
16.3967,38,18,7,67,
16.398,38,18,7,67,
16.3994,28,24,17,53,
16.4008,21,3,14,41,
16.4022,-2,-15,5,35,
16.4035,1,-6,-1,38,
16.4049,3,-1,-1,30,
16.4062,11,0,7,29,
16.4076,28,2,11,36,
16.409,47,10,17,45,
16.4104,49,30,17,59,
16.4118,55,15,21,61,
16.4131,55,15,21,61,
16.4145,37,12,15,54,
16.4159,37,12,15,54,
16.4172,21,7,17,43,
16.4186,-2,7,9,42,
16.42,-13,-3,4,26,
16.4213,0,-11,11,25,
16.4227,5,4,14,43,
16.4241,5,4,14,43,
16.4254,38,5,26,43,
16.4268,38,5,26,43,
16.4282,48,19,29,47,
16.4296,48,27,36,51,
16.4311,35,24,22,52,
16.4326,30,20,21,41,
16.434,27,12,20,32,
16.4354,2,15,13,35,
16.4368,-5,-1,1,40,
16.4382,1,-10,-5,42,
16.4395,1,3,-1,35,
16.4408,12,10,4,28,
16.4423,12,10,4,28,
16.4437,38,15,22,45,
16.445,33,21,23,48,
16.4464,50,40,19,47,
16.4478,45,28,17,52,
16.4492,29,15,31,41,
16.4505,29,15,31,41,
16.4518,28,13,28,45,
16.4532,5,16,14,41,
16.4546,5,16,14,41,
16.456,-1,7,8,30,
16.4574,-9,2,17,34,
16.4588,-9,2,17,34,
16.4601,22,18,26,41,
16.4614,34,34,26,48,
16.4628,55,39,23,50,
16.4642,54,37,24,48,
16.4655,29,22,23,43,
16.4669,31,19,26,41,
16.4682,23,9,25,43,
16.4697,16,13,18,31,
16.4711,5,20,14,31,
16.4724,-12,-3,14,32,
16.4739,-5,-18,5,24,
16.4752,18,13,15,26,
16.4766,18,13,15,26,
16.4779,29,24,21,24,
16.4793,47,28,30,45,
16.4807,54,34,33,47,
16.4821,50,30,29,45,
16.4834,50,37,25,46,
16.4847,50,37,25,46,
16.4861,38,22,19,42,
16.4875,24,15,20,36,
16.4888,10,9,4,22,
16.4901,0,3,10,22,
16.4915,-1,9,16,19,
16.4928,5,7,13,30,
16.4942,29,13,7,29,
16.4955,51,19,16,29,
16.4969,54,21,27,35,
16.4982,61,43,19,31,
16.4996,61,43,19,31,
16.5009,42,45,20,41,
16.5022,22,31,21,39,
16.5037,24,21,21,38,
16.505,15,20,16,39,
16.5064,3,2,23,25,
16.5078,3,2,23,25,
16.5092,4,11,15,20,
16.5106,23,9,30,32,
16.5119,43,20,29,31,
16.5133,56,34,25,30,
16.5147,57,31,21,29,
16.516,64,36,30,31,
16.5174,60,40,28,35,
16.5188,39,25,19,31,
16.5201,20,20,18,30,
16.5215,20,20,18,30,
16.5228,6,8,22,22,
16.5242,-7,12,20,18,
16.5255,-9,14,5,21,
16.5269,3,4,3,17,
16.5282,9,5,17,16,
16.5295,26,37,20,31,
16.5309,29,39,20,45,
16.5323,29,39,20,45,
16.5336,56,50,23,47,
16.535,56,50,23,47,
16.5364,54,47,28,45,
16.5378,23,18,17,32,
16.5391,16,18,9,29,
16.5405,26,10,6,22,
16.5419,10,2,3,25,
16.5432,-8,11,5,28,
16.5446,-10,11,12,22,
16.5459,2,8,16,23,
16.5473,50,33,31,38,
16.5486,50,33,31,38,
16.55,61,38,26,40,
16.5514,63,42,29,50,
16.5528,55,38,29,49,
16.5541,50,31,24,43,
16.5555,21,26,29,26,
16.5568,11,13,23,26,
16.5582,11,13,23,26,
16.5595,-5,0,17,25,
16.561,11,6,16,22,
16.5624,12,13,18,21,
16.5637,29,24,12,25,
16.5651,50,32,19,39,
16.5665,46,40,17,32,
16.5679,46,46,23,30,
16.5692,37,43,31,26,
16.5706,41,34,21,32,
16.572,45,32,14,37,
16.5733,7,14,7,26,
16.5747,7,14,7,26,
16.5761,-1,10,7,26,
16.5774,5,1,8,17,
16.5787,-2,6,4,15,
16.58,4,15,4,16,
16.5814,28,27,13,27,
16.5827,48,29,11,24,
16.5841,48,29,11,24,
16.5855,46,27,21,28,
16.5869,45,35,23,40,
16.5882,54,36,21,35,
16.5895,48,28,10,22,
16.5909,15,4,21,11,
16.5922,15,4,21,11,
16.5936,6,-4,10,16,
16.595,6,-4,10,16,
16.5964,-3,11,3,7,
16.5978,19,13,-2,11,
16.5992,42,14,4,18,
16.6006,50,31,22,29,
16.602,60,37,18,37,
16.6034,71,44,17,45,
16.6048,50,36,36,43,
16.6062,36,30,22,38,
16.6075,15,13,14,25,
16.6088,17,12,19,19,
16.6101,6,12,18,17,
16.6115,5,12,6,8,
16.6128,5,12,6,8,
16.6142,16,5,0,17,
16.6155,16,5,0,17,
16.6168,18,13,14,16,
16.6181,47,35,23,32,
16.6195,43,42,23,39,
16.6208,49,43,16,43,
16.6222,43,32,19,34,
16.6236,31,32,23,35,
16.6249,29,21,18,24,
16.6262,22,9,16,18,
16.6276,11,9,15,23,
16.6289,3,16,16,28,
16.6303,11,16,17,26,
16.6317,11,11,21,19,
16.6331,23,13,17,17,
16.6346,27,31,13,29,
16.636,50,38,24,30,
16.6374,61,37,33,31,
16.6388,49,39,28,36,
16.6402,43,35,27,36,
16.6416,43,35,27,36,
16.643,37,22,26,26,
16.6443,24,23,11,15,
16.6457,20,27,18,18,
16.6471,4,11,7,19,
16.6485,13,10,9,6,
16.6499,13,10,9,6,
16.6513,32,21,9,7,
16.6527,32,36,22,25,
16.6542,41,33,30,24,
16.6555,49,35,42,32,
16.6569,50,34,33,40,
16.6582,41,27,16,29,
16.6596,41,27,16,29,
16.661,12,34,20,16,
16.6623,12,23,17,15,
16.6637,14,11,8,15,
16.6651,8,10,12,14,
16.6665,9,14,7,15,
16.6678,13,17,14,10,
16.6692,19,22,28,21,
16.6706,53,29,34,33,
16.672,64,40,26,34,
16.6734,64,40,26,34,
16.6748,45,30,27,38,
16.6761,45,30,27,38,
16.6774,29,31,25,39,
16.6787,23,19,19,32,
16.6801,13,20,20,19,
16.6814,0,6,12,5,
16.6828,-5,2,11,7,
16.6841,5,3,17,19,
16.6854,30,7,21,30,
16.6868,53,16,28,41,
16.6881,48,28,23,45,
16.6895,53,38,18,34,
16.6909,67,31,16,34,
16.6922,61,37,29,39,
16.6936,43,31,20,38,
16.695,41,27,15,37,
16.6963,20,17,18,23,
16.6977,21,-5,2,21,
16.699,21,-5,2,21,
16.7004,16,3,12,13,
16.7018,34,16,3,24,
16.7032,53,23,19,32,
16.7045,52,34,34,28,
16.7059,61,40,25,30,
16.7072,61,40,25,30,
16.7085,69,41,30,35,
16.7099,53,47,44,36,
16.7112,32,20,24,27,
16.7126,16,17,20,26,
16.7139,14,10,28,22,
16.7152,6,12,22,17,
16.7166,1,15,17,19,
16.7179,5,10,18,8,
16.7193,11,10,11,5,
16.7207,41,25,18,23,
16.722,41,25,18,23,
16.7234,41,25,18,23,
16.7248,62,38,44,35,
16.7261,63,46,47,38,
16.7275,60,43,35,33,
16.7288,29,14,23,28,
16.7301,15,16,24,28,
16.7314,9,18,20,31,
16.7328,9,18,20,31,
16.7341,-8,3,15,22,
16.7355,5,11,16,15,
16.7368,19,22,19,22,
16.7382,35,25,28,31,
16.7395,32,30,37,34,
16.7409,32,30,37,34,
16.7422,37,31,36,29,
16.7436,49,42,45,37,
16.7449,45,29,44,29,
16.7462,31,33,35,22,
16.7475,19,29,24,20,
16.7489,14,21,14,26,
16.7502,14,16,10,14,
16.7516,5,10,15,1,
16.7529,5,6,15,0,
16.7542,19,20,18,12,
16.7556,27,29,21,27,
16.7569,27,29,21,27,
16.7583,47,50,20,37,
16.7597,54,46,29,43,
16.7609,50,42,40,47,
16.7623,30,26,26,34,
16.7637,16,13,19,28,
16.765,16,13,19,28,
16.7664,13,17,13,22,
16.7678,2,15,12,12,
16.7691,15,17,25,12,
16.7704,15,17,25,12,
16.7717,31,20,17,16,
16.7731,31,20,17,16,
16.7744,39,28,16,29,
16.7758,58,31,28,22,
16.7772,68,49,36,30,
16.7785,51,40,30,38,
16.7799,51,40,30,38,
16.7812,18,34,27,17,
16.7826,13,18,21,24,
16.784,12,25,10,22,
16.7853,-3,10,13,10,
16.7867,-3,10,13,10,
16.7881,-1,5,18,13,
16.7894,4,10,18,14,
16.7908,29,13,28,19,
16.7922,53,20,37,29,
16.7936,62,30,27,27,
16.795,65,33,26,31,
16.7964,64,30,24,30,
16.7977,53,44,24,22,
16.7991,30,28,17,17,
16.8004,31,24,21,16,
16.8018,25,17,19,16,
16.8032,6,16,8,16,
16.8046,11,11,5,6,
16.8059,10,14,6,6,
16.8073,33,23,14,17,
16.8087,52,35,18,25,
16.8101,57,37,27,24,
16.8114,61,39,29,31,
16.8128,63,36,32,38,
16.8141,66,36,27,36,
16.8155,46,44,23,29,
16.8168,26,12,12,19,
16.8182,22,15,16,11,
16.8196,22,15,16,11,
16.8209,2,11,15,10,
16.8222,0,21,13,19,
16.8236,0,21,13,19,
16.825,33,27,16,11,
16.8263,44,23,18,12,
16.8277,44,23,18,12,
16.829,52,19,19,16,
16.8304,68,33,33,31,
16.8318,63,28,35,22,
16.8332,45,28,36,18,
16.8345,34,15,29,10,
16.8359,34,11,14,12,
16.8373,25,25,18,15,
16.8387,15,16,15,5,
16.84,15,16,15,5,
16.8414,22,17,17,6,
16.8428,45,16,31,22,
16.8441,45,16,31,22,
16.8454,43,31,32,28,
16.8468,56,45,34,26,
16.8481,50,35,35,24,
16.8494,45,28,36,20,
16.8508,45,21,30,18,
16.8522,39,20,16,10,
16.8535,39,20,16,10,
16.8549,31,22,17,4,
16.8562,12,3,22,-5,
16.8575,18,6,23,-2,
16.8589,21,10,19,-4,
16.8602,34,20,17,2,
16.8616,43,28,28,7,
16.863,56,39,29,15,
16.8643,74,36,32,29,
16.8656,55,40,33,21,
16.867,51,33,33,19,
16.8683,51,33,33,19,
16.8697,43,20,15,12,
16.871,27,3,16,4,
16.8723,26,7,18,-1,
16.8737,9,13,8,-3,
16.875,16,11,5,-2,
16.8764,32,28,28,-4,
16.8777,32,28,28,-4,
16.8791,38,34,26,8,
16.8804,71,30,28,14,
16.8818,59,31,37,22,
16.8832,53,34,26,23,
16.8846,45,31,22,23,
16.8859,45,31,22,23,
16.8873,35,36,25,18,
16.8886,28,16,24,-6,
16.8899,16,12,24,-4,
16.8913,11,13,16,-6,
16.8927,16,10,6,-1,
16.894,25,12,14,0,
16.8954,44,26,29,2,
16.8968,62,36,26,1,
16.8981,75,40,35,11,
16.8995,75,40,35,11,
16.9009,61,36,30,16,
16.9022,51,46,23,15,
16.9035,51,46,23,15,
16.9049,40,41,21,10,
16.9062,27,30,14,11,
16.9076,10,8,7,-6,
16.9089,9,16,3,-8,
16.9103,31,13,20,-9,
16.9117,33,22,21,-3,
16.913,51,37,25,7,
16.9143,51,37,25,7,
16.9157,56,42,22,7,
16.917,63,40,34,20,
16.9184,66,38,36,20,
16.9197,45,39,34,16,
16.921,29,27,36,10,
16.9224,33,24,18,11,
16.9238,15,27,16,11,
16.9251,5,20,18,2,
16.9265,5,20,18,2,
16.9279,20,27,25,-5,
16.9292,29,28,27,-6,
16.9305,57,40,18,5,
16.9319,67,38,31,8,
16.9332,67,38,31,8,
16.9346,74,35,34,21,
16.9359,75,35,32,30,
16.9373,68,30,37,25,
16.9387,43,26,40,23,
16.9401,21,6,27,10,
16.9414,8,13,13,1,
16.9427,8,13,13,1,
16.9441,24,9,14,-4,
16.9454,30,17,8,1,
16.9468,43,25,15,2,
16.9481,52,32,19,19,
16.9495,43,40,24,29,
16.9508,54,50,25,30,
16.9522,54,50,25,30,
16.9535,49,33,30,22,
16.9549,43,34,32,12,
16.9562,23,33,29,13,
16.9575,15,25,15,15,
16.9589,21,22,13,13,
16.9602,-1,9,19,6,
16.9616,3,2,20,-1,
16.963,30,17,17,6,
16.9644,52,16,22,16,
16.9658,52,16,22,16,
16.9672,70,39,18,13,
16.9686,73,41,26,10,
16.9699,73,41,26,10,
16.9713,50,34,30,5,
16.9726,29,30,24,-2,
16.974,17,25,15,2,
16.9753,26,17,18,9,
16.9767,19,16,19,9,
16.9781,13,13,17,4,
16.9794,17,11,17,-3,
16.9807,39,19,26,9,
16.9821,39,19,26,9,
16.9835,41,30,22,18,
16.9848,39,43,18,8,
16.9862,58,41,21,9,
16.9876,54,36,21,10,
16.9889,36,36,14,5,
16.9904,40,26,13,8,
16.9917,21,22,15,7,
16.9931,13,10,18,2,
16.9944,5,19,13,-1,
16.9958,3,17,16,-6,
16.9971,13,10,20,-8,
16.9984,23,18,26,-9,
16.9998,46,39,30,1,
17.0011,46,39,30,1,
17.0025,77,42,23,8,
17.0038,68,29,25,11,
17.0052,54,27,22,9,
17.0065,51,29,19,4,
17.0079,43,25,19,2,
17.0092,19,29,24,-8,
17.0105,12,21,26,-16,
17.0118,6,22,5,-13,
17.0132,14,23,10,-13,
17.0145,14,23,10,-13,
17.0158,32,32,14,-12,
17.0172,53,35,16,6,
17.0186,53,35,27,1,
17.0199,49,41,27,1,
17.0214,55,35,34,0,
17.0228,57,32,23,-2,
17.0241,53,37,20,4,
17.0255,38,39,16,-1,
17.0269,20,28,28,-3,
17.0282,20,19,26,-9,
17.0296,20,19,26,-9,
17.031,10,7,6,-17,
17.0324,14,7,2,-20,
17.0338,18,26,13,-13,
17.0354,52,48,23,-8,
17.0368,52,48,23,-8,
17.0381,68,45,20,-2,
17.0396,76,47,28,8,
17.0409,63,51,28,6,
17.0422,35,35,24,0,
17.0436,22,32,18,-12,
17.045,12,30,18,-14,
17.0463,-2,23,12,-17,
17.0477,-10,22,6,-23,
17.049,9,18,-1,-25,
17.0504,9,18,-1,-25,
17.0518,43,34,19,-20,
17.0531,44,41,30,-8,
17.0545,50,52,25,-6,
17.0558,67,55,16,0,
17.0572,50,52,19,-7,
17.0585,44,42,21,-6,
17.0598,33,43,24,-7,
17.0611,21,17,13,-16,
17.0625,19,18,3,-21,
17.0639,19,18,3,-21,
17.0652,3,29,6,-27,
17.0666,15,35,7,-17,
17.068,15,35,7,-17,
17.0693,20,42,7,-20,
17.0707,36,52,10,-16,
17.0721,36,52,10,-16,
17.0734,57,43,10,-11,
17.0748,45,41,10,-7,
17.0761,36,33,22,-16,
17.0775,32,33,27,-11,
17.0789,21,32,24,-17,
17.0802,21,27,12,-22,
17.0816,15,20,2,-34,
17.083,16,22,12,-38,
17.0844,16,22,12,-38,
17.0858,24,40,6,-23,
17.0871,67,51,12,-8,
17.0885,67,51,12,-8,
17.0898,70,48,24,-6,
17.0912,72,45,26,-8,
17.0925,54,53,17,-13,
17.0939,32,48,19,-9,
17.0953,32,48,19,-9,
17.0966,27,31,8,-30,
17.098,6,23,6,-32,
17.0994,11,14,2,-35,
17.1008,22,28,11,-32,
17.1021,21,33,9,-23,
17.1035,32,41,13,-18,
17.1048,49,46,24,-5,
17.1062,50,40,30,-6,
17.1076,63,46,21,-7,
17.1089,56,56,19,-8,
17.1103,44,45,16,-10,
17.1116,33,40,16,-8,
17.113,33,40,16,-8,
17.1143,19,35,15,-15,
17.1157,19,35,15,-15,
17.1171,12,24,18,-15,
17.1184,20,18,14,-12,
17.1198,22,27,20,-5,
17.1212,22,27,20,-5,
17.1226,30,43,21,-3,
17.1239,53,52,18,6,
17.1253,57,56,24,14,
17.1266,49,52,16,7,
17.1279,40,37,23,-2,
17.1293,29,35,17,0,
17.1306,14,35,12,5,
17.1319,8,28,10,-2,
17.1333,1,25,5,-3,
17.1347,7,15,5,-1,
17.136,-7,23,13,-1,
17.1374,-5,20,11,-2,
17.1388,31,26,16,4,
17.1401,55,39,28,6,
17.1415,71,46,34,12,
17.1429,51,43,38,17,
17.1442,43,49,31,19,
17.1456,43,49,31,19,
17.1469,20,39,18,5,
17.1482,20,39,18,5,
17.1496,25,41,14,2,
17.151,5,22,20,-5,
17.1524,1,11,15,-10,
17.1537,1,11,15,-10,
17.1551,1,29,19,7,
17.1564,27,45,20,21,
17.1578,35,51,21,21,
17.1592,31,49,33,15,
17.1606,27,57,29,9,
17.1619,27,57,29,9,
17.1633,27,57,29,9,
17.1647,14,34,21,18,
17.1661,-3,30,29,16,
17.1674,-2,31,19,17,
17.1688,-27,9,15,12,
17.1701,-14,18,20,9,
17.1715,-14,18,20,9,
17.1728,9,32,31,12,
17.1741,35,47,43,14,
17.1755,43,54,45,23,
17.1768,44,51,41,32,
17.1781,37,40,33,34,
17.1794,37,40,33,34,
17.1807,25,36,42,28,
17.1821,18,45,43,28,
17.1834,-2,37,25,14,
17.1848,-13,26,28,19,
17.1861,-29,22,30,25,
17.1875,-17,17,28,21,
17.1888,-16,11,22,16,
17.1902,-2,16,30,19,
17.1915,30,30,36,32,
17.1929,21,38,35,40,
17.1942,27,43,39,28,
17.1956,37,47,41,29,
17.1969,19,50,33,34,
17.1983,18,50,22,29,
17.1996,13,42,22,23,
17.201,-5,32,31,22,
17.2023,-9,13,36,18,
17.2037,-19,17,38,14,
17.2052,-16,26,22,17,
17.2066,-10,33,21,29,
17.208,0,46,30,31,
17.2094,9,49,38,32,
17.2107,30,50,45,41,
17.2121,36,47,46,49,
17.2135,36,47,46,49,
17.2149,18,50,49,35,
17.2162,7,41,42,33,
17.2176,-14,27,26,26,
17.2189,-16,32,16,31,
17.2203,-30,18,14,19,
17.2216,-30,18,14,19,
17.223,-26,17,23,25,
17.2243,-1,25,24,31,
17.2257,7,29,33,30,
17.2271,25,46,48,33,
17.2284,30,39,43,30,
17.2298,30,39,43,30,
17.2312,35,41,49,33,
17.2325,13,38,38,40,
17.2339,5,28,35,35,
17.2353,7,24,22,30,
17.2367,-8,26,28,22,
17.2381,-8,26,28,22,
17.2395,-25,18,21,17,
17.2409,-10,22,12,12,
17.2422,3,29,19,23,
17.2437,25,29,26,20,
17.245,35,30,28,18,
17.2465,37,32,37,20,
17.2479,37,32,37,20,
17.2494,19,37,28,27,
17.2508,2,36,18,21,
17.2522,2,36,18,21,
17.2536,2,30,20,15,
17.255,0,30,27,12,
17.2563,-20,23,24,3,
17.2577,-17,18,21,1,
17.259,-9,27,19,5,
17.2604,4,28,21,5,
17.2617,25,40,33,17,
17.2631,17,41,29,19,
17.2645,28,44,30,25,
17.2659,25,39,35,30,
17.2673,21,40,28,31,
17.2687,0,29,32,22,
17.2701,-5,22,25,21,
17.2714,-5,22,25,21,
17.2728,-13,21,20,21,
17.2742,-22,14,11,3,
17.2756,-14,28,16,1,
17.2769,3,33,19,4,
17.2782,24,40,25,27,
17.2796,24,40,25,27,
17.281,24,52,26,28,
17.2824,33,56,37,25,
17.2838,21,47,29,30,
17.2851,25,47,29,25,
17.2865,9,30,28,26,
17.2879,-6,18,17,14,
17.2892,-6,18,17,14,
17.2906,-22,12,12,5,
17.292,-20,8,11,3,
17.2933,-11,11,15,7,
17.2946,5,33,20,13,
17.296,27,48,23,24,
17.2973,19,53,24,33,
17.2986,19,53,24,33,
17.3,39,49,30,34,
17.3014,22,44,42,20,
17.3028,3,36,37,28,
17.3041,-6,23,32,18,
17.3055,-2,14,17,11,
17.3069,-15,15,9,9,
17.3082,-34,12,12,9,
17.3096,-26,22,16,10,
17.311,-1,22,21,12,
17.3123,-1,22,21,12,
17.3137,18,38,28,17,
17.3151,27,43,21,14,
17.3165,29,46,28,13,
17.3178,24,48,33,14,
17.3193,9,31,23,21,
17.3207,-7,26,20,11,
17.3221,-6,33,12,9,
17.3235,-6,29,18,11,
17.3249,-23,17,17,10,
17.3263,-35,19,22,2,
17.3276,-31,11,16,2,
17.329,-20,24,8,12,
17.3304,-1,42,20,9,
17.3318,24,48,21,9,
17.3331,31,48,23,16,
17.3345,31,49,28,19,
17.3359,1,49,33,21,
17.3373,-4,42,28,15,
17.3387,-6,37,24,18,
17.34,-14,29,26,17,
17.3414,-14,29,26,17,
17.3427,-21,17,16,19,
17.3441,-32,17,23,9,
17.3455,-36,26,28,10,
17.3468,-20,39,34,14,
17.3482,17,35,31,13,
17.3496,17,35,31,13,
17.351,16,46,29,18,
17.3523,21,60,34,26,
17.3537,5,38,28,19,
17.3551,-8,28,28,17,
17.3564,-8,28,28,17,
17.3578,-10,25,23,19,
17.3592,-22,32,18,19,
17.3605,-25,26,11,4,
17.3619,-37,28,19,5,
17.3632,-15,39,20,8,
17.3646,7,43,26,12,
17.366,14,49,38,26,
17.3674,14,49,38,26,
17.3687,18,62,37,29,
17.37,18,62,37,29,
17.3714,9,54,29,26,
17.3728,-8,55,31,15,
17.3742,-21,38,24,11,
17.3756,-19,29,27,13,
17.377,-19,29,27,13,
17.3783,-29,26,26,8,
17.3797,-27,35,13,11,
17.381,-9,38,31,7,
17.3823,8,39,42,12,
17.3837,8,39,42,12,
17.3851,35,53,52,23,
17.3865,35,53,52,23,
17.3878,31,57,50,25,
17.3892,15,56,36,23,
17.3906,-6,47,27,20,
17.392,-26,48,25,17,
17.3933,-17,49,29,12,
17.3947,-29,45,16,-1,
17.396,-34,38,17,1,
17.3974,-11,35,24,3,
17.3988,-3,47,19,13,
17.4001,-3,47,19,13,
17.4014,4,54,31,17,
17.4028,11,50,33,26,
17.4042,30,61,29,35,
17.4055,23,61,31,32,
17.4069,10,54,18,15,
17.4083,-2,42,17,19,
17.4097,-14,46,28,23,
17.411,-23,41,28,18,
17.4124,-23,41,28,18,
17.4137,-41,28,25,2,
17.4151,-29,24,29,7,
17.4165,-7,41,28,11,
17.4178,17,52,36,16,
17.4193,16,50,34,19,
17.4207,21,52,42,27,
17.422,12,63,30,31,
17.4234,16,65,31,24,
17.4248,-8,50,32,13,
17.426,-24,43,27,16,
17.4274,-24,43,27,16,
17.4288,-20,45,18,12,
17.4301,-20,45,18,12,
17.4316,-28,37,18,7,
17.433,-31,34,25,11,
17.4345,10,49,21,14,
17.436,10,49,21,14,
17.4373,34,64,30,9,
17.4388,36,58,30,15,
17.4401,4,66,40,17,
17.4415,4,66,40,17,
17.4429,-3,65,33,10,
17.4443,-5,46,22,12,
17.4456,-6,44,23,7,
17.447,-28,45,20,5,
17.4484,-40,40,19,-2,
17.4497,-26,35,29,11,
17.4511,-2,50,26,12,
17.4524,20,59,33,11,
17.4537,22,66,30,13,
17.4551,18,71,27,26,
17.4564,18,71,27,26,
17.4578,17,79,38,26,
17.4592,0,66,32,12,
17.4605,-12,55,27,14,
17.4619,-24,54,28,21,
17.4633,-22,61,37,22,
17.4646,-25,64,34,5,
17.466,-26,59,34,-6,
17.4674,-1,62,24,8,
17.4687,16,72,37,15,
17.4701,16,72,37,15,
17.4715,23,80,46,24,
17.4728,29,90,42,25,
17.4741,16,94,43,33,
17.4756,11,103,42,31,
17.4769,-17,71,35,20,
17.4782,-17,71,28,6,
17.4796,-11,69,17,5,
17.4809,-11,69,17,5,
17.4823,-40,59,27,-1,
17.4837,-45,60,29,5,
17.485,-25,61,24,8,
17.4864,-1,68,29,15,
17.4878,11,77,37,29,
17.4892,11,77,37,29,
17.4905,20,80,43,28,
17.4919,19,79,42,23,
17.4933,15,81,42,25,
17.4947,-5,79,32,14,
17.496,-12,73,29,18,
17.4973,-12,73,29,18,
17.4987,-42,49,19,14,
17.5001,-42,49,19,14,
17.5014,-34,54,29,2,
17.5028,-18,53,34,0,
17.5042,3,62,34,8,
17.5055,9,72,25,14,
17.5069,9,72,25,14,
17.5083,15,75,22,28,
17.5096,13,78,27,19,
17.511,4,69,27,19,
17.5124,-7,66,23,14,
17.5138,-17,60,21,4,
17.5151,-10,48,17,10,
17.5165,-24,44,15,3,
17.5179,-39,44,27,9,
17.5193,-44,46,33,8,
17.5206,-7,66,21,9,
17.522,14,69,28,13,
17.5234,17,71,37,19,
17.5248,27,87,50,26,
17.5262,27,87,50,26,
17.5275,8,83,47,20,
17.5289,10,82,42,19,
17.5302,-6,57,43,6,
17.5316,-19,59,41,8,
17.533,-33,65,41,9,
17.5344,-41,56,30,-6,
17.5358,-42,60,14,-8,
17.5371,-26,51,16,0,
17.5385,22,67,23,6,
17.5399,9,73,30,2,
17.5412,9,73,30,2,
17.5426,22,79,33,7,
17.544,30,78,31,24,
17.5453,11,81,29,30,
17.5467,-12,78,26,22,
17.5481,-23,66,21,3,
17.5494,-23,63,28,-1,
17.5508,-23,63,28,-1,
17.5522,-45,50,22,-3,
17.5536,-33,54,13,4,
17.555,-16,57,24,10,
17.5564,4,66,24,25,
17.5578,4,66,24,25,
17.5592,19,63,34,24,
17.5605,19,70,38,30,
17.5619,13,72,32,31,
17.5633,11,65,29,26,
17.5647,-19,62,18,13,
17.566,-19,62,18,13,
17.5674,-10,65,13,11,
17.5688,-15,50,22,14,
17.5701,-23,57,21,9,
17.5715,-15,51,27,7,
17.5728,1,48,24,13,
17.5742,10,57,27,12,
17.5755,18,61,40,13,
17.5768,18,61,40,13,
17.5782,21,62,26,20,
17.5796,13,65,32,16,
17.581,9,61,32,21,
17.5823,-14,51,23,20,
17.5836,-27,40,24,15,
17.585,-26,40,21,12,
17.5864,-33,41,16,10,
17.5877,-31,40,19,3,
17.589,-21,44,27,4,
17.5904,-21,44,27,4,
17.5918,-3,46,40,16,
17.5932,9,43,47,20,
17.5947,18,43,44,18,
17.596,11,53,43,29,
17.5974,9,55,48,35,
17.5988,9,55,48,35,
17.6001,-22,41,28,18,
17.6014,-28,40,28,22,
17.6028,-25,30,22,16,
17.604,-37,12,29,17,
17.6054,-21,6,39,17,
17.6068,-21,6,39,17,
17.6081,-21,6,39,17,
17.6095,8,34,43,28,
17.6109,8,51,36,25,
17.6122,16,54,34,30,
17.6136,22,49,45,34,
17.615,22,37,51,25,
17.6163,8,41,55,31,
17.6177,-9,29,45,21,
17.6191,-25,19,37,21,
17.6205,-27,9,26,22,
17.6219,-39,6,25,24,
17.6233,-23,12,27,22,
17.6246,-23,12,27,22,
17.626,-8,25,38,14,
17.6274,21,35,36,16,
17.6288,17,30,38,26,
17.6302,31,38,42,33,
17.6315,7,37,51,32,
17.6329,7,34,53,35,
17.6343,4,38,41,29,
17.6357,-5,34,38,25,
17.637,-24,21,35,22,
17.6385,-39,21,22,16,
17.6398,-42,18,20,-1,
17.6413,-42,18,20,-1,
17.6427,-20,13,27,5,
17.644,13,21,32,20,
17.6454,12,27,37,16,
17.6469,23,38,42,30,
17.6483,-8,41,39,17,
17.6496,-8,41,39,17,
17.651,-19,28,40,15,
17.6524,-13,21,27,29,
17.6538,-18,20,23,28,
17.6552,-23,10,30,18,
17.6566,-30,14,27,10,
17.658,-30,14,27,10,
17.6594,-32,17,29,14,
17.6608,-4,26,41,25,
17.6622,2,25,55,27,
17.6635,8,34,65,30,
17.6649,8,38,54,29,
17.6662,8,38,54,29,
17.6676,8,38,54,29,
17.669,-10,26,44,40,
17.6703,-32,30,41,33,
17.6717,-37,29,42,29,
17.6731,-26,6,23,24,
17.6745,-26,6,23,24,
17.6758,-27,8,25,19,
17.6771,-11,6,23,15,
17.6785,15,39,28,26,
17.6798,9,40,41,34,
17.6811,9,40,41,34,
17.6825,3,44,52,29,
17.6839,3,44,52,29,
17.6853,12,47,48,28,
17.6867,-25,26,40,29,
17.688,-25,24,45,21,
17.6894,-29,27,41,24,
17.6907,-30,15,28,28,
17.692,-30,15,28,28,
17.6934,-25,23,32,17,
17.6948,-14,29,43,12,
17.6962,2,33,50,20,
17.6975,9,30,62,32,
17.6989,32,50,65,28,
17.7003,31,51,63,29,
17.7017,28,54,61,25,
17.7031,5,44,64,29,
17.7044,-20,22,55,22,
17.7058,-7,14,44,15,
17.7072,-12,10,39,9,
17.7086,-24,5,28,13,
17.7099,-24,5,28,13,
17.7112,-26,-2,27,19,
17.7126,11,31,44,32,
17.7139,21,39,52,35,
17.7153,21,36,47,35,
17.7166,33,40,46,33,
17.718,35,45,48,26,
17.7193,12,35,42,25,
17.7207,-6,16,45,22,
17.7221,-24,10,43,16,
17.7235,-23,10,37,16,
17.7249,-23,10,37,16,
17.7262,-17,9,29,12,
17.7276,-19,6,24,10,
17.7289,-19,7,35,21,
17.7303,27,15,37,26,
17.7316,16,18,44,29,
17.7329,20,29,48,38,
17.7342,18,33,54,34,
17.7356,9,33,57,35,
17.7369,10,28,64,38,
17.7383,8,23,56,29,
17.7397,-9,17,60,25,
17.7411,-25,10,53,20,
17.7424,-36,-1,38,23,
17.7438,-36,-1,38,23,
17.7451,-44,-11,56,30,
17.7465,-31,-6,56,33,
17.7478,-3,7,70,41,
17.7492,14,7,80,57,
17.7506,14,7,80,57,
17.752,31,10,90,60,
17.7534,15,-9,91,56,
17.7547,-1,-2,87,60,
17.7561,-20,-14,72,51,
17.7574,-12,-20,70,36,
17.7588,-12,-20,70,36,
17.7602,-12,-33,60,25,
17.7615,-20,-41,51,28,
17.7629,-15,-31,64,31,
17.7642,4,-30,62,30,
17.7656,32,-6,58,52,
17.767,32,-6,58,52,
17.7683,25,1,76,60,
17.7697,28,-9,90,53,
17.7711,2,-33,77,39,
17.7725,2,-33,77,39,
17.7739,-14,-50,52,39,
17.7752,-18,-58,50,34,
17.7766,-18,-58,50,34,
17.778,-29,-54,49,33,
17.7793,-21,-51,41,35,
17.7807,-8,-33,40,32,
17.782,22,-25,53,30,
17.7834,31,-10,59,32,
17.7848,21,-18,62,39,
17.7862,29,-23,62,50,
17.7876,23,-17,57,55,
17.7889,18,-19,52,50,
17.7903,10,-19,57,45,
17.7916,-19,-34,48,35,
17.793,-19,-34,48,35,
17.7943,-30,-39,44,35,
17.7957,-20,-39,42,34,
17.7971,-16,-39,46,31,
17.7984,-1,-31,55,33,
17.7998,22,-21,58,33,
17.8012,24,-15,64,37,
17.8026,31,-16,60,39,
17.804,31,-16,60,39,
17.8053,13,-12,65,42,
17.8067,4,-26,60,42,
17.8081,-8,-29,55,32,
17.8094,-12,-30,45,26,
17.8108,-15,-33,49,29,
17.8122,-14,-32,47,26,
17.8135,-5,-33,30,35,
17.815,8,-27,37,32,
17.8163,13,-29,47,43,
17.8177,24,-33,60,44,
17.819,34,-27,77,36,
17.8204,34,-27,77,36,
17.8218,31,-3,69,45,
17.8231,22,-17,62,52,
17.8244,11,-18,53,40,
17.8258,11,-18,53,40,
17.8272,-13,-35,46,40,
17.8285,-22,-37,44,29,
17.8299,-17,-34,42,38,
17.8312,-23,-32,56,29,
17.8326,4,-24,63,39,
17.834,4,-24,63,39,
17.8354,26,-17,61,36,
17.8368,31,-23,57,36,
17.8382,28,-11,65,45,
17.8396,18,-21,76,49,
17.841,11,-24,79,45,
17.8424,11,-24,79,45,
17.8438,-11,-34,74,36,
17.8452,-3,-44,63,40,
17.8466,-17,-49,48,35,
17.848,-22,-40,46,28,
17.8493,-12,-39,52,34,
17.8507,-8,-31,59,38,
17.8521,13,-25,59,44,
17.8534,20,-24,66,46,
17.8548,25,-8,74,53,
17.8562,15,-5,67,61,
17.8575,17,0,60,51,
17.859,15,-11,46,40,
17.8603,12,-21,44,33,
17.8617,12,-21,44,33,
17.863,2,-23,55,31,
17.8643,-22,-30,46,19,
17.8657,-28,-21,43,27,
17.867,-2,-19,37,40,
17.8684,-2,-19,37,40,
17.8698,36,-9,48,42,
17.8712,41,-7,57,39,
17.8725,39,8,52,48,
17.8739,20,0,55,37,
17.8752,20,0,55,37,
17.8766,26,-18,50,37,
17.878,0,-19,35,35,
17.8793,4,-12,29,24,
17.8807,-11,-25,27,18,
17.882,-13,-15,35,29,
17.8908,21,16,57,54,
17.8922,21,16,57,54,
17.8935,17,-1,48,43,
17.8949,-3,-14,45,27,
17.8962,-3,-14,45,27,
17.8975,-5,-8,43,29,
17.8989,-5,-24,28,32,
17.9003,7,-26,21,32,
17.9016,7,-26,21,32,
17.903,29,-9,54,35,
17.9043,35,8,59,35,
17.9056,43,20,53,31,
17.907,48,12,63,45,
17.9084,48,12,63,45,
17.9097,30,3,54,48,
17.9111,17,2,46,43,
17.9124,3,1,46,40,
17.9138,10,-11,46,38,
17.9152,-3,-13,31,36,
17.9166,-7,-16,29,23,
17.9179,-6,-24,24,23,
17.9193,0,-21,28,32,
17.9206,36,9,41,42,
17.922,33,6,49,44,
17.9233,42,17,59,42,
17.9247,39,24,65,46,
17.926,39,24,65,46,
17.9274,44,11,57,47,
17.9287,21,13,46,45,
17.93,-2,5,36,34,
17.9314,8,-1,32,31,
17.9327,-10,-13,25,26,
17.934,-12,-18,26,26,
17.9354,-15,-22,26,28,
17.9367,-1,-15,23,28,
17.938,20,3,37,29,
17.9394,28,16,49,48,
17.9407,28,16,49,48,
17.9421,45,25,43,51,
17.9434,31,17,52,52,
17.9448,35,19,57,59,
17.9461,12,5,56,47,
17.9475,0,0,51,41,
17.9488,-1,3,46,40,
17.9502,-15,3,29,27,
17.9515,-7,-18,31,22,
17.9529,7,3,30,26,
17.9542,21,-2,42,26,
17.9556,41,4,50,34,
17.9569,31,9,51,36,
17.9583,31,9,51,36,
17.9597,38,23,64,44,
17.961,40,21,57,43,
17.9623,30,23,34,46,
17.9638,14,9,38,47,
17.9651,6,-7,41,42,
17.9665,9,-2,37,36,
17.9679,-11,7,30,26,
17.9693,-19,1,20,26,
17.9707,9,11,29,25,
17.972,9,11,29,25,
17.9734,40,8,42,31,
17.9748,43,14,65,38,
17.9761,43,14,65,38,
17.9775,61,22,62,40,
17.9789,32,13,48,45,
17.9803,11,11,28,44,
17.9816,3,-4,31,36,
17.983,13,-13,36,35,
17.9844,-4,-13,29,30,
17.9857,-11,-10,19,21,
17.9871,-6,-2,29,14,
17.9885,-6,-2,29,14,
17.9898,24,10,31,18,
17.9912,39,21,32,31,
17.9925,41,29,31,33,
17.9939,42,27,46,37,
17.9952,33,23,51,38,
17.9966,21,23,36,34,
17.998,2,3,29,40,
17.9994,-2,-8,20,37,
18.0008,-4,-14,12,36,
18.0021,-16,-17,15,28,
18.0035,-5,-13,20,19,
18.0048,8,-9,18,21,
18.0062,28,7,28,23,
18.0076,34,28,29,34,
18.0089,43,32,32,31,
18.0102,60,30,26,36,
18.0116,56,28,31,38,
18.0129,46,26,34,40,
18.0143,14,19,32,36,
18.0156,5,18,30,28,
18.017,5,18,30,28,
18.0183,-6,9,18,21,
18.0197,-6,9,18,21,
18.021,-11,5,18,13,
18.0224,11,7,15,16,
18.0238,38,14,26,22,
18.0252,38,14,26,22,
18.0265,41,34,30,43,
18.0279,42,34,41,44,
18.0292,32,34,48,32,
18.0307,34,21,40,31,
18.0321,27,14,23,38,
18.0334,15,9,18,29,
18.0348,15,9,18,29,
18.0361,-5,2,20,23,
18.0374,-11,-4,8,14,
18.0388,-4,-4,8,18,
18.0403,3,1,16,23,
18.0416,4,4,30,23,
18.043,33,14,39,26,
18.0443,43,31,40,28,
18.0456,46,37,47,39,
18.047,46,45,50,42,
18.0483,28,40,40,30,
18.0497,3,22,32,25,
18.0511,7,16,18,18,
18.0524,7,16,18,18,
18.0538,-2,4,20,12,
18.0551,-5,4,16,20,
18.0565,-4,19,11,29,
18.0579,9,18,17,29,
18.0593,27,22,25,24,
18.0607,34,36,25,31,
18.0621,42,44,33,33,
18.0635,31,40,40,38,
18.0648,31,40,40,38,
18.0662,14,29,31,40,
18.0675,14,29,31,40,
18.0688,14,17,29,29,
18.0702,-1,7,15,27,
18.0715,-4,9,15,19,
18.0729,-4,9,15,19,
18.0743,-6,15,25,13,
18.0756,14,24,28,11,
18.077,30,35,31,24,
18.0783,45,37,27,26,
18.0797,57,44,28,40,
18.0811,57,44,28,40,
18.0825,53,44,34,34,
18.0838,29,38,40,30,
18.0851,24,24,32,21,
18.0864,2,18,14,17,
18.0877,-3,10,15,23,
18.0891,-12,11,13,18,
18.0905,-7,11,13,20,
18.0918,-10,13,16,14,
18.0932,20,32,31,22,
18.0945,23,42,32,29,
18.0959,46,45,29,26,
18.0972,51,48,39,22,
18.0986,39,47,48,29,
18.0999,40,40,43,30,
18.1012,29,29,40,24,
18.1026,-4,17,34,29,
18.1039,-4,17,34,29,
18.1053,-4,20,27,27,
18.1067,-27,6,22,9,
18.108,-6,-4,26,9,
18.1093,4,-2,21,10,
18.1106,24,12,32,15,
18.112,40,34,36,29,
18.1133,33,42,38,25,
18.1147,37,39,43,34,
18.1161,31,34,36,29,
18.1175,25,31,40,34,
18.1188,25,31,40,34,
18.1202,21,20,33,28,
18.1215,2,19,19,27,
18.1229,5,14,12,16,
18.1242,-1,13,18,22,
18.1256,-4,17,17,22,
18.1269,7,32,14,28,
18.1283,36,42,17,24,
18.1296,39,35,31,30,
18.131,50,38,30,26,
18.1324,52,40,28,32,
18.1337,40,38,31,29,
18.1351,29,26,38,28,
18.1365,12,19,29,24,
18.1379,-1,12,28,23,
18.1392,9,16,22,26,
18.1406,0,24,24,17,
18.1419,-11,8,16,-2,
18.1433,2,7,22,2,
18.1447,23,25,16,22,
18.146,23,25,16,22,
18.1474,44,37,21,36,
18.1488,44,37,21,36,
18.1501,65,42,34,37,
18.1514,45,28,30,36,
18.1528,27,21,21,29,
18.1541,27,21,21,29,
18.1555,-5,1,28,21,
18.1568,-11,3,21,19,
18.1582,-27,4,11,12,
18.1595,-9,6,12,6,
18.1609,11,15,27,10,
18.1623,11,15,27,10,
18.1637,35,26,34,31,
18.165,29,30,33,35,
18.1664,35,27,32,39,
18.1677,47,36,35,45,
18.169,40,27,33,47,
18.1704,31,31,31,40,
18.1717,19,19,32,33,
18.1731,8,16,29,19,
18.1744,-13,8,23,23,
18.1757,-11,0,15,26,
18.1771,-8,10,10,18,
18.1784,-2,10,15,14,
18.1797,14,12,20,22,
18.1811,14,12,20,22,
18.1825,49,30,24,38,
18.1838,53,30,37,38,
18.1852,45,36,48,34,
18.1865,45,36,48,34,
18.1879,26,26,34,29,
18.1893,9,13,24,25,
18.1907,9,8,20,25,
18.192,2,4,8,26,
18.1934,-10,-6,9,17,
18.1948,-14,1,12,11,
18.1961,22,29,20,17,
18.1975,34,40,28,21,
18.1988,39,40,37,28,
18.2001,39,40,37,28,
18.2015,46,45,40,35,
18.2028,46,42,30,36,
18.2042,35,30,26,31,
18.2055,21,29,28,25,
18.2069,-3,22,23,20,
18.2082,-3,22,23,20,
18.2095,-11,20,20,13,
18.2109,-21,15,10,12,
18.2123,-4,13,21,11,
18.2137,13,13,19,14,
18.2151,31,30,33,32,
18.2164,31,30,33,32,
18.2177,31,30,33,32,
18.2191,50,51,32,40,
18.2205,48,45,26,39,
18.2219,26,37,29,35,
18.2233,15,20,17,28,
18.2246,7,8,17,23,
18.226,7,8,17,23,
18.2274,-12,-7,5,5,
18.2287,-16,4,14,5,
18.2301,-3,8,18,13,
18.2315,10,25,23,14,
18.2328,10,25,23,14,
18.2342,26,35,21,20,
18.2357,28,36,29,36,
18.2371,52,42,43,34,
18.2385,43,39,36,30,
18.2399,14,28,22,28,
18.2412,14,28,22,28,
18.2427,5,15,19,23,
18.2441,-16,15,18,8,
18.2454,-14,4,16,6,
18.2468,-14,4,16,6,
18.2482,-3,12,14,8,
18.2495,20,15,11,23,
18.2509,40,20,27,33,
18.2523,49,39,35,30,
18.2536,57,51,41,34,
18.2549,44,48,36,26,
18.2563,40,31,41,29,
18.2576,6,3,19,22,
18.259,6,3,19,22,
18.2604,0,7,17,26,
18.2618,-3,0,14,14,
18.2631,-3,-16,17,11,
18.2645,6,-13,11,11,
18.2658,10,15,25,25,
18.2672,26,29,25,27,
18.2686,26,29,25,27,
18.2699,33,29,37,40,
18.2713,38,38,43,43,
18.2726,41,35,46,47,
18.274,8,22,45,29,
18.2754,8,22,45,29,
18.2767,8,22,45,29,
18.2781,5,14,35,32,
18.2795,-5,7,18,20,
18.2808,-3,9,11,12,
18.2822,0,3,10,12,
18.2836,3,18,15,12,
18.2849,15,18,32,16,
18.2863,38,23,34,25,
18.2876,53,40,34,32,
18.289,53,40,30,31,
18.2903,27,31,22,25,
18.2917,12,18,25,30,
18.293,9,15,21,21,
18.2944,9,15,21,21,
18.2958,-9,19,24,16,
18.2971,-9,10,24,16,
18.2985,-5,14,21,12,
18.2999,21,10,24,21,
18.3013,26,20,32,29,
18.3026,46,33,37,36,
18.3039,47,34,35,41,
18.3053,36,46,32,37,
18.3067,30,37,32,31,
18.308,30,37,32,31,
18.3094,16,27,26,31,
18.3108,13,19,18,20,
18.3122,16,15,23,26,
18.3135,1,10,29,22,
18.3149,-16,0,17,7,
18.3162,-8,-1,15,13,
18.3176,-8,-1,15,13,
18.3189,22,26,14,25,
18.3203,29,38,15,23,
18.3216,33,40,21,27,
18.323,46,48,33,33,
18.3244,36,43,32,27,
18.3257,36,43,32,27,
18.3271,24,35,44,22,
18.3284,18,17,36,29,
18.3298,-1,12,27,30,
18.3312,-6,8,12,18,
18.3325,-6,8,12,18,
18.3339,-5,5,18,12,
18.3353,11,14,26,17,
18.3366,32,31,24,21,
18.338,47,27,30,28,
18.3393,67,39,33,28,
18.3407,59,36,37,22,
18.342,59,36,37,22,
18.3433,45,30,29,31,
18.3447,7,19,17,26,
18.3461,1,14,8,23,
18.3474,0,18,5,27,
18.3488,-3,2,-1,25,
18.3502,5,7,4,20,
18.3515,11,27,19,22,
18.3528,22,21,18,26,
18.3542,41,13,21,28,
18.3555,51,21,33,30,
18.3569,48,36,33,35,
18.3582,52,49,42,37,
18.3596,45,38,40,33,
18.361,38,39,39,31,
18.3623,27,28,37,23,
18.3636,12,17,18,20,
18.365,-11,4,11,13,
18.3664,-18,-2,12,12,
18.3677,-18,-2,12,12,
18.3691,-1,-3,22,13,
18.3704,13,14,15,8,
18.3718,42,32,27,35,
18.3731,40,35,38,40,
18.3745,43,34,42,38,
18.3758,34,35,40,27,
18.3772,30,35,41,29,
18.3785,31,23,44,30,
18.3799,22,22,37,25,
18.3813,-19,13,17,14,
18.3827,-16,0,5,16,
18.384,-16,0,5,16,
18.3854,-5,5,5,25,
18.3868,-2,14,14,18,
18.3881,11,16,21,16,
18.3895,50,34,26,27,
18.3909,54,40,25,29,
18.3922,48,33,31,27,
18.3935,40,44,40,30,
18.3949,27,40,36,31,
18.3962,26,25,27,29,
18.3976,26,25,27,29,
18.3989,4,19,25,24,
18.4003,-10,11,17,13,
18.4016,-10,5,18,15,
18.403,-2,10,17,13,
18.4043,16,30,18,13,
18.4057,28,28,23,23,
18.4071,32,27,27,29,
18.4084,33,44,30,34,
18.4098,35,34,23,31,
18.4112,35,34,23,31,
18.4125,24,33,30,25,
18.4139,28,28,32,24,
18.4152,25,28,23,29,
18.4165,-1,17,21,20,
18.4179,-10,9,21,11,
18.4193,-10,9,21,11,
18.4206,-3,3,13,16,
18.422,23,16,23,25,
18.4233,40,29,36,22,
18.4246,48,25,30,21,
18.426,57,35,35,25,
18.4273,57,35,35,25,
18.4287,57,35,35,25,
18.4301,45,29,23,27,
18.4315,16,30,19,17,
18.4328,4,22,25,17,
18.4343,-1,17,23,22,
18.4357,-19,10,18,19,
18.437,-15,5,18,10,
18.4385,-2,10,7,14,
18.4398,28,31,17,26,
18.4412,39,43,19,35,
18.4426,27,43,28,30,
18.4439,50,46,41,27,
18.4453,50,46,41,27,
18.4468,31,39,31,21,
18.4482,17,26,25,23,
18.4495,14,13,12,20,
18.4509,-5,9,10,13,
18.4523,-21,-2,15,-3,
18.4536,-21,-2,15,-3,
18.455,-6,-1,9,-4,
18.4564,-3,8,14,7,
18.4577,17,26,24,18,
18.4591,31,21,26,36,
18.4605,41,42,27,30,
18.4618,41,40,26,30,
18.4632,39,48,29,29,
18.4646,24,32,25,34,
18.4659,7,28,20,23,
18.4673,-2,22,10,15,
18.4687,-13,13,12,19,
18.47,-17,15,12,26,
18.4713,-6,8,10,30,
18.4727,8,5,10,26,
18.4741,21,7,21,22,
18.4754,36,17,29,25,
18.4768,34,33,30,36,
18.4782,39,38,41,44,
18.4795,39,38,41,44,
18.4809,28,36,33,40,
18.4822,12,32,19,31,
18.4836,0,22,17,28,
18.4849,0,22,17,28,
18.4863,3,25,18,18,
18.4876,-9,7,8,15,
18.489,-9,7,8,15,
18.4903,0,7,19,20,
18.4917,27,30,13,21,
18.493,31,38,16,24,
18.4944,52,41,37,38,
18.4958,52,41,37,38,
18.4971,58,51,36,39,
18.4985,54,47,36,26,
18.4998,30,35,26,21,
18.5012,14,27,19,26,
18.5025,13,18,12,22,
18.5039,-12,-7,5,14,
18.5053,-12,-7,5,14,
18.5066,-4,8,8,5,
18.508,12,25,18,10,
18.5094,31,37,23,16,
18.5108,33,35,26,24,
18.5121,54,31,29,33,
18.5135,54,31,29,33,
18.5149,54,31,29,33,
18.5162,38,24,19,29,
18.5176,21,23,28,31,
18.5189,16,24,16,29,
18.5203,15,19,14,18,
18.5217,3,11,7,6,
18.523,-11,9,3,9,
18.5244,-11,7,6,18,
18.5258,15,19,21,20,
18.5272,29,35,23,25,
18.5286,43,42,27,27,
18.53,43,42,27,27,
18.5313,51,48,25,28,
18.5326,36,39,23,32,
18.534,17,35,39,24,
18.5353,18,19,35,20,
18.5367,11,8,30,19,
18.538,-3,14,15,21,
18.5394,-9,14,-3,11,
18.5407,3,10,-4,12,
18.542,-4,8,11,13,
18.5434,39,34,28,23,
18.5447,31,34,29,31,
18.5461,31,34,29,31,
18.5475,44,34,22,30,
18.5488,51,39,19,24,
18.5501,45,30,17,27,
18.5515,28,30,20,26,
18.5528,2,23,22,18,
18.554,10,8,20,19,
18.5554,10,8,20,19,
18.5568,-3,12,9,26,
18.5581,3,10,1,9,
18.5595,11,13,11,11,
18.5608,11,13,11,11,
18.5622,43,25,17,23,
18.5635,45,39,15,35,
18.5649,45,39,15,35,
18.5662,47,38,21,35,
18.5677,32,43,28,37,
18.5691,24,34,32,28,
18.5705,13,30,24,31,
18.5718,11,23,16,33,
18.5731,3,9,16,21,
18.5745,-15,1,16,15,
18.5758,-1,15,19,22,
18.5771,-1,15,19,22,
18.5785,16,22,28,20,
18.5799,30,41,37,21,
18.5812,41,40,29,35,
18.5826,50,34,24,32,
18.584,39,27,33,34,
18.5854,18,19,21,33,
18.5867,4,17,14,29,
18.5881,-1,21,11,25,
18.5894,0,17,18,19,
18.5908,-8,7,22,11,
18.5922,-9,1,27,9,
18.5935,-2,2,16,5,
18.5949,13,23,15,15,
18.5962,33,39,24,22,
18.5976,36,48,25,25,
18.5989,47,35,31,27,
18.6003,58,35,36,38,
18.6017,37,33,22,27,
18.603,32,30,24,31,
18.6044,32,30,24,31,
18.6058,11,17,16,18,
18.6072,-7,10,9,11,
18.6085,-7,10,9,11,
18.6098,-16,8,20,19,
18.6113,-14,19,26,17,
18.6126,-14,19,26,17,
18.614,11,16,34,23,
18.6153,38,42,39,33,
18.6166,49,54,39,33,
18.618,38,52,34,37,
18.6193,21,38,17,31,
18.6207,21,38,17,31,
18.6221,22,27,17,23,
18.6234,9,28,17,23,
18.6248,-8,22,13,25,
18.6261,-14,7,22,17,
18.6275,0,9,10,14,
18.6288,0,9,10,14,
18.6302,15,13,21,12,
18.6316,27,18,24,18,
18.6329,53,47,34,23,
18.6343,56,48,31,22,
18.6358,53,41,19,34,
18.6372,53,41,19,34,
18.6386,41,33,24,27,
18.6399,23,20,27,21,
18.6413,16,25,21,18,
18.6427,9,14,16,14,
18.6441,-5,0,20,7,
18.6455,-4,14,17,17,
18.6469,8,14,21,13,
18.6482,8,14,21,13,
18.6496,37,24,27,19,
18.651,47,33,31,24,
18.6523,62,39,34,31,
18.6537,40,34,39,25,
18.655,32,28,36,29,
18.6564,6,19,26,21,
18.6577,3,17,23,14,
18.6591,2,11,15,19,
18.6605,-13,1,4,21,
18.6619,-10,9,-1,25,
18.6633,4,7,12,19,
18.6646,14,17,21,18,
18.6659,36,21,32,21,
18.6672,44,23,27,23,
18.6686,53,39,19,22,
18.6699,54,48,27,24,
18.6712,39,45,32,24,
18.6726,31,36,35,19,
18.6739,31,36,35,19,
18.6753,1,18,17,14,
18.6766,0,9,21,21,
18.678,-6,-4,14,26,
18.6793,-3,3,18,27,
18.6807,6,16,13,24,
18.682,17,25,26,21,
18.6834,17,25,26,21,
18.6847,37,27,29,27,
18.686,49,40,31,24,
18.6874,47,39,40,33,
18.6887,34,32,39,30,
18.6901,13,17,24,27,
18.6915,13,17,24,27,
18.6928,11,20,19,26,
18.6942,-1,20,22,26,
18.6955,-6,8,7,21,
18.6968,-1,5,12,13,
18.6982,2,12,22,23,
18.6995,2,12,22,23,
18.7009,35,25,36,20,
18.7023,45,40,31,32,
18.7036,51,49,30,44,
18.7049,46,37,30,36,
18.7062,43,40,37,24,
18.7076,18,23,26,26,
18.7089,18,23,26,26,
18.7103,9,21,19,23,
18.7116,-15,9,17,22,
18.713,-14,4,13,21,
18.7143,-7,8,21,11,
18.7157,6,29,25,12,
18.717,35,29,16,19,
18.7184,37,31,25,28,
18.7198,38,40,27,36,
18.7211,38,40,33,25,
18.7225,37,39,24,25,
18.7238,37,39,24,25,
18.7252,27,35,29,18,
18.7266,3,26,22,17,
18.7279,7,28,26,14,
18.7292,-3,25,27,16,
18.7307,-11,9,18,16,
18.732,-4,20,17,20,
18.7334,-4,20,17,20,
18.7347,30,43,30,27,
18.736,29,34,38,28,
18.7374,35,28,41,30,
18.7388,31,31,41,30,
18.7401,31,37,36,28,
18.7414,23,25,35,24,
18.7428,23,25,35,24,
18.7441,16,21,26,13,
18.7454,6,21,28,19,
18.7467,-14,21,18,19,
18.7481,-16,11,17,13,
18.7494,-16,11,17,13,
18.7507,-4,21,24,24,
18.7521,17,42,26,21,
18.7534,33,48,25,21,
18.7548,35,37,32,19,
18.7561,56,42,35,21,
18.7575,32,24,24,30,
18.7589,32,24,24,30,
18.7602,30,25,21,29,
18.7616,4,27,14,17,
18.763,-2,25,17,11,
18.7643,-8,12,18,5,
18.7657,-2,13,10,4,
18.767,9,20,12,5,
18.7684,9,20,12,5,
18.7697,29,21,24,7,
18.7711,47,40,21,18,
18.7725,53,50,29,29,
18.7738,49,40,34,33,
18.7752,31,32,21,25,
18.7766,31,32,21,25,
18.7779,13,29,23,28,
18.7793,15,13,22,17,
18.7806,-4,12,17,10,
18.782,-4,12,17,10,
18.7834,-1,7,13,17,
18.7847,3,14,19,20,
18.786,15,32,14,19,
18.7874,30,37,17,19,
18.7887,40,45,26,30,
18.7901,54,58,24,29,
18.7915,39,42,27,23,
18.7928,22,31,24,25,
18.7941,20,28,21,22,
18.7955,0,27,19,19,
18.7968,0,27,19,19,
18.7982,-1,16,17,7,
18.7995,-1,1,10,8,
18.8009,6,1,13,13,
18.8022,16,15,15,13,
18.8036,22,24,30,23,
18.8049,40,41,36,28,
18.8063,42,52,31,30,
18.8077,35,53,31,32,
18.809,26,55,34,38,
18.8104,26,55,34,38,
18.8118,22,34,24,29,
18.8131,15,36,13,22,
18.8145,8,33,16,26,
18.8158,-9,25,7,21,
18.8172,-11,24,8,25,
18.8185,6,12,10,20,
18.8199,25,13,16,22,
18.8213,37,31,29,17,
18.8227,38,40,31,19,
18.824,51,54,26,28,
18.8254,51,54,26,28,
18.8267,43,53,32,25,
18.8281,31,49,36,26,
18.8294,27,35,24,16,
18.8307,12,38,18,7,
18.8321,-2,32,21,13,
18.8334,-10,15,12,8,
18.8348,-14,15,6,8,
18.8362,-14,15,6,8,
18.8375,28,47,19,4,
18.8389,37,43,31,19,
18.8402,43,41,31,23,
18.8416,57,50,30,27,
18.843,58,60,31,27,
18.8444,58,60,31,27,
18.8457,36,62,34,23,
18.8471,19,41,14,21,
18.8485,15,31,19,24,
18.8498,0,32,16,25,
18.8512,-6,22,15,17,
18.8526,0,22,20,13,
18.8539,0,22,20,13,
18.8553,22,39,18,13,
18.8566,37,42,21,23,
18.858,49,43,26,30,
18.8593,58,44,36,22,
18.8607,56,42,27,23,
18.8621,56,42,27,23,
18.8635,26,32,15,16,
18.8648,8,19,12,18,
18.8662,13,25,13,19,
18.8676,-8,14,1,10,
18.8689,-8,14,1,10,
18.8702,-4,17,6,9,
18.8716,4,21,13,10,
18.8729,29,31,13,11,
18.8745,37,40,18,22,
18.8759,38,55,23,30,
18.8772,58,63,25,23,
18.8786,48,57,20,17,
18.88,28,56,23,15,
18.8813,11,28,6,13,
18.8827,6,21,11,9,
18.8841,7,22,18,16,
18.8854,-2,19,9,12,
18.8868,-2,19,9,12,
18.8881,1,21,6,1,
18.8895,24,42,9,3,
18.8909,42,41,17,11,
18.8922,56,42,20,19,
18.8936,62,50,21,22,
18.8949,48,43,31,28,
18.8963,28,49,37,31,
18.8977,25,56,24,29,
18.899,5,25,16,23,
18.9003,8,24,18,17,
18.9017,8,24,18,17,
18.903,-11,22,20,9,
18.9044,-6,16,11,-1,
18.9057,11,22,11,5,
18.907,12,37,10,10,
18.9083,42,51,15,3,
18.9097,55,60,26,7,
18.9111,54,72,33,21,
18.9124,40,68,27,20,
18.9138,35,56,23,29,
18.9151,15,51,13,25,
18.9163,-3,39,12,16,
18.9177,-4,36,9,15,
18.9191,0,34,7,15,
18.9204,0,34,7,15,
18.9218,-4,28,9,1,
18.9232,10,31,15,3,
18.9245,23,28,23,14,
18.9259,45,42,11,10,
18.9272,45,42,11,10,
18.9286,57,54,12,15,
18.9299,55,61,10,20,
18.9312,45,50,18,24,
18.9326,35,44,20,16,
18.9339,12,43,7,10,
18.9352,0,45,16,9,
18.9366,-11,33,12,6,
18.9379,-11,33,12,6,
18.9393,-13,35,2,10,
18.9406,13,45,6,-3,
18.9419,32,58,7,10,
18.9433,49,53,11,21,
18.9447,56,57,18,16,
18.9461,56,57,18,16,
18.9474,49,64,21,14,
18.9488,33,61,24,26,
18.9501,31,56,19,25,
18.9514,25,52,13,12,
18.9528,13,44,9,6,
18.9541,-7,46,13,3,
18.9555,-17,43,7,-1,
18.9569,-6,34,-5,3,
18.9583,14,42,11,9,
18.9596,14,42,11,9,
18.9609,31,46,8,9,
18.9623,33,47,5,11,
18.9637,41,55,21,26,
18.9651,42,62,22,29,
18.9664,30,67,24,23,
18.9678,15,52,11,17,
18.9691,16,37,-2,9,
18.9705,5,31,-4,-1,
18.9718,-5,30,-1,-6,
18.9731,-8,37,7,-1,
18.9745,-4,35,9,-6,
18.9758,25,66,10,-3,
18.9771,25,66,10,-3,
18.9785,44,61,15,1,
18.9797,44,61,15,1,
18.9811,54,64,24,21,
18.9824,52,64,12,16,
18.9838,39,54,11,9,
18.9851,17,42,10,14,
18.9865,17,42,10,14,
18.9879,12,44,9,9,
18.9892,-8,45,3,-3,
18.9906,-7,40,6,1,
18.9919,-7,40,0,4,
18.9933,-1,37,0,4,
18.9946,27,58,3,7,
18.9959,27,58,3,7,
18.9973,38,62,8,7,
18.9986,41,73,19,20,
19,20,64,14,18,
19.0013,14,67,7,9,
19.0026,3,63,13,2,
19.0039,3,51,6,2,
19.0053,2,36,8,-2,
19.0066,-5,41,8,-6,
19.0079,3,43,7,-9,
19.0093,0,47,0,-12,
19.0106,8,58,3,-2,
19.0119,8,58,3,-2,
19.0132,39,59,21,5,
19.0146,41,58,16,12,
19.0159,41,71,22,16,
19.0173,41,72,24,23,
19.0187,27,65,2,17,
19.02,27,65,2,17,
19.0213,10,56,-4,4,
19.0227,0,54,-7,-5,
19.0241,-5,49,5,-12,
19.0255,-8,41,1,-9,
19.0268,-4,61,0,-3,
19.0282,-4,61,0,-3,
19.0295,15,68,12,3,
19.0309,37,76,22,3,
19.0324,30,89,25,19,
19.0338,30,93,22,19,
19.0352,25,79,20,13,
19.0366,25,79,20,13,
19.038,3,73,14,9,
19.0393,2,58,13,5,
19.0407,-5,55,3,6,
19.0421,-23,59,1,0,
19.0435,4,58,-6,3,
19.0449,19,55,-3,-1,
19.0462,26,68,14,0,
19.0476,32,74,21,9,
19.049,32,74,21,9,
19.0504,47,75,21,22,
19.0517,40,83,22,20,
19.053,17,59,8,9,
19.0544,13,64,-4,3,
19.0558,-1,49,-4,5,
19.0571,-1,49,-4,5,
19.0585,-20,46,-5,2,
19.0598,-14,41,-1,-11,
19.0612,-6,49,-5,-13,
19.0626,15,48,0,-5,
19.0639,24,58,-1,2,
19.0653,34,67,19,9,
19.0667,34,67,19,9,
19.068,39,77,13,12,
19.0694,28,70,17,2,
19.0708,19,65,10,10,
19.0722,1,60,9,17,
19.0735,-11,36,-6,-6,
19.0749,-11,36,-6,-6,
19.0762,-11,36,-6,-6,
19.0775,-14,41,-13,-14,
19.0789,3,35,-3,-5,
19.0802,19,48,6,-6,
19.0816,33,64,6,5,
19.083,44,55,17,6,
19.0843,42,70,13,0,
19.0857,40,81,19,7,
19.087,21,63,7,5,
19.0884,10,51,0,3,
19.0897,-5,47,3,9,
19.0911,-5,47,3,9,
19.0925,-8,40,6,-1,
19.0938,-23,44,1,-13,
19.0952,-19,43,2,-7,
19.0966,3,44,-9,-4,
19.0979,18,63,2,5,
19.0993,33,75,14,16,
19.1006,41,78,24,23,
19.1019,52,84,18,24,
19.1034,41,72,14,16,
19.1047,29,60,21,2,
19.1061,28,66,18,-5,
19.1074,17,60,2,-2,
19.1088,2,52,9,1,
19.1102,-10,46,8,-4,
19.1115,-19,43,-3,-5,
19.1129,-17,38,-3,-8,
19.1143,8,55,3,-7,
19.1156,28,72,17,5,
19.1169,28,72,17,5,
19.1183,45,61,13,13,
19.1196,40,68,10,12,
19.121,30,65,11,17,
19.1224,13,57,18,22,
19.1237,1,53,13,14,
19.1251,1,53,13,14,
19.1265,-8,56,2,12,
19.1278,-11,38,3,-2,
19.1292,-15,31,14,-5,
19.1305,-13,39,3,-13,
19.1319,-2,48,8,-13,
19.1332,20,55,19,5,
19.1345,29,61,23,10,
19.1359,42,69,27,23,
19.1373,27,64,22,25,
19.1386,22,65,26,22,
19.14,22,65,26,22,
19.1413,17,49,13,19,
19.1427,6,48,5,11,
19.144,2,48,8,-2,
19.1454,-8,26,1,-14,
19.1468,-15,37,-4,-6,
19.1481,-15,37,-4,-6,
19.1495,14,43,16,2,
19.1509,38,63,25,13,
19.1522,38,67,25,14,
19.1536,44,65,16,15,
19.155,44,65,16,15,
19.1563,26,58,15,19,
19.1577,14,55,19,12,
19.1591,-2,45,21,8,
19.1604,4,29,16,10,
19.1618,-10,41,13,13,
19.1632,-17,28,11,-2,
19.1645,-9,37,-1,-10,
19.1659,-9,37,-1,-10,
19.1672,27,47,14,-2,
19.1686,38,55,14,13,
19.17,38,55,14,13,
19.1713,41,66,24,26,
19.1727,38,58,31,23,
19.1741,38,58,31,23,
19.1754,23,46,17,19,
19.1768,4,40,15,21,
19.1781,-1,33,16,19,
19.1795,-11,31,11,2,
19.1809,-20,27,18,2,
19.1822,-20,27,18,2,
19.1836,-14,27,12,1,
19.1849,7,46,14,4,
19.1863,20,68,14,2,
19.1877,32,62,14,10,
19.189,28,59,31,16,
19.1904,28,59,31,16,
19.1918,24,49,24,12,
19.1931,11,38,18,7,
19.1945,-2,33,17,2,
19.1958,-15,23,16,8,
19.1972,-17,27,6,-1,
19.1986,-17,27,6,-1,
19.1999,-17,27,6,-1,
19.2013,-2,30,7,8,
19.2027,9,55,17,21,
19.2041,32,67,17,21,
19.2054,40,73,28,23,
19.2068,29,70,24,22,
19.2082,14,51,23,26,
19.2096,14,51,23,26,
19.211,-8,42,23,5,
19.2124,-17,31,16,8,
19.2137,-17,31,16,8,
19.2151,-19,30,13,5,
19.2165,-10,40,5,8,
19.2178,-10,40,5,8,
19.2192,17,64,7,12,
19.2206,28,64,8,8,
19.2219,29,59,13,14,
19.2233,38,68,21,25,
19.2246,38,68,21,25,
19.226,20,68,17,28,
19.2273,7,56,25,18,
19.2287,7,44,15,15,
19.23,7,44,15,15,
19.2314,1,40,6,8,
19.2328,-15,32,11,1,
19.2343,-15,30,19,4,
19.2357,10,52,22,7,
19.2372,32,63,16,10,
19.2386,19,76,18,9,
19.24,44,79,21,7,
19.2414,44,79,21,7,
19.2428,34,80,17,10,
19.2441,18,55,30,19,
19.2455,11,59,26,6,
19.2469,5,53,16,-4,
19.2482,-10,33,8,5,
19.2496,-15,32,12,1,
19.2511,-14,30,8,1,
19.2524,-14,47,12,9,
19.2538,-14,47,12,9,
19.2552,7,62,25,11,
19.2565,19,73,31,18,
19.2579,34,72,29,28,
19.2593,29,70,27,18,
19.2606,16,72,20,7,
19.262,16,72,20,7,
19.2633,8,59,22,-2,
19.2647,10,43,26,7,
19.2661,-19,33,8,-1,
19.2674,-19,33,8,-1,
19.2688,-16,38,7,-11,
19.2701,-1,46,6,6,
19.2715,-1,46,6,6,
19.273,21,56,8,13,
19.2743,39,63,30,21,
19.2757,40,80,27,16,
19.277,27,84,21,13,
19.2784,5,77,21,8,
19.2798,9,51,9,4,
19.2811,-4,45,15,8,
19.2824,-23,56,8,10,
19.2838,-38,40,0,4,
19.2852,-27,36,7,0,
19.2865,-17,26,16,-6,
19.2879,-8,32,21,-3,
19.2892,13,46,27,5,
19.2906,24,60,35,10,
19.292,33,74,35,20,
19.2933,21,75,29,14,
19.2947,11,62,27,9,
19.2961,8,58,26,17,
19.2974,8,58,26,17,
19.2988,5,60,12,11,
19.3001,-23,58,12,1,
19.3015,-35,50,11,-1,
19.3029,-29,37,12,2,
19.3042,-25,55,16,1,
19.3056,-1,70,19,-8,
19.3069,14,72,25,-6,
19.3083,33,73,17,0,
19.3097,36,88,19,7,
19.3111,36,88,19,7,
19.3124,15,91,22,19,
19.3138,0,76,11,22,
19.3151,-12,62,5,19,
19.3165,-19,57,13,13,
19.3178,-42,48,-5,-2,
19.3192,-37,48,-7,-10,
19.3206,-24,53,6,-4,
19.3219,-24,53,6,-4,
19.3233,8,73,0,-2,
19.3246,16,81,12,0,
19.3259,24,85,11,5,
19.3273,25,88,12,8,
19.3286,25,88,12,8,
19.33,25,88,12,8,
19.3314,10,68,6,-8,
19.3328,1,70,5,-11,
19.3342,-3,67,-5,-16,
19.3355,-21,40,6,-17,
19.3369,-21,40,6,-17,
19.3382,-30,40,2,-7,
19.3395,-7,54,-5,0,
19.3409,14,77,4,-6,
19.3423,15,84,12,3,
19.3437,27,92,24,5,
19.345,22,93,26,-4,
19.3463,22,93,26,-4,
19.3477,20,90,28,-2,
19.349,4,56,14,0,
19.3504,-11,58,5,-8,
19.3517,-10,49,2,-14,
19.3531,-24,55,-1,-18,
19.3545,-23,63,-4,-16,
19.3558,-25,58,1,-7,
19.3572,1,68,1,-8,
19.3585,10,75,2,-9,
19.3599,21,74,4,-13,
19.3612,22,83,5,-3,
19.3626,27,92,9,8,
19.364,23,93,2,1,
19.3654,24,90,1,2,
19.3667,-8,56,-1,2,
19.368,-14,45,8,4,
19.3693,-23,51,5,-5,
19.3707,-23,51,5,-5,
19.3721,-18,46,-8,-9,
19.3734,-8,63,-12,-2,
19.3748,-8,63,-12,-2,
19.3761,9,87,14,1,
19.3775,31,93,10,8,
19.3788,35,95,16,15,
19.3802,24,83,18,15,
19.3816,18,89,23,11,
19.3829,19,75,14,6,
19.3843,-4,53,5,0,
19.3857,-4,53,5,0,
19.387,-14,47,9,5,
19.3884,-34,53,-1,1,
19.3897,-29,47,-5,-14,
19.3911,-27,54,-8,-20,
19.3925,-22,58,-10,-6,
19.3938,19,76,19,8,
19.3952,25,75,11,19,
19.3965,25,75,11,19,
19.3978,23,85,20,7,
19.3992,20,71,21,0,
19.4005,10,74,21,3,
19.4019,-17,64,15,8,
19.4032,-15,52,10,8,
19.4046,-15,52,10,8,
19.406,-29,39,13,10,
19.4073,-31,47,-12,-5,
19.4087,-21,57,-2,-4,
19.41,4,65,14,-2,
19.4114,13,74,13,1,
19.4128,11,82,11,8,
19.4141,35,94,10,13,
19.4155,31,94,18,6,
19.4168,9,78,19,7,
19.4182,-4,73,15,3,
19.4196,-5,62,6,2,
19.421,-5,62,6,2,
19.4223,-23,49,4,-4,
19.4236,-24,48,7,-21,
19.425,-11,47,11,1,
19.4264,5,62,8,-6,
19.4277,20,79,14,-6,
19.429,21,95,18,5,
19.4304,29,110,21,16,
19.4318,34,105,31,24,
19.4331,31,103,23,16,
19.4345,-11,83,4,2,
19.4358,-11,83,4,2,
19.4372,-22,75,7,-1,
19.4385,-30,69,9,3,
19.4399,-44,62,0,-5,
19.4412,-38,54,-7,-15,
19.4427,-32,52,-5,-17,
19.4441,-10,69,3,-3,
19.4455,4,77,11,0,
19.4469,33,91,15,-1,
19.4483,36,105,15,-4,
19.4496,18,101,18,0,
19.4511,13,94,10,0,
19.4525,2,93,7,-4,
19.4538,-11,90,8,0,
19.4554,-4,86,9,-5,
19.4567,-11,75,0,-8,
19.458,-19,63,-12,-8,
19.4594,-19,68,0,-20,
19.4607,-9,74,4,-14,
19.4621,8,88,9,-6,
19.4634,23,102,22,-3,
19.4648,23,102,22,-3,
19.4661,22,101,21,5,
19.4675,25,86,21,14,
19.4688,17,79,20,13,
19.4702,-5,75,18,10,
19.4715,-5,75,18,10,
19.4729,-7,59,10,6,
19.4743,-24,49,1,2,
19.4756,-23,55,0,0,
19.477,-17,71,14,-5,
19.4784,8,81,8,0,
19.4797,8,81,8,0,
19.481,23,103,28,10,
19.4824,23,103,28,10,
19.4837,23,100,24,6,
19.4851,28,95,16,5,
19.4865,10,73,6,6,
19.4878,10,73,6,6,
19.4892,-9,54,3,0,
19.4906,-31,43,0,0,
19.4919,-38,44,-5,-4,
19.4932,-34,48,-8,-7,
19.4946,-7,50,-8,-11,
19.4959,14,58,9,-2,
19.4972,18,76,18,0,
19.4986,19,75,23,5,
19.5,26,83,30,9,
19.5014,16,84,22,7,
19.5028,27,70,18,3,
19.5041,12,54,19,10,
19.5054,-11,54,17,12,
19.5067,-7,46,19,12,
19.508,-37,44,4,4,
19.5094,-24,46,-3,-4,
19.5107,-24,46,-3,-4,
19.5121,-17,52,-2,3,
19.5134,26,50,20,18,
19.5148,22,59,22,13,
19.5161,22,59,22,13,
19.5175,37,72,19,20,
19.5188,37,72,19,20,
19.5202,34,73,28,25,
19.5215,9,51,21,15,
19.5228,11,34,22,9,
19.5242,4,25,9,10,
19.5256,0,37,10,8,
19.5269,-17,33,11,4,
19.5282,-20,20,16,9,
19.5295,5,15,8,17,
19.5309,5,15,8,17,
19.5322,30,43,27,15,
19.5336,35,50,30,15,
19.5349,38,64,26,19,
19.5363,32,65,31,16,
19.5376,30,64,32,13,
19.5391,31,52,20,18,
19.5404,14,23,16,16,
19.5418,-5,19,20,15,
19.5432,-10,9,18,7,
19.5445,-10,16,12,3,
19.5459,-10,16,12,3,
19.5472,2,20,7,3,
19.5486,37,44,25,19,
19.5499,26,40,22,28,
19.5513,33,34,29,37,
19.5526,33,34,29,37,
19.554,46,35,17,29,
19.5553,31,25,19,27,
19.5567,17,23,25,19,
19.5581,12,16,13,20,
19.5595,-6,12,7,13,
19.5608,-6,12,7,13,
19.5622,-17,4,4,9,
19.5635,-13,-4,17,13,
19.5649,7,4,21,16,
19.5663,36,22,21,11,
19.5676,38,25,22,22,
19.569,38,25,22,22,
19.5703,53,24,20,36,
19.5717,44,37,26,28,
19.573,26,38,30,29,
19.5744,12,20,25,22,
19.5757,11,14,19,25,
19.5771,-4,15,10,17,
19.5785,-4,15,10,17,
19.5798,-6,3,0,15,
19.5811,2,-1,19,16,
19.5825,22,11,26,17,
19.5838,29,36,24,22,
19.5852,29,41,28,28,
19.5866,34,43,33,39,
19.5879,33,47,40,41,
19.5893,25,35,38,33,
19.5907,3,14,25,23,
19.592,3,14,25,23,
19.5933,5,-2,21,20,
19.5947,5,-2,21,20,
19.5961,-11,-11,19,20,
19.5974,0,-11,23,10,
19.5988,15,-4,11,9,
19.6001,21,13,16,15,
19.6014,25,17,22,24,
19.6028,34,29,19,28,
19.6041,46,38,26,35,
19.6055,41,34,29,41,
19.6069,27,30,21,32,
19.6083,4,17,20,19,
19.6096,4,17,20,19,
19.611,11,12,24,19,
19.6124,-5,0,27,22,
19.6137,-2,-12,14,15,
19.615,6,-17,20,17,
19.6164,19,8,15,24,
19.6177,19,8,15,24,
19.619,36,27,28,27,
19.6204,36,33,30,35,
19.6218,46,36,26,36,
19.6231,44,40,19,35,
19.6244,24,25,23,28,
19.6258,13,26,16,21,
19.6271,13,26,16,21,
19.6285,3,26,16,27,
19.6298,-5,6,5,17,
19.6312,-11,8,9,15,
19.6326,-4,9,9,20,
19.6339,20,9,16,23,
19.6352,31,27,19,26,
19.6366,42,43,23,21,
19.6379,42,50,32,19,
19.6393,31,42,31,36,
19.6406,27,29,30,33,
19.642,27,29,30,33,
19.6434,14,31,28,34,
19.6447,15,17,16,28,
19.6461,16,16,16,23,
19.6475,-3,2,26,13,
19.6488,-1,6,28,20,
19.6502,-1,6,28,20,
19.6515,26,7,25,17,
19.6528,41,33,29,16,
19.6542,49,35,33,19,
19.6555,44,31,32,21,
19.6569,27,33,41,19,
19.6582,36,35,31,28,
19.6596,36,35,31,28,
19.6609,24,24,27,20,
19.6623,6,17,14,11,
19.6636,-8,15,9,13,
19.6649,-11,13,9,14,
19.6663,2,9,17,3,
19.6677,3,15,22,11,
19.669,5,25,24,18,
19.6704,39,49,25,19,
19.6717,46,45,35,25,
19.673,58,44,41,24,
19.6744,58,44,41,24,
19.6757,54,42,34,20,
19.6771,28,41,25,24,
19.6784,9,26,26,21,
19.6797,6,21,26,26,
19.6811,-14,23,27,24,
19.6825,-15,17,21,17,
19.6838,-4,7,14,15,
19.6852,2,11,23,12,
19.6866,30,21,22,16,
19.688,38,39,23,31,
19.6893,38,39,23,31,
19.6907,38,39,23,31,
19.6921,41,56,34,25,
19.6934,43,48,26,33,
19.6948,30,43,20,28,
19.6961,13,26,16,14,
19.6975,-3,23,16,9,
19.6988,-3,23,16,9,
19.7001,-11,20,9,11,
19.7015,-5,31,8,8,
19.7029,2,28,4,12,
19.7042,22,30,11,14,
19.7056,35,47,24,27,
19.7069,38,62,39,24,
19.7082,38,62,39,24,
19.7095,42,56,32,28,
19.7109,33,40,36,28,
19.7122,22,28,36,30,
19.7135,1,35,25,25,
19.7149,1,37,13,18,
19.7163,-10,32,20,9,
19.7176,-26,22,21,6,
19.719,-17,9,19,5,
19.7204,8,12,24,14,
19.7217,28,27,19,21,
19.7232,27,40,26,32,
19.7245,28,43,26,29,
19.7259,31,46,36,32,
19.7272,36,37,40,25,
19.7286,17,28,35,24,
19.73,11,31,25,25,
19.7314,-2,19,19,29,
19.7327,6,10,12,23,
19.7341,6,10,12,23,
19.7354,-2,1,7,21,
19.7368,-18,-6,12,16,
19.7381,12,12,32,18,
19.7395,37,28,32,21,
19.7408,32,40,28,27,
19.7421,32,34,32,31,
19.7435,47,36,40,33,
19.7448,34,26,32,28,
19.7462,28,16,27,30,
19.7475,18,14,12,33,
19.7488,18,14,12,33,
19.7502,9,10,24,29,
19.7515,-13,-3,10,5,
19.7529,-13,-3,10,5,
19.7543,-9,-3,16,10,
19.7557,33,5,23,25,
19.757,33,5,23,25,
19.7584,57,20,20,34,
19.7598,58,35,36,25,
19.7611,47,37,28,26,
19.7625,32,36,22,26,
19.7639,22,22,28,17,
19.7652,18,2,28,28,
19.7666,7,-5,13,30,
19.768,-2,-15,18,28,
19.7693,0,-9,20,26,
19.7707,0,-9,20,26,
19.7721,6,-2,26,18,
19.7734,21,3,33,11,
19.7748,44,24,26,25,
19.7761,42,39,25,26,
19.7775,53,28,35,38,
19.7789,45,24,27,36,
19.7802,45,24,27,36,
19.7816,22,13,23,31,
19.783,16,-1,31,31,
19.7843,5,-7,35,29,
19.7857,-13,-14,21,17,
19.7871,-5,-20,13,9,
19.7884,11,-7,12,12,
19.7898,22,6,18,17,
19.7912,36,13,27,29,
19.7925,37,25,30,29,
19.7939,40,21,34,29,
19.7952,36,37,35,30,
19.7966,29,29,38,33,
19.798,29,29,38,33,
19.7993,13,20,26,34,
19.8007,5,12,26,29,
19.8021,2,12,16,27,
19.8034,-13,3,17,23,
19.8048,-13,8,23,14,
19.8061,-4,20,25,18,
19.8075,22,24,27,23,
19.8088,41,36,37,27,
19.8101,40,50,32,30,
19.8115,56,49,29,30,
19.8128,46,48,32,37,
19.8142,25,51,36,42,
19.8155,19,45,30,40,
19.8169,15,29,20,32,
19.8182,-1,21,19,18,
19.8196,-2,19,22,12,
19.821,-6,10,24,8,
19.8224,-6,16,28,3,
19.8237,-6,16,28,3,
19.8251,22,23,21,7,
19.8265,22,23,21,7,
19.8278,38,39,33,21,
19.8292,44,37,41,29,
19.8305,29,35,34,22,
19.8319,29,32,29,19,
19.8334,29,32,29,19,
19.8351,8,14,12,12,
19.8365,0,9,10,9,
19.8379,-12,-13,6,1,
19.8392,-7,-5,11,10,
19.8406,-1,11,22,18,
19.842,-1,11,22,18,
19.8434,13,16,22,18,
19.8448,37,24,28,30,
19.8462,35,22,43,30,
19.8475,31,20,53,39,
19.8488,27,20,46,39,
19.8502,13,12,30,28,
19.8516,13,12,30,28,
19.853,13,12,30,28,
19.8544,1,-9,28,25,
19.8558,-18,-25,22,21,
19.8572,-2,-26,12,12,
19.8586,9,-10,19,23,
19.8599,27,0,31,31,
19.8613,28,-8,41,26,
19.8627,35,-11,40,20,
19.864,44,-9,43,22,
19.8654,47,-17,32,25,
19.8667,39,-30,39,24,
19.8681,24,-49,37,20,
19.8694,8,-54,28,27,
19.8708,8,-54,28,27,
19.8722,5,-79,29,24,
19.8736,-4,-93,23,27,
19.875,-11,-109,27,24,
19.8763,22,-102,42,30,
19.8777,40,-109,52,37,
19.879,40,-109,52,37,
19.8804,44,-143,50,36,
19.8818,48,-169,49,45,
19.8832,46,-210,54,58,
19.8845,33,-254,50,60,
19.8859,18,-276,43,53,
19.8872,18,-276,43,53,
19.8886,7,-279,28,25,
19.8899,-16,-287,13,4,
19.8913,-41,-271,1,-5,
19.8927,-68,-203,-66,-74,
19.894,-152,-469,-165,-183,
19.8954,-152,-469,-165,-183,
19.8968,-152,-469,-165,-183,
19.8981,-352,-1478,-404,-467,
19.8995,-428,-1826,-478,-586,
19.9008,-496,-2016,-530,-670,
19.9022,-527,-2056,-563,-710,
19.9035,-527,-2056,-563,-710,
19.905,-513,-1973,-541,-702,
19.9064,-467,-1722,-493,-637,
19.9077,-446,-1588,-459,-590,
19.9091,-405,-1448,-411,-539,
19.9105,-354,-1312,-364,-498,
19.9118,-311,-1174,-326,-440,
19.9131,-311,-1174,-326,-440,
19.9145,-245,-974,-266,-364,
19.9158,-209,-901,-247,-338,
19.9172,-202,-835,-231,-309,
19.9186,-196,-766,-208,-286,
19.9199,-193,-719,-194,-275,
19.9213,-187,-685,-175,-252,
19.9227,-180,-644,-157,-241,
19.924,-168,-586,-153,-219,
19.9253,-169,-558,-148,-207,
19.9267,-169,-558,-148,-207,
19.928,-162,-525,-134,-189,
19.9293,-135,-488,-121,-177,
19.9306,-110,-449,-110,-163,
19.932,-95,-412,-106,-147,
19.9334,-73,-357,-81,-131,
19.9347,-78,-349,-94,-134,
19.9361,-71,-330,-99,-134,
19.9374,-89,-322,-88,-125,
19.9387,-98,-311,-89,-125,
19.9401,-83,-298,-86,-127,
19.9414,-86,-294,-81,-124,
19.9427,-92,-282,-79,-120,
19.9441,-82,-265,-75,-114,
19.9455,-79,-253,-62,-99,
19.9468,-63,-242,-57,-90,
19.9481,-49,-236,-58,-85,
19.9494,-47,-214,-56,-82,
19.9507,-43,-191,-43,-81,
19.9521,-56,-181,-48,-76,
19.9534,-56,-181,-48,-76,
19.9548,-62,-195,-52,-75,
19.9561,-54,-194,-52,-76,
19.9574,-69,-185,-55,-68,
19.9588,-66,-179,-50,-67,
19.9601,-74,-179,-50,-77,
19.9615,-66,-155,-62,-63,
19.9628,-66,-155,-62,-63,
19.9641,-36,-140,-49,-55,
19.9655,-26,-114,-29,-50,
19.9668,-33,-104,-20,-37,
19.9681,-21,-109,-22,-34,
19.9695,-12,-108,-24,-40,
19.9709,-33,-100,-24,-46,
19.9722,-38,-110,-35,-54,
19.9736,-38,-110,-35,-54,
19.9751,-41,-108,-19,-56,
19.9765,-59,-111,-30,-55,
19.9779,-49,-104,-35,-45,
19.9792,-46,-91,-37,-34,
19.9807,-35,-88,-36,-29,
19.982,-12,-72,-32,-30,
19.9834,-13,-46,-11,-31,
19.9848,-6,-44,-7,-30,
19.9862,-2,-42,-10,-29,
19.9875,-14,-40,-4,-29,
19.9889,-14,-40,-4,-29,
19.9902,-19,-56,-5,-30,
19.9916,-15,-61,-20,-8,
19.9929,-24,-49,-11,-17,
19.9943,-27,-48,-15,-29,
19.9956,-28,-48,-25,-30,
19.997,-24,-40,-8,-22,
19.9983,-13,-31,-2,-6,
19.9997,-1,-25,10,-6,
20.0011,15,-18,4,-3,
20.0024,15,-18,4,-3,
20.0038,14,-20,4,-5,
20.0052,10,-18,1,-12,
20.0066,-3,-24,-3,-16,
20.0079,-17,-31,-9,-14,
20.0093,-11,-19,-13,-12,
20.0106,-19,-19,-4,-13,
20.0121,-19,-19,-4,-13,
20.0134,-22,-26,-9,-3,
20.0148,-16,-18,3,-11,
20.0162,-10,-14,5,1,
20.0175,11,-8,18,-1,
20.0189,11,-8,18,-1,
20.0203,11,-8,18,-1,
20.0216,16,1,12,11,
20.023,14,10,5,13,
20.0243,-1,5,9,12,
20.0256,-14,-11,12,15,
20.027,-12,-1,-2,-2,
20.0284,-12,-1,-2,-2,
20.0298,-23,-12,-4,-1,
20.0312,-3,-5,20,0,
20.0325,16,-2,25,4,
20.0339,19,11,16,8,
20.0353,19,11,16,8,
20.0367,18,15,14,5,
20.0382,28,19,10,10,
20.0396,8,-2,22,28,
20.041,9,-9,21,26,
20.0424,-5,13,10,3,
20.0439,-7,5,13,0,
20.0453,-7,5,13,0,
20.0468,-10,4,16,-5,
20.0482,-7,-3,7,-8,
20.0495,-14,0,3,6,
20.0509,16,13,5,10,
20.0523,21,5,12,17,
20.0536,34,16,13,27,
20.055,45,24,16,23,
20.0564,27,10,21,20,
20.0578,23,1,27,22,
20.0591,20,9,28,5,
20.0605,20,9,28,5,
20.0618,13,12,26,4,
20.0632,-10,0,20,11,
20.0646,-17,-13,9,9,
20.0659,-6,-4,11,6,
20.0674,11,9,28,6,
20.0687,33,24,24,11,
20.07,35,27,25,23,
20.0714,20,38,40,32,
20.0727,26,24,30,26,
20.0741,36,21,25,25,
20.0754,36,21,25,25,
20.0767,8,25,16,22,
20.0781,1,28,20,15,
20.0794,-9,8,19,1,
20.0808,1,-1,14,-4,
20.0822,0,6,4,7,
20.0835,9,6,5,23,
20.0849,11,6,13,28,
20.0863,22,14,32,32,
20.0876,19,27,34,25,
20.089,19,27,34,25,
20.0903,37,34,29,25,
20.0917,32,31,31,22,
20.093,21,17,22,25,
20.0943,10,17,20,25,
20.0957,-9,5,15,10,
20.097,-9,5,15,10,
20.0984,-12,7,10,6,
20.0998,13,11,12,12,
20.1011,20,28,18,15,
20.1025,19,17,20,27,
20.1039,28,15,34,27,
20.1053,28,15,34,27,
20.1066,28,15,34,27,
20.1079,31,22,18,24,
20.1093,23,27,24,29,
20.1106,10,26,34,32,
20.112,10,26,32,31,
20.1134,1,20,24,32,
20.1148,-1,24,20,28,
20.1161,-17,20,11,26,
20.1174,1,0,20,11,
20.1188,17,6,20,15,
20.1201,24,10,25,18,
20.1215,35,29,21,18,
20.1228,32,31,20,25,
20.1242,32,31,20,25,
20.1255,25,29,32,36,
20.1269,31,14,26,27,
20.1282,16,-1,19,14,
20.1295,18,14,8,19,
20.1308,15,14,21,22,
20.1321,8,4,23,24,
20.1335,-2,0,26,26,
20.1348,-4,3,22,20,
20.1361,5,21,17,22,
20.1374,18,28,20,27,
20.1388,24,32,24,28,
20.1402,36,36,29,29,
20.1415,39,33,26,27,
20.1429,36,33,27,35,
20.1442,12,19,25,34,
20.1456,5,17,32,23,
20.1469,16,23,35,16,
20.1483,16,23,35,16,
20.1496,0,28,17,28,
20.151,-2,24,24,28,
20.1523,-2,24,24,28,
20.1537,16,15,32,33,
20.1551,28,24,31,31,
20.1565,35,23,38,31,
20.1578,32,31,47,38,
20.1592,28,37,42,42,
20.1606,28,33,40,34,
20.1619,20,36,33,26,
20.1633,18,29,30,25,
20.1647,4,18,27,20,
20.166,7,22,26,15,
20.1674,-6,28,14,14,
20.1688,-6,28,14,14,
20.1701,0,27,25,22,
20.1715,18,29,22,33,
20.1729,18,29,22,33,
20.1742,29,31,19,24,
20.1756,34,37,29,30,
20.1769,27,26,35,37,
20.1782,25,15,31,35,
20.1796,17,24,26,28,
20.1809,11,18,26,23,
20.1823,11,18,26,23,
20.1836,9,21,24,26,
20.185,-5,11,18,10,
20.1864,8,5,26,12,
20.1877,21,15,23,25,
20.1891,14,26,20,31,
20.1905,25,39,21,26,
20.1919,37,35,28,21,
20.1932,33,30,36,26,
20.1946,20,27,24,20,
20.196,20,17,15,27,
20.1973,20,17,15,27,
20.1987,11,22,11,26,
20.2001,6,21,14,24,
20.2014,7,13,16,27,
20.2028,-8,7,14,20,
20.2041,5,18,17,21,
20.2054,18,13,21,18,
20.2067,22,29,24,24,
20.2081,38,38,21,22,
20.2094,39,32,35,30,
20.2107,30,32,44,34,
20.2121,25,21,40,35,
20.2135,22,27,33,32,
20.2148,15,17,26,21,
20.2162,17,22,22,17,
20.2176,7,17,21,18,
20.219,-8,16,21,26,
20.2203,-4,17,17,14,
20.2217,6,19,26,20,
20.223,6,19,26,20,
20.2244,31,32,43,20,
20.2258,28,28,39,32,
20.2271,34,30,33,41,
20.2284,34,30,33,41,
20.2298,35,39,41,27,
20.2312,35,39,41,27,
20.2326,27,32,31,22,
20.2339,4,16,16,22,
20.2353,4,14,23,19,
20.2367,6,15,26,10,
20.2381,17,11,19,26,
20.2395,17,11,19,26,
20.2409,13,13,28,25,
20.2422,31,27,34,26,
20.2436,44,32,35,29,
20.2451,46,41,26,28,
20.2465,35,28,35,29,
20.2479,28,24,27,24,
20.2492,28,24,27,24,
20.2506,0,16,25,24,
20.252,2,16,24,12,
20.2534,2,9,28,11,
20.2548,-2,4,22,19,
20.2562,-2,4,22,19,
20.2575,4,18,22,18,
20.2589,25,23,28,19,
20.2601,25,35,32,18,
20.2615,27,38,37,16,
20.2629,28,27,37,26,
20.2642,22,26,25,25,
20.2655,22,26,25,25,
20.2669,23,25,17,22,
20.2683,23,2,13,19,
20.2696,6,-5,9,14,
20.271,1,2,16,7,
20.2723,-1,22,11,4,
20.2737,5,18,22,8,
20.2751,5,18,22,8,
20.2765,24,18,23,32,
20.2778,22,31,26,37,
20.2792,19,41,38,32,
20.2805,26,34,37,22,
20.2819,26,34,37,22,
20.2833,28,36,29,20,
20.2846,9,11,9,15,
20.286,9,11,9,15,
20.2873,17,14,18,15,
20.2887,10,11,18,9,
20.2901,4,12,16,23,
20.2914,4,12,16,23,
20.2928,9,17,24,22,
20.2941,35,32,31,25,
20.2955,46,31,33,24,
20.2968,42,25,33,23,
20.2981,25,26,20,28,
20.2996,25,26,20,28,
20.3009,25,26,20,28,
20.3023,7,17,18,25,
20.3037,-3,9,14,16,
20.3051,-10,12,14,13,
20.3064,-16,12,7,12,
20.3078,-6,16,14,13,
20.3091,6,12,25,20,
20.3105,21,21,28,16,
20.3119,34,31,21,30,
20.3132,36,34,25,35,
20.3146,36,34,25,35,
20.316,22,26,19,22,
20.3173,21,21,24,27,
20.3187,21,21,24,27,
20.32,17,5,23,27,
20.3214,17,11,22,20,
20.3228,1,13,17,20,
20.3241,2,4,15,16,
20.3255,17,20,23,26,
20.3269,17,20,23,26,
20.3282,17,20,23,26,
20.3296,33,23,20,31,
20.331,26,31,33,38,
20.3324,43,31,43,39,
20.3338,39,20,29,32,
20.3351,39,20,29,32,
20.3365,20,11,28,18,
20.3379,11,22,19,25,
20.3392,-1,16,23,28,
20.3406,-5,9,18,27,
20.3419,2,12,19,19,
20.3433,2,12,19,19,
20.3447,2,12,19,19,
20.346,29,35,24,35,
20.3474,26,28,24,30,
20.3487,39,35,28,29,
20.3501,46,42,33,32,
20.3514,23,22,32,28,
20.3528,23,22,32,28,
20.3541,4,18,28,33,
20.3555,2,16,21,24,
20.3569,2,16,21,24,
20.3582,4,15,21,18,
20.3596,-2,7,15,12,
20.3609,-2,7,15,12,
20.3622,7,12,26,20,
20.3636,31,17,24,17,
20.365,25,27,23,22,
20.3663,30,38,28,32,
20.3677,34,31,23,25,
20.369,20,31,28,27,
20.3705,4,19,23,27,
20.3719,4,19,23,27,
20.3733,11,18,22,22,
20.3746,8,18,18,26,
20.376,3,18,17,18,
20.3773,3,21,28,30,
20.3787,3,21,28,30,
20.3801,15,23,35,25,
20.3815,40,12,32,29,
20.3828,41,19,33,36,
20.3842,29,29,34,30,
20.3855,23,26,33,26,
20.3869,22,12,25,30,
20.3882,22,12,25,30,
20.3896,7,21,28,21,
20.391,19,21,26,16,
20.3924,10,1,24,9,
20.3939,8,12,20,17,
20.3953,8,12,20,17,
20.3967,8,17,22,28,
20.398,24,16,32,22,
20.3994,24,16,32,22,
20.4007,35,25,34,24,
20.4021,21,36,33,22,
20.4035,23,24,21,32,
20.4048,14,11,12,31,
20.4062,14,11,12,31,
20.4075,7,11,15,18,
20.4089,-2,16,15,27,
20.4102,-2,19,18,18,
20.4116,2,26,8,8,
20.413,15,17,14,7,
20.4143,28,14,20,11,
20.4157,45,15,34,16,
20.417,46,25,28,26,
20.4184,47,25,20,30,
20.4197,32,26,15,37,
20.4211,29,11,25,24,
20.4224,23,11,13,26,
20.4238,23,11,13,26,
20.4252,14,4,31,22,
20.4265,14,4,31,22,
20.4279,8,0,26,22,
20.4293,4,1,24,23,
20.4307,11,13,30,27,
20.4321,11,13,30,27,
20.4334,35,31,27,36,
20.4349,47,29,34,33,
20.4362,55,27,45,36,
20.4376,19,11,22,30,
20.439,16,6,21,29,
20.4403,16,6,21,29,
20.4417,18,0,26,25,
20.4431,13,9,23,28,
20.4444,-1,11,17,28,
20.4458,-5,15,21,15,
20.4471,5,11,22,12,
20.4484,5,11,22,12,
20.4498,20,28,21,26,
20.4512,29,28,33,23,
20.4526,30,22,28,30,
20.4539,35,27,32,26,
20.4553,19,22,21,24,
20.4567,19,22,21,24,
20.458,19,22,21,24,
20.4594,8,20,15,24,
20.4607,7,9,20,24,
20.4621,-3,-1,22,20,
20.4634,-7,5,21,25,
20.4648,20,27,16,28,
20.4661,20,27,16,28,
20.4675,32,29,24,23,
20.4689,31,24,19,30,
20.4702,21,30,19,40,
20.4716,21,30,19,40,
20.4729,16,16,35,20,
20.4743,11,24,29,18,
20.4756,11,24,29,18,
20.477,8,13,19,21,
20.4784,-12,4,27,16,
20.4797,-20,-2,19,10,
20.481,0,8,21,15,
20.4824,12,22,21,17,
20.4837,24,22,27,29,
20.4851,24,22,27,29,
20.4864,42,26,22,36,
20.4878,42,39,29,36,
20.4891,24,40,25,28,
20.4905,25,22,18,28,
20.4919,11,22,27,26,
20.4933,9,23,21,33,
20.4947,2,12,19,8,
20.496,0,14,16,3,
20.4974,3,9,18,11,
20.4988,14,9,16,21,
20.5001,27,17,17,20,
20.5015,24,31,32,23,
20.5029,24,31,32,23,
20.5042,40,33,21,28,
20.5056,34,42,28,22,
20.5069,18,27,32,21,
20.5083,8,15,33,28,
20.5096,-1,24,32,32,
20.511,9,22,18,24,
20.5123,6,13,20,18,
20.5137,-5,10,18,11,
20.5152,-5,10,18,11,
20.5165,3,23,7,9,
20.5179,15,15,11,15,
20.5192,23,27,26,24,
20.5206,32,31,36,28,
20.522,34,41,20,29,
20.5233,31,33,22,29,
20.5247,22,35,30,36,
20.526,20,27,24,34,
20.5274,16,22,23,23,
20.5287,19,24,18,29,
20.5301,9,11,12,25,
20.5314,8,0,12,21,
20.5328,0,17,20,16,
20.5342,10,27,14,13,
20.5356,16,34,20,19,
20.537,24,35,31,22,
20.5383,31,34,28,23,
20.5397,22,25,20,22,
20.541,28,22,20,24,
20.5424,28,22,20,24,
20.5438,17,16,24,22,
20.5451,3,11,16,15,
20.5465,3,11,16,15,
20.5479,5,19,14,15,
20.5492,2,26,20,18,
20.5507,2,26,20,18,
20.5521,19,25,35,22,
20.5534,26,32,32,36,
20.5548,27,25,26,36,
20.5562,35,19,20,26,
20.5575,35,19,20,26,
20.5589,30,24,29,25,
20.5602,16,25,21,22,
20.5616,16,27,15,16,
20.5629,19,17,12,14,
20.5643,7,20,18,28,
20.5657,7,20,18,28,
20.567,9,14,14,30,
20.5684,8,20,10,29,
20.5698,21,21,29,32,
20.5712,22,26,29,26,
20.5725,24,30,23,20,
20.5738,37,29,22,26,
20.5752,28,23,16,29,
20.5765,25,16,19,24,
20.5779,12,23,24,23,
20.5793,12,23,24,23,
20.5806,6,17,22,23,
20.5819,0,14,17,24,
20.5833,-10,8,10,21,
20.5847,4,4,12,18,
20.5861,14,10,16,27,
20.5875,16,11,20,37,
20.5888,24,24,23,27,
20.5901,24,24,23,27,
20.5915,32,22,39,37,
20.5928,32,22,39,37,
20.5941,31,16,35,27,
20.5954,25,16,32,22,
20.5968,3,24,30,21,
20.5981,5,15,20,24,
20.5995,-8,19,17,18,
20.6008,-8,13,18,21,
20.6021,2,10,22,29,
20.6035,9,12,33,24,
20.6048,19,20,37,31,
20.6061,39,27,40,33,
20.6075,39,27,40,33,
20.6089,39,27,40,33,
20.6103,30,33,29,27,
20.6117,23,24,27,21,
20.613,8,20,34,28,
20.6144,12,0,27,24,
20.6157,19,5,22,17,
20.6171,19,5,22,17,
20.6184,2,3,13,12,
20.6197,10,5,24,17,
20.6211,9,20,33,29,
20.6224,19,28,28,37,
20.6238,21,27,30,37,
20.6252,21,27,30,37,
20.6265,30,29,34,35,
20.6279,26,27,31,30,
20.6293,18,16,28,28,
20.6307,17,16,28,28,
20.632,7,11,21,27,
20.6333,11,18,24,29,
20.6347,-8,25,21,26,
20.6361,7,19,20,16,
20.6374,16,24,17,29,
20.6389,27,31,21,25,
20.6402,29,37,26,28,
20.6416,29,37,26,28,
20.6429,30,33,33,19,
20.6443,25,26,36,27,
20.6457,26,28,35,24,
20.647,19,20,40,29,
20.6483,-6,15,30,26,
20.6496,-12,20,25,25,
20.651,0,25,23,19,
20.6524,-16,12,10,9,
20.6538,15,27,30,22,
20.6551,13,15,24,31,
20.6565,13,15,24,31,
20.6579,25,21,30,26,
20.6593,32,34,40,20,
20.6606,31,46,40,30,
20.662,39,41,42,34,
20.6634,20,17,27,19,
20.6648,20,17,27,19,
20.6661,8,14,28,17,
20.6674,9,12,19,14,
20.6688,15,6,17,10,
20.6702,12,9,21,13,
20.6715,3,20,24,15,
20.6729,9,17,26,18,
20.6742,9,17,26,18,
20.6756,20,23,40,20,
20.6769,23,33,43,25,
20.6783,26,35,45,29,
20.6797,22,21,46,18,
20.6811,9,12,38,19,
20.6824,9,12,38,19,
20.6838,4,1,25,14,
20.6852,12,9,30,9,
20.6865,6,2,22,5,
20.6879,11,10,8,12,
20.6892,2,22,26,19,
20.6906,2,22,26,19,
20.692,18,28,24,15,
20.6933,18,32,18,28,
20.6947,36,32,32,39,
20.696,40,22,35,35,
20.6974,25,23,25,31,
20.6988,25,23,25,31,
20.7001,25,23,25,31,
20.7015,13,21,16,30,
20.7028,8,14,23,19,
20.7042,10,8,20,16,
20.7056,3,11,18,10,
20.7069,11,17,25,13,
20.7083,11,17,25,13,
20.7097,23,33,32,24,
20.7111,34,19,36,33,
20.7124,37,23,38,27,
20.7138,22,22,34,29,
20.7152,28,23,34,29,
20.7166,28,23,34,29,
20.7179,12,25,29,30,
20.7193,7,15,23,22,
20.7206,-2,2,15,28,
20.7219,4,14,14,29,
20.7233,3,15,18,25,
20.7247,7,16,22,18,
20.726,26,22,22,21,
20.7273,34,33,33,35,
20.7287,39,35,41,37,
20.73,39,35,41,37,
20.7314,29,36,43,32,
20.7327,22,38,41,26,
20.7341,14,22,23,25,
20.7354,14,11,16,21,
20.7367,13,15,22,23,
20.7381,0,10,14,18,
20.7394,6,9,6,9,
20.7408,6,9,6,9,
20.7421,26,17,31,18,
20.7435,31,29,32,22,
20.7448,37,36,33,30,
20.7461,42,42,26,26,
20.7475,36,42,33,23,
20.7488,36,42,33,23,
20.7502,31,29,28,16,
20.7515,8,3,30,31,
20.7529,4,1,27,31,
20.7542,12,11,31,33,
20.7555,-6,22,24,33,
20.7568,-17,21,16,30,
20.7582,-4,22,21,24,
20.7595,5,25,25,28,
20.7608,19,16,29,28,
20.7622,19,16,29,28,
20.7635,36,12,26,23,
20.7648,53,15,35,28,
20.7662,42,24,31,35,
20.7676,29,35,22,23,
20.769,15,32,25,25,
20.7703,21,19,20,27,
20.7717,7,7,18,31,
20.773,-9,6,20,31,
20.7744,-6,8,22,28,
20.7757,12,10,12,25,
20.777,14,8,24,33,
20.7784,31,28,28,36,
20.7797,34,38,21,37,
20.7811,34,38,21,37,
20.7825,27,35,25,34,
20.7838,24,16,25,22,
20.7852,28,17,31,27,
20.7866,19,16,37,34,
20.7879,15,15,36,36,
20.7892,12,7,17,29,
20.7906,-6,6,5,20,
20.7919,-14,10,16,13,
20.7932,7,14,17,21,
20.7945,35,21,34,23,
20.7959,44,29,37,19,
20.7972,44,29,37,19,
20.7985,34,20,26,24,
20.8002,36,29,27,29,
20.8016,32,35,30,37,
20.8029,15,33,26,23,
20.8043,2,18,27,22,
20.8057,-1,8,15,23,
20.8071,6,14,23,16,
20.8085,-1,11,21,9,
20.8099,8,23,25,13,
20.8113,30,20,22,25,
20.8127,30,20,22,25,
20.8141,30,25,21,37,
20.8154,32,31,19,30,
20.8168,40,35,34,34,
20.8181,29,34,36,29,
20.8195,30,33,20,28,
20.8208,18,22,20,18,
20.8222,-1,12,13,18,
20.8235,-4,11,14,20,
20.8249,-1,9,12,20,
20.8261,5,9,11,16,
20.8275,4,16,18,16,
20.8289,9,16,14,20,
20.8304,9,16,14,20,
20.8318,22,34,30,28,
20.8331,22,27,29,34,
20.8345,28,26,34,38,
20.836,32,27,24,32,
20.8375,21,17,24,33,
20.8389,1,15,23,20,
20.8402,1,15,23,20,
20.8416,13,12,24,24,
20.843,18,15,22,22,
20.8444,9,13,22,23,
20.8457,8,13,28,15,
20.8472,32,30,25,33,
20.8486,36,38,19,25,
20.8499,36,38,19,25,
20.8513,29,37,26,20,
20.8527,23,31,29,31,
20.854,29,34,31,29,
20.8554,24,30,32,20,
20.8567,6,22,18,29,
20.8581,11,25,10,21,
20.8594,11,25,10,21,
20.8608,9,18,17,19,
20.8621,2,14,17,26,
20.8635,13,10,18,26,
20.8648,28,27,24,29,
20.8662,28,27,24,29,
20.8675,27,35,24,34,
20.8689,27,35,24,34,
20.8702,32,29,38,29,
20.8716,14,30,36,32,
20.8729,19,27,26,28,
20.8743,1,9,17,35,
20.8757,13,11,24,20,
20.8771,13,11,24,20,
20.8784,15,6,11,23,
20.8798,19,17,12,27,
20.8811,30,30,14,23,
20.8825,47,42,30,25,
20.8839,47,42,30,25,
20.8852,34,34,35,35,
20.8866,23,23,23,30,
20.8879,26,25,30,27,
20.8892,13,17,25,35,
20.8906,0,10,24,33,
20.8919,8,12,29,24,
20.8933,6,13,22,23,
20.8947,0,10,22,29,
20.896,-7,19,22,12,
20.8974,7,20,29,24,
20.8988,7,20,29,24,
20.9001,22,22,33,29,
20.9015,31,34,36,26,
20.9028,39,32,39,30,
20.9042,46,31,45,36,
20.9056,28,15,38,27,
20.9069,24,16,39,22,
20.9083,23,12,32,33,
20.9096,17,22,22,25,
20.911,7,16,17,26,
20.9123,7,16,17,26,
20.9137,14,17,23,23,
20.9151,21,17,13,22,
20.9164,31,25,20,21,
20.9178,48,41,30,26,
20.9191,47,36,32,29,
20.9205,51,45,35,26,
20.9218,40,46,35,34,
20.9231,22,35,20,35,
20.9245,16,25,27,30,
20.9259,16,25,27,30,
20.9272,22,13,29,28,
20.9286,22,13,29,28,
20.93,8,11,21,26,
20.9313,-1,13,21,26,
20.9327,27,13,29,29,
20.9341,27,13,29,29,
20.9354,34,35,23,38,
20.9368,45,45,28,48,
20.9381,38,47,38,39,
20.9395,35,49,29,37,
20.9408,23,44,21,29,
20.9422,21,29,27,24,
20.9435,23,15,20,22,
20.9448,23,15,20,22,
20.9461,5,12,32,29,
20.9475,0,18,31,26,
20.9488,1,9,24,25,
20.9502,12,12,20,26,
20.9516,26,18,34,31,
20.9529,38,23,31,30,
20.9543,49,39,36,37,
20.9557,39,20,41,38,
20.957,25,13,34,31,
20.9584,19,10,35,29,
20.9597,19,10,35,29,
20.9611,15,12,30,33,
20.9624,6,13,24,24,
20.9638,-6,13,17,22,
20.9652,13,9,17,18,
20.9665,21,6,14,17,
20.9678,22,12,17,26,
20.9692,29,29,33,29,
20.9705,29,29,35,36,
20.9719,44,37,33,39,
20.9732,44,37,33,39,
20.9747,40,35,39,39,
20.976,25,39,26,37,
20.9774,13,30,22,26,
20.9787,3,7,23,24,
20.9801,7,11,15,16,
20.9814,6,15,10,22,
20.9828,6,15,10,22,
20.9842,10,22,10,19,
20.9855,30,26,15,36,
20.9869,34,25,29,44,
20.9882,28,33,39,46,
20.9895,47,44,39,42,
20.9909,39,45,39,35,
20.9922,39,45,39,35,
20.9936,27,37,29,37,
20.995,11,30,35,35,
20.9963,5,19,23,39,
20.9977,12,12,22,31,
20.9991,-2,6,22,22,
21.0005,12,5,18,25,
21.0018,17,14,24,33,
21.0032,41,34,33,37,
21.0045,53,25,24,36,
21.0059,47,24,27,36,
21.0073,27,33,36,31,
21.0086,27,33,36,31,
21.01,36,28,31,39,
21.0113,31,28,30,30,
21.0127,11,31,38,36,
21.014,7,25,30,30,
21.0154,7,25,30,30,
21.0168,6,9,27,27,
21.0181,13,18,30,24,
21.0195,24,19,25,24,
21.0208,33,34,39,29,
21.0222,33,34,39,29,
21.0236,37,31,41,28,
21.0249,51,28,42,34,
21.0263,51,28,42,34,
21.0277,40,23,38,35,
21.029,20,27,23,38,
21.0304,19,29,23,31,
21.0317,26,16,22,36,
21.0331,7,9,24,32,
21.0345,2,12,18,31,
21.0358,19,19,16,34,
21.0372,27,27,18,41,
21.0387,43,39,36,47,
21.0401,43,39,36,47,
21.0415,37,31,39,37,
21.0429,59,44,35,40,
21.0443,58,32,28,31,
21.0456,44,27,30,28,
21.047,13,22,23,24,
21.0484,13,22,23,24,
21.0497,21,14,22,19,
21.0512,8,21,26,32,
21.0525,14,20,25,28,
21.0538,23,12,25,35,
21.0552,32,35,38,39,
21.0565,33,42,46,31,
21.0579,33,42,46,31,
21.0592,40,49,37,34,
21.0606,34,42,34,35,
21.0619,38,30,31,35,
21.0633,7,11,19,38,
21.0647,17,10,31,37,
21.0661,17,10,31,37,
21.0674,18,8,35,32,
21.0688,11,0,29,21,
21.0701,14,6,33,20,
21.0715,27,27,33,31,
21.0728,35,27,39,40,
21.0742,29,22,42,39,
21.0755,29,22,42,39,
21.0769,44,36,49,44,
21.0783,51,37,48,50,
21.0796,41,25,37,45,
21.0809,25,10,23,35,
21.0823,13,6,27,30,
21.0836,3,19,36,21,
21.085,3,19,36,21,
21.0863,2,16,23,25,
21.0877,14,16,22,34,
21.089,22,27,28,29,
21.0904,32,33,47,31,
21.0918,34,31,42,37,
21.0932,34,31,42,37,
21.0945,38,32,30,32,
21.0959,32,35,26,33,
21.0972,27,26,30,33,
21.0986,28,25,27,27,
21.0999,17,18,42,21,
21.1013,17,18,42,21,
21.1026,18,22,31,23,
21.104,4,14,23,20,
21.1053,24,20,23,19,
21.1067,38,23,26,31,
21.1081,59,36,32,37,
21.1094,59,36,32,37,
21.1107,59,36,32,37,
21.1121,61,35,28,45,
21.1134,31,26,24,35,
21.1148,30,32,16,39,
21.1161,19,23,13,38,
21.1174,11,22,10,27,
21.1188,6,15,24,19,
21.1201,-5,10,18,22,
21.1214,12,8,17,27,
21.1228,9,29,31,28,
21.1241,9,29,31,28,
21.1255,29,38,27,31,
21.1268,32,37,26,33,
21.1281,26,36,34,36,
21.1294,45,38,39,36,
21.1308,50,40,40,34,
21.1321,22,31,41,42,
21.1335,22,16,32,41,
21.1348,22,16,32,41,
21.1362,-3,17,28,28,
21.1375,1,7,31,25,
21.1388,14,0,21,20,
21.1401,26,18,20,16,
21.1414,29,27,23,22,
21.1427,29,27,23,22,
21.1441,48,34,36,34,
21.1454,50,41,27,37,
21.1467,39,44,37,34,
21.148,25,40,43,34,
21.1494,15,32,42,36,
21.1507,26,34,25,37,
21.152,16,27,20,27,
21.1533,0,21,22,22,
21.1547,-8,11,20,33,
21.156,-3,14,20,25,
21.1574,6,27,21,29,
21.1588,29,22,30,29,
21.1601,26,32,28,42,
21.1614,36,41,25,45,
21.1628,36,41,25,45,
21.1642,58,43,38,44,
21.1655,51,29,46,46,
21.1669,39,24,31,43,
21.1683,32,24,25,36,
21.1696,21,16,25,34,
21.171,8,21,21,25,
21.1723,8,21,21,25,
21.1737,1,27,18,35,
21.1751,15,28,21,33,
21.1765,33,38,20,35,
21.1778,41,36,36,35,
21.1797,41,36,36,35,
21.1811,52,33,46,41,
21.1824,55,31,40,40,
21.1838,37,23,41,34,
21.1852,10,29,23,38,
21.1865,14,26,26,35,
21.1879,9,8,21,28,
21.1892,3,6,15,20,
21.1906,3,14,19,23,
21.192,18,18,23,23,
21.1933,38,29,32,24,
21.1947,42,42,45,34,
21.1961,38,47,42,30,
21.1974,46,52,39,33,
21.1988,45,41,32,42,
21.2002,50,32,26,43,
21.2015,41,22,26,40,
21.2029,28,24,32,37,
21.2043,15,15,29,33,
21.2056,15,15,29,33,
21.207,6,9,18,23,
21.2084,3,7,23,35,
21.2098,3,7,23,35,
21.2112,45,27,36,44,
21.2125,35,42,36,49,
21.2139,35,42,36,49,
21.2153,50,33,36,47,
21.2166,41,22,35,48,
21.218,27,31,33,54,
21.2193,11,31,35,43,
21.2207,11,31,35,43,
21.2221,7,24,35,38,
21.2234,4,8,25,30,
21.2248,12,12,22,36,
21.2261,12,12,22,36,
21.2275,24,19,30,36,
21.2288,35,37,34,40,
21.2301,35,37,34,40,
21.2315,50,38,33,46,
21.2329,60,41,51,47,
21.2342,39,31,48,39,
21.2356,19,31,35,44,
21.2369,20,25,38,37,
21.2383,20,25,38,37,
21.2397,18,13,33,40,
21.241,18,13,33,40,
21.2424,-2,12,24,32,
21.2438,0,22,20,39,
21.2451,25,26,31,40,
21.2466,38,34,27,32,
21.248,47,38,22,34,
21.2494,62,46,32,36,
21.2508,55,38,33,48,
21.2523,46,34,37,42,
21.2536,32,16,37,40,
21.2549,11,18,18,43,
21.2563,11,18,18,43,
21.2577,13,23,14,44,
21.259,10,21,19,34,
21.2604,11,15,22,35,
21.2618,19,15,19,38,
21.2631,35,40,28,47,
21.2645,35,40,28,47,
21.2659,29,43,34,52,
21.2672,30,35,52,58,
21.2686,38,43,56,54,
21.27,39,41,52,50,
21.2714,22,27,43,42,
21.2727,22,27,43,42,
21.2741,17,32,33,40,
21.2755,17,16,24,38,
21.2768,12,20,19,29,
21.2781,21,17,17,36,
21.2795,20,27,30,31,
21.2809,40,29,36,36,
21.2822,47,25,34,37,
21.2836,55,42,39,38,
21.2849,66,50,37,36,
21.2863,61,48,40,39,
21.2878,34,39,37,35,
21.2892,22,33,29,40,
21.2906,19,27,35,38,
21.292,17,22,36,32,
21.2933,9,29,34,22,
21.2947,17,20,24,24,
21.2962,21,25,18,26,
21.2975,23,22,32,41,
21.2988,34,31,37,36,
21.3002,41,36,29,31,
21.3016,44,49,29,38,
21.303,47,32,39,47,
21.3043,46,33,44,41,
21.3057,32,38,42,34,
21.3071,22,33,34,24,
21.3084,24,27,24,27,
21.3098,-11,21,26,34,
21.3111,-4,15,30,38,
21.3125,4,17,36,30,
21.3138,4,17,36,30,
21.3152,52,28,26,32,
21.3165,55,37,37,40,
21.3179,55,37,37,40,
21.3193,55,43,46,40,
21.3206,41,45,47,41,
21.3219,35,40,39,39,
21.3232,27,26,22,34,
21.3246,13,12,28,30,
21.3259,15,13,26,23,
21.3273,-4,10,14,27,
21.3286,4,11,27,24,
21.33,4,11,27,24,
21.3313,14,28,23,21,
21.3327,30,40,23,32,
21.3341,38,36,36,35,
21.3354,34,30,41,34,
21.3368,45,26,38,38,
21.3381,37,33,40,40,
21.3395,37,33,40,40,
21.3408,17,18,39,40,
21.3422,2,20,27,37,
21.3435,1,19,29,23,
21.3449,0,21,22,19,
21.3462,-2,14,16,23,
21.3476,4,22,23,26,
21.3489,4,22,23,26,
21.3502,33,32,27,32,
21.3516,33,35,32,34,
21.353,44,45,37,44,
21.3543,40,38,32,51,
21.3557,41,35,26,43,
21.357,25,23,32,34,
21.3584,21,21,27,33,
21.3597,11,12,24,28,
21.3611,-5,8,14,25,
21.3625,-5,8,14,25,
21.3638,1,3,17,28,
21.3652,1,3,17,28,
21.3665,19,6,26,26,
21.3679,38,19,23,37,
21.3692,41,43,31,25,
21.3706,34,35,30,38,
21.372,34,35,30,38,
21.3733,35,33,29,37,
21.3747,25,30,22,43,
21.3761,8,16,13,35,
21.3775,8,4,21,16,
21.3789,8,4,21,16,
21.3802,-1,3,17,11,
21.3815,-7,6,24,13,
21.3829,10,1,25,30,
21.3843,29,12,23,33,
21.3856,46,27,24,35,
21.387,54,28,23,39,
21.3883,54,28,23,39,
21.3897,41,33,34,36,
21.3911,22,24,20,33,
21.3924,18,21,17,31,
21.3938,10,19,12,30,
21.3952,13,18,17,21,
21.3965,3,1,10,11,
21.3979,3,1,10,11,
21.3992,-5,11,20,21,
21.4006,-1,21,26,21,
21.402,24,31,24,30,
21.4033,45,26,28,34,
21.4047,55,33,35,28,
21.4061,55,33,35,28,
21.4074,48,34,38,32,
21.4088,42,22,30,38,
21.4101,17,9,22,36,
21.4115,15,15,16,28,
21.4128,-2,3,22,16,
21.4142,-15,-2,12,17,
21.4155,-15,-2,12,17,
21.4168,2,21,17,17,
21.4182,24,31,18,23,
21.4195,34,31,24,29,
21.4209,24,36,28,24,
21.4222,39,40,32,28,
21.4236,39,40,32,28,
21.4249,40,25,33,37,
21.4263,25,16,27,34,
21.4277,8,8,30,22,
21.429,-7,8,24,18,
21.4304,0,6,19,13,
21.4318,0,6,19,13,
21.4331,-10,16,19,16,
21.4346,10,17,24,30,
21.4361,30,29,26,34,
21.4375,30,29,26,34,
21.4389,20,27,21,35,
21.4402,20,27,21,35,
21.4416,38,36,33,37,
21.4429,28,27,32,26,
21.4442,24,22,22,15,
21.4456,11,16,23,22,
21.4469,13,3,21,21,
21.4482,-1,-8,17,24,
21.4496,-7,-3,18,18,
21.451,-2,4,16,16,
21.4523,2,8,14,23,
21.4536,19,22,18,32,
21.4549,35,25,25,33,
21.4563,29,25,21,25,
21.4576,35,36,24,28,
21.459,23,31,24,28,
21.4604,28,20,23,35,
21.4617,10,13,29,33,
21.4631,12,12,23,22,
21.4645,12,12,23,22,
21.4658,-16,-7,14,18,
21.4672,-19,-9,11,19,
21.4686,-19,-9,11,19,
21.4699,5,21,27,22,
21.4713,23,26,24,26,
21.4726,23,26,24,26,
21.474,35,26,27,32,
21.4753,40,35,21,25,
21.4767,22,25,21,32,
21.478,16,11,17,32,
21.4794,3,27,29,19,
21.4808,3,27,29,19,
21.4821,-6,11,29,18,
21.4835,-18,0,23,12,
21.4848,3,1,12,18,
21.4861,3,1,12,18,
21.4875,-1,-1,15,29,
21.4888,7,23,28,23,
21.4901,33,29,27,23,
21.4916,39,31,34,29,
21.4929,15,36,23,35,
21.4942,19,30,23,39,
21.4955,13,20,23,36,
21.4969,-5,15,18,23,
21.4983,-8,25,23,25,
21.4996,-14,22,18,26,
21.501,-15,10,9,13,
21.5023,1,3,4,12,
21.5036,7,8,18,19,
21.5049,17,13,28,20,
21.5063,19,28,27,27,
21.5076,28,34,28,22,
21.509,42,31,30,24,
21.5103,32,38,35,26,
21.5117,10,23,23,24,
21.513,-2,10,13,26,
21.5144,-2,10,13,26,
21.5158,4,7,10,27,
21.5172,6,7,4,19,
21.5185,-10,11,5,19,
21.5199,10,8,21,24,
21.5212,15,14,20,29,
21.5226,15,14,20,29,
21.524,35,26,26,30,
21.5253,40,22,34,25,
21.5267,38,21,27,22,
21.528,27,18,28,26,
21.5294,16,28,22,25,
21.5307,16,28,22,25,
21.532,16,28,22,25,
21.5333,10,10,14,22,
21.5347,-2,7,19,20,
21.536,-12,-4,22,19,
21.5374,-17,-2,14,19,
21.5387,5,7,8,11,
21.5401,17,11,7,15,
21.5414,18,30,14,29,
21.5427,44,27,34,26,
21.5441,42,28,23,35,
21.5454,34,34,22,34,
21.5468,23,32,23,29,
21.5481,23,32,23,29,
21.5494,13,17,21,31,
21.5508,9,8,14,35,
21.5521,-6,5,22,26,
21.5535,-5,2,9,29,
21.5548,-5,2,9,29,
21.5561,12,19,16,18,
21.5575,20,18,31,26,
21.5588,27,26,29,33,
21.5601,25,19,35,38,
21.5614,15,18,39,26,
21.5628,15,18,39,26,
21.5642,15,18,39,26,
21.5655,8,30,25,20,
21.5669,7,18,19,22,
21.5682,-2,21,21,32,
21.5696,-5,-3,13,15,
21.571,-2,-1,18,19,
21.5723,-2,-1,18,19,
21.5736,4,10,25,20,
21.5749,27,14,32,26,
21.5763,23,32,23,30,
21.5777,41,38,27,32,
21.579,35,30,27,26,
21.5804,35,30,27,26,
21.5818,21,20,20,25,
21.5831,17,12,30,30,
21.5845,11,6,11,23,
21.5858,-3,7,10,26,
21.5871,-5,0,13,12,
21.5884,-7,-3,13,3,
21.5898,-7,-3,13,3,
21.5912,-1,-7,13,9,
21.5926,43,19,25,18,
21.5939,31,35,24,18,
21.5953,36,42,20,30,
21.5967,21,35,37,31,
21.5981,21,35,37,31,
21.5995,13,39,36,25,
21.6008,5,9,24,18,
21.6022,0,9,25,12,
21.6036,-9,1,14,12,
21.6049,-15,4,14,6,
21.6063,-5,-1,23,5,
21.6077,-5,-1,23,5,
21.609,5,-7,13,9,
21.6104,31,18,38,40,
21.6118,27,26,33,36,
21.6131,30,30,24,32,
21.6144,23,31,22,28,
21.6158,23,31,22,28,
21.6172,21,22,22,19,
21.6185,-8,25,15,18,
21.6199,-10,18,9,12,
21.6212,-10,18,9,12,
21.6226,-19,13,5,13,
21.6239,-13,14,2,16,
21.6253,-12,11,10,16,
21.6266,2,13,18,21,
21.628,25,29,28,30,
21.6294,45,39,37,29,
21.6307,44,39,38,31,
21.6321,28,24,39,33,
21.6335,28,17,38,32,
21.6349,17,17,38,32,
21.6363,17,20,23,26,
21.6378,0,21,14,26,
21.6392,-7,18,20,15,
21.6406,8,10,7,15,
21.642,0,18,21,14,
21.6434,0,18,21,14,
21.6448,13,21,21,29,
21.6462,33,30,23,31,
21.6475,32,42,32,29,
21.6488,42,27,25,29,
21.6503,30,27,30,32,
21.6517,25,27,32,29,
21.653,14,19,12,23,
21.6544,14,19,12,23,
21.6558,5,21,15,13,
21.6571,-17,9,14,13,
21.6585,-3,-4,17,9,
21.6599,14,-1,24,10,
21.6612,23,24,21,21,
21.6626,35,25,19,32,
21.6642,35,25,19,32,
21.6655,35,23,34,33,
21.6669,28,27,36,34,
21.6682,28,23,37,27,
21.6696,17,9,34,24,
21.671,1,16,23,20,
21.6724,1,16,23,20,
21.6737,5,3,1,21,
21.6751,12,11,9,24,
21.6765,0,9,11,26,
21.6778,25,18,26,19,
21.6792,40,25,30,22,
21.6806,35,31,29,29,
21.682,35,31,29,29,
21.6833,38,33,33,39,
21.6847,33,29,26,32,
21.6861,21,26,28,18,
21.6874,17,24,18,24,
21.6888,12,18,23,32,
21.6902,12,18,23,32,
21.6915,-4,1,7,17,
21.6929,-3,12,12,16,
21.6942,2,26,9,22,
21.6956,27,28,25,30,
21.697,29,41,25,27,
21.6984,29,41,25,27,
21.6997,47,39,26,39,
21.7011,45,31,35,43,
21.7024,45,29,24,42,
21.7038,19,22,33,37,
21.7052,2,6,28,30,
21.7066,2,6,28,30,
21.7079,-4,6,15,28,
21.7093,-8,5,20,22,
21.7107,-9,9,13,20,
21.712,-3,5,22,24,
21.7134,27,16,31,33,
21.7147,32,34,37,41,
21.7161,32,34,37,41,
21.7174,37,29,37,48,
21.7188,44,27,35,44,
21.7202,44,29,32,42,
21.7215,10,31,30,30,
21.723,10,31,30,30,
21.7244,12,21,18,30,
21.7257,-2,6,23,29,
21.7271,4,4,13,22,
21.7284,5,19,12,30,
21.7298,17,19,20,36,
21.7311,17,19,20,36,
21.7325,37,30,33,35,
21.7339,38,44,25,30,
21.7352,45,32,45,34,
21.7366,45,25,41,31,
21.7379,41,16,28,27,
21.7392,16,28,34,27,
21.7406,4,32,28,25,
21.742,-3,22,15,23,
21.7433,-12,5,22,22,
21.7447,-12,5,22,22,
21.7461,-4,17,16,21,
21.7474,4,23,20,25,
21.7488,19,31,28,26,
21.7501,40,37,29,28,
21.7514,50,32,31,40,
21.7528,34,22,33,43,
21.7542,18,18,39,37,
21.7556,24,14,41,39,
21.7569,3,17,38,40,
21.7583,-3,9,24,34,
21.7596,-6,12,15,21,
21.7609,-9,8,13,16,
21.7623,-8,7,9,18,
21.7637,9,11,20,25,
21.765,9,11,20,25,
21.7665,44,35,25,31,
21.7678,46,35,32,34,
21.7692,45,42,35,30,
21.7706,25,35,42,32,
21.7719,12,28,40,31,
21.7733,12,28,40,31,
21.7746,0,17,20,29,
21.776,0,17,20,29,
21.7774,-5,18,18,26,
21.7788,-9,6,18,25,
21.7801,1,10,23,26,
21.7815,1,10,23,26,
21.7828,35,26,21,28,
21.7842,33,25,23,28,
21.7855,32,33,32,25,
21.7869,30,35,25,40,
21.7883,30,35,25,40,
21.7896,22,23,25,33,
21.791,21,11,20,25,
21.7924,19,13,27,23,
21.7937,17,17,30,33,
21.7951,-2,17,19,28,
21.7965,-5,23,13,21,
21.7978,-1,12,12,9,
21.7991,1,5,10,9,
21.8005,24,25,22,30,
21.8019,35,22,24,37,
21.8034,42,25,29,38,
21.8049,36,22,30,31,
21.8062,36,22,30,31,
21.8076,32,16,35,33,
21.8089,11,17,23,27,
21.8102,5,17,26,21,
21.8116,1,8,24,20,
21.8129,-16,2,18,13,
21.8143,6,14,23,15,
21.8156,6,14,23,15,
21.817,16,26,28,18,
21.8184,42,34,19,32,
21.8197,42,34,19,32,
21.821,45,42,31,31,
21.8224,31,36,34,27,
21.8237,31,36,34,27,
21.8251,21,39,32,38,
21.8265,0,17,13,22,
21.8278,1,22,22,29,
21.8291,-4,20,19,25,
21.8305,-5,21,9,27,
21.8319,0,25,17,20,
21.8333,0,25,17,20,
21.8346,10,6,33,30,
21.836,26,26,37,35,
21.8373,31,32,40,36,
21.8387,39,36,34,42,
21.8402,35,22,33,37,
21.8415,35,22,33,37,
21.843,29,14,27,32,
21.8444,-8,13,15,21,
21.8457,0,13,14,20,
21.8472,-13,9,17,16,
21.8486,-12,0,12,17,
21.8501,-1,13,17,28,
21.8516,13,25,30,37,
21.853,41,24,32,38,
21.8544,42,29,25,44,
21.8557,43,32,35,27,
21.8571,31,29,37,29,
21.8585,27,33,38,38,
21.8599,13,29,27,31,
21.8612,13,29,27,31,
21.8626,1,23,26,28,
21.8639,-5,9,18,20,
21.8652,2,11,21,19,
21.8666,4,10,16,25,
21.868,9,10,15,29,
21.8693,35,28,27,35,
21.8707,45,24,32,31,
21.872,31,28,28,38,
21.8733,50,19,18,25,
21.8747,50,19,18,25,
21.8761,45,15,27,23,
21.8774,28,29,22,26,
21.8788,11,25,17,23,
21.8802,2,23,14,16,
21.8815,-17,-7,21,19,
21.8829,2,9,18,13,
21.8843,4,17,19,13,
21.8856,4,17,19,13,
21.8871,23,35,32,31,
21.8884,35,36,30,32,
21.8898,43,38,38,38,
21.8912,33,36,34,34,
21.8925,26,29,19,34,
21.8938,26,29,19,34,
21.8951,5,14,21,22,
21.8965,-4,10,26,22,
21.8978,9,5,24,19,
21.8992,-9,1,8,16,
21.9006,-4,5,19,28,
21.9019,-4,7,27,22,
21.9033,9,17,24,17,
21.9046,26,26,29,25,
21.9059,26,39,29,33,
21.9073,26,32,33,27,
21.9086,26,32,33,27,
21.9099,37,35,29,29,
21.9113,42,31,17,34,
21.9127,28,13,18,20,
21.9141,13,24,12,18,
21.9155,3,28,10,19,
21.9169,-7,14,18,16,
21.9182,-1,-1,13,12,
21.9196,-2,0,16,21,
21.921,18,11,30,31,
21.9223,36,30,31,36,
21.9237,34,35,28,25,
21.925,44,32,28,29,
21.9264,31,35,26,37,
21.9278,16,32,18,36,
21.9291,16,17,20,38,
21.9304,9,10,17,21,
21.9318,0,2,23,12,
21.9332,-10,14,28,11,
21.9345,-8,8,27,12,
21.9359,-2,1,19,8,
21.9372,-2,1,19,8,
21.9386,1,8,9,17,
21.94,41,23,17,35,
21.9413,39,33,28,43,
21.9428,27,32,31,47,
21.944,29,31,27,38,
21.9454,31,34,26,35,
21.9468,16,30,23,24,
21.9481,11,15,18,22,
21.9494,-3,13,20,13,
21.9508,-3,13,20,13,
21.9522,-17,20,12,17,
21.9535,-2,23,21,19,
21.9549,18,12,17,16,
21.9563,30,23,24,23,
21.9576,37,38,22,43,
21.959,49,46,24,40,
21.9603,49,46,24,40,
21.9617,31,49,33,23,
21.963,28,43,35,19,
21.9644,9,28,30,15,
21.9657,17,4,13,25,
21.9671,17,4,13,25,
21.9685,17,4,13,25,
21.9698,-4,3,12,20,
21.9712,-10,5,20,13,
21.9726,0,5,11,25,
21.974,20,23,12,32,
21.9754,32,28,28,36,
21.9767,38,25,41,30,
21.9781,45,27,35,35,
21.9794,12,23,18,32,
21.9808,25,23,20,33,
21.9822,17,25,16,35,
21.9835,11,16,9,24,
21.9849,-4,11,10,23,
21.9862,4,12,20,18,
21.9876,-5,3,28,17,
21.989,9,7,25,19,
21.9903,17,13,23,22,
21.9916,17,13,23,22,
21.993,45,38,35,33,
21.9944,57,33,42,31,
21.9958,53,31,36,31,
21.997,24,13,31,28,
21.9984,24,13,31,28,
21.9998,21,13,28,28,
22.0012,15,13,24,25,
22.0026,10,17,22,25,
22.0039,6,13,16,17,
22.0053,5,22,2,22,
22.0066,9,30,5,25,
22.0079,9,30,5,25,
22.0092,26,38,17,38,
22.0106,46,37,27,32,
22.012,34,33,37,31,
22.0132,28,22,42,32,
22.0146,17,32,22,32,
22.0159,17,32,22,32,
22.0172,17,32,22,32,
22.0186,10,23,25,21,
22.0199,-7,3,21,10,
22.0213,-3,1,24,9,
22.0226,-6,5,14,6,
22.024,6,18,18,7,
22.0254,16,27,33,14,
22.0267,21,21,26,19,
22.0281,29,20,33,30,
22.0294,28,41,26,28,
22.0307,32,27,28,20,
22.0321,32,27,28,20,
22.0334,20,22,29,18,
22.0348,12,27,28,15,
22.0361,6,28,14,17,
22.0375,11,17,13,13,
22.0388,-14,4,17,9,
22.0402,-7,24,21,6,
22.0415,-7,24,21,6,
22.0429,32,18,30,28,
22.0442,41,26,26,21,
22.0455,54,39,32,28,
22.047,64,40,33,31,
22.0484,43,35,32,35,
22.0498,43,35,32,35,
22.0513,22,16,30,26,
22.0527,21,14,34,28,
22.054,12,19,26,34,
22.0555,1,9,14,12,
22.0567,-3,10,21,8,
22.0582,-3,10,21,8,
22.0595,30,24,18,18,
22.0609,32,25,33,20,
22.0622,40,23,37,29,
22.0635,37,31,36,33,
22.0648,20,30,24,31,
22.0662,28,28,23,25,
22.0676,28,28,23,25,
22.0689,20,21,14,34,
22.0703,11,17,9,33,
22.0716,0,8,10,17,
22.073,-8,11,3,7,
22.0744,-8,11,3,7,
22.0758,-2,13,12,15,
22.0771,26,17,28,27,
22.0784,26,17,28,27,
22.0798,32,24,33,37,
22.0812,30,35,37,38,
22.0825,30,35,37,38,
22.0839,29,36,23,44,
22.0852,25,26,29,37,
22.0866,11,15,16,25,
22.0879,16,17,10,29,
22.0893,-2,13,13,25,
22.0907,-3,2,10,17,
22.092,1,0,22,8,
22.0934,10,13,28,22,
22.0947,30,24,30,32,
22.0961,37,33,26,35,
22.0974,37,31,35,38,
22.0988,29,38,35,30,
22.1002,29,38,35,30,
22.1016,16,32,34,22,
22.103,14,15,25,21,
22.1043,10,17,32,23,
22.1057,9,10,31,18,
22.1071,5,3,22,23,
22.1084,5,3,22,23,
22.1098,-7,4,13,19,
22.1111,7,4,8,29,
22.1125,38,28,23,37,
22.1139,41,31,30,30,
22.1153,36,40,36,38,
22.1166,31,31,26,39,
22.1179,23,28,28,41,
22.1193,20,33,32,33,
22.1206,15,11,29,27,
22.122,9,16,20,21,
22.1234,-13,17,14,19,
22.1248,-13,17,14,19,
22.1261,-9,11,14,15,
22.1275,-4,7,23,18,
22.1288,6,20,36,24,
22.1302,32,28,30,39,
22.1315,48,35,40,41,
22.1329,53,34,49,40,
22.1343,46,39,41,33,
22.1357,35,37,29,25,
22.137,30,33,23,21,
22.1384,14,25,18,24,
22.1398,12,27,20,36,
22.1411,16,21,20,25,
22.1425,16,21,20,25,
22.1438,10,5,23,20,
22.1451,19,4,29,34,
22.1465,39,19,31,38,
22.1479,46,31,31,40,
22.1492,46,31,31,40,
22.1506,42,43,40,53,
22.1519,50,43,43,46,
22.1532,34,30,28,40,
22.1546,15,23,15,39,
22.1559,15,23,15,39,
22.1573,10,16,21,32,
22.1587,10,16,21,32,
22.16,3,13,20,28,
22.1613,2,16,34,32,
22.1626,28,33,41,33,
22.164,41,47,45,44,
22.1653,38,43,40,53,
22.1667,49,35,40,52,
22.168,53,42,42,62,
22.1694,45,42,50,65,
22.1707,40,43,53,61,
22.172,32,40,51,65,
22.1734,33,26,36,53,
22.1748,35,30,24,50,
22.1761,18,14,31,50,
22.1774,20,5,21,52,
22.1788,31,14,25,61,
22.1801,55,31,38,65,
22.1815,55,41,47,72,
22.1828,55,41,47,72,
22.1842,58,49,55,77,
22.1856,71,45,57,80,
22.1869,76,35,56,85,
22.1883,53,45,53,82,
22.1896,42,29,50,77,
22.191,42,29,50,77,
22.1923,20,41,36,81,
22.1937,23,32,43,76,
22.195,28,27,44,79,
22.1964,25,22,49,94,
22.1978,77,42,65,113,
22.1992,77,42,65,113,
22.2005,77,42,65,113,
22.2019,96,64,80,128,
22.2033,96,68,85,132,
22.2047,98,61,88,131,
22.2061,73,67,71,133,
22.2074,73,67,71,133,
22.2088,64,53,65,133,
22.2101,74,48,80,135,
22.2114,69,51,71,135,
22.2128,66,49,76,138,
22.2142,85,64,82,150,
22.2155,109,75,91,181,
22.2169,109,75,91,181,
22.2182,123,82,105,201,
22.2195,128,93,114,240,
22.2208,140,104,117,261,
22.2222,160,111,125,285,
22.2235,159,111,133,297,
22.2249,162,101,151,319,
22.2262,163,115,164,346,
22.2275,176,131,164,380,
22.2288,224,159,187,476,
22.2302,255,180,218,550,
22.2315,255,180,218,550,
22.2329,311,210,247,668,
22.2343,471,297,374,1117,
22.2357,471,297,374,1117,
22.237,598,344,499,2118,
22.2383,840,519,716,2154,
22.2397,733,557,666,1550,
22.2411,547,473,539,1118,
22.2424,316,281,334,625,
22.2437,255,225,269,500,
22.2451,211,180,215,402,
22.2464,139,134,148,271,
22.2477,139,134,148,271,
22.2491,139,121,134,247,
22.2504,123,121,134,247,
22.2518,137,115,114,210,
22.2531,120,114,107,196,
22.2545,120,122,111,177,
22.2558,108,108,114,171,
22.2572,112,93,104,164,
22.2585,97,75,98,149,
22.2598,84,56,90,123,
22.2612,54,50,68,107,
22.2626,34,39,58,103,
22.264,34,39,58,103,
22.2653,34,48,55,96,
22.2666,52,59,58,80,
22.268,69,61,66,81,
22.2693,96,61,69,104,
22.2707,97,66,75,103,
22.272,96,67,64,95,
22.2734,96,67,64,95,
22.2747,63,49,66,95,
22.276,44,39,57,87,
22.2774,26,43,55,79,
22.2787,23,29,47,52,
22.2801,23,29,47,52,
22.2814,23,29,47,52,
22.2827,28,26,42,44,
22.2841,43,21,34,44,
22.2855,59,33,46,50,
22.2869,61,48,55,50,
22.2882,66,45,52,83,
22.2896,66,45,52,83,
22.2909,63,38,60,88,
22.2923,51,38,59,74,
22.2937,25,32,46,72,
22.2951,19,27,44,62,
22.2964,16,24,37,51,
22.2978,9,17,29,36,
22.2991,9,17,29,36,
22.3004,14,17,36,39,
22.3017,46,30,37,48,
22.303,57,37,44,55,
22.3044,57,37,44,55,
22.3057,69,48,40,66,
22.3071,58,43,38,69,
22.3085,50,42,42,58,
22.3098,20,40,25,47,
22.3112,20,39,28,41,
22.3126,20,39,28,41,
22.314,22,20,24,40,
22.3153,8,11,21,36,
22.3167,15,28,21,34,
22.3181,24,29,29,36,
22.3195,48,38,39,64,
22.3208,48,38,39,64,
22.3222,57,46,36,70,
22.3235,66,44,55,73,
22.3248,67,39,62,74,
22.3262,56,29,55,76,
22.3275,25,31,48,57,
22.3289,25,31,48,57,
22.3302,25,31,48,57,
22.3316,21,33,31,49,
22.3329,11,12,31,33,
22.3343,3,15,29,31,
22.3357,22,25,38,40,
22.337,46,47,47,65,
22.3384,46,47,47,65,
22.3397,58,58,46,73,
22.341,69,37,58,60,
22.3424,51,26,58,56,
22.3438,51,26,58,56,
22.3451,31,20,38,48,
22.3465,31,20,38,48,
22.3478,37,29,29,36,
22.3491,30,21,29,37,
22.3505,2,13,23,27,
22.3519,3,18,25,36,
22.3532,16,18,31,47,
22.3545,44,27,39,51,
22.3559,49,36,45,62,
22.3572,52,53,45,58,
22.3586,65,55,53,56,
22.3599,57,39,48,57,
22.3613,58,24,49,58,
22.3626,55,26,44,54,
22.364,55,26,44,54,
22.3653,12,13,31,38,
22.3667,-1,9,18,34,
22.368,6,9,19,37,
22.3693,10,11,35,35,
22.3707,29,23,37,32,
22.372,29,23,37,32,
22.3734,45,30,26,37,
22.3748,47,37,37,43,
22.3761,63,36,39,47,
22.3774,46,23,28,52,
22.3788,26,24,32,36,
22.3801,13,26,25,29,
22.3814,13,26,25,29,
22.3828,3,23,14,33,
22.3841,-8,24,9,19,
22.3855,-3,17,11,20,
22.3869,21,26,16,32,
22.3882,21,26,16,32,
22.3895,21,26,16,32,
22.3909,30,38,19,32,
22.3922,57,45,39,56,
22.3935,50,43,51,63,
22.3949,37,43,53,67,
22.3962,34,35,47,53,
22.3976,19,33,38,47,
22.3989,13,36,32,44,
22.4003,-5,14,24,23,
22.4016,7,11,11,23,
22.403,-2,6,18,26,
22.4044,7,12,32,22,
22.4057,7,12,32,22,
22.4071,37,20,34,30,
22.4084,52,27,26,39,
22.4097,61,46,40,40,
22.411,48,47,42,51,
22.4124,33,44,30,48,
22.4137,33,44,30,48,
22.415,20,29,30,36,
22.4164,14,30,31,34,
22.4178,-5,18,15,31,
22.4191,-5,14,14,24,
22.4204,-5,14,14,24,
22.4218,-5,14,14,24,
22.4231,5,24,16,32,
22.4245,35,31,33,37,
22.4258,41,33,39,43,
22.4272,47,31,51,50,
22.4285,50,38,38,49,
22.4299,42,47,28,48,
22.4313,30,39,36,40,
22.4326,23,19,30,30,
22.434,13,20,28,34,
22.4354,-4,15,23,32,
22.4368,-15,8,22,27,
22.4381,-15,8,22,27,
22.4395,5,9,31,25,
22.4408,20,22,29,25,
22.4421,51,47,32,37,
22.4435,50,42,36,34,
22.4448,54,41,40,49,
22.4461,55,47,39,44,
22.4475,55,38,29,49,
22.4488,37,39,25,46,
22.4501,28,25,30,35,
22.4515,11,13,26,33,
22.4528,-4,7,14,24,
22.4541,-15,14,7,21,
22.4555,-16,22,10,29,
22.4568,5,17,9,33,
22.4581,36,21,32,38,
22.4595,57,33,42,39,
22.4608,62,39,48,40,
22.4621,55,35,45,43,
22.4635,55,35,45,43,
22.4648,43,28,35,40,
22.4661,43,28,35,40,
22.4675,20,30,38,40,
22.4688,3,25,39,25,
22.4701,-6,14,32,17,
22.4715,-6,14,32,17,
22.4728,-9,10,28,21,
22.4742,25,22,24,30,
22.4755,43,34,34,40,
22.4768,40,30,43,36,
22.4782,54,27,47,39,
22.4796,65,38,43,48,
22.4809,50,35,52,42,
22.4823,38,37,44,33,
22.4836,18,25,32,26,
22.485,2,14,24,25,
22.4863,11,18,16,25,
22.4877,14,11,8,21,
22.489,-3,7,11,19,
22.4903,9,5,16,10,
22.4917,18,15,23,12,
22.493,43,39,26,33,
22.4944,42,37,33,42,
22.4957,51,50,32,50,
22.4971,51,50,32,50,
22.4985,56,44,35,49,
22.4999,49,38,32,42,
22.5012,26,25,29,29,
22.5025,13,30,22,28,
22.5039,5,26,32,27,
22.5052,5,26,32,27,
22.5066,-1,3,24,19,
22.5079,-3,6,29,10,
22.5093,8,22,36,20,
22.5107,38,37,45,33,
22.512,41,46,50,42,
22.5134,41,46,50,42,
22.5148,50,42,48,36,
22.5162,39,32,52,40,
22.5175,38,36,42,44,
22.5189,14,16,35,40,
22.5202,2,11,28,31,
22.5216,2,11,28,31,
22.523,4,13,25,22,
22.5243,10,5,18,18,
22.5257,22,16,27,23,
22.527,33,26,31,34,
22.5284,31,33,42,46,
22.5297,36,33,48,44,
22.5312,36,33,48,44,
22.5325,55,36,47,53,
22.5338,39,30,57,55,
22.5352,32,27,42,40,
22.5365,10,24,21,32,
22.5379,5,26,19,28,
22.5392,-5,29,17,19,
22.5406,-14,27,23,15,
22.5419,11,25,11,22,
22.5433,30,22,19,20,
22.5447,30,22,19,20,
22.5461,47,36,38,28,
22.5474,43,33,42,35,
22.5488,55,38,40,44,
22.5502,32,26,29,48,
22.5515,23,32,30,43,
22.5528,14,33,27,43,
22.5542,14,33,27,43,
22.5556,14,21,28,20,
22.5569,-2,26,18,14,
22.5583,0,14,20,9,
22.5596,4,16,26,19,
22.561,4,16,26,19,
22.5624,4,16,26,19,
22.5637,52,21,22,36,
22.5651,41,38,28,41,
22.5665,51,45,38,49,
22.5679,28,25,26,44,
22.5693,28,25,26,44,
22.5706,34,22,29,45,
22.5719,20,28,29,32,
22.5733,15,14,26,22,
22.5747,5,6,21,20,
22.576,4,11,17,25,
22.5774,4,11,17,25,
22.5788,4,11,17,25,
22.5801,19,11,25,28,
22.5815,44,30,39,43,
22.5829,61,33,37,43,
22.5843,48,38,42,49,
22.5857,36,30,38,41,
22.587,27,25,34,38,
22.5884,15,24,33,30,
22.5897,5,12,19,33,
22.5911,-5,8,14,18,
22.5925,-5,8,14,18,
22.5939,-15,13,18,9,
22.5952,-15,13,18,9,
22.5966,19,23,21,20,
22.5979,40,42,28,41,
22.5994,50,34,28,44,
22.6008,65,42,31,38,
22.6021,40,29,38,49,
22.6035,40,29,38,49,
22.6048,22,19,33,41,
22.6062,11,15,27,36,
22.6075,12,10,16,30,
22.6089,-6,18,25,21,
22.6103,5,9,16,8,
22.6116,5,9,16,8,
22.6129,9,17,14,12,
22.6144,28,32,16,25,
22.6157,55,41,37,39,
22.617,53,39,42,51,
22.6184,34,37,43,47,
22.6197,45,29,40,39,
22.621,30,31,29,37,
22.6224,30,31,29,37,
22.6237,14,13,22,32,
22.6251,7,8,30,16,
22.6265,-13,14,15,4,
22.6278,-17,6,17,16,
22.6292,-6,4,24,23,
22.6306,20,22,20,32,
22.632,30,28,26,35,
22.6334,52,44,32,31,
22.6348,64,47,39,31,
22.6362,52,41,38,40,
22.6377,52,41,38,40,
22.6392,38,34,40,35,
22.6406,12,28,28,29,
22.642,2,28,17,20,
22.6434,-2,18,9,10,
22.6447,3,20,22,27,
22.6461,3,20,22,27,
22.6474,12,28,15,29,
22.6488,36,27,20,32,
22.6503,47,31,34,28,
22.6516,39,31,36,43,
22.653,40,35,38,46,
22.6544,32,40,42,43,
22.6558,32,40,42,43,
22.6571,24,25,23,38,
22.6585,10,22,17,35,
22.6599,5,22,22,24,
22.6612,2,14,15,8,
22.6626,2,14,15,8,
22.664,9,16,25,18,
22.6653,9,16,25,18,
22.6667,42,36,25,29,
22.668,43,36,38,40,
22.6694,32,40,44,38,
22.6708,42,31,39,43,
22.6721,43,33,23,36,
22.6735,43,33,23,36,
22.6748,22,19,30,20,
22.6762,18,22,25,16,
22.6775,18,22,25,16,
22.6789,-2,13,21,15,
22.6802,-13,19,23,19,
22.6816,-13,19,23,19,
22.683,9,22,25,18,
22.6843,46,43,38,32,
22.6857,50,43,28,30,
22.6871,50,42,33,30,
22.6884,38,26,39,47,
22.6898,38,26,39,47,
22.6912,22,33,25,49,
22.6925,2,16,29,35,
22.6939,2,16,29,35,
22.6954,7,12,26,30,
22.6968,-3,12,16,2,
22.6982,-3,12,16,2,
22.6995,8,25,19,4,
22.7009,33,43,22,25,
22.7022,30,43,19,38,
22.7035,37,48,35,43,
22.7049,48,43,38,46,
22.7063,48,43,38,46,
22.7076,48,43,38,46,
22.709,28,36,38,44,
22.7103,16,12,21,31,
22.7117,10,7,14,30,
22.7131,-5,2,7,26,
22.7145,0,2,14,16,
22.7158,3,5,18,14,
22.7172,18,5,19,17,
22.7185,27,21,29,34,
22.7199,31,34,38,36,
22.7213,40,43,45,41,
22.7226,37,38,43,40,
22.724,33,30,34,38,
22.7253,30,25,30,35,
22.7267,30,25,30,35,
22.728,7,14,24,26,
22.7294,14,18,21,18,
22.7308,14,18,21,18,
22.7321,-10,16,21,6,
22.7335,4,9,26,9,
22.7349,30,19,24,25,
22.7363,39,38,27,39,
22.7376,55,32,26,48,
22.739,55,32,26,48,
22.7403,60,29,29,52,
22.7417,38,35,36,40,
22.7431,38,35,36,40,
22.7445,19,25,23,38,
22.7458,17,22,18,35,
22.7472,17,22,18,35,
22.7486,2,5,28,16,
22.7499,8,11,20,15,
22.7513,19,21,25,17,
22.7526,35,25,25,22,
22.754,42,48,25,35,
22.7554,42,48,25,35,
22.7568,45,45,22,48,
22.7581,30,40,26,53,
22.7595,37,26,30,38,
22.7608,32,19,21,28,
22.7622,6,15,15,23,
22.7637,6,15,15,23,
22.7652,-5,1,16,22,
22.7665,-2,2,12,12,
22.7679,8,10,15,10,
22.7693,27,22,20,12,
22.7707,32,32,36,26,
22.772,23,29,34,27,
22.7734,23,29,34,27,
22.7748,40,37,35,53,
22.7761,26,33,27,48,
22.7774,28,26,25,38,
22.7788,9,18,15,34,
22.7801,9,18,15,34,
22.7815,-1,16,14,32,
22.7828,-16,11,14,25,
22.7842,3,10,12,14,
22.7855,3,10,12,14,
22.7869,9,16,11,25,
22.7883,34,46,20,36,
22.7896,34,46,20,36,
22.791,48,37,38,40,
22.7923,44,33,33,50,
22.7937,35,38,36,48,
22.7951,16,30,37,36,
22.7964,11,24,20,19,
22.7978,11,24,20,19,
22.7991,-10,24,20,13,
22.8005,-10,24,20,13,
22.8018,-8,11,8,4,
22.8032,-2,10,22,9,
22.8046,15,15,25,25,
22.806,40,34,33,38,
22.8074,40,34,33,38,
22.8087,42,34,29,44,
22.8101,49,32,19,47,
22.8114,27,28,28,39,
22.8128,14,27,31,29,
22.8142,7,20,24,27,
22.8155,7,20,24,27,
22.8169,4,19,13,22,
22.8182,-2,16,13,10,
22.8196,9,11,16,9,
22.8209,13,28,15,16,
22.8223,29,41,17,33,
22.8237,33,34,22,40,
22.8251,32,45,31,39,
22.8265,34,42,31,48,
22.8278,23,34,28,40,
22.8292,23,34,28,40,
22.8306,25,27,26,40,
22.832,-1,15,20,21,
22.8334,-1,15,20,21,
22.8348,-7,13,17,18,
22.8361,5,7,21,16,
22.8375,2,20,20,23,
22.839,25,33,17,29,
22.8404,46,35,29,34,
22.8418,46,35,29,34,
22.8432,37,41,40,34,
22.8446,49,51,46,42,
22.8459,37,49,40,34,
22.8473,17,30,28,25,
22.8487,0,14,23,15,
22.8501,1,10,22,15,
22.8515,-5,9,24,8,
22.8528,-4,7,28,1,
22.8542,-4,7,28,1,
22.8555,-6,17,30,3,
22.8568,32,30,24,27,
22.8582,31,35,19,35,
22.8595,40,40,24,34,
22.8609,47,42,27,37,
22.8622,45,35,29,32,
22.8636,29,33,37,29,
22.8649,25,27,29,22,
22.8663,4,26,24,23,
22.8677,-7,20,32,27,
22.869,0,11,21,31,
22.8703,-3,6,16,22,
22.8717,-11,0,27,20,
22.8731,4,17,29,28,
22.8744,41,20,30,42,
22.8758,43,26,31,40,
22.8771,58,43,25,30,
22.8785,58,43,25,30,
22.8798,41,24,24,30,
22.8811,35,19,28,22,
22.8825,35,19,28,22,
22.8838,6,2,18,29,
22.8852,-4,7,25,29,
22.8866,-8,-3,13,19,
22.8879,-8,-3,13,19,
22.8892,6,20,23,15,
22.8906,10,26,22,16,
22.892,38,33,28,32,
22.8933,58,30,33,30,
22.8947,58,30,33,30,
22.8961,53,30,28,39,
22.8974,27,24,25,28,
22.8987,27,24,25,28,
22.9001,26,18,16,27,
22.9014,13,9,24,17,
22.9028,13,9,24,17,
22.9041,-3,8,17,7,
22.9054,-10,4,13,10,
22.9068,7,12,24,13,
22.9081,25,20,23,15,
22.9094,36,32,25,30,
22.9108,47,46,23,32,
22.9121,50,52,33,38,
22.9134,34,35,28,37,
22.9148,24,36,31,39,
22.9161,9,20,30,33,
22.9175,9,20,30,33,
22.9188,9,20,30,33,
22.9201,-8,7,16,20,
22.9215,-18,3,12,11,
22.9229,-7,4,22,7,
22.9242,-6,11,30,7,
22.9256,15,19,25,19,
22.927,28,24,24,31,
22.9283,27,26,25,33,
22.9297,41,39,28,28,
22.9311,35,41,33,41,
22.9324,35,41,33,41,
22.9337,10,23,29,32,
22.9351,10,23,29,32,
22.9365,15,17,23,35,
22.9378,-18,6,19,20,
22.9392,-10,9,16,15,
22.9405,-12,26,23,12,
22.9419,0,25,22,15,
22.9433,18,36,26,25,
22.9447,31,45,33,37,
22.9461,36,35,37,31,
22.9475,37,29,45,34,
22.9488,30,28,50,35,
22.9502,30,30,51,33,
22.9515,24,31,41,34,
22.9529,9,26,28,32,
22.9542,5,24,23,24,
22.9556,0,8,10,17,
22.9569,-3,9,7,6,
22.9583,2,18,20,5,
22.9596,31,20,26,16,
22.961,41,31,25,26,
22.9623,33,34,26,31,
22.9636,53,48,30,41,
22.965,40,51,41,41,
22.9664,40,51,41,41,
22.9678,34,41,39,36,
22.9691,17,32,23,35,
22.9704,4,27,10,34,
22.9718,8,26,12,25,
22.9731,-3,26,21,11,
22.9745,-5,23,12,10,
22.9758,0,21,20,21,
22.9772,5,22,36,22,
22.9786,31,23,25,37,
22.9799,28,32,29,40,
22.9813,28,32,29,40,
22.9826,36,30,27,41,
22.984,34,31,27,45,
22.9853,20,32,31,41,
22.9867,3,21,12,18,
22.988,-5,19,9,18,
22.9893,-10,12,13,12,
22.9907,-10,12,13,12,
22.992,-12,1,21,19,
22.9934,-3,12,18,28,
22.9948,12,18,21,33,
22.9961,24,22,30,30,
22.9974,36,25,39,29,
22.9988,41,29,51,32,
23.0001,41,29,51,32,
23.0014,28,27,38,34,
23.0028,23,32,27,27,
23.0042,16,37,27,18,
23.0055,-2,7,13,26,
23.0069,-2,7,13,26,
23.0082,-6,-6,13,20,
23.0095,-5,7,13,13,
23.0109,19,31,17,23,
23.0122,31,43,19,35,
23.0135,22,37,33,36,
23.0149,22,37,33,36,
23.0162,32,43,40,35,
23.0175,42,50,36,27,
23.0188,45,44,28,32,
23.0201,31,22,25,30,
23.0215,23,14,22,31,
23.0228,23,14,22,31,
23.0242,3,16,16,25,
23.0255,-10,6,11,16,
23.0269,-7,3,16,13,
23.0282,11,5,17,20,
23.0296,27,20,26,30,
23.0309,33,30,33,29,
23.0323,33,30,33,29,
23.0337,36,43,41,37,
23.035,50,35,33,35,
23.0364,47,22,23,28,
23.0379,12,17,36,25,
23.0393,12,17,36,25,
23.0407,12,20,26,21,
23.0423,-7,-1,23,12,
23.0438,-7,-1,23,12,
23.0451,-4,23,22,12,
23.0465,16,14,21,22,
23.0478,27,16,30,28,
23.0492,46,31,43,29,
23.0505,46,31,43,29,
23.0519,63,37,39,38,
23.0532,50,32,38,36,
23.0547,35,34,36,33,
23.0561,19,28,32,30,
23.0575,7,24,26,30,
23.0589,3,26,26,24,
23.0603,3,26,26,24,
23.0616,-3,18,17,12,
23.063,12,26,26,22,
23.0643,34,26,32,28,
23.0657,31,37,21,20,
23.067,47,43,33,36,
23.0684,47,43,33,36,
23.0698,50,41,37,49,
23.0711,52,29,39,50,
23.0725,39,31,36,47,
23.0739,11,31,26,38,
23.0752,1,20,14,23,
23.0766,-14,12,13,15,
23.078,-14,12,13,15,
23.0793,1,7,18,2,
23.0807,15,21,25,14,
23.082,26,26,35,25,
23.0834,42,29,27,33,
23.0847,46,44,24,44,
23.0861,49,44,33,51,
23.0874,49,44,33,51,
23.0887,32,29,33,28,
23.0901,17,22,33,32,
23.0915,17,20,23,27,
23.0928,-1,20,21,22,
23.0941,-1,20,21,22,
23.0955,-3,18,23,20,
23.0968,8,16,14,9,
23.0982,10,23,13,14,
23.0996,31,19,29,23,
23.101,43,35,37,26,
23.1023,48,47,46,38,
23.1037,27,51,38,44,
23.1051,27,51,38,44,
23.1064,21,31,22,34,
23.1077,21,31,22,34,
23.109,7,26,17,23,
23.1104,4,6,34,12,
23.1118,-7,-4,16,9,
23.1131,-7,12,20,7,
23.1145,-9,17,19,10,
23.1159,15,22,20,18,
23.1173,44,34,28,34,
23.1187,48,31,26,46,
23.12,45,40,39,51,
23.1214,46,36,34,35,
23.1228,46,36,34,35,
23.1241,24,33,28,38,
23.1255,21,29,32,38,
23.1268,23,19,25,33,
23.1281,-5,13,21,16,
23.1295,-16,12,16,15,
23.1308,-10,7,25,16,
23.1321,11,12,30,22,
23.1335,40,17,33,34,
23.1348,41,20,26,37,
23.1361,40,37,36,40,
23.1374,41,44,44,44,
23.1388,32,37,39,40,
23.1402,36,37,31,37,
23.1415,36,37,31,37,
23.1429,19,23,21,33,
23.1442,22,17,22,22,
23.1456,3,13,17,14,
23.147,-9,10,18,2,
23.1483,-9,10,18,2,
23.1497,7,12,10,7,
23.1511,23,23,16,20,
23.1524,36,28,25,33,
23.1538,41,34,30,41,
23.1552,46,37,25,38,
23.1565,54,24,30,38,
23.1579,54,24,30,38,
23.1593,15,18,15,34,
23.1606,3,20,18,22,
23.1619,4,10,14,13,
23.1633,-14,12,4,-2,
23.1646,-8,19,16,1,
23.1659,-8,19,16,1,
23.1673,-11,11,23,2,
23.1686,3,14,26,17,
23.1699,52,27,29,39,
23.1713,48,32,34,48,
23.1726,46,27,45,42,
23.1739,37,25,40,41,
23.1753,23,17,29,37,
23.1766,14,26,24,35,
23.178,2,28,21,26,
23.1793,4,18,5,22,
23.1807,4,18,5,22,
23.1821,-6,16,11,19,
23.1835,-2,18,15,24,
23.1848,3,16,23,24,
23.1862,10,27,19,23,
23.1875,35,23,22,28,
23.1888,34,36,31,33,
23.1902,30,42,42,29,
23.1916,24,46,40,34,
23.1929,18,31,26,33,
23.1942,10,17,21,27,
23.1956,1,22,31,30,
23.1969,-7,15,29,23,
23.1982,-2,9,16,17,
23.1996,-2,9,16,17,
23.2009,1,-1,15,19,
23.2022,6,20,21,13,
23.2035,25,40,28,28,
23.2048,31,28,32,34,
23.2062,31,32,29,41,
23.2075,40,38,27,45,
23.2088,29,32,37,46,
23.2102,22,38,36,28,
23.2116,12,15,30,17,
23.2129,6,6,26,16,
23.2143,6,6,26,16,
23.2156,-9,4,24,5,
23.217,-9,4,24,5,
23.2183,-3,1,26,1,
23.2197,18,25,26,21,
23.221,21,32,22,31,
23.2223,21,32,22,31,
23.2237,37,42,18,39,
23.225,35,39,41,35,
23.2263,41,36,41,27,
23.2277,26,22,33,24,
23.229,19,6,32,29,
23.2304,6,11,30,24,
23.2318,1,12,25,10,
23.2331,-8,-2,10,9,
23.2345,-8,-2,10,9,
23.2359,8,4,20,15,
23.2372,21,9,25,25,
23.2386,23,17,36,34,
23.2399,36,27,40,32,
23.2412,40,29,41,36,
23.2426,57,31,37,43,
23.244,43,28,28,33,
23.2453,43,28,28,33,
23.2466,18,28,17,35,
23.248,8,28,17,33,
23.2493,5,18,27,26,
23.2507,-8,4,28,25,
23.252,3,9,26,15,
23.2534,19,19,29,14,
23.2548,19,19,29,14,
23.2561,28,25,33,27,
23.2574,37,40,25,38,
23.2587,39,48,31,36,
23.2601,38,39,35,36,
23.2614,41,29,28,40,
23.2627,32,19,33,29,
23.2641,9,14,34,19,
23.2654,-6,14,22,16,
23.2668,-7,9,15,8,
23.2681,-7,9,15,8,
23.2694,0,16,8,4,
23.2708,8,14,9,7,
23.2722,29,23,14,16,
23.2734,34,34,26,22,
23.2748,57,46,31,39,
23.2761,57,46,31,39,
23.2775,56,38,30,38,
23.2789,33,32,26,28,
23.2802,19,18,30,24,
23.2816,6,19,28,29,
23.2829,-7,14,23,27,
23.2842,-22,6,15,16,
23.2856,-22,6,15,16,
23.287,-4,0,10,4,
23.2884,17,25,19,20,
23.2898,30,31,29,30,
23.2911,36,30,36,34,
23.2924,34,44,44,30,
23.2938,51,38,41,36,
23.2951,44,38,39,42,
23.2964,31,39,31,29,
23.2978,11,34,29,27,
23.2991,11,34,29,27,
23.3005,4,20,25,30,
23.3018,0,3,22,26,
23.3032,-7,11,12,19,
23.3046,-3,14,21,13,
23.3059,6,23,28,30,
23.3073,22,34,25,34,
23.3087,33,35,21,35,
23.31,33,35,21,35,
23.3114,31,42,33,40,
23.3128,32,42,29,35,
23.3141,24,32,30,32,
23.3155,16,30,32,15,
23.3168,14,16,27,10,
23.3181,4,7,25,18,
23.3195,1,-5,11,17,
23.3208,-2,0,16,16,
23.3222,-7,3,12,11,
23.3236,29,32,23,17,
23.3249,39,38,26,27,
23.3263,39,38,26,27,
23.3276,46,34,30,34,
23.329,37,31,23,37,
23.3304,37,31,23,37,
23.3317,27,25,29,37,
23.3331,6,20,20,14,
23.3345,-1,10,24,18,
23.3358,-1,10,24,18,
23.3372,-7,19,3,19,
23.3386,-6,11,13,11,
23.3399,-4,5,14,15,
23.3413,22,25,24,27,
23.3427,22,25,24,27,
23.3441,38,32,20,35,
23.3454,46,47,34,37,
23.3468,38,36,39,30,
23.3482,33,35,34,35,
23.3495,17,30,31,21,
23.3509,17,30,31,21,
23.3523,8,21,25,13,
23.3537,5,20,19,11,
23.355,-7,8,14,-1,
23.3564,3,20,17,-1,
23.3578,9,32,28,6,
23.3591,17,42,34,13,
23.3604,39,38,31,14,
23.3618,39,38,31,14,
23.3631,39,38,30,30,
23.3645,29,29,34,30,
23.3658,24,25,31,31,
23.3672,12,15,16,22,
23.3686,12,15,16,22,
23.3699,9,21,14,17,
23.3712,-8,24,19,16,
23.3726,-10,11,20,3,
23.3739,-2,13,27,4,
23.3753,-2,13,27,4,
23.3766,19,25,34,18,
23.378,31,33,40,28,
23.3793,42,35,35,31,
23.3807,42,47,34,40,
23.3821,27,42,44,28,
23.3834,13,28,42,37,
23.3848,11,14,33,32,
23.3862,14,7,23,20,
23.3875,14,8,13,14,
23.3889,-11,2,7,6,
23.3902,-10,-5,18,4,
23.3916,12,5,22,9,
23.3929,25,16,17,12,
23.3943,37,26,19,12,
23.3957,37,33,27,28,
23.397,34,34,36,31,
23.3984,39,37,35,24,
23.3997,39,29,29,28,
23.4011,39,29,29,28,
23.4025,19,17,22,27,
23.4038,-1,17,27,18,
23.4051,-6,17,18,11,
23.4066,-9,11,12,11,
23.4079,-4,1,14,2,
23.4093,5,6,17,1,
23.4106,23,16,28,4,
23.4119,39,37,35,12,
23.4133,40,31,37,16,
23.4146,55,44,47,22,
23.416,56,46,43,29,
23.4173,35,37,36,19,
23.4187,13,27,35,20,
23.42,11,20,41,14,
23.4214,8,22,25,5,
23.4227,-1,15,29,-4,
23.4243,-1,15,29,-4,
23.4257,-6,10,21,-2,
23.4271,11,22,22,11,
23.4284,11,22,22,11,
23.4298,32,44,41,20,
23.4312,36,53,35,19,
23.4325,36,53,35,19,
23.4339,39,46,41,27,
23.4353,21,30,43,20,
23.4368,12,20,40,12,
23.4383,10,29,30,10,
23.4397,4,19,23,7,
23.4411,-12,1,17,-1,
23.4425,-23,-5,28,-9,
23.4439,-12,-4,33,2,
23.4452,25,37,32,14,
23.4466,34,34,36,11,
23.4479,39,47,41,11,
23.4493,39,47,41,11,
23.4507,27,39,46,26,
23.4521,17,36,38,20,
23.4534,16,31,34,4,
23.4548,8,28,24,0,
23.4561,8,28,24,0,
23.4575,-1,10,24,1,
23.4588,-11,7,23,-13,
23.4601,0,13,23,-18,
23.4615,9,10,23,-12,
23.4628,29,40,39,2,
23.4641,28,38,51,6,
23.4655,46,34,54,12,
23.4669,46,34,54,12,
23.4683,28,37,30,16,
23.4696,20,34,30,22,
23.471,10,27,31,10,
23.4723,13,20,29,-6,
23.4737,-1,15,32,-12,
23.4752,-1,15,32,-12,
23.4765,-1,20,31,-11,
23.4779,-7,16,27,-18,
23.4793,2,23,35,-6,
23.4807,34,49,53,5,
23.4821,31,39,51,10,
23.4835,31,39,51,10,
23.4849,41,35,45,9,
23.4863,41,35,45,9,
23.4877,23,18,30,13,
23.489,2,21,29,10,
23.4903,-9,23,39,-3,
23.4917,-9,23,39,-3,
23.4931,-21,10,18,-21,
23.4945,-9,9,20,-29,
23.4958,12,24,21,-14,
23.4972,30,49,37,2,
23.4986,38,51,40,2,
23.4999,38,51,40,2,
23.5013,53,53,40,12,
23.5027,44,39,33,10,
23.504,39,30,34,11,
23.5054,20,25,32,13,
23.5067,9,30,42,6,
23.5081,9,30,42,6,
23.5094,-8,24,39,-3,
23.5108,-15,10,27,-10,
23.5122,-15,15,29,-5,
23.5135,-4,15,29,-7,
23.5149,40,45,37,-1,
23.5162,40,45,37,-1,
23.5175,40,45,37,-1,
23.5189,48,39,43,7,
23.5202,41,27,49,15,
23.5215,29,34,44,14,
23.5229,16,26,35,2,
23.5242,3,29,30,4,
23.5256,-8,22,30,8,
23.5269,-13,13,30,4,
23.5283,-1,5,17,-17,
23.5296,5,17,28,-11,
23.531,15,25,28,-2,
23.5324,15,25,28,-2,
23.5338,22,33,26,9,
23.5352,27,43,36,19,
23.5366,41,38,47,23,
23.5379,38,31,48,15,
23.5393,23,22,41,14,
23.5406,10,16,30,10,
23.542,3,21,27,13,
23.5434,-1,10,30,8,
23.5447,-12,1,19,-5,
23.5461,-4,5,18,-4,
23.5475,-4,5,18,-4,
23.5488,15,13,19,4,
23.5502,23,28,23,8,
23.5516,26,45,30,16,
23.5529,28,45,40,26,
23.5543,37,30,32,21,
23.5557,24,34,29,16,
23.557,22,32,21,17,
23.5584,1,32,21,10,
23.5598,1,32,21,10,
23.5611,3,33,23,1,
23.5625,-3,12,27,-7,
23.5639,-6,20,26,-3,
23.5652,6,26,22,6,
23.5666,22,35,22,15,
23.568,28,40,28,27,
23.5694,29,41,35,29,
23.5707,29,46,49,35,
23.5721,30,39,50,24,
23.5734,32,27,40,23,
23.5748,8,22,26,21,
23.5762,8,22,26,21,
23.5775,-1,16,16,15,
23.5789,-18,11,10,6,
23.5802,-30,7,4,4,
23.5816,0,7,19,2,
23.583,16,20,25,11,
23.5844,16,20,25,11,
23.5857,34,38,40,26,
23.5871,38,51,47,24,
23.5885,45,47,50,24,
23.5899,43,49,46,30,
23.5913,23,39,29,25,
23.5927,15,26,24,19,
23.594,1,21,29,9,
23.5954,-12,21,31,-1,
23.5967,-24,4,29,-4,
23.5981,-18,12,37,-1,
23.5994,4,6,44,-4,
23.6008,4,6,44,-4,
23.6022,20,24,42,10,
23.6035,27,26,40,21,
23.6048,28,41,47,22,
23.6061,23,45,50,22,
23.6075,26,39,43,21,
23.6089,26,39,43,21,
23.6103,23,26,45,13,
23.6116,-7,27,30,-1,
23.613,-10,20,22,-10,
23.6143,-13,4,18,-12,
23.6157,-9,4,27,3,
23.617,-9,4,27,3,
23.6184,4,14,29,14,
23.6197,28,28,35,11,
23.6211,36,37,40,23,
23.6224,36,40,37,21,
23.6238,36,40,37,21,
23.6252,23,26,27,33,
23.6266,23,26,27,33,
23.6279,9,21,26,21,
23.6292,0,13,33,14,
23.6306,-19,4,17,7,
23.632,-10,1,14,5,
23.6333,-16,-1,18,5,
23.6348,-14,6,33,12,
23.6361,10,28,33,17,
23.6375,44,31,41,25,
23.6389,44,31,41,25,
23.6402,51,39,48,32,
23.6416,36,30,47,37,
23.643,31,37,38,31,
23.6444,29,37,34,20,
23.6457,12,14,25,15,
23.6471,0,14,37,9,
23.6484,-23,12,26,-4,
23.6498,-23,12,26,-4,
23.6513,-3,11,18,9,
23.6527,4,22,30,18,
23.6541,22,42,44,21,
23.6555,32,50,45,32,
23.6569,32,54,46,43,
23.6582,34,37,43,38,
23.6596,26,33,42,34,
23.6609,29,26,48,27,
23.6623,8,23,35,19,
23.6636,5,11,21,20,
23.665,-8,10,18,9,
23.6665,-6,4,22,6,
23.6678,-5,4,26,1,
23.6692,-5,4,26,1,
23.6706,17,14,21,2,
23.672,29,40,25,28,
23.6734,42,39,43,33,
23.6747,49,42,48,25,
23.6761,41,34,44,24,
23.6775,24,28,45,23,
23.6789,23,31,39,23,
23.6802,-4,16,31,19,
23.6816,-14,1,15,16,
23.683,-14,1,15,16,
23.6843,-22,22,12,8,
23.6857,-22,22,12,8,
23.6871,4,17,13,6,
23.6885,26,32,32,26,
23.6898,31,38,36,27,
23.6912,37,42,47,27,
23.6924,31,41,42,30,
23.6938,31,35,46,27,
23.6952,27,25,44,25,
23.6965,3,29,24,20,
23.6979,-10,22,24,16,
23.6993,-10,22,24,16,
23.7006,-10,22,24,16,
23.702,-19,10,16,-8,
23.7034,-13,15,15,-5,
23.7048,3,13,19,-6,
23.7061,37,25,26,12,
23.7075,37,25,26,12,
23.7089,46,32,42,30,
23.7102,27,39,43,24,
23.7116,13,37,40,21,
23.7129,0,26,39,8,
23.7143,-6,12,27,0,
23.7156,-10,13,19,3,
23.717,-10,16,16,5,
23.7183,-10,16,16,5,
23.7197,-10,12,21,-11,
23.721,-9,19,24,-8,
23.7224,11,25,28,9,
23.7237,32,33,33,13,
23.7251,26,37,40,16,
23.7265,31,43,42,18,
23.7278,20,40,34,15,
23.7292,19,22,25,8,
23.7305,19,22,25,8,
23.7319,-7,15,19,1,
23.7332,-14,15,26,-7,
23.7346,-20,17,31,-13,
23.736,-13,10,33,-12,
23.7373,7,16,19,-16,
23.7386,2,15,21,-13,
23.74,16,30,37,-12,
23.7413,26,46,42,4,
23.7426,42,49,35,10,
23.7439,38,41,37,3,
23.7453,27,34,47,1,
23.7467,22,32,38,-6,
23.748,4,34,30,-13,
23.7493,-11,30,34,-19,
23.7507,-11,30,34,-19,
23.7521,-32,-1,27,-7,
23.7534,-25,-12,17,-6,
23.7547,-21,2,25,-19,
23.756,2,8,37,-22,
23.7573,21,30,47,-12,
23.7587,21,30,47,-12,
23.76,29,41,47,3,
23.7614,27,41,53,8,
23.7628,27,41,53,8,
23.7641,22,38,42,1,
23.7654,-14,14,34,-3,
23.7668,-14,14,34,-3,
23.7682,-21,20,29,-9,
23.7695,-35,7,24,-20,
23.7709,-31,6,24,-20,
23.7722,-5,11,26,-17,
23.7736,18,16,36,-14,
23.775,19,18,33,-4,
23.7763,30,25,30,-6,
23.7777,38,32,37,-5,
23.779,29,29,51,2,
23.7804,21,37,59,-1,
23.7817,11,37,58,-10,
23.7831,-5,32,52,-23,
23.7845,-12,24,35,-23,
23.7858,-15,21,32,-25,
23.7872,-25,14,21,-45,
23.7885,-27,16,24,-43,
23.7898,-3,23,33,-37,
23.7912,-3,23,33,-37,
23.7926,6,32,46,-30,
23.794,23,38,49,-24,
23.7953,22,39,46,-27,
23.7967,34,51,57,-18,
23.7981,28,52,64,-23,
23.7994,28,52,64,-23,
23.8008,-17,22,48,-30,
23.8021,-12,16,53,-41,
23.8035,-15,12,48,-37,
23.8048,-31,16,31,-43,
23.8061,-27,33,35,-44,
23.8075,-27,33,35,-44,
23.8088,-27,33,35,-44,
23.8102,30,46,63,-34,
23.8115,28,48,67,-32,
23.8129,40,63,82,-35,
23.8142,25,48,76,-22,
23.8156,25,48,76,-22,
23.817,20,45,71,-27,
23.8184,-8,41,73,-43,
23.8198,-14,45,72,-33,
23.8211,-29,32,82,-30,
23.8224,-20,36,71,-37,
23.8238,-21,36,66,-48,
23.8251,-13,37,85,-48,
23.8265,2,50,95,-40,
23.8279,21,70,105,-26,
23.8292,19,68,109,-13,
23.8306,35,67,119,-15,
23.8319,35,67,119,-15,
23.8333,21,73,118,-25,
23.8347,15,59,125,-32,
23.836,-2,63,118,-41,
23.8374,-17,63,118,-45,
23.8387,-12,57,112,-45,
23.8401,-12,57,112,-45,
23.8416,-8,54,117,-42,
23.8429,-5,65,110,-41,
23.8444,21,72,120,-33,
23.8458,33,71,108,2,
23.8472,51,80,111,11,
23.8486,47,81,115,3,
23.85,44,75,110,-1,
23.8515,23,60,106,-13,
23.8529,3,55,100,-12,
23.8543,-3,53,102,-9,
23.8557,-10,44,94,-12,
23.857,-16,41,90,-20,
23.8585,-16,41,90,-20,
23.8599,-10,40,88,-26,
23.8612,26,38,97,-15,
23.8626,25,43,101,-8,
23.8639,41,51,105,0,
23.8652,24,66,99,4,
23.8667,24,66,99,4,
23.868,12,52,102,-1,
23.8693,1,34,89,-18,
23.8708,-7,35,91,-23,
23.8721,-7,44,92,-28,
23.8735,-20,32,91,-40,
23.8749,-31,27,94,-42,
23.8762,-31,27,94,-42,
23.8776,-12,26,90,-29,
23.8789,14,42,89,-19,
23.8803,14,45,92,-14,
23.8816,30,42,95,-8,
23.8829,17,49,93,-1,
23.8843,17,49,93,-1,
23.8856,29,43,89,-8,
23.8869,11,27,81,-15,
23.8883,-13,17,88,-24,
23.8897,-6,27,78,-26,
23.891,-26,28,65,-31,
23.8924,-28,21,72,-25,
23.8937,-20,20,66,-16,
23.8951,3,26,67,-17,
23.8964,31,35,81,-15,
23.8978,32,38,83,-5,
23.8993,32,38,83,-5,
23.9006,44,33,86,3,
23.902,23,28,91,-6,
23.9034,7,28,80,-8,
23.9047,-8,31,75,-10,
23.9061,-7,31,61,-10,
23.9074,-12,21,52,-13,
23.9087,-12,21,52,-13,
23.9101,-15,13,62,-18,
23.9114,-6,26,56,-20,
23.9129,11,25,67,-16,
23.9142,22,47,82,-1,
23.9156,22,47,82,-1,
23.9169,40,51,89,1,
23.9182,24,52,97,5,
23.9196,17,51,87,-1,
23.9209,10,41,81,-9,
23.9223,-8,20,75,-4,
23.9237,-20,4,69,-6,
23.9251,-20,4,69,-6,
23.9264,-26,9,57,-28,
23.9278,-19,10,54,-36,
23.9291,5,19,69,-29,
23.9305,5,19,69,-29,
23.9319,19,37,60,-5,
23.9332,25,37,60,-3,
23.9346,25,37,60,-3,
23.9359,32,36,71,9,
23.9373,29,37,75,-3,
23.9386,11,19,71,-11,
23.94,-14,23,63,-13,
23.9413,-14,23,63,-13,
23.9427,-19,6,54,-17,
23.944,-25,-1,47,-19,
23.9454,-17,6,50,-11,
23.9468,4,24,50,-18,
23.9481,20,32,51,-8,
23.9494,37,33,82,3,
23.9508,37,33,82,3,
23.9522,42,32,78,-2,
23.9535,21,34,70,9,
23.9549,4,28,70,-3,
23.9562,-15,25,63,-1,
23.9576,-17,12,67,-5,
23.9589,-8,4,67,-19,
23.9603,-8,4,67,-19,
23.9616,-9,-2,53,-19,
23.963,-9,27,40,-20,
23.9643,6,36,42,-18,
23.9657,25,41,51,-3,
23.9671,31,29,68,1,
23.9685,31,43,71,-4,
23.9698,25,54,74,-6,
23.9712,28,44,73,6,
23.9725,9,22,57,-5,
23.9739,-4,27,64,-11,
23.9754,-4,27,64,-11,
23.9767,-14,24,54,-8,
23.978,-15,22,46,-6,
23.9794,-11,15,44,-15,
23.9807,2,20,46,-26,
23.9821,23,36,68,-15,
23.9835,26,48,81,-12,
23.9848,41,35,84,-6,
23.9861,44,47,84,-4,
23.9875,31,43,77,-3,
23.9888,31,43,77,-3,
23.9902,13,31,76,7,
23.9915,-3,31,65,6,
23.9929,-17,25,66,-3,
23.9942,-23,17,63,-14,
23.9956,-30,7,58,-23,
23.997,-34,11,51,-23,
23.9983,8,27,67,-24,
23.9997,27,44,81,-12,
24.001,27,44,81,-12,
24.0024,40,37,91,-2,
24.0038,34,42,89,4,
24.0051,25,38,100,-1,
24.0065,25,38,100,-1,
24.0078,8,36,88,-27,
24.0092,4,30,86,-17,
24.0105,4,30,86,-17,
24.0119,-26,17,57,-23,
24.0132,-25,7,68,-28,
24.0146,-12,3,68,-25,
24.0159,14,45,85,-16,
24.0173,14,45,85,-16,
24.0187,17,45,95,-16,
24.02,23,40,100,-20,
24.0214,37,37,110,-17,
24.0226,30,42,100,-8,
24.024,23,44,94,-8,
24.0253,10,32,89,-3,
24.0266,-8,23,83,-15,
24.028,-11,27,87,-14,
24.0293,-20,15,90,-12,
24.0307,-21,11,88,-31,
24.0321,-12,29,90,-33,
24.0334,-12,29,90,-33,
24.0348,28,45,112,-11,
24.0362,37,55,112,-1,
24.0376,37,55,112,-1,
24.0389,26,46,98,-3,
24.0403,12,42,104,-4,
24.0417,12,42,104,-4,
24.0431,-8,31,99,-12,
24.0445,-2,18,94,-11,
24.0458,-8,26,90,-16,
24.0474,-19,10,85,-23,
24.0489,-1,7,101,-33,
24.0505,-1,7,101,-33,
24.0519,10,12,99,-21,
24.0532,20,25,98,-12,
24.0546,30,36,98,-4,
24.056,30,37,97,9,
24.0574,30,37,97,9,
24.0587,30,47,91,-4,
24.0601,13,36,81,1,
24.0614,-14,30,80,-8,
24.0628,-23,6,73,-13,
24.0641,-32,4,62,-11,
24.0655,-32,4,62,-11,
24.0668,-35,9,64,-13,
24.0681,-16,12,73,-8,
24.0694,13,15,77,-6,
24.0708,36,33,76,2,
24.0721,31,48,95,15,
24.0734,36,46,88,21,
24.0747,36,46,88,21,
24.0761,24,32,82,30,
24.0774,7,19,62,19,
24.0788,-2,7,63,13,
24.0801,-5,15,43,8,
24.0815,-31,7,41,-3,
24.0828,-31,7,41,-3,
24.0842,-31,7,41,-3,
24.0855,-13,3,32,-11,
24.0869,33,31,45,9,
24.0882,38,32,48,28,
24.0896,47,42,55,31,
24.0909,44,47,62,29,
24.0923,44,47,62,29,
24.0936,23,35,58,17,
24.095,-4,16,49,25,
24.0963,-1,21,39,18,
24.0976,-21,11,26,9,
24.099,-17,-7,25,0,
24.1003,-17,-7,25,0,
24.1017,-5,8,22,2,
24.103,15,17,19,20,
24.1044,30,27,25,21,
24.1057,37,28,24,25,
24.107,47,44,35,31,
24.1084,43,43,32,30,
24.1097,44,33,31,30,
24.1112,28,32,24,23,
24.1126,5,26,21,17,
24.114,-11,9,19,27,
24.1153,-11,9,19,27,
24.1167,-11,9,19,27,
24.1181,4,14,25,10,
24.1195,-2,11,22,16,
24.1208,15,29,17,26,
24.1221,39,27,20,30,
24.1235,43,38,30,27,
24.1249,43,38,30,27,
24.1262,44,36,42,34,
24.1275,24,35,32,43,
24.1289,12,29,23,39,
24.1303,12,29,23,39,
24.1316,11,21,14,24,
24.1329,-5,4,10,15,
24.1343,-5,4,10,15,
24.1356,-5,18,2,23,
24.1369,16,27,5,20,
24.1383,28,33,15,32,
24.1397,43,32,35,35,
24.141,43,32,35,35,
24.1424,51,40,46,34,
24.1437,51,48,36,31,
24.145,52,38,26,36,
24.1464,36,28,28,31,
24.1478,9,16,16,23,
24.1491,-2,8,16,19,
24.1505,-2,8,16,19,
24.1519,-15,-2,17,14,
24.1532,4,9,28,26,
24.1545,29,25,30,33,
24.1559,50,37,39,34,
24.1572,61,44,48,33,
24.1586,52,43,41,31,
24.1599,52,43,41,31,
24.1613,43,47,38,35,
24.1627,17,43,36,29,
24.164,-2,28,38,28,
24.1654,5,19,33,19,
24.1668,9,15,30,24,
24.1681,5,4,28,26,
24.1695,-8,-2,22,13,
24.1709,14,23,30,27,
24.1723,37,16,24,34,
24.1737,41,19,38,26,
24.175,41,19,38,26,
24.1764,51,29,37,25,
24.1778,56,37,43,32,
24.1791,38,23,23,35,
24.1805,21,21,24,31,
24.1819,-4,15,23,25,
24.1832,-5,13,19,29,
24.1846,-13,-2,12,18,
24.186,-16,-14,12,8,
24.1873,-9,-1,17,9,
24.1887,20,26,20,14,
24.19,20,26,20,14,
24.1914,48,30,26,30,
24.1928,43,35,38,34,
24.1941,45,37,52,37,
24.1955,51,46,55,37,
24.1968,47,34,44,36,
24.1982,11,19,32,28,
24.1995,6,17,25,26,
24.2008,6,20,19,31,
24.2022,6,20,19,31,
24.2035,-15,5,12,16,
24.2049,-11,-4,8,8,
24.2062,26,13,21,20,
24.2075,45,29,37,22,
24.2088,40,37,37,28,
24.2101,52,39,37,39,
24.2115,51,39,36,39,
24.2128,41,44,36,28,
24.2141,41,40,29,31,
24.2155,11,18,28,35,
24.2168,10,13,22,33,
24.2182,10,13,22,33,
24.2197,3,16,16,25,
24.221,-17,4,6,25,
24.2224,-8,6,13,12,
24.2237,4,28,16,14,
24.2251,37,35,24,22,
24.2265,42,25,26,26,
24.2278,42,25,26,26,
24.2292,45,46,46,25,
24.2306,32,43,42,22,
24.2319,32,43,42,22,
24.2332,14,22,18,20,
24.2346,6,11,19,20,
24.236,6,15,12,17,
24.2373,6,15,12,17,
24.2388,8,-9,4,15,
24.2401,2,12,1,14,
24.2414,15,20,15,12,
24.2429,36,31,39,32,
24.2442,34,36,35,36,
24.2456,34,36,35,36,
24.2472,39,44,41,39,
24.2486,46,42,50,39,
24.2502,17,23,16,31,
24.2516,7,24,20,25,
24.253,-16,10,22,11,
24.2543,-16,10,22,11,
24.2557,-18,-2,4,13,
24.257,7,14,12,18,
24.2584,7,14,12,18,
24.2597,25,29,17,20,
24.2611,46,45,18,23,
24.2625,54,43,48,39,
24.2639,54,43,48,39,
24.2652,41,27,42,39,
24.2666,10,34,29,26,
24.268,-3,27,28,27,
24.2693,0,15,19,25,
24.2707,1,10,11,16,
24.272,0,7,12,13,
24.2734,8,7,19,9,
24.2748,12,22,20,10,
24.2761,19,28,19,7,
24.2775,45,29,29,17,
24.2789,45,29,29,17,
24.2802,52,56,48,42,
24.2815,47,46,57,39,
24.2829,38,36,52,35,
24.2842,16,27,28,39,
24.2856,16,27,28,39,
24.2869,4,17,21,33,
24.2882,2,10,25,28,
24.2896,-6,-11,17,9,
24.291,5,-8,23,8,
24.2923,5,9,21,9,
24.2937,18,33,18,13,
24.295,18,33,18,13,
24.2965,39,32,23,21,
24.2978,61,37,43,35,
24.2992,59,39,40,36,
24.3006,43,42,33,37,
24.3019,25,43,35,34,
24.3033,3,23,30,27,
24.3047,-3,17,23,26,
24.3061,-3,1,11,12,
24.3074,2,-4,13,17,
24.3087,2,-4,13,17,
24.3101,19,22,18,16,
24.3115,19,22,18,16,
24.3128,39,42,24,22,
24.3142,35,38,32,24,
24.3155,43,40,37,35,
24.3168,39,30,30,35,
24.3182,18,27,29,27,
24.3195,23,23,26,22,
24.3209,-1,15,19,13,
24.3222,0,1,11,12,
24.3236,-22,-13,9,13,
24.325,-18,5,3,18,
24.3263,-8,16,7,26,
24.3277,10,17,17,28,
24.329,30,17,28,23,
24.3304,44,29,30,26,
24.3317,60,31,33,37,
24.3331,43,34,35,39,
24.3344,26,29,29,36,
24.3358,8,30,22,30,
24.3372,8,30,22,30,
24.3385,6,21,25,18,
24.3399,-3,23,29,21,
24.3413,-7,4,17,19,
24.3426,4,5,16,15,
24.344,5,13,7,12,
24.3453,5,13,7,12,
24.3467,39,37,30,26,
24.348,39,40,32,28,
24.3493,47,42,36,39,
24.3507,25,29,27,37,
24.352,25,29,27,37,
24.3534,19,35,21,23,
24.3549,10,36,28,19,
24.3562,16,22,26,21,
24.3575,-1,7,18,18,
24.3589,-22,-2,10,14,
24.3602,-9,13,1,11,
24.3616,-9,13,1,11,
24.3629,14,16,6,5,
24.3642,34,42,17,21,
24.3656,43,50,24,31,
24.3669,43,50,24,31,
24.3683,37,36,31,28,
24.3697,33,21,23,36,
24.3711,33,21,23,36,
24.3724,13,20,21,38,
24.3738,-2,12,11,29,
24.3752,-8,-1,13,26,
24.3766,-7,-1,6,20,
24.378,1,7,8,14,
24.3793,4,16,10,17,
24.3807,13,35,17,25,
24.382,28,36,22,29,
24.3834,45,46,27,34,
24.3848,45,46,27,34,
24.3861,39,38,26,27,
24.3875,26,34,32,20,
24.3888,20,34,29,18,
24.3902,3,14,15,26,
24.3916,-8,3,15,18,
24.3929,-19,10,5,15,
24.3943,-20,11,3,12,
24.3956,-1,6,8,7,
24.3969,11,19,22,16,
24.3983,30,42,25,21,
24.3997,40,42,28,24,
24.401,46,49,32,38,
24.4024,54,51,29,41,
24.4038,45,38,20,41,
24.4051,23,29,26,44,
24.4064,14,23,22,37,
24.4077,2,10,9,23,
24.4091,-8,12,4,22,
24.4104,-19,8,0,16,
24.4118,-19,8,0,16,
24.4131,3,19,11,30,
24.4145,34,27,23,33,
24.4158,43,39,24,31,
24.4171,43,39,24,31,
24.4185,44,42,35,35,
24.4198,60,43,35,34,
24.4211,51,41,35,31,
24.4225,21,22,31,37,
24.4238,14,16,32,35,
24.4252,-6,23,23,36,
24.4265,-6,21,11,25,
24.4278,-18,9,11,17,
24.4292,-9,6,22,16,
24.4305,11,12,13,13,
24.4318,33,12,16,11,
24.4332,43,32,22,23,
24.4346,43,32,22,23,
24.4359,60,32,25,34,
24.4373,64,46,23,36,
24.4387,56,40,18,44,
24.4401,44,20,17,43,
24.4415,20,24,11,29,
24.4429,8,13,17,30,
24.4442,8,13,17,30,
24.4456,-14,-7,3,26,
24.447,-14,-7,3,26,
24.4483,-8,-2,4,18,
24.4496,22,31,16,22,
24.451,45,31,16,26,
24.4525,43,38,12,22,
24.4539,46,40,26,35,
24.4552,30,36,27,44,
24.4566,28,32,20,40,
24.4579,6,23,12,26,
24.4592,-2,21,13,32,
24.4606,-2,21,13,32,
24.4619,4,12,6,23,
24.4632,-1,10,11,9,
24.4645,0,15,17,17,
24.4659,1,19,10,18,
24.4672,43,28,25,35,
24.4686,47,32,26,35,
24.47,47,32,26,35,
24.4714,41,38,27,35,
24.4727,34,44,22,36,
24.4741,32,35,30,28,
24.4754,9,24,32,24,
24.4767,8,20,28,23,
24.4781,12,22,15,23,
24.4795,12,22,15,23,
24.4808,7,-4,-2,15,
24.4822,0,9,10,9,
24.4835,14,20,12,7,
24.4849,47,36,33,30,
24.4863,55,46,26,28,
24.4877,55,46,26,28,
24.489,56,45,20,40,
24.4904,45,41,16,44,
24.4917,32,36,27,42,
24.493,31,30,21,30,
24.4944,9,25,17,32,
24.4958,9,25,17,32,
24.4971,3,10,7,26,
24.4984,-12,6,-4,19,
24.4998,-1,8,-7,21,
24.5011,24,22,8,31,
24.5024,43,26,26,30,
24.5037,33,22,32,37,
24.5051,47,37,31,46,
24.5064,47,37,31,46,
24.5077,44,35,25,47,
24.5091,31,22,24,45,
24.5104,16,15,19,29,
24.5118,10,8,8,18,
24.5131,-2,7,13,17,
24.5145,-18,1,14,11,
24.5158,-7,-7,11,9,
24.5172,11,14,6,11,
24.5186,11,14,6,11,
24.5201,36,37,22,23,
24.5214,50,36,20,43,
24.5229,51,39,19,42,
24.5242,47,31,23,42,
24.5256,35,23,21,42,
24.527,19,33,19,34,
24.5284,19,33,19,34,
24.5297,3,18,5,30,
24.5311,-10,13,-6,29,
24.5324,-19,0,-10,16,
24.5338,15,16,15,23,
24.5352,35,16,25,32,
24.5365,35,16,25,32,
24.5379,45,31,25,33,
24.5392,39,35,21,38,
24.5406,61,48,23,40,
24.5419,50,40,17,39,
24.5433,38,25,8,30,
24.5447,38,25,8,30,
24.546,16,23,0,24,
24.5474,-4,22,-1,20,
24.5487,-10,1,3,20,
24.55,-10,1,3,20,
24.5514,-15,8,13,13,
24.5528,1,17,12,23,
24.5542,28,27,13,25,
24.5555,39,37,11,39,
24.5569,44,48,24,34,
24.5582,47,54,29,35,
24.5596,39,38,25,31,
24.5609,34,22,12,24,
24.5623,7,9,7,24,
24.5636,7,9,7,24,
24.5649,4,9,6,27,
24.5663,-13,7,2,32,
24.5676,-9,4,1,31,
24.569,-5,14,4,24,
24.5703,17,24,14,32,
24.5716,17,24,14,32,
24.573,31,35,8,36,
24.5744,44,44,15,39,
24.5758,40,52,23,35,
24.5771,41,55,15,32,
24.5785,23,30,-3,25,
24.5798,23,30,-3,25,
24.5812,23,30,-3,25,
24.5826,-6,22,6,25,
24.584,-17,17,-3,19,
24.5853,-12,27,6,22,
24.5867,27,21,8,22,
24.588,47,29,14,32,
24.5894,47,29,14,32,
24.5908,49,31,18,38,
24.5921,47,35,16,46,
24.5935,47,35,16,46,
24.595,38,35,12,28,
24.5964,21,39,10,29,
24.5977,8,29,3,33,
24.599,8,29,3,33,
24.6004,0,16,4,25,
24.6017,-4,5,1,24,
24.6031,0,8,8,19,
24.6046,25,35,11,20,
24.6059,25,35,11,20,
24.6074,48,41,24,32,
24.6087,53,42,19,28,
24.6101,57,42,26,34,
24.6115,45,46,18,34,
24.6128,20,35,9,31,
24.6142,11,35,3,38,
24.6156,11,35,3,38,
24.617,-5,13,11,27,
24.6184,-11,7,-4,16,
24.6197,-14,12,-9,17,
24.621,-4,23,1,29,
24.6225,17,28,13,35,
24.6238,48,41,18,40,
24.6252,53,43,23,35,
24.6266,62,49,17,35,
24.628,61,46,17,36,
24.6293,21,30,15,45,
24.6306,15,17,9,42,
24.632,15,17,9,42,
24.6334,20,11,2,37,
24.6348,0,7,-7,30,
24.6363,-4,5,-7,21,
24.6376,-3,12,-6,10,
24.639,19,32,-2,7,
24.6404,19,32,-2,7,
24.6418,36,45,8,16,
24.6432,45,50,-2,30,
24.6446,62,43,-1,39,
24.646,40,35,3,27,
24.6474,40,31,-2,31,
24.6488,13,31,-11,36,
24.6502,13,31,-11,36,
24.6515,6,29,-12,27,
24.6529,13,28,-6,23,
24.6544,-11,30,-10,32,
24.6558,2,22,-15,30,
24.6571,25,24,-17,38,
24.6586,52,35,-6,39,
24.6599,53,38,11,31,
24.6613,57,50,4,31,
24.6627,57,48,4,39,
24.664,57,48,4,39,
24.6654,44,40,7,34,
24.6668,24,32,-16,38,
24.6682,24,32,-16,38,
24.6695,12,26,-18,37,
24.6709,2,16,-23,25,
24.6722,-5,18,-17,34,
24.6735,9,25,-10,27,
24.6749,38,29,-5,32,
24.6762,47,48,1,33,
24.6776,48,61,8,31,
24.679,52,66,8,40,
24.6803,50,54,10,38,
24.6817,45,51,1,48,
24.6831,45,51,1,48,
24.6845,11,42,-8,37,
24.6858,8,30,-6,24,
24.6872,0,24,-10,22,
24.6885,9,31,-27,24,
24.69,25,38,-29,19,
24.6914,30,32,-12,20,
24.6928,51,40,6,24,
24.6942,56,42,8,26,
24.6956,60,53,13,37,
24.6969,68,53,14,41,
24.6983,67,54,6,36,
24.6996,44,48,6,35,
24.701,22,36,-5,35,
24.7024,14,25,-10,25,
24.7037,16,26,-6,30,
24.7051,-10,26,-13,24,
24.7065,8,20,-17,22,
24.7078,25,25,-19,15,
24.7092,25,25,-19,15,
24.7106,43,39,-5,20,
24.712,48,40,8,28,
24.7133,43,49,12,39,
24.7147,50,51,7,47,
24.716,46,45,-1,40,
24.7174,46,45,-1,40,
24.7188,12,22,-1,27,
24.7202,4,16,-5,19,
24.7215,-8,15,-21,22,
24.7228,-2,17,-21,20,
24.7242,19,18,-7,11,
24.7256,19,18,-7,11,
24.727,19,18,-7,11,
24.7284,59,42,-3,31,
24.7297,53,43,0,41,
24.7311,61,42,7,42,
24.7325,55,38,-5,37,
24.7339,55,38,-5,37,
24.7353,33,29,-8,30,
24.7366,5,22,-11,27,
24.738,7,21,-3,33,
24.7394,7,20,-19,31,
24.7407,7,9,-12,27,
24.7421,7,9,-12,27,
24.7435,7,9,-12,27,
24.7448,47,31,-4,43,
24.7462,60,39,-1,39,
24.7476,64,43,-2,43,
24.7489,53,35,-4,47,
24.7503,53,35,-4,47,
24.7517,43,30,-4,47,
24.753,8,17,-3,32,
24.7544,3,7,-8,31,
24.7558,-1,5,-24,34,
24.7571,-9,6,-26,32,
24.7586,-9,6,-26,32,
24.7599,-4,5,-19,26,
24.7613,36,20,-10,36,
24.7627,54,30,3,49,
24.764,56,36,1,55,
24.7654,70,48,-1,58,
24.7668,52,38,8,56,
24.7681,27,34,9,55,
24.7695,31,31,5,46,
24.7709,15,17,3,50,
24.7722,9,19,-6,47,
24.7736,1,22,-12,34,
24.7749,3,8,-20,29,
24.7763,3,8,-20,29,
24.7777,11,7,-17,40,
24.779,46,39,-13,31,
24.7804,39,33,-3,40,
24.7817,56,36,12,54,
24.7831,65,40,10,60,
24.7845,60,29,10,67,
24.7858,60,29,10,67,
24.7872,52,37,1,64,
24.7886,12,13,-14,36,
24.7899,11,18,-15,28,
24.7913,0,11,-12,22,
24.7927,-7,0,-15,24,
24.7941,-7,0,-15,24,
24.7955,10,4,-9,23,
24.7968,47,26,0,46,
24.7982,54,26,4,54,
24.7995,54,26,4,54,
24.8009,56,30,5,58,
24.8023,56,30,5,58,
24.8036,47,26,10,53,
24.805,11,15,-2,50,
24.8064,17,10,5,38,
24.8077,16,-5,-8,35,
24.8091,4,-10,-15,32,
24.8104,0,-2,-19,28,
24.8118,1,-1,-11,31,
24.8132,21,13,-6,37,
24.8146,61,22,6,53,
24.8159,63,28,5,54,
24.8173,63,28,5,54,
24.8187,63,38,10,51,
24.8201,52,29,17,53,
24.8214,31,13,16,47,
24.8228,28,16,4,47,
24.8241,20,2,1,44,
24.8255,1,-3,-2,38,
24.8268,0,1,-3,33,
24.8282,10,11,-15,28,
24.8295,31,10,-5,30,
24.8309,55,12,11,33,
24.8322,57,22,4,42,
24.8336,63,30,5,44,
24.835,78,37,11,48,
24.8364,57,28,12,54,
24.8377,40,15,11,58,
24.8391,27,13,4,55,
24.8405,28,17,-14,47,
24.8419,22,13,-11,45,
24.8434,22,13,-11,45,
24.8448,3,5,-26,42,
24.8463,3,5,-26,42,
24.8476,49,8,-20,41,
24.8489,69,8,-4,52,
24.8502,75,11,-5,62,
24.8515,73,26,-2,76,
24.8529,61,37,-2,69,
24.8543,48,29,-6,59,
24.8558,55,24,-14,63,
24.8571,38,9,-8,50,
24.8585,22,8,-12,42,
24.8599,22,8,-12,42,
24.8613,11,-1,-31,21,
24.8627,11,-1,-31,21,
24.8641,16,-2,-31,26,
24.8654,48,16,-13,48,
24.8668,74,23,-7,43,
24.8681,74,23,-7,43,
24.8695,86,28,-9,53,
24.8709,79,22,-14,51,
24.8722,59,19,-19,47,
24.8735,46,9,-25,50,
24.8749,45,-8,-28,45,
24.8763,45,-8,-28,45,
24.8777,27,-10,-37,38,
24.8791,17,-6,-41,27,
24.8805,24,1,-28,23,
24.8818,40,9,-18,31,
24.8832,70,32,-19,43,
24.8846,70,32,-19,43,
24.886,72,24,-14,37,
24.8874,77,20,-6,53,
24.8887,81,28,-3,51,
24.8901,66,16,-6,41,
24.8915,43,2,-20,36,
24.8928,43,2,-20,36,
24.8942,43,2,-20,36,
24.8956,32,-15,-28,26,
24.8969,37,-14,-22,29,
24.8983,38,-12,-33,39,
24.8996,81,8,-28,38,
24.9009,81,8,-28,38,
24.9023,84,9,-24,43,
24.9036,80,11,-24,48,
24.9049,77,12,-12,69,
24.9062,69,3,-20,67,
24.9076,65,4,-19,57,
24.9089,65,4,-19,57,
24.9103,52,-3,-20,41,
24.9116,46,-6,-25,37,
24.9129,30,-9,-33,30,
24.9143,32,-8,-31,27,
24.9156,44,-14,-34,44,
24.917,44,-14,-34,44,
24.9183,88,5,-6,55,
24.9196,85,10,-6,52,
24.9209,92,20,-4,51,
24.9223,91,16,-8,47,
24.9236,76,16,-15,60,
24.9249,76,16,-15,60,
24.9263,76,16,-15,60,
24.9277,68,-8,-19,61,
24.929,52,-2,-23,47,
24.9304,48,-8,-27,37,
24.9317,46,-16,-34,40,
24.9331,68,-13,-28,44,
24.9345,94,4,-22,40,
24.9359,94,4,-22,40,
24.9372,102,23,-11,39,
24.9387,105,20,-6,39,
24.94,101,27,-7,51,
24.9414,93,7,-8,35,
24.9428,80,6,-11,32,
24.9442,80,6,-11,32,
24.9456,73,-8,-21,32,
24.9469,58,-14,-27,24,
24.9483,41,-9,-25,29,
24.9496,52,-12,-21,14,
24.951,83,0,-15,22,
24.9523,83,0,-15,22,
24.9537,83,0,-15,22,
24.9551,89,24,-9,18,
24.9564,101,23,-4,22,
24.9578,86,22,-10,14,
24.9591,74,16,-20,9,
24.9604,74,16,-20,9,
24.9617,56,7,-20,7,
24.9631,42,0,-30,2,
24.9644,26,-3,-38,-9,
24.9657,34,6,-33,-12,
24.9671,40,4,-36,-18,
24.9685,63,9,-33,-15,
24.9698,74,12,-12,-6,
24.9712,76,23,-15,-6,
24.9726,85,19,-20,2,
24.9739,89,29,-17,8,
24.9753,89,29,-17,8,
24.9767,73,16,-9,1,
24.9781,63,16,-5,-1,
24.9795,48,16,-11,0,
24.9808,32,2,-19,-5,
24.9822,28,-5,-19,-6,
24.9835,28,-5,-19,-6,
24.9848,33,10,-11,-7,
24.9862,61,21,6,-2,
24.9875,75,23,17,15,
24.9889,75,23,17,15,
24.9902,79,36,12,17,
24.9916,79,36,12,17,
24.9929,78,35,14,13,
24.9943,59,26,-2,30,
24.9956,40,16,5,20,
24.9969,30,0,10,16,
24.9983,22,-3,-7,16,
24.9997,22,2,-18,6,
25.001,33,6,-11,1,
25.0024,38,15,5,10,
25.0038,62,40,10,22,
25.0051,68,25,15,32,
25.0065,68,25,15,32,
25.0078,76,28,24,31,
25.0093,73,26,17,36,
25.0106,76,20,7,32,
25.012,53,30,14,26,
25.0134,38,23,11,21,
25.0148,38,23,11,21,
25.0161,30,9,-5,9,
25.0175,27,8,-4,5,
25.0189,19,16,3,4,
25.0203,54,35,8,16,
25.0216,54,35,8,16,
25.023,70,41,14,17,
25.0243,75,41,18,19,
25.0257,87,48,23,32,
25.0271,70,38,21,36,
25.0284,74,34,21,36,
25.0298,56,25,21,15,
25.0311,56,25,21,15,
25.0325,47,23,24,20,
25.0339,25,29,9,3,
25.0353,31,31,13,-1,
25.0367,31,31,13,-1,
25.0381,63,39,19,-2,
25.0395,88,54,22,13,
25.0408,95,59,27,28,
25.0422,102,49,38,26,
25.0436,89,53,29,26,
25.0451,77,57,23,21,
25.0465,54,32,26,5,
25.0479,54,32,26,5,
25.0493,34,20,9,11,
25.0507,12,17,-9,1,
25.0521,12,17,-9,1,
25.0535,16,24,-2,-3,
25.0549,42,36,4,-6,
25.0562,62,43,3,-1,
25.0576,70,36,6,5,
25.059,71,37,7,8,
25.0604,72,43,8,16,
25.0618,61,31,22,23,
25.0632,60,36,14,22,
25.0646,50,38,4,19,
25.0659,34,34,-5,12,
25.0673,11,23,-7,2,
25.0687,8,13,-6,-4,
25.0701,26,15,-9,-2,
25.0715,26,15,-9,-2,
25.0728,32,22,-14,-3,
25.0742,70,37,16,11,
25.0756,76,43,24,16,
25.0769,79,48,25,18,
25.0783,76,43,17,7,
25.0797,67,33,7,8,
25.081,48,17,-2,4,
25.0824,32,16,6,-7,
25.0838,35,17,2,-12,
25.0851,35,17,2,-12,
25.0865,12,16,-7,-8,
25.0879,13,19,-10,-4,
25.0893,13,19,-10,-4,
25.0907,34,30,7,10,
25.0921,70,32,21,14,
25.0934,76,32,25,25,
25.0948,78,29,16,34,
25.0962,62,30,16,23,
25.0976,58,26,8,17,
25.099,47,20,10,16,
25.1004,31,15,15,18,
25.1017,21,11,21,15,
25.1031,2,3,9,9,
25.1045,2,4,2,3,
25.1059,2,4,2,3,
25.1072,31,8,2,11,
25.1086,62,30,23,27,
25.11,66,25,25,25,
25.1114,67,20,26,25,
25.1127,56,24,23,26,
25.1141,42,34,18,31,
25.1155,42,34,18,31,
25.1168,22,26,29,37,
25.1182,18,10,6,22,
25.1195,16,16,20,18,
25.1208,1,15,14,9,
25.1221,11,2,13,15,
25.1235,22,-6,22,17,
25.1249,38,0,20,25,
25.1262,55,17,23,30,
25.1276,63,18,27,40,
25.129,74,27,31,40,
25.1304,74,27,31,40,
25.1317,69,28,30,37,
25.1331,45,20,22,39,
25.1345,27,21,19,50,
25.1358,33,3,14,47,
25.1372,29,-11,8,48,
25.1386,27,-20,12,52,
25.1399,34,-15,22,47,
25.1413,28,-2,30,57,
25.1426,44,11,25,63,
25.144,67,3,27,71,
25.1453,70,9,34,83,
25.1467,70,9,34,83,
25.1481,61,9,41,77,
25.1494,47,6,33,73,
25.1508,31,3,25,73,
25.1522,22,-8,26,69,
25.1536,21,6,18,62,
25.155,21,6,18,62,
25.1563,7,-4,12,49,
25.1577,11,-6,20,47,
25.159,32,-10,23,59,
25.1604,48,4,25,61,
25.1618,54,8,32,61,
25.1632,54,8,32,61,
25.1646,72,24,25,58,
25.166,40,13,30,54,
25.1673,33,9,34,57,
25.1687,35,14,21,57,
25.1701,19,-1,15,43,
25.1716,19,-1,15,43,
25.1729,8,-17,6,47,
25.1742,15,-14,27,46,
25.1756,20,3,17,42,
25.177,45,3,9,43,
25.1783,61,5,12,53,
25.1797,61,5,12,53,
25.181,65,16,24,49,
25.1824,56,21,37,55,
25.1838,45,13,31,57,
25.1851,28,-5,26,44,
25.1865,25,-5,15,42,
25.1879,28,-15,13,49,
25.1892,12,-16,13,41,
25.1906,-1,-22,2,34,
25.192,27,-20,19,28,
25.1934,41,-15,21,32,
25.1948,41,-15,21,32,
25.1962,61,-5,20,34,
25.1975,58,-7,23,40,
25.1989,67,8,24,43,
25.2002,59,13,32,53,
25.2016,38,13,21,47,
25.203,38,13,21,47,
25.2043,25,-9,9,38,
25.2057,19,-8,16,27,
25.2071,0,-11,9,18,
25.2085,17,-23,8,35,
25.2098,23,-14,7,36,
25.2112,23,-14,7,36,
25.2126,40,1,23,27,
25.214,44,7,23,31,
25.2153,50,8,16,37,
25.2167,58,15,35,46,
25.218,43,13,32,41,
25.2194,43,13,32,41,
25.2207,40,9,19,39,
25.2221,26,-5,14,37,
25.2234,13,-12,22,32,
25.2248,20,-12,22,31,
25.2262,16,-8,11,30,
25.2275,23,-7,9,26,
25.2288,44,9,16,34,
25.2301,44,9,16,34,
25.2315,65,22,29,37,
25.2328,78,21,32,40,
25.2342,73,26,30,43,
25.2356,57,12,24,42,
25.2371,53,6,24,31,
25.2386,41,9,22,31,
25.2401,21,-3,16,25,
25.2415,13,-16,12,19,
25.2429,3,-17,14,16,
25.2443,9,-10,16,15,
25.2457,23,1,8,19,
25.2471,43,16,16,31,
25.2485,64,12,30,31,
25.2499,78,13,30,29,
25.2514,77,8,29,39,
25.2528,56,5,24,35,
25.2543,56,5,24,35,
25.2557,38,15,23,34,
25.257,36,22,17,27,
25.2584,18,-3,6,20,
25.2597,12,-4,2,17,
25.2611,13,2,0,26,
25.2624,42,15,14,26,
25.2638,42,15,14,26,
25.2652,63,26,19,35,
25.2665,63,24,28,31,
25.2679,69,24,32,35,
25.2692,69,16,30,33,
25.2706,69,16,30,33,
25.272,51,15,29,32,
25.2733,34,9,23,25,
25.2746,35,-2,20,18,
25.2759,31,-3,15,14,
25.2773,8,-1,15,1,
25.2786,8,-1,15,1,
25.28,33,4,23,4,
25.2813,49,30,27,18,
25.2828,61,33,29,31,
25.2842,76,27,28,32,
25.2855,69,24,24,29,
25.2869,69,24,24,29,
25.2883,69,24,24,29,
25.2896,37,20,16,28,
25.291,28,5,12,32,
25.2924,36,-2,17,32,
25.2938,12,-3,16,10,
25.2951,12,-3,16,10,
25.2966,23,3,19,8,
25.2979,45,9,29,16,
25.2993,60,14,24,23,
25.3007,63,11,20,22,
25.3021,73,20,29,31,
25.3034,73,20,29,31,
25.3048,66,17,38,29,
25.3062,51,17,24,18,
25.3075,26,2,24,22,
25.3088,23,-3,24,21,
25.3102,19,-7,14,11,
25.3116,8,-15,14,3,
25.3129,9,-2,9,4,
25.3143,18,2,18,10,
25.3157,40,22,26,22,
25.317,52,28,27,24,
25.3184,52,28,27,24,
25.3198,67,28,12,31,
25.3211,67,28,12,31,
25.3226,56,18,14,26,
25.324,19,9,26,23,
25.3253,12,10,22,12,
25.3267,16,15,12,10,
25.328,11,5,14,7,
25.3294,16,-1,9,11,
25.3307,20,-2,0,2,
25.3321,20,10,15,4,
25.3335,37,13,25,14,
25.3348,46,17,26,22,
25.3362,55,22,27,27,
25.3376,76,31,24,33,
25.3389,73,28,21,19,
25.3403,70,14,14,16,
25.3417,30,13,15,13,
25.343,20,8,15,15,
25.3443,20,8,15,15,
25.3457,10,8,4,11,
25.347,19,0,7,1,
25.3484,25,1,21,0,
25.3497,28,15,25,9,
25.3511,51,25,20,19,
25.3524,58,27,15,15,
25.3538,58,27,15,15,
25.3551,50,32,25,26,
25.3565,48,23,23,26,
25.3579,40,29,27,22,
25.3592,25,11,22,14,
25.3606,25,11,22,14,
25.3619,11,12,25,5,
25.3633,15,-9,16,-2,
25.3647,18,-3,14,-6,
25.3661,18,-3,14,-6,
25.3675,55,27,21,10,
25.3688,64,26,20,19,
25.3702,64,26,20,19,
25.3716,73,34,31,28,
25.3729,63,36,20,22,
25.3743,54,21,18,13,
25.3756,44,21,18,16,
25.377,26,15,11,18,
25.3783,14,15,15,22,
25.3797,14,11,10,21,
25.381,-1,2,15,7,
25.3824,18,-3,20,-2,
25.3838,16,-8,16,-4,
25.3852,47,13,26,26,
25.3865,47,13,26,26,
25.3879,54,26,29,27,
25.3892,65,20,26,23,
25.3906,45,13,31,11,
25.392,27,20,24,7,
25.3933,21,21,16,9,
25.3947,16,16,9,12,
25.3961,16,16,9,12,
25.3975,11,6,7,12,
25.3989,4,-12,15,3,
25.4003,4,2,8,6,
25.4016,14,9,17,5,
25.403,40,19,29,13,
25.4043,47,25,29,13,
25.4056,48,29,27,17,
25.407,46,24,20,16,
25.4084,37,28,23,26,
25.4098,37,28,23,26,
25.4111,8,20,14,15,
25.4125,8,20,14,15,
25.4138,20,20,11,11,
25.4152,10,23,18,5,
25.4166,-3,4,14,9,
25.4179,2,19,17,8,
25.4193,29,22,18,14,
25.4207,37,33,20,14,
25.422,43,42,28,16,
25.4234,61,41,25,30,
25.4247,66,36,25,35,
25.4261,62,34,31,26,
25.4275,46,32,32,27,
25.4289,22,23,23,22,
25.4303,16,27,15,8,
25.4316,1,17,7,-1,
25.433,1,1,9,19,
25.4344,4,7,17,10,
25.4358,4,7,17,10,
25.4372,42,28,20,15,
25.4386,39,22,23,21,
25.44,35,33,25,22,
25.4415,50,47,33,23,
25.4429,50,32,39,25,
25.4443,32,15,38,19,
25.4457,21,16,23,20,
25.4471,9,19,15,17,
25.4485,12,12,21,17,
25.4499,-1,11,18,17,
25.4512,3,5,15,24,
25.4527,17,14,17,22,
25.4542,32,24,31,18,
25.4556,32,24,31,18,
25.4569,36,33,24,21,
25.4583,41,41,29,33,
25.4596,42,30,21,31,
25.461,38,25,22,25,
25.4623,13,20,19,21,
25.4636,13,20,19,21,
25.465,10,15,21,28,
25.4664,-15,12,26,12,
25.4677,-15,12,26,12,
25.4691,-2,18,25,10,
25.4704,18,19,24,11,
25.4719,18,19,24,11,
25.4732,39,20,34,29,
25.4746,55,40,32,36,
25.476,64,32,35,38,
25.4773,63,27,27,27,
25.4787,20,21,22,28,
25.4801,0,17,17,30,
25.4814,0,17,17,30,
25.4828,2,11,11,27,
25.4842,-1,5,12,20,
25.4856,-11,6,16,12,
25.487,8,20,23,7,
25.4883,32,26,33,12,
25.4897,32,26,33,12,
25.4911,53,33,33,33,
25.4924,49,40,29,33,
25.4938,40,45,26,32,
25.4952,34,36,28,32,
25.4965,37,33,21,35,
25.4979,37,33,21,35,
25.4993,19,15,27,22,
25.5006,5,11,12,16,
25.502,-3,7,18,15,
25.5034,9,6,20,14,
25.5047,17,17,16,11,
25.5061,17,17,16,11,
25.5075,35,32,13,14,
25.5088,53,31,30,37,
25.5102,54,30,46,32,
25.5116,54,30,46,32,
25.5129,47,31,42,31,
25.5143,33,36,28,17,
25.5156,33,36,28,17,
25.517,20,23,24,19,
25.5184,-1,18,14,13,
25.5198,-8,22,13,11,
25.5211,3,26,14,8,
25.5225,11,27,26,18,
25.5238,21,30,31,19,
25.5252,29,27,23,28,
25.5266,41,33,23,31,
25.5279,57,43,31,33,
25.5293,47,40,37,27,
25.5306,33,38,26,29,
25.532,20,27,22,28,
25.5333,6,20,24,29,
25.5348,7,22,22,18,
25.5361,-8,21,17,19,
25.5375,-1,13,12,20,
25.5389,4,18,21,11,
25.5402,18,12,26,9,
25.5416,37,20,34,20,
25.5429,48,29,38,27,
25.5443,61,32,39,28,
25.5457,56,41,36,37,
25.547,52,38,32,28,
25.5484,42,29,22,32,
25.5498,24,28,9,30,
25.551,14,24,11,25,
25.5524,8,15,16,22,
25.5538,-19,1,12,9,
25.5552,-19,1,12,9,
25.5565,-4,11,11,14,
25.5579,14,21,21,21,
25.5593,35,23,24,31,
25.5606,52,28,20,30,
25.562,56,30,34,40,
25.5634,34,28,32,36,
25.5647,34,28,32,36,
25.5661,27,25,33,25,
25.5675,23,23,28,19,
25.5689,7,16,22,21,
25.5702,-1,22,10,7,
25.5716,7,19,7,8,
25.5729,7,19,7,8,
25.5743,13,16,11,20,
25.5757,22,22,25,33,
25.577,36,22,39,37,
25.5784,43,26,43,32,
25.5798,42,45,40,33,
25.5812,36,34,29,36,
25.5825,31,26,37,40,
25.5839,11,23,30,31,
25.5853,9,15,27,27,
25.5868,-15,9,16,20,
25.5882,-15,9,16,20,
25.5896,-8,6,8,17,
25.591,-6,11,11,9,
25.5923,21,13,17,16,
25.5937,42,34,25,29,
25.5951,44,40,34,41,
25.5965,40,41,44,42,
25.5979,46,33,43,27,
25.5993,36,28,29,30,
25.6007,11,13,20,28,
25.602,-4,24,21,23,
25.6034,-12,28,23,16,
25.6048,-2,16,20,13,
25.6062,-3,15,24,19,
25.6076,1,14,23,30,
25.6088,17,24,21,31,
25.6102,23,21,23,31,
25.6116,32,37,24,35,
25.6129,23,39,32,36,
25.6143,40,47,34,35,
25.6157,45,44,33,31,
25.6171,21,33,30,30,
25.6184,14,35,23,28,
25.6198,-1,18,27,20,
25.6211,-4,18,31,24,
25.6224,-4,18,31,24,
25.6237,-16,24,21,29,
25.6251,-19,20,11,20,
25.6264,4,14,17,22,
25.6278,35,25,34,37,
25.6291,35,25,34,37,
25.6305,38,32,44,32,
25.6319,31,40,42,33,
25.6332,29,46,35,32,
25.6345,17,32,32,35,
25.6359,16,20,26,34,
25.6372,14,22,15,35,
25.6387,10,25,13,28,
25.6401,7,12,17,29,
25.6416,-10,17,27,22,
25.6432,-8,19,15,11,
25.6447,8,18,16,10,
25.6464,27,38,33,27,
25.6478,30,30,39,35,
25.6493,28,30,38,41,
25.6506,28,30,38,41,
25.652,26,36,34,39,
25.6533,13,24,37,28,
25.6548,13,24,37,28,
25.6562,6,11,23,22,
25.6576,-18,1,10,21,
25.659,-13,5,16,16,
25.6604,-10,19,17,17,
25.6617,26,36,25,23,
25.6631,39,26,27,28,
25.6644,39,26,27,28,
25.6658,39,26,27,28,
25.6672,55,22,33,43,
25.6686,31,24,33,48,
25.67,23,32,39,39,
25.6713,7,29,22,20,
25.6727,3,31,25,21,
25.6741,-22,26,23,26,
25.6754,-28,28,20,24,
25.6768,-23,25,19,14,
25.6781,-3,25,16,10,
25.6795,6,29,22,22,
25.6808,17,23,36,22,
25.6822,17,23,36,22,
25.6836,48,43,40,44,
25.6848,35,44,40,42,
25.6862,23,36,34,30,
25.6876,22,29,34,16,
25.6889,-8,26,24,21,
25.6903,-8,26,24,21,
25.6917,-2,26,26,20,
25.693,-23,7,24,4,
25.6944,-23,7,24,4,
25.6958,-5,22,19,3,
25.6971,30,34,32,18,
25.6986,21,39,30,29,
25.7,21,39,30,29,
25.7013,34,39,35,32,
25.7027,36,43,42,32,
25.704,22,40,39,20,
25.7054,-2,23,38,29,
25.7067,-5,15,26,18,
25.7081,-5,15,26,18,
25.7094,-5,15,26,18,
25.7108,-17,17,18,11,
25.7121,-13,15,18,10,
25.7135,6,20,21,12,
25.7149,24,37,25,14,
25.7162,25,39,27,11,
25.7176,30,49,25,21,
25.7192,39,42,35,33,
25.7205,30,36,29,32,
25.7219,24,39,30,28,
25.7232,12,38,27,18,
25.7245,4,36,15,22,
25.7258,4,36,15,22,
25.7272,-6,30,14,-3,
25.7286,0,40,10,-3,
25.73,12,34,19,6,
25.7313,24,54,36,15,
25.7327,33,53,32,19,
25.7341,33,53,32,19,
25.7354,33,55,33,27,
25.7368,32,46,34,30,
25.7382,32,46,34,30,
25.7395,27,51,40,27,
25.7409,4,46,18,1,
25.7423,4,46,18,1,
25.7436,-6,48,22,7,
25.7449,-29,37,9,-4,
25.7463,-29,47,10,-9,
25.7477,-8,43,26,0,
25.749,29,54,28,-1,
25.7503,29,54,28,-1,
25.7516,29,64,30,3,
25.7529,29,64,30,3,
25.7543,25,53,26,8,
25.7557,17,58,32,2,
25.757,14,45,25,4,
25.7583,7,54,23,1,
25.7597,7,54,23,1,
25.761,-3,43,19,-14,
25.7624,-13,40,11,-24,
25.7638,3,32,15,-22,
25.7651,25,41,24,-23,
25.7664,25,41,24,-23,
25.7678,35,57,29,-9,
25.7691,25,59,24,5,
25.7706,38,64,36,13,
25.772,30,48,25,-4,
25.7733,28,51,25,2,
25.7747,0,48,16,-1,
25.776,-7,40,21,-5,
25.7773,-15,38,22,-12,
25.7787,-18,33,8,-20,
25.7801,-19,43,14,-25,
25.7814,-23,51,13,-17,
25.7828,2,58,13,-9,
25.7842,34,61,22,-9,
25.7855,40,53,31,-10,
25.7869,29,54,35,-4,
25.7882,23,64,34,-1,
25.7896,16,56,33,-4,
25.7909,3,47,24,-5,
25.7923,-18,46,15,-14,
25.7936,-18,46,15,-14,
25.795,-9,47,11,-8,
25.7964,-27,36,6,-14,
25.7977,-27,36,6,-14,
25.7991,-16,54,25,-8,
25.8005,7,53,32,-2,
25.8018,7,53,32,-2,
25.8032,13,55,42,3,
25.8045,24,52,54,14,
25.8059,14,60,41,26,
25.8072,8,59,33,12,
25.8086,8,59,33,12,
25.81,-1,49,26,15,
25.8114,-22,28,34,1,
25.8127,-33,23,38,2,
25.8141,-33,23,38,2,
25.8155,-25,29,39,2,
25.8169,-5,42,27,4,
25.8182,-5,42,27,4,
25.8196,12,45,35,8,
25.8209,24,40,27,26,
25.8223,18,53,29,29,
25.8236,14,55,34,31,
25.825,-15,38,31,26,
25.8263,-15,38,31,26,
25.8277,-23,30,25,21,
25.829,-29,35,26,28,
25.8304,-39,41,18,25,
25.8318,-39,34,23,19,
25.8332,-37,35,23,20,
25.8346,-15,39,19,22,
25.8359,4,46,22,29,
25.8373,23,44,38,31,
25.8386,30,51,43,29,
25.84,9,47,40,34,
25.8413,9,42,43,31,
25.8426,-5,43,39,31,
25.844,-9,40,28,23,
25.8454,-9,40,28,23,
25.8468,-15,38,22,20,
25.8482,-35,25,23,16,
25.8497,-39,31,22,15,
25.8511,-22,39,28,27,
25.8524,-12,41,29,23,
25.8538,7,45,40,23,
25.8552,8,45,51,18,
25.8565,17,52,50,31,
25.8579,8,56,38,34,
25.8592,8,41,37,25,
25.8607,8,41,37,25,
25.8622,-18,40,31,27,
25.8636,-27,40,26,19,
25.8649,-34,32,19,23,
25.8663,-28,27,21,15,
25.8677,-39,22,33,18,
25.8692,-23,33,39,27,
25.8705,-7,45,44,31,
25.8719,2,40,44,37,
25.8733,13,46,36,45,
25.8746,13,46,36,45,
25.876,19,41,49,42,
25.8773,10,37,35,37,
25.8787,10,37,35,37,
25.8801,-29,48,36,25,
25.8815,-30,32,27,22,
25.8829,-30,32,27,22,
25.8842,-44,16,31,32,
25.8856,-36,27,24,28,
25.8869,-11,34,26,25,
25.8883,3,41,34,38,
25.8897,18,55,43,39,
25.891,18,55,43,39,
25.8924,14,57,52,37,
25.8937,7,50,45,32,
25.8951,7,50,45,32,
25.8965,-2,35,41,25,
25.8978,-15,19,29,25,
25.8992,-25,24,16,24,
25.9007,-37,25,21,18,
25.9021,-35,23,18,12,
25.9035,-15,27,20,19,
25.9048,12,38,30,29,
25.9061,19,45,38,34,
25.9075,19,44,37,32,
25.9088,14,48,36,30,
25.9106,5,48,37,24,
25.912,4,37,26,17,
25.9133,4,37,26,17,
25.9147,-18,29,27,18,
25.9161,-28,35,27,18,
25.9174,-41,20,22,9,
25.9188,-35,11,23,5,
25.9201,-10,27,22,13,
25.9215,-10,27,22,13,
25.9229,8,42,29,20,
25.9242,18,48,35,29,
25.9255,17,47,44,31,
25.9269,11,40,47,30,
25.9283,11,40,47,30,
25.9297,-3,38,44,31,
25.931,-3,32,27,20,
25.9323,-3,26,17,14,
25.9337,-21,26,17,14,
25.9351,-33,23,17,20,
25.9364,-31,23,29,14,
25.9378,-18,22,24,5,
25.9391,-3,35,25,15,
25.9405,14,48,38,28,
25.9419,28,45,40,30,
25.9432,28,45,40,30,
25.9445,16,41,31,20,
25.9459,-4,35,24,25,
25.9473,-9,26,25,18,
25.9486,-8,29,20,19,
25.95,-12,22,20,19,
25.9514,-22,20,15,22,
25.9527,-22,20,15,22,
25.954,-23,21,15,20,
25.9554,-16,38,19,26,
25.9567,-5,50,20,26,
25.9581,14,48,26,32,
25.9594,14,48,26,32,
25.9608,15,46,37,33,
25.9622,13,47,26,23,
25.9636,-8,35,25,18,
25.9649,-24,41,29,24,
25.9663,-31,37,26,22,
25.9676,-27,37,18,15,
25.9689,-27,37,18,15,
25.9702,-30,21,20,15,
25.9716,-25,23,21,3,
25.9729,-15,31,26,11,
25.9743,4,36,39,17,
25.9756,9,41,39,17,
25.9769,19,44,36,22,
25.9783,29,54,30,21,
25.9796,10,56,24,27,
25.981,-13,49,29,16,
25.9824,-24,40,22,18,
25.9837,-24,40,22,18,
25.985,-19,36,11,8,
25.9864,-20,38,13,5,
25.9878,-30,42,11,1,
25.9891,-29,32,29,2,
25.9905,-4,29,27,14,
25.9918,-4,29,27,14,
25.9932,10,31,28,18,
25.9945,23,51,40,22,
25.9959,10,61,45,29,
25.9973,-4,60,45,20,
25.9986,-10,47,39,9,
26,-19,37,35,1,
26.0013,-19,37,35,1,
26.0027,-33,29,18,-2,
26.0041,-40,40,14,-7,
26.0054,-39,46,16,-13,
26.0068,-20,41,20,-2,
26.0081,-20,41,20,-2,
26.0095,-4,50,20,3,
26.0109,1,56,19,2,
26.0122,21,68,37,11,
26.0136,12,63,43,19,
26.015,12,63,43,19,
26.0163,-2,53,28,14,
26.0177,-2,53,28,14,
26.0191,-11,56,31,-1,
26.0204,-31,38,21,-4,
26.0217,-45,40,22,-6,
26.0231,-46,38,28,-9,
26.0245,-28,51,14,-10,
26.0258,-8,57,19,-5,
26.0272,0,75,28,-5,
26.0285,-5,75,31,-1,
26.0299,4,85,35,12,
26.0313,-2,85,36,7,
26.0326,-1,75,41,5,
26.034,-3,78,39,11,
26.0354,-20,71,28,-3,
26.0368,-27,61,31,-10,
26.0382,-39,71,21,-7,
26.0397,-35,75,15,-2,
26.0411,-35,75,15,-2,
26.0426,-18,81,26,-14,
26.0441,6,95,35,-4,
26.0455,7,102,33,4,
26.0468,12,129,40,6,
26.0482,2,145,47,5,
26.0496,6,126,44,2,
26.051,1,120,42,0,
26.0525,-16,112,43,-4,
26.0538,-29,137,43,-3,
26.0552,-51,117,29,-13,
26.0566,-49,109,25,-17,
26.058,-59,117,31,-12,
26.0593,-35,133,41,-10,
26.0607,-35,133,41,-10,
26.0621,-7,147,42,-1,
26.0635,-12,151,39,2,
26.0648,-1,156,40,7,
26.0662,-10,152,40,-6,
26.0676,-28,148,48,-15,
26.069,-49,149,54,-10,
26.0703,-60,148,40,-13,
26.0717,-68,144,32,-20,
26.073,-86,148,24,-30,
26.0744,-75,137,24,-21,
26.0757,-75,137,24,-21,
26.0771,-62,143,23,-13,
26.0784,-63,150,32,-19,
26.0798,-42,154,57,-10,
26.0812,-24,152,63,-17,
26.0826,-25,158,64,-12,
26.084,-43,150,64,-15,
26.0853,-53,143,53,-21,
26.0867,-54,140,46,-22,
26.088,-63,112,33,-20,
26.0894,-63,112,30,-30,
26.0908,-85,113,30,-30,
26.0921,-81,109,18,-34,
26.0934,-70,107,31,-35,
26.0948,-51,110,29,-30,
26.0962,-37,144,42,-11,
26.0976,-32,136,46,-13,
26.0989,-17,127,47,-9,
26.1002,-33,117,43,-3,
26.1016,-34,137,45,-6,
26.1029,-51,146,39,-18,
26.1043,-59,137,32,-22,
26.1056,-54,136,35,-19,
26.107,-61,116,33,-13,
26.1084,-78,101,31,-25,
26.1097,-75,109,22,-27,
26.1111,-65,102,22,-17,
26.1124,-47,105,36,-16,
26.1138,-31,117,49,-7,
26.1152,-13,139,39,-4,
26.1165,-16,149,35,-1,
26.1179,-16,149,35,-1,
26.1192,-28,131,37,-2,
26.1206,-59,128,46,3,
26.122,-59,128,46,3,
26.1234,-59,133,35,-11,
26.1247,-65,121,33,-27,
26.126,-65,121,33,-27,
26.1274,-62,114,29,-29,
26.1287,-41,127,28,-31,
26.1301,-19,131,23,-21,
26.1314,-26,135,35,-7,
26.1327,-18,146,40,-1,
26.1342,-7,151,43,-3,
26.1355,-20,141,48,-4,
26.1368,-36,142,44,-3,
26.1382,-52,144,31,-7,
26.1395,-58,143,23,-8,
26.1408,-52,138,19,-7,
26.1422,-57,116,18,-22,
26.1435,-77,126,13,-27,
26.1449,-78,138,9,-23,
26.1462,-43,156,35,-26,
26.1476,-27,154,44,-11,
26.1489,-27,154,44,-11,
26.1502,-16,151,36,-6,
26.1516,-15,152,26,-1,
26.1529,-16,158,24,-2,
26.1543,-16,158,24,-2,
26.1556,-41,138,36,-10,
26.1569,-57,138,33,-12,
26.1582,-57,138,33,-12,
26.1596,-57,122,30,-14,
26.1609,-67,104,12,-21,
26.1623,-56,100,16,-13,
26.1637,-53,96,19,-14,
26.165,-39,105,25,-11,
26.1664,-35,110,37,-6,
26.1677,-28,132,40,-7,
26.169,-30,135,39,-8,
26.1703,-30,135,39,-8,
26.1717,-43,119,40,-7,
26.173,-52,109,35,-8,
26.1744,-48,103,26,-8,
26.1758,-46,99,23,-15,
26.1771,-68,84,24,-14,
26.1784,-81,80,17,-24,
26.1798,-61,83,25,-16,
26.1811,-41,92,25,-14,
26.1825,-41,92,25,-14,
26.1839,-15,113,39,-16,
26.1852,-8,128,40,-2,
26.1865,-8,128,38,-2,
26.1879,-16,128,40,-15,
26.1892,-28,105,42,-10,
26.1906,-28,105,42,-10,
26.1919,-50,81,35,-6,
26.1933,-60,78,28,-18,
26.1946,-77,70,21,-28,
26.1959,-65,75,23,-16,
26.1973,-56,83,24,-5,
26.1987,-43,84,18,-10,
26.2,-21,92,23,-4,
26.2013,-11,93,27,-5,
26.2027,1,107,28,-7,
26.2041,10,104,31,-1,
26.2055,-21,90,24,0,
26.2069,-21,90,24,0,
26.2082,-39,83,34,1,
26.2095,-36,58,27,-16,
26.2109,-52,53,17,-15,
26.2122,-58,50,16,-23,
26.2135,-48,58,14,-27,
26.2149,-25,70,24,-23,
26.2163,-25,70,24,-23,
26.2176,-8,77,36,-3,
26.219,8,87,32,6,
26.2204,11,98,38,15,
26.2218,3,88,34,12,
26.2231,-9,70,21,6,
26.2245,-20,68,13,7,
26.2258,-35,58,17,2,
26.2272,-37,52,13,-6,
26.2285,-45,44,16,-18,
26.2299,-45,44,16,-18,
26.2313,-30,50,21,-14,
26.2327,-20,64,28,-9,
26.234,-20,64,28,-9,
26.2354,-3,66,30,-10,
26.2367,19,69,45,5,
26.2381,9,70,33,15,
26.2394,-2,64,30,20,
26.241,-10,59,30,3,
26.2426,-10,59,30,3,
26.244,-26,53,29,-6,
26.2453,-36,58,20,-6,
26.2467,-55,44,14,0,
26.2481,-35,45,13,-4,
26.2495,-17,40,28,-2,
26.2509,-3,60,32,-3,
26.2522,-3,60,32,-3,
26.2536,3,66,38,1,
26.255,17,61,45,-4,
26.2564,12,63,36,8,
26.2578,-7,65,32,16,
26.2591,-8,62,28,5,
26.2604,-23,53,25,7,
26.2618,-18,47,27,-1,
26.2631,-36,43,29,3,
26.2645,-40,39,15,7,
26.2659,-23,47,25,-6,
26.2673,1,47,26,2,
26.2686,13,59,24,15,
26.27,13,59,24,15,
26.2714,11,66,28,12,
26.2727,24,72,29,6,
26.2741,10,68,30,6,
26.2754,11,69,24,9,
26.2767,-12,51,18,8,
26.2781,-12,51,18,8,
26.2795,-13,32,11,5,
26.2807,-22,32,8,12,
26.2821,-25,34,12,7,
26.2834,-3,42,28,4,
26.2848,15,45,27,14,
26.2861,15,45,27,14,
26.2875,25,55,30,21,
26.2888,35,61,43,30,
26.2902,39,66,53,32,
26.2915,29,52,50,20,
26.2928,-11,38,43,23,
26.2942,-11,38,43,23,
26.2955,-14,37,27,18,
26.2968,-20,39,21,8,
26.2982,-44,22,12,11,
26.2996,-26,17,13,5,
26.3009,-26,17,13,5,
26.3023,10,44,19,10,
26.3036,10,44,19,10,
26.3049,23,47,23,16,
26.3062,31,55,28,20,
26.3076,28,59,31,13,
26.3089,25,49,29,6,
26.3103,12,48,24,7,
26.3117,-2,35,24,10,
26.313,-2,35,24,10,
26.3143,-8,20,18,9,
26.3157,-38,23,27,-2,
26.317,-26,19,23,3,
26.3184,-8,15,16,2,
26.3198,-6,34,11,10,
26.3211,20,54,22,21,
26.3225,23,45,36,22,
26.3238,25,44,38,27,
26.3252,20,58,19,15,
26.3266,24,49,22,19,
26.3279,8,41,32,26,
26.3293,8,41,32,26,
26.3307,-15,30,26,20,
26.332,-13,32,27,10,
26.3333,-30,20,18,9,
26.3347,-27,24,12,4,
26.3361,-3,37,17,6,
26.3374,17,43,24,7,
26.3388,31,42,21,11,
26.3402,21,52,26,19,
26.3415,41,61,34,22,
26.3429,47,58,35,27,
26.3443,31,58,26,26,
26.3456,16,47,23,26,
26.347,-9,44,19,16,
26.3484,-16,46,16,9,
26.3498,-10,38,20,10,
26.3512,-27,20,18,3,
26.3525,-9,30,9,11,
26.3539,11,28,17,15,
26.3553,35,39,21,22,
26.3566,35,39,21,22,
26.358,32,43,24,19,
26.3594,29,56,23,32,
26.3607,27,60,29,28,
26.3621,28,57,33,20,
26.3635,-6,25,19,23,
26.3648,-6,25,19,23,
26.3662,-12,26,19,19,
26.3675,-23,18,8,12,
26.3689,-7,19,20,15,
26.3703,5,23,25,20,
26.3716,5,23,25,20,
26.3729,25,34,32,20,
26.3743,35,42,33,22,
26.3757,29,47,31,31,
26.377,22,40,29,34,
26.3783,27,42,31,40,
26.3797,34,41,24,31,
26.381,18,33,22,26,
26.3824,3,27,14,22,
26.3837,-2,25,14,24,
26.3851,-9,10,20,29,
26.3865,-15,10,15,25,
26.3878,-2,14,10,20,
26.3892,20,23,17,23,
26.3905,31,31,31,31,
26.3918,37,42,41,32,
26.3932,50,50,44,32,
26.3945,53,47,39,34,
26.3959,29,29,32,23,
26.3972,20,32,23,29,
26.3986,20,32,23,29,
26.3999,18,27,25,31,
26.4013,11,20,32,26,
26.4027,-4,18,31,12,
26.404,-11,6,17,18,
26.4054,7,17,16,29,
26.4067,7,17,16,29,
26.4081,42,34,27,27,
26.4096,47,37,28,28,
26.411,45,42,35,21,
26.4125,32,39,33,30,
26.4139,12,27,26,34,
26.4152,12,27,26,34,
26.4166,3,21,17,25,
26.418,-4,25,11,23,
26.4193,-17,17,20,24,
26.4207,-10,18,20,18,
26.422,-4,20,21,23,
26.4234,22,17,25,32,
26.4247,29,27,32,31,
26.4261,37,25,27,24,
26.4275,48,27,22,30,
26.4288,55,39,30,35,
26.4301,54,37,36,36,
26.4315,37,27,26,30,
26.4328,37,27,26,30,
26.4342,2,16,27,26,
26.4356,-5,3,25,25,
26.4369,-9,-3,21,19,
26.4383,-7,-7,22,21,
26.4397,17,5,30,19,
26.441,17,5,30,19,
26.4424,36,40,29,24,
26.4438,33,33,38,27,
26.4451,33,33,38,27,
26.4466,52,38,41,31,
26.448,27,36,30,30,
26.4493,27,36,30,30,
26.4507,19,28,27,26,
26.4521,8,19,22,23,
26.4534,-5,3,11,21,
26.4549,-7,-3,16,16,
26.4564,-1,13,23,4,
26.4579,-1,13,23,4,
26.4593,22,18,24,15,
26.4607,38,25,32,24,
26.4621,28,43,36,30,
26.4635,40,39,30,36,
26.4647,45,30,30,33,
26.4661,40,22,23,24,
26.4675,27,23,11,16,
26.4688,13,17,19,17,
26.4702,13,17,19,17,
26.4716,-13,21,9,24,
26.4729,-16,17,17,27,
26.4743,-7,9,16,19,
26.4756,14,11,14,20,
26.4769,32,19,24,27,
26.4783,40,19,26,36,
26.4797,42,38,22,31,
26.481,32,47,30,34,
26.4824,28,42,20,26,
26.4838,29,29,17,18,
26.4851,6,14,17,20,
26.4865,6,14,17,20,
26.4878,-1,10,19,22,
26.4892,-10,11,7,8,
26.4905,-4,11,4,1,
26.4919,5,18,7,5,
26.4933,28,30,17,20,
26.4947,38,37,27,27,
26.496,46,46,26,34,
26.4974,66,54,30,36,
26.4987,34,48,26,36,
26.5,21,42,33,32,
26.5013,21,42,33,32,
26.5027,3,23,24,24,
26.5041,4,19,27,28,
26.5054,20,16,28,22,
26.5068,-8,-1,17,10,
26.5082,8,15,14,8,
26.5095,8,15,14,8,
26.5109,14,20,19,10,
26.5123,31,31,25,24,
26.5137,45,34,25,34,
26.5151,54,40,32,36,
26.5164,41,47,32,30,
26.5177,24,41,25,24,
26.5191,24,41,25,24,
26.5204,12,7,23,21,
26.5218,-4,11,22,19,
26.5232,-9,16,9,12,
26.5246,-5,12,4,11,
26.5259,0,15,4,19,
26.5273,12,22,10,15,
26.5287,18,30,18,17,
26.5299,37,41,25,33,
26.5313,52,49,28,40,
26.5327,52,49,28,40,
26.5341,26,44,17,31,
26.5354,26,44,17,31,
26.5367,26,40,20,31,
26.5381,15,18,15,16,
26.5394,-2,10,11,25,
26.5408,-6,10,7,23,
26.5421,-4,10,15,26,
26.5434,-2,15,11,22,
26.5447,17,17,8,19,
26.5461,34,22,11,20,
26.5475,52,51,28,31,
26.5488,52,51,28,31,
26.5501,50,54,33,34,
26.5515,50,54,33,34,
26.5528,18,29,25,35,
26.5543,4,19,14,38,
26.5557,-7,11,22,30,
26.557,-2,9,18,20,
26.5584,-5,13,8,25,
26.5598,-5,13,8,25,
26.5611,12,13,26,16,
26.5625,21,32,32,24,
26.5638,27,33,30,24,
26.5652,35,36,27,28,
26.5665,48,36,33,35,
26.568,48,36,33,35,
26.5693,35,37,23,25,
26.5707,9,20,18,31,
26.572,-3,21,19,34,
26.5734,-5,27,25,23,
26.5748,-6,25,14,13,
26.5761,-8,11,17,7,
26.5775,-2,7,24,8,
26.5789,14,21,14,17,
26.5802,33,28,13,20,
26.5816,33,28,13,20,
26.583,33,32,26,28,
26.5843,47,49,36,29,
26.5857,56,46,29,40,
26.587,44,38,25,22,
26.5884,29,32,27,28,
26.5898,20,29,17,30,
26.5911,-6,10,10,20,
26.5925,-6,10,10,20,
26.5938,-15,4,5,23,
26.5952,-1,7,11,13,
26.5965,8,16,20,13,
26.5979,35,34,33,24,
26.5992,46,32,39,31,
26.6006,47,37,43,30,
26.6019,54,50,43,30,
26.6033,36,43,32,36,
26.6047,22,30,24,23,
26.606,0,10,18,16,
26.6073,6,17,18,15,
26.6087,6,17,18,15,
26.6101,-12,13,8,17,
26.6114,-10,17,4,15,
26.6127,0,15,18,8,
26.6142,9,26,17,22,
26.6155,9,26,17,22,
26.6168,30,29,16,25,
26.6182,44,27,35,23,
26.6195,39,31,33,30,
26.6208,29,41,28,28,
26.6222,21,41,32,36,
26.6235,3,31,25,34,
26.6248,5,23,13,27,
26.6263,2,17,20,23,
26.6276,-11,11,19,10,
26.6289,-2,16,12,17,
26.6303,-2,16,12,17,
26.6316,25,26,28,26,
26.6329,25,26,28,26,
26.6343,29,37,36,31,
26.6356,29,45,25,36,
26.637,47,45,32,41,
26.6384,47,45,32,41,
26.6398,30,35,38,44,
26.6411,13,25,35,37,
26.6425,14,22,37,30,
26.6439,-11,3,25,28,
26.6453,-23,-5,19,21,
26.6467,-7,-9,19,19,
26.6481,3,-7,27,17,
26.6494,23,18,31,22,
26.6508,33,24,32,25,
26.6522,31,25,33,28,
26.6535,41,35,45,36,
26.6549,41,35,45,36,
26.6564,25,39,40,27,
26.6577,14,25,28,31,
26.6591,10,23,23,24,
26.6605,4,21,16,21,
26.6619,1,4,9,13,
26.6633,1,4,9,13,
26.6647,1,4,9,13,
26.6661,6,20,15,11,
26.6675,21,33,25,17,
26.6688,34,36,25,29,
26.6701,50,40,34,29,
26.6715,33,38,44,25,
26.6728,33,38,44,25,
26.6742,15,36,46,24,
26.6756,8,24,28,21,
26.6769,5,22,27,25,
26.6783,5,22,27,25,
26.6797,-3,2,11,12,
26.681,-3,2,11,12,
26.6824,2,12,17,15,
26.6837,29,23,28,24,
26.6851,35,29,27,24,
26.6864,41,33,25,19,
26.6878,50,38,29,27,
26.6891,52,40,37,26,
26.6905,43,46,36,30,
26.6918,34,32,31,24,
26.6932,16,13,19,26,
26.6945,8,13,22,24,
26.6959,8,13,22,24,
26.6972,-7,-1,20,25,
26.6987,-8,10,20,17,
26.7,3,10,20,6,
26.7014,28,33,29,25,
26.7028,43,37,29,35,
26.7041,43,37,29,35,
26.7054,47,46,24,36,
26.7068,45,49,30,38,
26.7081,30,37,25,34,
26.7094,11,33,28,21,
26.7107,-2,14,8,27,
26.7121,-2,14,8,27,
26.7134,-2,14,8,27,
26.7147,-15,21,5,13,
26.7161,-10,25,11,7,
26.7174,-3,28,17,14,
26.7188,26,35,29,18,
26.7202,36,38,25,23,
26.7215,29,42,21,22,
26.7229,43,44,22,19,
26.7242,38,42,18,35,
26.7256,27,28,28,35,
26.727,27,28,28,35,
26.7284,8,17,18,17,
26.7297,-3,18,10,15,
26.7311,-3,18,10,15,
26.7325,-7,10,16,11,
26.7338,-6,9,26,5,
26.7352,-6,9,26,5,
26.7366,33,51,30,16,
26.7379,37,48,35,19,
26.7393,47,40,36,23,
26.7407,45,39,25,37,
26.742,39,25,17,30,
26.7434,39,25,17,30,
26.7447,17,20,14,31,
26.7461,2,21,29,24,
26.7475,-3,24,29,24,
26.7488,-9,19,19,12,
26.7501,-11,10,17,10,
26.7515,-11,10,17,10,
26.7528,-4,19,18,15,
26.7542,10,34,23,22,
26.7556,45,32,34,28,
26.7569,46,46,42,30,
26.7583,44,41,41,24,
26.7596,33,32,30,29,
26.7609,25,29,24,33,
26.7623,25,29,24,33,
26.7636,10,17,23,29,
26.7649,7,14,17,25,
26.7663,4,9,16,21,
26.7677,8,12,19,20,
26.769,10,22,8,19,
26.7704,14,24,18,15,
26.7718,33,33,32,29,
26.7731,54,38,34,39,
26.7745,56,31,37,31,
26.7759,39,31,25,33,
26.7772,39,31,25,33,
26.7786,19,28,23,34,
26.7799,10,20,24,24,
26.7812,10,12,20,25,
26.7825,-9,1,10,19,
26.7839,-15,-8,17,15,
26.7852,-4,-9,19,16,
26.7865,11,12,20,18,
26.7879,26,31,24,25,
26.7893,35,35,34,27,
26.7906,50,49,32,24,
26.792,56,54,24,36,
26.7934,43,30,30,34,
26.7947,36,28,29,28,
26.7961,18,20,19,26,
26.7975,9,15,18,23,
26.7988,4,11,15,22,
26.8001,1,-7,9,16,
26.8014,6,2,21,15,
26.8028,6,2,21,15,
26.8042,19,4,30,19,
26.8055,25,15,18,19,
26.8069,40,18,22,20,
26.8083,53,29,21,31,
26.8096,59,34,38,31,
26.811,47,20,42,27,
26.8124,47,20,42,27,
26.8137,8,15,29,22,
26.8151,10,5,20,19,
26.8164,6,-2,12,18,
26.8177,-19,-14,4,17,
26.8191,-19,-14,4,17,
26.8205,0,-1,7,22,
26.8218,17,10,11,27,
26.8232,30,24,24,34,
26.8246,28,32,25,29,
26.826,43,40,19,36,
26.8274,57,34,19,44,
26.8287,40,33,18,34,
26.83,29,40,29,23,
26.8314,4,26,28,18,
26.8328,9,24,22,26,
26.8341,-3,9,18,27,
26.8355,-15,6,8,14,
26.8368,-17,10,11,17,
26.8382,0,21,19,15,
26.8396,25,29,20,13,
26.8411,49,26,23,17,
26.8426,43,24,27,24,
26.8439,40,39,32,35,
26.8453,32,31,24,41,
26.8468,21,39,26,46,
26.8482,18,16,22,26,
26.8495,14,12,18,27,
26.8509,-4,8,9,28,
26.8523,-4,8,9,28,
26.8536,-19,3,12,25,
26.855,-18,2,18,17,
26.8563,17,3,33,20,
26.8577,27,9,36,32,
26.8591,39,23,33,28,
26.8604,44,31,36,29,
26.8618,44,31,36,29,
26.8631,45,27,31,32,
26.8645,40,28,37,33,
26.8658,25,15,32,28,
26.8671,9,0,20,24,
26.8685,0,-12,12,20,
26.8698,-4,-11,12,18,
26.8712,2,-7,20,21,
26.8725,8,5,29,14,
26.8739,35,20,20,33,
26.8753,43,19,23,31,
26.8766,40,26,28,31,
26.878,40,26,28,31,
26.8793,51,28,47,35,
26.8807,29,20,40,37,
26.8821,19,23,33,39,
26.8835,7,-8,30,30,
26.8848,7,-8,30,30,
26.8861,7,-8,30,30,
26.8875,-16,-13,25,23,
26.8888,-11,-7,16,9,
26.8902,1,-4,15,12,
26.8915,32,15,14,33,
26.8928,32,15,14,33,
26.8942,35,14,26,36,
26.8956,35,28,34,38,
26.8969,36,23,29,37,
26.8983,17,22,32,29,
26.8997,4,6,24,27,
26.901,-1,-3,17,32,
26.9024,-1,-3,17,32,
26.9037,7,0,21,31,
26.905,3,-14,20,7,
26.9064,-3,-19,19,15,
26.9078,16,-7,24,24,
26.9091,29,1,26,24,
26.9104,33,2,23,36,
26.9118,45,12,21,41,
26.9132,41,20,26,40,
26.9145,40,-13,33,34,
26.9159,22,-27,26,29,
26.9172,22,-27,26,29,
26.9185,22,-27,26,29,
26.9199,1,-40,13,35,
26.9212,-12,-49,20,23,
26.9225,-17,-51,24,18,
26.9238,-5,-51,16,21,
26.9252,-5,-51,16,21,
26.9265,7,-37,27,18,
26.9279,15,-33,41,25,
26.9292,28,-16,39,27,
26.9306,32,-12,37,32,
26.932,34,-28,37,29,
26.9333,23,-47,39,34,
26.9348,23,-47,39,34,
26.9361,8,-58,36,36,
26.9375,-8,-59,28,26,
26.9388,-21,-62,24,22,
26.9402,-28,-76,19,16,
26.9415,-17,-67,11,13,
26.9429,7,-59,4,17,
26.9443,26,-59,13,16,
26.9457,24,-39,12,3,
26.947,23,-42,6,-1,
26.9484,23,-42,6,-1,
26.9497,3,-32,0,-9,
26.9511,-2,-31,-14,-25,
26.9524,-27,17,-41,-57,
26.9538,-79,-12,-110,-123,
26.9552,-226,-441,-262,-311,
26.9565,-306,-676,-334,-389,
26.9579,-306,-676,-334,-389,
26.9593,-373,-939,-392,-486,
26.9606,-368,-967,-405,-503,
26.962,-355,-960,-390,-499,
26.9634,-314,-882,-361,-478,
26.9648,-299,-821,-336,-449,
26.9662,-299,-821,-336,-449,
26.9675,-282,-775,-313,-425,
26.9689,-283,-733,-294,-408,
26.9703,-273,-686,-273,-374,
26.9716,-249,-596,-240,-311,
26.973,-240,-567,-227,-298,
26.9743,-240,-567,-227,-298,
26.9757,-224,-534,-216,-293,
26.977,-168,-454,-162,-253,
26.9784,-137,-419,-151,-228,
26.9798,-132,-390,-147,-204,
26.9811,-112,-371,-140,-189,
26.9825,-112,-371,-140,-189,
26.9839,-108,-347,-123,-180,
26.9852,-106,-322,-110,-163,
26.9866,-108,-319,-103,-146,
26.988,-121,-300,-92,-143,
26.9893,-117,-289,-92,-142,
26.9907,-117,-289,-92,-142,
26.992,-122,-270,-100,-133,
26.9934,-109,-252,-103,-129,
26.9947,-103,-251,-93,-122,
26.996,-92,-235,-87,-106,
26.9973,-64,-203,-70,-100,
26.9987,-50,-193,-49,-86,
27,-50,-193,-49,-86,
27.0013,-51,-184,-48,-87,
27.0027,-60,-177,-52,-83,
27.004,-83,-179,-58,-80,
27.0053,-90,-167,-62,-83,
27.0067,-78,-177,-74,-85,
27.008,-78,-177,-74,-85,
27.0094,-78,-177,-74,-85,
27.0108,-65,-152,-59,-81,
27.0121,-49,-145,-53,-77,
27.0134,-33,-128,-45,-75,
27.0148,-15,-105,-33,-53,
27.0161,-4,-102,-24,-54,
27.0175,-4,-102,-24,-54,
27.0189,-25,-113,-35,-49,
27.0203,-27,-107,-35,-52,
27.0216,-36,-115,-42,-56,
27.023,-37,-108,-47,-53,
27.0244,-49,-104,-42,-47,
27.0257,-49,-104,-42,-47,
27.0271,-51,-106,-25,-49,
27.0284,-33,-99,-30,-48,
27.0298,-21,-82,-21,-39,
27.0311,-7,-62,-17,-32,
27.0325,-1,-58,-14,-29,
27.0338,-1,-58,-14,-29,
27.0352,-3,-63,-11,-19,
27.0366,-3,-63,-11,-19,
27.0379,-26,-66,-5,-15,
27.0393,-27,-70,-15,-23,
27.0406,-39,-69,-18,-24,
27.042,-39,-69,-18,-24,
27.0434,-43,-75,-13,-38,
27.0447,-30,-64,-8,-29,
27.0461,-25,-42,-8,-10,
27.0475,-2,-35,1,-5,
27.0488,8,-38,12,-10,
27.0502,11,-34,15,-9,
27.0516,11,-34,15,-9,
27.0529,-2,-31,14,-3,
27.0543,6,-26,4,-8,
27.0558,-20,-39,1,-21,
27.0571,-18,-37,-3,-12,
27.0585,-24,-45,-13,-5,
27.0599,-28,-50,-8,-3,
27.0612,-31,-46,5,-5,
27.0626,2,-20,-2,4,
27.0639,2,-20,-2,4,
27.0652,3,-4,11,4,
27.0666,11,-4,12,4,
27.0679,16,1,10,0,
27.0693,16,1,10,0,
27.0707,0,-6,7,0,
27.072,-3,-14,6,9,
27.0733,-15,-15,4,1,
27.0746,-14,-11,1,-7,
27.0759,-7,-6,-3,-8,
27.0773,-9,-13,-9,-2,
27.0786,-9,-13,-9,-2,
27.08,-7,-2,1,6,
27.0813,14,10,12,15,
27.0826,25,18,13,19,
27.084,16,13,21,15,
27.0853,16,13,21,15,
27.0867,22,5,24,10,
27.088,15,5,14,19,
27.0894,11,-10,19,7,
27.0908,2,1,25,9,
27.0921,-11,4,12,17,
27.0934,-11,4,12,17,
27.0947,-2,4,15,18,
27.0961,0,5,8,17,
27.0974,30,5,20,19,
27.0988,27,9,26,29,
27.1001,27,11,25,30,
27.1014,34,25,24,23,
27.1028,25,24,33,25,
27.1041,22,11,26,20,
27.1054,11,20,16,28,
27.1068,1,12,17,19,
27.1081,1,12,17,19,
27.1094,-4,7,11,14,
27.1108,-9,8,10,13,
27.1121,-3,9,14,19,
27.1134,6,13,23,23,
27.1148,26,30,26,26,
27.1161,23,29,23,22,
27.1174,44,24,34,34,
27.1187,34,28,43,36,
27.1201,28,32,32,28,
27.1214,28,32,32,28,
27.1227,12,29,21,17,
27.1241,16,20,10,19,
27.1254,9,12,11,22,
27.1268,-13,11,21,19,
27.1281,-15,13,28,16,
27.1294,-15,4,22,12,
27.1308,36,25,29,32,
27.1321,45,38,31,36,
27.1334,46,38,26,31,
27.1348,42,47,27,24,
27.1361,42,47,27,24,
27.1374,31,32,19,27,
27.1388,24,22,14,32,
27.1401,16,18,16,23,
27.1414,18,11,29,21,
27.1428,-1,1,27,22,
27.1441,-8,2,24,25,
27.1455,-7,12,24,24,
27.1468,11,6,17,31,
27.1481,36,31,16,34,
27.1494,43,28,21,31,
27.1507,43,28,21,31,
27.1521,50,32,32,33,
27.1534,49,31,34,41,
27.1547,41,21,33,37,
27.1561,25,30,35,32,
27.1575,15,21,17,20,
27.1588,15,21,17,20,
27.1601,15,19,12,25,
27.1615,10,15,22,15,
27.1628,12,10,32,24,
27.1642,16,13,30,22,
27.1655,30,27,21,18,
27.1668,38,23,24,19,
27.1681,44,27,29,32,
27.1695,37,36,24,34,
27.1708,26,35,28,34,
27.1721,15,27,27,26,
27.1735,22,20,21,22,
27.1748,5,26,17,22,
27.1761,5,26,17,22,
27.1774,15,19,15,13,
27.1788,-2,14,14,15,
27.1801,-2,14,14,15,
27.1814,10,11,11,25,
27.1828,28,46,32,25,
27.1841,33,45,22,27,
27.1854,33,45,22,27,
27.1868,42,37,39,30,
27.1881,35,32,39,34,
27.1894,18,22,35,29,
27.1907,15,18,28,26,
27.1921,17,14,28,27,
27.1934,15,4,28,23,
27.1948,-1,8,29,20,
27.1961,-3,13,24,31,
27.1974,7,9,23,23,
27.1988,10,18,28,26,
27.2001,21,26,34,25,
27.2014,31,29,30,25,
27.2028,35,32,22,30,
27.2041,35,35,29,24,
27.2054,30,27,31,23,
27.2068,27,12,29,27,
27.2081,18,10,26,28,
27.2095,12,15,24,33,
27.2108,-1,11,21,30,
27.2121,-8,11,22,24,
27.2135,-9,5,18,28,
27.2148,5,19,16,33,
27.2161,5,19,16,33,
27.2175,35,37,36,34,
27.2188,29,24,32,33,
27.2202,38,31,34,35,
27.2215,20,31,31,37,
27.2228,20,31,31,37,
27.2242,13,19,20,32,
27.2255,-5,12,17,26,
27.2269,-14,17,13,27,
27.2282,-13,12,21,26,
27.2295,2,6,20,25,
27.2308,1,6,16,30,
27.2321,1,6,16,30,
27.2335,3,24,21,23,
27.2348,37,35,33,20,
27.2361,39,30,27,23,
27.2375,29,27,31,29,
27.2388,29,36,31,30,
27.2401,25,35,25,25,
27.2415,10,24,25,25,
27.2428,5,13,20,20,
27.2441,5,13,20,20,
27.2455,1,9,11,14,
27.2468,-5,16,12,17,
27.2481,-5,18,9,20,
27.2494,8,14,20,27,
27.2509,16,27,17,27,
27.2523,44,35,34,23,
27.2536,53,28,35,33,
27.255,39,22,21,27,
27.2563,25,19,11,28,
27.2577,16,16,6,25,
27.2591,18,12,16,14,
27.2605,1,12,16,14,
27.2619,1,2,19,14,
27.2633,-8,7,6,7,
27.2646,-8,7,6,7,
27.266,4,9,14,15,
27.2673,24,28,41,34,
27.2687,24,27,38,36,
27.27,24,22,37,35,
27.2713,25,18,32,29,
27.2726,33,26,19,23,
27.274,33,26,19,23,
27.2753,6,22,33,21,
27.2766,4,28,27,24,
27.278,6,15,15,30,
27.2793,3,9,12,31,
27.2806,-1,-1,16,13,
27.282,-1,-1,16,13,
27.2833,25,15,29,36,
27.2847,36,15,32,25,
27.286,36,15,32,25,
27.2874,40,32,27,24,
27.2887,29,21,32,30,
27.2901,29,21,32,30,
27.2914,36,13,29,33,
27.2927,1,23,31,22,
27.2941,-3,24,25,30,
27.2955,4,17,14,20,
27.2968,-3,4,22,26,
27.2981,-3,4,22,26,
27.2995,8,13,23,31,
27.3008,18,19,22,34,
27.3022,36,37,27,28,
27.3035,44,35,25,33,
27.3048,36,35,37,31,
27.3061,36,35,37,31,
27.3075,34,30,38,24,
27.3088,21,9,32,28,
27.3101,14,4,32,26,
27.3114,4,-1,27,21,
27.3127,5,-16,14,18,
27.3141,-10,3,11,16,
27.3154,-10,3,11,16,
27.3167,5,7,18,15,
27.3181,33,21,30,29,
27.3194,36,31,24,25,
27.3207,43,23,25,32,
27.3221,27,39,24,33,
27.3234,27,39,24,33,
27.3247,34,36,27,32,
27.3261,16,21,17,27,
27.3274,14,7,19,26,
27.3287,5,11,9,13,
27.3301,5,11,9,13,
27.3314,5,14,12,9,
27.3328,1,7,14,11,
27.3341,-2,6,19,19,
27.3354,37,30,22,38,
27.3368,39,21,22,29,
27.3381,51,20,33,37,
27.3394,50,22,37,32,
27.3407,33,17,32,24,
27.3421,21,23,21,25,
27.3434,9,16,25,25,
27.3447,4,1,18,18,
27.3461,-13,6,14,19,
27.3474,-9,1,9,13,
27.3487,-10,12,4,9,
27.3501,-1,5,17,11,
27.3514,19,17,18,8,
27.3528,25,27,28,23,
27.3541,22,18,32,25,
27.3555,22,28,30,33,
27.3568,18,19,17,24,
27.3581,18,19,17,24,
27.3594,18,26,19,19,
27.3607,18,21,25,23,
27.362,2,19,19,19,
27.3633,3,13,6,20,
27.3647,3,13,6,20,
27.3661,1,4,0,12,
27.3674,17,24,1,11,
27.3688,16,25,24,12,
27.3701,42,17,23,29,
27.3714,37,27,33,33,
27.3727,37,27,33,33,
27.3741,22,19,30,32,
27.3754,24,22,26,31,
27.3767,23,22,23,20,
27.378,9,24,22,6,
27.3794,13,23,13,14,
27.3807,13,23,13,14,
27.3821,-7,13,12,18,
27.3834,-2,19,5,2,
27.3847,19,12,19,4,
27.3861,30,28,28,14,
27.3874,34,21,32,24,
27.3887,34,21,32,24,
27.3901,34,21,32,24,
27.3914,29,22,34,31,
27.3927,23,27,36,34,
27.3941,11,14,23,27,
27.3954,4,2,6,30,
27.3967,4,2,6,30,
27.3981,4,-5,11,26,
27.3994,2,-12,16,23,
27.4007,-1,4,17,25,
27.4021,6,21,19,35,
27.4034,30,33,29,30,
27.4047,30,33,29,30,
27.4061,33,27,38,25,
27.4074,39,21,40,23,
27.4087,32,18,27,26,
27.4101,12,14,25,29,
27.4114,8,11,25,34,
27.4127,6,5,14,27,
27.4141,9,1,8,21,
27.4155,6,1,16,9,
27.4168,-6,16,16,25,
27.4181,12,16,16,29,
27.4194,12,16,16,29,
27.4207,35,25,27,29,
27.4221,37,24,21,30,
27.4234,45,34,26,32,
27.4248,54,31,33,28,
27.4261,22,32,32,15,
27.4274,18,26,31,10,
27.4287,0,19,20,14,
27.4301,-2,12,24,13,
27.4315,2,13,21,6,
27.4327,8,11,12,5,
27.4341,-4,4,12,15,
27.4354,15,3,15,20,
27.4367,28,20,22,29,
27.4381,28,27,25,31,
27.4394,37,32,28,33,
27.4408,45,36,33,43,
27.4423,34,25,32,28,
27.4437,31,23,27,25,
27.4452,11,19,22,26,
27.4466,8,23,28,26,
27.4479,8,23,28,26,
27.4493,-15,8,15,24,
27.4507,-8,1,22,23,
27.452,1,9,16,27,
27.4534,21,26,25,26,
27.4547,19,23,25,36,
27.4561,43,27,29,33,
27.4574,43,27,29,33,
27.4587,39,30,30,29,
27.46,35,29,27,26,
27.4614,18,30,33,25,
27.4627,5,2,11,28,
27.464,4,7,9,16,
27.4654,-4,9,18,19,
27.4667,-6,9,19,16,
27.4681,7,1,22,13,
27.4694,15,11,24,15,
27.4708,32,30,27,31,
27.4721,45,32,36,33,
27.4734,43,32,33,29,
27.4747,34,22,29,32,
27.476,32,24,23,36,
27.4774,19,23,26,35,
27.4788,8,17,27,22,
27.4801,2,8,20,22,
27.4814,-2,3,20,17,
27.4827,-3,11,18,10,
27.484,-8,18,10,18,
27.4854,-8,18,10,18,
27.4867,3,14,13,28,
27.488,39,14,21,32,
27.4894,32,23,23,37,
27.4907,33,31,23,36,
27.4921,44,25,23,28,
27.4934,38,23,23,26,
27.4948,18,14,27,31,
27.4961,4,10,27,31,
27.4974,10,17,15,35,
27.4987,10,17,15,35,
27.5001,-3,7,7,27,
27.5015,-2,4,12,24,
27.5028,-4,8,13,16,
27.5042,14,11,11,17,
27.5055,21,23,24,25,
27.5068,27,21,26,22,
27.5081,27,21,26,22,
27.5095,36,27,24,23,
27.5108,27,26,25,20,
27.5121,18,28,30,27,
27.5134,13,23,17,19,
27.5148,13,23,17,19,
27.5161,13,23,17,19,
27.5174,1,19,23,20,
27.5187,-3,14,18,17,
27.5201,11,20,15,28,
27.5215,28,22,16,32,
27.5228,31,25,24,27,
27.5241,38,33,21,34,
27.5255,43,31,27,41,
27.5268,28,36,23,29,
27.5282,28,21,24,21,
27.5295,18,12,26,27,
27.5308,5,8,25,25,
27.5322,5,8,25,25,
27.5335,0,11,25,26,
27.5348,-9,9,20,12,
27.5362,-4,17,26,16,
27.5375,7,21,32,16,
27.5388,23,20,24,25,
27.5402,22,21,28,25,
27.5415,32,19,33,26,
27.5428,36,24,26,38,
27.5441,33,28,22,23,
27.5455,33,28,22,23,
27.5468,21,14,17,23,
27.5481,7,13,24,21,
27.5495,7,13,24,21,
27.5508,-2,7,19,26,
27.5522,7,10,8,18,
27.5535,16,13,17,26,
27.5548,23,23,32,25,
27.5561,34,36,32,29,
27.5575,34,36,32,29,
27.5588,34,36,32,29,
27.5602,42,35,34,41,
27.5615,30,37,20,46,
27.5628,35,21,23,39,
27.5642,24,6,25,32,
27.5655,9,9,24,34,
27.5668,13,19,22,27,
27.5682,2,16,24,23,
27.5695,1,6,12,30,
27.5708,16,22,14,28,
27.5721,38,29,31,29,
27.5734,42,29,29,31,
27.5748,42,29,29,31,
27.5761,43,28,32,33,
27.5774,34,37,46,34,
27.5788,27,42,35,21,
27.5801,29,37,27,22,
27.5814,21,36,27,24,
27.5827,6,29,26,35,
27.5841,-2,23,18,32,
27.5854,-1,10,20,21,
27.5867,-4,9,17,29,
27.5881,1,17,16,29,
27.5894,21,23,28,29,
27.5907,31,27,30,34,
27.5921,24,41,19,32,
27.5934,35,47,26,35,
27.5948,23,38,24,35,
27.5961,22,28,20,34,
27.5975,8,22,23,27,
27.5988,6,15,21,31,
27.6001,6,15,21,31,
27.6014,-8,4,16,34,
27.6028,-7,-3,15,24,
27.6041,0,11,18,22,
27.6055,10,22,20,33,
27.6068,38,37,31,39,
27.6082,42,34,26,44,
27.6095,46,33,32,38,
27.6108,36,42,38,36,
27.6122,37,17,16,43,
27.6135,28,22,22,38,
27.6148,16,24,28,31,
27.6162,16,24,28,31,
27.6175,9,22,28,26,
27.6188,-3,11,23,29,
27.6202,-6,9,14,22,
27.6215,9,21,28,29,
27.6228,19,20,34,37,
27.6242,41,22,36,33,
27.6255,34,36,25,38,
27.6268,31,32,24,46,
27.6281,26,25,20,43,
27.6295,35,22,25,38,
27.6308,35,22,25,38,
27.6321,31,18,24,32,
27.6335,20,13,29,26,
27.6348,8,2,30,27,
27.6362,1,5,21,18,
27.6375,-5,22,24,23,
27.6389,17,26,25,28,
27.6402,27,36,35,32,
27.6415,27,36,35,32,
27.6429,33,45,29,38,
27.6442,33,45,29,38,
27.6455,22,30,31,33,
27.6469,33,31,28,30,
27.6482,11,25,28,28,
27.6495,0,29,24,33,
27.6509,11,22,23,29,
27.6523,-11,10,23,17,
27.6536,-17,5,18,17,
27.6549,-4,15,16,23,
27.6563,18,26,25,27,
27.6576,41,27,32,28,
27.6589,30,31,24,44,
27.6603,30,31,24,44,
27.6616,32,23,26,53,
27.6629,41,30,26,46,
27.6642,13,20,34,37,
27.6656,16,27,27,26,
27.6669,14,24,26,21,
27.6682,5,14,26,12,
27.6696,5,7,14,5,
27.6709,5,7,14,5,
27.6722,13,12,27,21,
27.6736,33,31,35,26,
27.6749,44,26,34,37,
27.6762,45,26,28,39,
27.6776,43,27,27,43,
27.6789,30,27,32,39,
27.6802,41,34,32,38,
27.6816,16,20,13,23,
27.6829,16,21,13,30,
27.6842,16,21,13,30,
27.6856,18,15,24,30,
27.687,5,3,15,32,
27.6883,15,3,8,25,
27.6896,17,20,29,28,
27.691,27,23,33,35,
27.6923,33,24,40,37,
27.6936,52,27,37,37,
27.695,63,29,38,41,
27.6963,36,36,28,32,
27.6976,26,28,28,32,
27.699,26,28,28,32,
27.7003,26,17,20,30,
27.7016,26,17,20,30,
27.703,2,6,20,21,
27.7043,-8,10,25,18,
27.7057,-4,20,18,21,
27.707,23,20,23,26,
27.7084,28,24,28,35,
27.7097,42,19,28,28,
27.711,52,39,27,21,
27.7124,52,36,19,27,
27.7137,52,36,19,27,
27.715,20,19,25,25,
27.7164,9,28,30,29,
27.7178,15,27,21,25,
27.7191,18,20,22,15,
27.7204,-6,20,22,14,
27.7218,-10,8,11,13,
27.7231,21,22,24,19,
27.7244,35,41,34,22,
27.7257,34,32,41,31,
27.7271,34,32,41,31,
27.7284,49,32,46,37,
27.7298,56,40,37,40,
27.7311,41,38,23,28,
27.7325,23,27,19,24,
27.7338,18,26,19,27,
27.7351,11,17,26,28,
27.7364,4,11,28,28,
27.7377,4,10,23,19,
27.7391,2,2,10,13,
27.7405,16,10,24,29,
27.7418,33,21,30,37,
27.7432,29,33,27,40,
27.7445,44,36,28,33,
27.7458,50,38,28,27,
27.7471,41,34,27,22,
27.7484,35,34,27,27,
27.7498,8,22,33,30,
27.7511,1,27,22,30,
27.7525,1,27,22,30,
27.7538,-2,11,12,20,
27.7551,-2,11,12,20,
27.7564,6,17,17,10,
27.7577,23,19,24,24,
27.7591,36,32,31,25,
27.7604,44,38,40,28,
27.7617,44,40,42,35,
27.7631,52,45,31,31,
27.7644,48,41,20,36,
27.7657,32,26,15,32,
27.7671,2,21,31,26,
27.7684,2,21,31,26,
27.7697,11,24,23,30,
27.7711,9,25,18,23,
27.7724,-6,22,16,16,
27.7737,-14,15,11,15,
27.7751,27,30,23,31,
27.7763,27,30,23,31,
27.7777,36,39,36,42,
27.779,40,40,35,40,
27.7804,36,40,33,33,
27.7817,28,37,39,26,
27.783,27,20,31,27,
27.7843,14,19,23,25,
27.7856,14,19,23,25,
27.7869,12,14,21,20,
27.7882,-2,16,27,28,
27.7897,-3,10,20,31,
27.791,9,2,25,20,
27.7924,22,16,21,28,
27.7937,35,27,17,36,
27.795,47,19,34,26,
27.7963,53,25,39,37,
27.7977,36,22,34,40,
27.799,35,22,24,31,
27.8004,35,22,24,31,
27.8017,22,22,24,29,
27.803,17,11,19,26,
27.8044,8,12,12,17,
27.8057,-8,25,7,17,
27.807,8,27,16,21,
27.8083,24,20,14,26,
27.8096,30,23,15,34,
27.811,33,19,23,44,
27.8123,26,25,25,46,
27.8136,29,39,31,34,
27.815,40,35,27,30,
27.8163,33,32,22,31,
27.8176,23,19,27,30,
27.8189,18,8,21,29,
27.8203,6,19,16,31,
27.8216,2,11,19,30,
27.8229,-5,3,20,23,
27.8242,4,23,18,28,
27.8255,31,34,25,34,
27.8269,46,26,31,31,
27.8282,45,35,25,31,
27.8295,36,41,24,34,
27.8309,36,41,24,34,
27.8322,29,29,18,38,
27.8335,32,27,21,25,
27.8348,32,27,21,25,
27.8362,-2,17,25,20,
27.8375,3,17,24,19,
27.8389,-9,25,22,21,
27.8402,4,8,14,18,
27.8416,13,7,21,16,
27.8431,13,14,27,28,
27.8445,32,22,27,40,
27.8458,22,32,27,36,
27.8472,35,38,29,29,
27.8486,48,39,25,26,
27.85,39,28,21,27,
27.8514,31,16,16,27,
27.8528,17,25,17,32,
27.8541,2,30,27,36,
27.8555,7,18,8,12,
27.8568,7,18,8,12,
27.8582,3,25,6,25,
27.8595,11,28,29,27,
27.8608,11,28,29,27,
27.8622,27,32,31,30,
27.8636,36,31,30,39,
27.8649,37,32,33,38,
27.8662,37,32,28,26,
27.8675,10,14,19,31,
27.8689,10,14,19,31,
27.8702,7,15,19,31,
27.8715,7,15,19,31,
27.8728,5,10,16,20,
27.8742,0,11,14,16,
27.8755,6,12,17,19,
27.8768,11,19,22,29,
27.8782,26,29,33,31,
27.8795,20,28,41,34,
27.8809,34,36,26,35,
27.8822,20,37,24,32,
27.8835,22,28,32,33,
27.8849,22,28,32,33,
27.8862,23,16,28,22,
27.8876,23,16,28,22,
27.8889,14,17,20,15,
27.8902,-2,4,12,19,
27.8914,1,-2,13,19,
27.8927,1,-2,13,19,
27.8941,18,19,20,29,
27.8954,37,28,19,40,
27.8967,34,25,23,32,
27.8981,29,28,30,38,
27.8994,28,30,25,31,
27.9007,28,30,25,31,
27.9021,15,28,29,27,
27.9034,8,16,24,28,
27.9047,5,19,23,25,
27.9061,0,12,19,23,
27.9074,-10,6,20,22,
27.9087,0,9,20,27,
27.91,0,9,20,27,
27.9114,31,26,31,24,
27.9127,40,28,42,23,
27.9141,41,37,44,24,
27.9154,44,33,50,24,
27.9167,44,33,50,24,
27.9182,44,33,50,24,
27.9195,23,22,39,24,
27.9208,17,17,20,28,
27.9221,4,19,20,27,
27.9234,1,26,19,24,
27.9247,-4,17,10,28,
27.9261,-4,17,10,28,
27.9274,10,24,24,26,
27.9287,34,30,45,24,
27.9301,34,26,46,33,
27.9314,54,31,48,30,
27.9327,54,31,48,30,
27.9341,42,23,48,23,
27.9354,36,26,42,19,
27.9367,28,29,29,23,
27.9381,7,20,23,28,
27.9394,-11,1,18,26,
27.9407,-8,-9,19,28,
27.9421,0,7,15,32,
27.9434,-6,17,23,19,
27.9447,14,24,20,16,
27.9461,28,28,22,25,
27.9474,28,28,22,25,
27.9487,29,36,25,38,
27.9501,33,47,26,35,
27.9515,41,33,29,35,
27.9528,23,15,34,28,
27.9541,12,13,30,23,
27.9554,3,8,24,21,
27.9568,3,2,17,23,
27.9581,-2,0,23,27,
27.9594,1,17,18,28,
27.9607,16,16,26,24,
27.9621,16,16,26,24,
27.9634,32,26,37,38,
27.9647,38,32,38,39,
27.9661,39,35,42,48,
27.9674,33,33,36,43,
27.9687,35,31,35,43,
27.9701,32,30,27,33,
27.9714,7,28,20,31,
27.9727,5,17,20,22,
27.9741,5,17,20,22,
27.9754,8,4,25,16,
27.9768,7,3,17,12,
27.9781,8,14,24,17,
27.9795,22,19,24,28,
27.9807,43,43,44,23,
27.9821,50,45,53,32,
27.9834,50,45,53,32,
27.9847,41,25,37,48,
27.9861,27,22,27,40,
27.9874,16,16,21,33,
27.9887,16,16,20,38,
27.9901,7,20,28,29,
27.9914,-1,13,19,23,
27.9927,-1,13,19,23,
27.9941,0,20,21,17,
27.9954,25,17,34,25,
27.9967,35,25,39,36,
27.998,45,39,47,38,
27.9994,45,39,47,38,
28.0008,42,33,43,33,
28.0021,41,24,32,47,
28.0034,25,31,34,47,
28.0048,20,28,36,34,
28.0061,25,11,24,25,
28.0074,7,11,11,25,
28.0088,7,11,11,25,
28.0101,5,21,25,13,
28.0114,13,13,33,20,
28.0128,16,14,34,33,
28.0141,29,18,34,36,
28.0155,42,18,37,40,
28.0168,46,36,36,48,
28.0181,30,30,31,40,
28.0194,25,22,30,31,
28.0207,25,22,30,31,
28.0221,14,24,20,27,
28.0234,-5,28,24,29,
28.0248,-5,28,24,29,
28.0261,3,23,20,15,
28.0275,-2,9,13,18,
28.0288,16,24,17,27,
28.0301,31,37,33,39,
28.0314,37,43,32,34,
28.0327,37,43,32,34,
28.0341,37,43,32,34,
28.0354,42,48,37,33,
28.0368,28,33,26,39,
28.0382,22,25,17,36,
28.0395,20,31,15,25,
28.0409,5,17,14,18,
28.0422,5,17,14,18,
28.0435,6,17,14,16,
28.0449,3,26,23,25,
28.0462,3,26,23,25,
28.0476,16,24,25,34,
28.0489,38,37,29,33,
28.0503,38,37,29,33,
28.0516,55,47,44,36,
28.0529,38,33,40,36,
28.0542,20,28,32,33,
28.0556,7,22,33,24,
28.0569,2,17,30,22,
28.0583,-2,10,15,16,
28.0596,-2,10,15,16,
28.0609,-2,10,15,16,
28.0623,13,20,21,15,
28.0636,23,18,26,11,
28.0649,44,27,26,18,
28.0663,44,29,34,31,
28.0676,44,29,34,31,
28.0689,46,27,30,29,
28.0702,34,37,30,32,
28.0716,16,26,22,30,
28.0729,10,16,18,32,
28.0742,17,21,12,23,
28.0755,-1,21,14,16,
28.0768,-1,21,14,16,
28.0782,7,24,19,15,
28.0795,21,27,25,20,
28.0808,24,31,33,25,
28.0822,34,29,41,26,
28.0835,44,23,39,26,
28.0848,53,33,34,34,
28.0863,54,37,27,35,
28.0876,32,26,21,35,
28.0889,18,31,24,32,
28.0903,12,24,23,31,
28.0916,11,14,11,25,
28.0929,11,14,11,25,
28.0942,-10,10,19,17,
28.0955,-4,19,22,15,
28.0968,26,26,19,28,
28.0982,43,34,31,25,
28.0995,43,34,31,25,
28.1008,34,30,24,37,
28.1022,38,27,30,38,
28.1035,37,28,25,34,
28.1048,7,13,23,24,
28.1062,7,13,23,24,
28.1075,11,12,17,32,
28.1088,16,8,21,34,
28.1102,-1,9,20,33,
28.1115,-2,20,16,30,
28.1128,2,25,19,29,
28.1142,34,28,20,32,
28.1155,50,38,25,34,
28.1168,50,38,25,34,
28.1181,58,42,39,37,
28.1194,58,42,39,37,
28.1208,48,40,26,35,
28.1221,26,35,23,30,
28.1234,16,28,26,26,
28.1247,14,17,29,28,
28.1261,-1,16,30,30,
28.1274,-7,18,26,30,
28.1287,8,10,15,31,
28.1301,11,21,15,19,
28.1314,31,22,20,32,
28.1327,31,22,27,26,
28.1341,31,22,27,26,
28.1354,38,37,36,38,
28.1367,33,38,44,35,
28.1381,25,34,42,35,
28.1394,12,26,22,31,
28.1407,5,19,28,22,
28.1421,5,19,28,22,
28.1434,-6,6,11,14,
28.1447,-15,-2,14,14,
28.1461,-3,7,10,17,
28.1474,6,25,10,22,
28.1487,24,31,14,29,
28.1501,41,37,30,34,
28.1514,41,37,30,34,
28.1527,51,36,37,30,
28.1541,45,29,31,34,
28.1554,39,29,22,39,
28.1567,5,18,27,21,
28.1581,0,16,30,21,
28.1594,0,16,30,21,
28.1607,7,19,8,14,
28.1621,7,19,8,14,
28.1634,9,19,15,19,
28.1647,33,17,30,25,
28.1661,40,30,35,29,
28.1674,40,30,35,29,
28.1687,33,31,27,30,
28.17,35,27,40,36,
28.1713,25,38,35,34,
28.1727,30,27,21,31,
28.174,13,14,7,18,
28.1754,13,14,7,18,
28.1767,7,19,15,26,
28.1781,-11,19,11,22,
28.1794,-6,19,14,23,
28.1807,2,13,16,23,
28.1821,24,17,18,37,
28.1834,24,17,18,37,
28.1847,40,17,30,32,
28.186,38,38,30,32,
28.1874,24,42,30,26,
28.1887,34,28,35,30,
28.1901,15,22,34,30,
28.1914,4,19,23,24,
28.1927,4,19,23,24,
28.194,5,15,15,16,
28.1954,-4,4,9,15,
28.1967,8,-1,13,15,
28.198,9,2,19,19,
28.1993,27,14,24,20,
28.2006,44,20,32,28,
28.2019,50,27,40,33,
28.2032,52,38,36,34,
28.2046,34,30,32,32,
28.206,34,30,32,32,
28.2073,16,18,29,23,
28.2087,8,13,21,15,
28.2101,8,13,19,7,
28.2114,2,10,13,13,
28.2127,-9,6,10,12,
28.2141,-9,12,12,24,
28.2154,14,21,15,23,
28.2167,28,34,24,25,
28.218,32,39,23,22,
28.2194,55,33,30,35,
28.2207,54,35,33,41,
28.222,29,36,27,36,
28.2234,16,39,26,37,
28.2247,4,30,33,37,
28.226,-3,20,28,32,
28.2273,10,28,27,22,
28.2287,-4,9,15,21,
28.23,0,14,14,15,
28.2313,19,23,15,21,
28.2327,32,28,17,24,
28.234,32,28,27,30,
28.2354,32,28,27,30,
28.2367,32,35,32,38,
28.2381,36,40,40,37,
28.2394,34,30,34,31,
28.2408,24,26,29,27,
28.2421,17,15,21,25,
28.2434,9,25,16,25,
28.2447,2,8,22,13,
28.2461,-11,-6,24,1,
28.2475,-7,19,15,19,
28.2488,-7,19,15,19,
28.2502,12,23,23,16,
28.2516,39,28,24,22,
28.2529,38,29,32,34,
28.2544,42,40,21,38,
28.2557,30,42,28,40,
28.257,22,27,28,38,
28.2584,9,15,30,24,
28.2597,2,16,35,16,
28.261,-4,21,29,14,
28.2624,-2,8,18,5,
28.2638,-7,9,20,8,
28.2651,-4,21,29,7,
28.2665,4,24,18,9,
28.2678,31,29,37,24,
28.2691,31,29,37,24,
28.2705,29,20,41,29,
28.2718,33,25,39,29,
28.2731,32,24,25,38,
28.2745,32,24,25,38,
28.2758,15,24,31,22,
28.2771,14,29,25,29,
28.2784,14,29,25,29,
28.2797,1,21,18,31,
28.2811,-8,20,25,16,
28.2824,-7,28,24,12,
28.2837,6,18,27,19,
28.285,40,34,29,26,
28.2864,40,34,29,26,
28.2877,47,31,36,35,
28.289,44,43,42,46,
28.2904,41,43,37,42,
28.2917,28,30,32,35,
28.293,14,20,22,24,
28.2944,14,20,22,24,
28.2957,18,23,14,28,
28.297,-3,7,17,13,
28.2984,-3,10,22,21,
28.2997,15,26,23,24,
28.301,41,27,22,29,
28.3023,43,34,24,34,
28.3036,43,34,24,34,
28.305,46,29,34,39,
28.3063,48,30,28,42,
28.3076,31,29,31,37,
28.3089,29,30,36,24,
28.3103,11,19,32,15,
28.3116,6,22,33,17,
28.3129,-2,28,32,27,
28.3142,-15,24,14,24,
28.3156,-1,21,14,16,
28.3169,8,19,21,21,
28.3182,30,30,21,29,
28.3195,30,43,28,36,
28.3208,30,43,28,36,
28.3222,31,41,28,30,
28.3235,35,37,38,29,
28.3248,28,22,42,27,
28.3262,19,17,43,33,
28.3275,19,15,34,33,
28.3288,19,15,34,33,
28.3302,8,10,27,21,
28.3315,-12,0,26,19,
28.3328,0,4,11,19,
28.3342,18,11,14,20,
28.3355,29,26,23,34,
28.3368,28,24,27,32,
28.3382,34,27,33,33,
28.3395,50,38,36,47,
28.3409,36,40,27,37,
28.3422,25,37,29,35,
28.3435,20,20,20,32,
28.3448,3,23,15,26,
28.3462,3,23,15,26,
28.3475,9,15,17,30,
28.3488,2,16,23,35,
28.3502,8,27,36,25,
28.3515,24,32,41,30,
28.3528,48,29,31,37,
28.3541,49,28,26,34,
28.3554,58,45,30,40,
28.3567,60,37,37,51,
28.3581,62,32,36,50,
28.3594,26,30,25,41,
28.3607,26,30,25,41,
28.3621,26,30,25,41,
28.3634,17,24,15,35,
28.3647,6,21,18,25,
28.3661,20,18,18,23,
28.3674,31,23,31,51,
28.3687,44,37,34,52,
28.3701,44,37,34,52,
28.3714,44,36,36,52,
28.3727,74,47,53,52,
28.3741,74,47,53,52,
28.3754,53,31,46,44,
28.3767,41,26,33,55,
28.3781,35,20,32,63,
28.3794,35,20,32,63,
28.3807,7,14,25,64,
28.3821,8,23,33,54,
28.3834,18,20,42,52,
28.3847,57,36,55,65,
28.3861,67,44,57,68,
28.3874,67,44,57,68,
28.3887,71,36,65,84,
28.39,83,47,70,89,
28.3914,90,51,60,82,
28.3927,62,44,46,97,
28.3941,53,32,50,98,
28.3954,51,32,47,85,
28.3967,51,32,47,85,
28.3981,14,37,44,81,
28.3994,29,35,49,93,
28.4007,36,44,46,106,
28.402,61,59,49,113,
28.4033,88,64,58,118,
28.4046,88,64,58,118,
28.406,101,65,79,125,
28.4073,102,62,86,126,
28.4087,102,63,96,123,
28.41,105,66,90,130,
28.4113,87,70,79,125,
28.4127,87,70,79,125,
28.414,86,54,87,130,
28.4153,85,55,86,133,
28.4167,87,57,84,133,
28.418,103,60,82,150,
28.4193,125,82,104,189,
28.4207,125,82,104,189,
28.422,137,92,110,212,
28.4234,179,129,116,262,
28.4247,183,135,125,288,
28.4261,202,141,130,311,
28.4274,249,149,168,416,
28.4287,249,149,168,416,
28.43,275,158,199,489,
28.4314,275,158,199,489,
28.4327,362,205,293,798,
28.4341,466,220,412,1405,
28.4354,710,362,611,1602,
28.4368,608,432,574,1209,
28.4382,492,397,476,897,
28.4396,389,318,371,668,
28.441,267,203,236,420,
28.4424,228,173,189,338,
28.4438,153,123,136,244,
28.4451,153,123,136,244,
28.4465,153,123,136,244,
28.4478,109,101,96,185,
28.4491,90,82,86,163,
28.4505,73,79,82,149,
28.4518,81,65,85,123,
28.4532,90,68,90,120,
28.4545,90,68,90,120,
28.4558,109,76,83,125,
28.4572,107,78,85,128,
28.4585,101,67,81,118,
28.4599,101,67,81,118,
28.4613,80,60,64,105,
28.4626,65,59,60,97,
28.464,58,47,58,85,
28.4653,57,36,52,80,
28.4666,42,35,54,69,
28.4679,34,41,54,53,
28.4693,40,45,49,62,
28.4706,40,45,49,62,
28.472,62,46,51,70,
28.4733,81,41,56,70,
28.4746,86,47,60,75,
28.4759,75,43,57,82,
28.4773,76,45,55,78,
28.4786,56,38,39,74,
28.4799,56,38,39,74,
28.4812,33,41,32,68,
28.4825,13,28,24,41,
28.4839,18,32,29,32,
28.4852,8,19,34,33,
28.4865,16,22,29,42,
28.4878,44,31,29,45,
28.4892,44,31,29,45,
28.4905,63,32,31,49,
28.4918,74,45,30,61,
28.4931,70,52,40,78,
28.4945,54,40,39,65,
28.4958,44,34,39,61,
28.4972,22,22,36,56,
28.4985,11,28,36,51,
28.4999,0,7,32,39,
28.5012,-5,9,25,26,
28.5026,-5,9,25,26,
28.504,20,26,36,35,
28.5053,35,31,41,50,
28.5067,53,28,47,57,
28.508,61,51,44,63,
28.5093,59,54,40,67,
28.5107,55,42,46,76,
28.512,38,40,40,67,
28.5133,21,39,38,56,
28.5147,20,32,33,52,
28.516,17,18,30,43,
28.5172,2,23,33,38,
28.5186,4,22,28,28,
28.5199,17,28,22,33,
28.5213,30,37,21,38,
28.5226,60,51,24,45,
28.5239,68,47,33,52,
28.5253,78,54,52,66,
28.5266,66,50,49,67,
28.528,56,37,40,71,
28.5293,51,34,31,65,
28.5306,51,34,31,65,
28.532,42,26,32,54,
28.5333,22,19,33,25,
28.5346,14,15,31,25,
28.5359,2,24,31,27,
28.5372,13,18,21,27,
28.5386,34,24,21,41,
28.5399,55,29,33,47,
28.5412,52,34,33,55,
28.5426,54,34,49,57,
28.5439,53,25,50,47,
28.5453,53,25,50,47,
28.5466,36,21,44,39,
28.5479,29,22,34,35,
28.5492,32,20,38,28,
28.5506,6,20,31,21,
28.5519,6,22,24,25,
28.5533,11,18,17,29,
28.5546,30,17,26,33,
28.5559,55,27,32,31,
28.5572,66,38,31,33,
28.5585,56,41,38,40,
28.5598,53,37,40,44,
28.5612,39,37,42,52,
28.5625,31,34,42,45,
28.5639,15,33,34,44,
28.5652,19,32,30,47,
28.5665,9,26,35,33,
28.5678,-4,13,10,20,
28.5692,1,17,11,16,
28.5705,17,20,23,20,
28.5719,17,20,23,20,
28.5732,34,29,26,27,
28.5745,48,30,22,43,
28.5758,51,38,34,46,
28.5771,73,42,48,41,
28.5785,56,35,49,37,
28.5799,30,34,43,34,
28.5812,13,23,35,39,
28.5826,12,23,20,35,
28.5839,8,16,15,30,
28.5853,0,19,31,25,
28.5866,0,19,31,25,
28.5879,10,18,29,35,
28.5893,26,19,31,36,
28.5906,48,24,29,39,
28.592,57,35,29,48,
28.5933,68,37,34,53,
28.5946,58,42,34,47,
28.5959,38,37,42,40,
28.5972,33,33,33,33,
28.5985,16,36,32,22,
28.5998,20,39,33,23,
28.6012,12,21,20,23,
28.6025,9,11,24,21,
28.6038,6,19,21,19,
28.6052,5,22,21,19,
28.6065,31,19,24,25,
28.6078,42,26,38,26,
28.6091,50,42,40,31,
28.6105,64,38,41,38,
28.6118,56,34,31,47,
28.613,46,21,21,38,
28.6144,46,21,21,38,
28.6156,21,25,23,24,
28.617,13,31,32,20,
28.6183,16,18,28,24,
28.6196,2,9,24,18,
28.621,-5,18,26,27,
28.6223,-5,18,26,27,
28.6236,15,18,20,23,
28.6249,39,29,40,31,
28.6263,50,31,51,38,
28.6277,58,44,52,39,
28.629,54,43,46,39,
28.6303,37,34,32,46,
28.6316,37,34,32,46,
28.6329,3,16,31,28,
28.6342,7,29,21,31,
28.6355,0,21,10,25,
28.6369,-6,14,8,19,
28.6383,3,4,13,16,
28.6396,27,6,11,19,
28.6409,31,19,16,29,
28.6423,38,39,20,43,
28.6436,51,36,37,46,
28.6451,62,32,39,45,
28.6466,47,41,23,42,
28.6479,47,41,23,42,
28.6493,18,31,16,25,
28.6506,7,19,22,21,
28.652,3,10,18,16,
28.6533,-1,23,12,15,
28.6548,15,25,10,13,
28.6561,15,25,10,13,
28.6574,26,31,27,34,
28.6588,37,32,42,43,
28.6601,49,26,37,34,
28.6615,62,37,39,36,
28.6629,51,48,49,32,
28.6642,42,32,42,34,
28.6655,29,16,33,32,
28.6668,16,17,21,27,
28.6681,10,26,19,28,
28.6694,3,24,8,25,
28.6708,-4,14,22,24,
28.6721,4,15,21,25,
28.6734,18,20,18,21,
28.6747,44,28,23,28,
28.6761,57,31,28,42,
28.6774,60,33,28,50,
28.6787,49,41,28,39,
28.6801,45,41,34,29,
28.6814,40,36,29,35,
28.6827,40,36,29,35,
28.6841,21,28,14,31,
28.6854,20,17,18,30,
28.6867,4,2,8,31,
28.6881,-9,7,10,20,
28.6894,13,8,24,23,
28.6908,32,24,22,31,
28.6921,36,30,32,35,
28.6934,41,24,40,37,
28.6947,49,33,44,50,
28.6961,42,40,29,48,
28.6974,42,40,29,48,
28.6987,25,30,24,39,
28.7001,17,23,16,33,
28.7014,7,25,24,24,
28.7027,0,15,29,22,
28.7041,-4,4,26,21,
28.7054,8,6,14,10,
28.7067,27,18,18,25,
28.7081,27,18,18,25,
28.7094,42,42,34,41,
28.7107,53,35,40,35,
28.712,53,35,40,35,
28.7133,32,45,41,45,
28.7147,33,37,33,43,
28.716,19,26,31,33,
28.7173,19,26,31,33,
28.7187,13,17,23,27,
28.72,0,20,17,17,
28.7214,-11,18,14,15,
28.7227,6,28,29,22,
28.724,29,28,27,24,
28.7254,29,28,27,24,
28.7267,41,40,34,33,
28.7281,37,40,43,33,
28.7294,44,50,43,43,
28.7307,35,38,31,48,
28.7321,30,33,30,34,
28.7334,30,33,30,34,
28.7347,7,11,21,21,
28.7361,13,12,18,15,
28.7374,6,12,25,9,
28.7387,-9,0,22,12,
28.74,-2,2,22,20,
28.7414,20,22,22,28,
28.7427,20,22,22,28,
28.744,47,34,24,28,
28.7454,47,31,34,35,
28.7467,51,39,36,42,
28.748,28,17,40,30,
28.7494,18,21,38,25,
28.7507,18,21,38,25,
28.752,2,31,25,27,
28.7533,4,25,17,24,
28.7546,-7,14,9,15,
28.7559,-18,11,21,11,
28.7573,7,19,29,20,
28.7586,20,24,35,27,
28.7599,20,24,35,27,
28.7612,31,48,38,40,
28.7626,46,50,43,44,
28.7639,39,34,40,50,
28.7652,19,32,34,44,
28.7666,19,32,34,44,
28.7679,14,30,29,29,
28.7692,14,30,29,29,
28.7706,9,9,30,32,
28.7719,-8,6,29,30,
28.7732,3,23,23,27,
28.7746,17,23,23,20,
28.7759,27,27,21,23,
28.7773,27,27,21,23,
28.7786,56,38,34,36,
28.7799,60,34,33,44,
28.7812,60,34,33,44,
28.7826,29,35,27,42,
28.7839,32,28,29,33,
28.7852,23,28,33,37,
28.7866,23,28,33,37,
28.7879,8,22,33,23,
28.7893,-4,17,26,29,
28.7906,3,10,17,26,
28.7919,49,23,30,30,
28.7933,49,23,30,30,
28.7947,58,29,29,41,
28.7961,47,39,25,46,
28.7975,57,50,21,44,
28.7988,46,36,37,30,
28.8002,21,22,36,33,
28.8015,10,15,32,26,
28.8028,10,15,32,26,
28.8041,8,10,26,27,
28.8055,5,9,13,25,
28.8068,1,19,21,23,
28.8082,2,21,28,29,
28.8095,15,23,17,32,
28.8108,39,39,17,38,
28.8122,52,33,18,35,
28.8135,70,32,33,38,
28.8148,64,41,41,36,
28.8162,23,31,44,38,
28.8175,12,32,35,40,
28.8188,12,32,35,40,
28.8202,13,27,26,24,
28.8215,0,18,12,20,
28.8228,0,18,12,20,
28.8242,2,15,19,9,
28.8255,11,27,21,26,
28.8268,23,25,20,23,
28.8282,27,26,24,31,
28.8295,36,31,35,47,
28.8308,45,34,42,44,
28.8321,45,29,46,49,
28.8335,40,34,32,26,
28.8348,25,28,28,21,
28.8362,25,28,28,21,
28.8375,25,28,28,21,
28.8388,5,28,21,29,
28.8402,-5,10,26,22,
28.8415,-4,9,32,16,
28.8428,20,30,21,32,
28.8442,20,30,21,32,
28.8455,48,29,25,35,
28.8468,66,40,37,49,
28.8482,64,39,29,46,
28.8496,52,32,22,34,
28.8509,33,30,25,37,
28.8522,33,30,25,37,
28.8536,12,29,23,33,
28.8549,3,28,22,22,
28.8562,-14,16,15,21,
28.8575,-19,14,14,13,
28.8589,25,22,26,16,
28.8602,41,32,35,26,
28.8615,41,32,35,26,
28.8628,48,34,30,27,
28.8641,57,48,27,39,
28.8655,57,48,27,39,
28.8669,42,48,24,41,
28.8682,28,24,36,33,
28.8695,28,24,36,33,
28.8708,23,23,26,34,
28.8722,4,5,14,18,
28.8735,-10,-3,21,10,
28.8748,2,6,29,12,
28.8762,13,16,12,23,
28.8775,13,16,12,23,
28.8788,38,21,14,26,
28.8801,45,29,21,37,
28.8815,42,36,27,41,
28.8828,41,42,41,37,
28.8841,49,39,45,35,
28.8854,30,26,27,34,
28.8868,30,26,27,34,
28.8881,19,22,23,25,
28.8894,-4,9,18,18,
28.8908,-1,1,22,20,
28.8921,4,9,20,21,
28.8934,4,9,20,21,
28.8947,20,27,18,22,
28.8961,27,31,32,40,
28.8974,44,33,41,45,
28.8987,51,35,42,43,
28.9,49,33,32,46,
28.9014,44,39,24,35,
28.9028,13,34,23,21,
28.9042,13,34,23,21,
28.9057,8,25,18,21,
28.907,-8,25,15,10,
28.9084,0,14,12,5,
28.9097,-3,4,24,2,
28.911,29,20,26,11,
28.9124,26,36,30,25,
28.9137,26,36,30,25,
28.915,47,33,27,41,
28.9164,55,41,25,39,
28.9177,45,38,32,26,
28.9191,27,18,36,25,
28.9204,21,23,35,33,
28.9217,8,23,25,35,
28.9231,0,16,23,34,
28.9245,-7,12,17,23,
28.9258,-9,17,16,25,
28.9271,23,30,29,22,
28.9284,23,31,29,22,
28.9298,38,42,22,22,
28.9311,38,42,22,22,
28.9325,47,35,29,37,
28.9338,47,35,29,37,
28.9351,34,35,23,37,
28.9364,24,23,20,25,
28.9378,14,29,14,23,
28.9391,-1,21,10,26,
28.9404,-13,13,3,22,
28.9418,-4,19,10,25,
28.9431,6,27,13,23,
28.9444,30,26,32,20,
28.9458,35,39,43,35,
28.9471,35,39,43,35,
28.9485,41,40,46,44,
28.9498,44,38,38,50,
28.9512,41,35,26,43,
28.9525,26,26,38,38,
28.9539,16,12,32,23,
28.9552,11,20,33,13,
28.9565,11,20,33,13,
28.9579,-11,13,23,3,
28.9592,-8,11,13,3,
28.9605,2,10,18,11,
28.9618,18,13,15,14,
28.9632,27,19,22,21,
28.9645,27,19,22,21,
28.9658,30,36,32,35,
28.9671,32,35,25,31,
28.9685,32,30,32,28,
28.9698,37,32,34,32,
28.9712,21,33,22,36,
28.9725,4,28,19,27,
28.9738,2,21,26,15,
28.9752,-7,17,20,9,
28.9765,7,12,16,15,
28.9778,7,12,16,15,
28.9792,28,33,19,38,
28.9805,28,33,19,38,
28.9818,30,32,26,39,
28.9832,50,42,33,29,
28.9845,40,36,29,39,
28.9858,30,29,35,42,
28.9872,11,12,24,30,
28.9886,11,12,24,30,
28.9899,11,12,20,31,
28.9912,-1,13,27,33,
28.9925,2,15,16,14,
28.9939,-3,22,22,3,
28.9952,7,27,24,3,
28.9965,29,18,20,4,
28.9979,37,16,24,23,
28.9992,43,19,25,31,
29.0006,51,42,27,28,
29.002,41,31,22,34,
29.0033,22,23,21,27,
29.0047,7,24,17,21,
29.006,3,26,24,19,
29.0074,3,26,24,19,
29.0087,-10,19,25,21,
29.0102,-5,11,20,21,
29.0115,9,7,7,18,
29.0128,28,37,23,38,
29.0142,28,37,23,38,
29.0155,31,34,26,48,
29.0168,67,46,28,38,
29.0182,49,47,26,28,
29.0195,42,40,23,33,
29.0208,29,36,25,26,
29.0222,29,36,25,26,
29.0235,13,20,19,22,
29.0248,0,19,16,33,
29.0262,-10,7,13,16,
29.0275,-1,15,19,21,
29.0288,14,25,24,26,
29.0302,14,25,24,26,
29.0315,35,41,31,33,
29.0328,40,43,28,41,
29.0342,51,47,26,42,
29.0355,47,50,34,33,
29.0369,38,32,29,38,
29.0383,21,24,30,32,
29.0396,21,24,30,32,
29.0409,14,28,27,22,
29.0423,-4,14,30,15,
29.0438,3,11,16,10,
29.0452,4,10,23,8,
29.0466,4,10,23,8,
29.048,14,11,33,17,
29.0493,26,27,28,32,
29.0508,39,32,27,37,
29.0522,54,42,32,48,
29.0535,24,29,32,39,
29.0549,27,35,29,26,
29.0562,17,24,20,16,
29.0575,-2,24,19,15,
29.0589,-2,24,19,15,
29.0602,-3,16,21,20,
29.0616,-14,4,13,9,
29.0629,2,4,18,7,
29.0642,36,19,17,16,
29.0655,60,28,19,32,
29.0668,60,28,19,32,
29.0681,59,35,26,37,
29.0694,40,31,37,41,
29.0708,21,33,28,25,
29.0721,13,31,24,33,
29.0734,13,31,24,33,
29.0747,20,29,29,31,
29.0761,15,19,18,25,
29.0774,-4,4,18,18,
29.0787,-1,9,28,23,
29.0801,12,19,28,27,
29.0814,29,29,39,30,
29.0827,43,23,42,27,
29.0841,45,33,27,33,
29.0854,46,48,32,48,
29.0867,46,48,32,48,
29.0881,49,42,37,36,
29.0894,29,29,29,30,
29.0907,19,22,16,26,
29.092,18,18,14,29,
29.0934,0,0,21,21,
29.0947,-12,0,14,18,
29.096,3,11,19,18,
29.0974,8,31,29,24,
29.0987,41,38,29,33,
29.1,45,41,29,40,
29.1014,45,41,29,40,
29.1027,46,38,25,42,
29.1041,36,43,33,45,
29.1054,21,28,24,33,
29.1067,7,21,27,22,
29.1081,17,27,29,19,
29.1094,13,15,15,11,
29.1107,-6,10,5,12,
29.112,-8,16,9,14,
29.1134,3,18,17,13,
29.1147,32,26,42,38,
29.1161,32,26,42,38,
29.1174,32,26,42,38,
29.1187,53,34,38,38,
29.1201,58,44,26,47,
29.1215,53,34,29,37,
29.1228,23,18,22,22,
29.1241,19,22,27,22,
29.1254,19,22,27,22,
29.1268,-3,14,13,20,
29.1281,-3,16,11,13,
29.1294,-8,14,9,9,
29.1308,8,24,23,19,
29.1321,39,26,37,33,
29.1334,51,27,37,29,
29.1348,41,36,40,28,
29.1362,44,42,49,29,
29.1375,37,34,52,32,
29.1388,15,32,33,38,
29.1402,7,25,29,25,
29.1415,7,25,29,25,
29.1428,-4,3,22,21,
29.1442,-10,7,16,14,
29.1455,-10,7,16,14,
29.1468,-9,17,16,10,
29.1482,20,11,24,16,
29.1495,26,17,36,21,
29.1508,26,17,36,21,
29.1522,50,35,46,40,
29.1535,47,35,44,42,
29.1548,36,33,39,30,
29.1562,18,25,36,24,
29.1575,8,14,30,27,
29.1588,8,14,30,27,
29.1602,8,14,30,27,
29.1615,-16,9,7,16,
29.1629,-11,2,7,12,
29.1642,6,13,8,18,
29.1655,20,15,20,25,
29.1669,24,34,24,24,
29.1683,26,40,28,28,
29.1696,26,40,28,28,
29.171,44,48,33,33,
29.1723,24,35,35,33,
29.1737,17,18,37,35,
29.175,10,18,30,21,
29.1763,2,23,28,21,
29.1777,0,24,24,28,
29.179,-8,9,12,19,
29.1804,3,8,7,9,
29.1817,24,13,33,20,
29.1831,41,33,41,25,
29.1844,41,33,41,25,
29.1858,37,41,26,26,
29.1871,37,41,26,26,
29.1885,28,34,33,34,
29.1898,14,34,42,33,
29.1912,10,27,27,33,
29.1925,11,17,14,27,
29.1938,10,24,17,28,
29.1952,-2,14,12,26,
29.1965,-7,11,9,23,
29.1978,6,3,18,15,
29.1992,14,19,22,10,
29.2005,25,35,30,16,
29.2018,29,44,35,24,
29.2031,44,41,38,35,
29.2044,61,44,39,41,
29.2058,56,43,38,43,
29.2071,24,40,28,31,
29.2084,2,21,25,22,
29.2098,0,22,17,12,
29.2111,0,22,17,12,
29.2124,-5,16,10,11,
29.2138,0,5,17,8,
29.2151,-4,3,19,22,
29.2164,8,19,36,23,
29.2177,28,26,47,31,
29.2191,31,36,40,27,
29.2206,31,38,35,32,
29.222,37,39,36,41,
29.2233,43,20,36,44,
29.2246,34,17,32,35,
29.226,34,17,32,35,
29.2273,4,7,29,26,
29.2286,4,7,29,26,
29.2299,-14,0,18,15,
29.2313,-6,14,7,14,
29.2326,16,12,28,19,
29.2339,30,23,27,22,
29.2352,30,32,20,24,
29.2366,30,37,35,25,
29.2379,34,31,36,31,
29.2392,35,33,31,32,
29.2406,35,33,31,32,
29.2419,32,17,27,22,
29.2433,12,5,16,25,
29.2447,-8,25,12,20,
29.2461,-9,9,1,22,
29.2474,-9,9,1,22,
29.2487,-4,2,10,13,
29.25,28,20,29,27,
29.2514,28,20,29,27,
29.2527,35,23,39,36,
29.2543,41,36,34,40,
29.2557,41,36,34,40,
29.257,28,30,41,41,
29.2583,19,26,45,31,
29.2597,7,22,30,27,
29.2611,6,18,21,20,
29.2624,-3,6,4,13,
29.2637,-8,-4,4,6,
29.265,-8,-4,4,6,
29.2664,-7,-5,15,17,
29.2678,11,14,27,19,
29.2691,42,31,33,34,
29.2704,58,37,44,35,
29.2717,53,36,40,38,
29.2731,53,36,40,38,
29.2744,39,33,35,34,
29.2757,30,26,23,31,
29.277,22,12,28,21,
29.2784,2,7,20,26,
29.2797,-7,-1,18,17,
29.281,-7,-1,18,17,
29.2824,-6,-1,14,18,
29.2837,-3,4,22,29,
29.285,10,26,32,27,
29.2864,49,50,37,30,
29.2878,46,36,43,32,
29.2891,48,34,33,36,
29.2904,42,23,29,43,
29.2918,24,27,29,36,
29.2931,24,27,29,36,
29.2944,10,22,31,29,
29.2957,-9,18,19,6,
29.297,-20,5,11,6,
29.2984,-2,14,19,7,
29.2997,4,16,18,13,
29.3011,23,23,21,22,
29.3024,28,27,25,37,
29.3038,40,46,33,39,
29.3051,32,35,34,40,
29.3064,32,35,34,40,
29.3078,41,25,33,29,
29.3091,25,25,39,29,
29.3104,19,14,31,23,
29.3117,14,9,25,25,
29.313,-13,24,29,5,
29.3144,-13,24,29,5,
29.3157,-3,21,27,2,
29.317,-3,20,15,14,
29.3183,33,25,27,25,
29.3196,38,25,28,40,
29.3209,33,24,29,40,
29.3223,53,26,39,36,
29.3236,53,26,39,36,
29.3249,45,30,38,29,
29.3262,28,21,24,37,
29.3275,19,20,29,30,
29.3288,7,28,30,18,
29.3302,-1,13,27,16,
29.3316,-9,-6,18,20,
29.3329,-13,3,10,27,
29.3342,24,24,19,28,
29.3356,38,27,33,35,
29.3369,38,27,33,35,
29.3382,44,39,40,42,
29.3395,47,36,30,47,
29.3408,53,40,26,41,
29.3421,45,34,24,28,
29.3435,16,19,34,38,
29.3448,-2,11,33,27,
29.3461,4,8,25,26,
29.3474,-1,-4,16,26,
29.3487,-10,-4,12,24,
29.35,-7,3,16,21,
29.3514,11,4,23,17,
29.3527,34,18,32,26,
29.3541,41,30,32,35,
29.3554,35,46,35,31,
29.3567,50,47,36,26,
29.358,38,40,27,21,
29.3593,27,36,35,33,
29.3606,21,22,31,31,
29.362,10,13,15,32,
29.3633,10,13,15,32,
29.3646,-8,11,16,23,
29.366,-4,11,15,9,
29.3673,-4,11,15,9,
29.3686,7,20,11,16,
29.3699,27,26,18,29,
29.3713,37,33,29,35,
29.3726,37,33,29,35,
29.3739,38,47,39,31,
29.3753,38,47,35,33,
29.3766,19,40,31,32,
29.378,2,12,21,15,
29.3793,-2,0,20,12,
29.3807,-2,0,20,12,
29.382,-17,-1,14,2,
29.3834,-10,9,20,9,
29.3847,-11,18,17,14,
29.3861,-1,20,11,19,
29.3874,33,35,39,25,
29.3887,33,35,39,25,
29.3901,47,47,37,35,
29.3914,37,31,42,36,
29.3927,38,37,38,38,
29.3941,26,23,37,29,
29.3954,16,19,36,17,
29.3967,19,10,20,19,
29.3981,19,10,20,19,
29.3994,-8,21,21,14,
29.4007,-4,18,13,21,
29.402,10,17,13,18,
29.4033,41,22,21,20,
29.4047,41,22,21,20,
29.406,37,30,24,22,
29.4073,51,33,27,29,
29.4087,29,24,30,35,
29.41,29,24,30,35,
29.4114,24,27,19,27,
29.4127,17,8,20,27,
29.414,17,8,20,27,
29.4154,4,12,13,22,
29.4167,2,-1,20,24,
29.4181,4,9,22,23,
29.4194,8,24,24,19,
29.4207,39,36,32,32,
29.4221,39,36,32,32,
29.4234,39,36,32,32,
29.4247,39,40,32,34,
29.4261,34,36,27,36,
29.4275,16,27,27,31,
29.4287,12,15,25,23,
29.4301,12,17,29,26,
29.4314,12,16,25,25,
29.4327,8,11,25,21,
29.434,6,22,6,28,
29.4353,4,23,8,26,
29.4367,18,33,24,28,
29.4381,39,40,25,35,
29.4395,39,40,25,35,
29.4408,39,39,35,26,
29.4421,42,29,33,38,
29.4435,34,22,39,41,
29.4448,16,20,41,25,
29.4461,15,19,18,22,
29.4475,15,19,18,22,
29.4488,-2,18,20,22,
29.4502,-7,3,6,13,
29.4515,-7,3,6,13,
29.4529,7,2,9,9,
29.4544,32,20,29,32,
29.4557,41,22,38,28,
29.4572,41,22,38,28,
29.4585,62,27,31,41,
29.4599,56,28,33,35,
29.4613,33,28,28,31,
29.4626,7,9,13,21,
29.464,-1,6,22,15,
29.4653,-1,6,22,15,
29.4667,-8,3,11,7,
29.468,-6,-1,15,3,
29.4693,-5,11,17,7,
29.4707,31,27,13,29,
29.472,37,22,23,32,
29.4734,37,22,23,32,
29.4747,55,42,37,44,
29.476,48,32,24,40,
29.4773,28,29,20,39,
29.4787,21,27,15,36,
29.48,17,13,15,24,
29.4814,0,10,13,16,
29.4827,3,14,15,16,
29.4841,1,5,15,19,
29.4854,-8,8,10,28,
29.4867,-6,6,23,30,
29.488,35,21,34,25,
29.4894,45,39,28,21,
29.4907,46,40,37,34,
29.492,46,40,37,34,
29.4934,32,31,39,41,
29.4948,31,35,41,45,
29.4961,23,21,27,23,
29.4974,16,15,21,17,
29.4988,17,13,14,27,
29.5001,1,20,7,14,
29.5014,-1,15,3,9,
29.5027,9,12,9,13,
29.5041,25,20,21,19,
29.5054,39,17,32,20,
29.5067,52,30,36,23,
29.5081,49,43,36,28,
29.5094,40,41,43,30,
29.5107,45,29,36,35,
29.5122,29,29,39,30,
29.5135,3,17,17,33,
29.5149,12,19,20,24,
29.5162,4,11,21,12,
29.5175,-6,19,11,12,
29.5188,-2,11,11,9,
29.5202,-2,11,11,9,
29.5215,25,14,17,22,
29.5228,40,33,23,26,
29.5241,48,36,27,26,
29.5255,48,36,27,26,
29.5268,40,40,42,38,
29.5281,33,43,42,27,
29.5294,19,35,43,21,
29.5308,4,21,12,22,
29.5321,12,12,20,19,
29.5334,12,12,20,19,
29.5348,1,3,19,24,
29.5361,7,10,19,23,
29.5374,11,18,25,21,
29.5387,3,25,26,24,
29.5401,30,29,31,28,
29.5414,30,29,31,28,
29.5428,39,33,38,29,
29.5441,24,43,41,25,
29.5454,18,40,38,27,
29.5467,25,34,30,29,
29.548,9,25,16,21,
29.5494,9,25,16,21,
29.5507,9,25,16,21,
29.552,-9,14,13,13,
29.5533,-5,11,16,15,
29.5547,1,11,26,25,
29.556,12,29,29,18,
29.5573,36,31,32,16,
29.5587,36,33,38,22,
29.56,47,38,40,41,
29.5613,34,39,24,36,
29.5626,22,38,28,30,
29.564,15,28,31,33,
29.5653,15,28,24,19,
29.5666,21,23,24,19,
29.568,5,9,26,12,
29.5693,-6,5,17,9,
29.5706,-14,14,23,7,
29.5719,2,19,31,9,
29.5732,32,28,37,23,
29.5746,39,37,42,21,
29.5759,40,48,36,28,
29.5773,51,52,29,26,
29.5786,26,31,24,35,
29.58,15,21,22,30,
29.5813,15,21,22,30,
29.5826,2,17,19,17,
29.584,11,16,19,12,
29.5853,-5,13,11,-1,
29.5866,-8,1,17,13,
29.588,12,15,17,18,
29.5893,22,23,34,24,
29.5906,22,23,34,24,
29.592,34,37,29,26,
29.5933,43,51,32,21,
29.5946,45,37,33,29,
29.596,39,31,26,36,
29.5973,34,35,32,35,
29.5986,10,23,25,29,
29.6,4,9,26,17,
29.6013,3,10,24,18,
29.6026,-17,8,16,13,
29.6039,0,13,23,15,
29.6053,10,13,24,13,
29.6066,10,13,24,13,
29.608,37,19,25,22,
29.6093,32,32,23,21,
29.6106,30,41,27,29,
29.612,43,44,27,34,
29.6133,16,28,34,22,
29.6146,20,19,28,23,
29.6159,20,19,28,23,
29.6172,0,29,20,6,
29.6186,-13,17,22,-5,
29.6199,-11,-1,25,-8,
29.6212,10,15,27,14,
29.6225,10,15,27,14,
29.6238,25,16,32,22,
29.6251,25,16,32,22,
29.6265,29,35,36,29,
29.6278,49,41,47,33,
29.6291,52,47,52,20,
29.6305,27,32,35,29,
29.6318,27,32,35,29,
29.6331,15,34,30,26,
29.6345,-7,13,10,21,
29.6358,-13,18,4,13,
29.6371,-6,13,8,0,
29.6385,-6,13,8,0,
29.6399,2,29,14,1,
29.6412,35,35,25,10,
29.6426,32,41,26,10,
29.644,36,54,24,20,
29.6453,45,40,32,25,
29.6467,29,43,27,19,
29.6481,8,29,29,7,
29.6494,8,29,29,7,
29.6508,9,24,28,0,
29.6522,5,21,27,1,
29.6535,-17,23,17,4,
29.6552,-9,18,28,-11,
29.6565,7,24,22,2,
29.6579,34,34,29,10,
29.6592,46,46,39,16,
29.6605,50,49,37,28,
29.6619,58,55,35,37,
29.6632,47,45,33,27,
29.6645,25,37,35,16,
29.6659,27,38,28,16,
29.6672,3,32,14,-4,
29.6685,3,32,14,-4,
29.6699,-11,27,16,-5,
29.6712,-1,22,18,-4,
29.6726,12,29,11,1,
29.6739,22,34,8,1,
29.6752,43,39,17,3,
29.6766,43,39,17,3,
29.6779,43,39,17,3,
29.6792,46,49,26,12,
29.6806,51,36,24,19,
29.6819,32,45,30,11,
29.6832,30,39,26,5,
29.6846,18,19,24,-5,
29.6859,17,28,21,-15,
29.6872,-4,24,18,-16,
29.6885,-1,26,8,-5,
29.6899,12,26,7,1,
29.6912,30,31,16,7,
29.6926,30,31,16,7,
29.6939,36,40,21,5,
29.6953,44,39,30,6,
29.6966,36,40,23,3,
29.6979,46,42,31,14,
29.6993,41,37,31,13,
29.7006,27,37,16,4,
29.702,13,34,13,-4,
29.7034,3,19,6,-12,
29.7047,4,12,7,-9,
29.706,4,12,7,-9,
29.7074,18,17,1,-15,
29.7087,48,42,18,-1,
29.7101,48,42,18,-1,
29.7114,47,52,30,4,
29.7127,50,47,33,2,
29.7141,30,40,30,2,
29.7154,30,39,27,-1,
29.7167,32,37,17,2,
29.7181,19,29,17,-8,
29.7194,7,19,20,-7,
29.7207,7,19,20,-7,
29.7221,-9,26,8,-12,
29.7234,-11,21,21,-12,
29.7247,17,35,18,-16,
29.7261,44,51,17,-8,
29.7274,38,56,24,-8,
29.7288,45,56,30,-12,
29.7301,57,45,34,-5,
29.7315,49,36,22,-1,
29.7328,29,35,23,0,
29.7341,29,35,23,0,
29.7355,4,27,5,-22,
29.7368,4,27,5,-22,
29.7382,-5,13,3,-18,
29.7395,7,35,-3,-14,
29.7409,9,24,12,-13,
29.7423,21,40,22,-14,
29.7436,47,51,27,-7,
29.7449,60,51,29,-6,
29.7462,61,52,36,-10,
29.7476,54,50,14,-10,
29.7489,40,39,12,-5,
29.7503,40,39,12,-5,
29.7516,24,31,9,-8,
29.7529,11,28,5,-8,
29.7543,9,27,12,-13,
29.7556,9,25,12,-13,
29.7569,15,25,16,-18,
29.7582,27,36,20,-20,
29.7596,27,36,20,-20,
29.7609,47,50,24,-4,
29.7622,47,57,19,-6,
29.7635,52,59,31,-5,
29.7648,53,59,38,1,
29.7662,51,45,40,5,
29.7675,51,45,40,5,
29.7688,21,35,23,-11,
29.7702,3,29,13,-16,
29.7715,-10,19,7,-9,
29.7728,7,23,10,-7,
29.7741,18,20,21,-13,
29.7755,18,20,21,-13,
29.7768,38,30,19,-5,
29.7781,38,51,25,1,
29.7794,38,51,25,1,
29.7807,47,56,37,9,
29.7821,32,54,39,9,
29.7834,32,54,39,9,
29.7847,24,43,30,8,
29.786,24,38,14,4,
29.7874,14,36,13,-7,
29.7887,-4,29,10,-7,
29.7901,-4,24,20,-9,
29.7915,7,25,25,-7,
29.7928,4,27,29,1,
29.7941,22,29,27,6,
29.7954,34,43,27,12,
29.7967,46,42,33,14,
29.798,45,40,39,22,
29.7993,49,37,36,16,
29.8007,34,39,26,5,
29.802,24,38,30,3,
29.8033,8,24,18,-4,
29.8047,-22,12,19,-2,
29.806,-17,16,15,-8,
29.8073,-17,16,15,-8,
29.8086,5,15,9,-9,
29.81,5,15,9,-9,
29.8113,26,23,12,8,
29.8126,34,46,24,23,
29.8139,47,58,27,22,
29.8152,43,59,30,14,
29.8166,38,44,24,0,
29.8179,34,39,21,9,
29.8192,4,24,20,15,
29.8206,4,24,20,7,
29.8219,7,25,18,3,
29.8233,-12,9,14,-1,
29.8246,-9,14,16,-2,
29.8259,-6,28,20,-5,
29.8272,18,44,30,-6,
29.8286,36,56,33,-4,
29.8299,45,45,46,16,
29.8314,42,42,45,16,
29.8327,37,34,39,17,
29.834,31,24,24,10,
29.8354,13,20,23,7,
29.8367,13,20,23,7,
29.838,-5,26,19,13,
29.8394,-28,27,21,6,
29.8407,-33,24,20,1,
29.842,-16,21,28,-3,
29.8434,12,20,25,-4,
29.8448,22,26,27,-2,
29.8462,45,37,44,21,
29.8476,61,55,42,30,
29.8489,48,58,35,33,
29.8503,27,54,37,23,
29.8516,27,54,37,23,
29.8531,24,46,25,16,
29.8545,-6,38,27,9,
29.8559,-8,22,15,5,
29.8573,-22,26,10,11,
29.8586,-10,45,25,4,
29.86,-10,45,25,4,
29.8613,17,45,30,7,
29.8627,33,52,36,13,
29.864,41,57,35,15,
29.8654,41,51,44,23,
29.8667,25,50,51,26,
29.868,16,49,49,28,
29.8693,16,49,49,28,
29.8707,1,44,43,19,
29.872,-11,34,39,20,
29.8733,-27,24,23,16,
29.8747,-16,20,27,-3,
29.8761,-15,30,21,-1,
29.8774,-6,47,29,14,
29.8787,17,48,35,13,
29.8801,14,48,34,6,
29.8814,25,56,38,13,
29.8827,40,62,39,18,
29.884,14,53,49,20,
29.8854,8,40,44,15,
29.8867,-8,48,40,14,
29.8881,-8,48,40,14,
29.8894,-19,51,42,17,
29.8908,-25,39,38,10,
29.8921,-20,41,30,-4,
29.8934,-11,40,32,3,
29.8947,-6,47,29,6,
29.8961,14,49,45,15,
29.8974,28,45,58,23,
29.8987,27,44,63,24,
29.9001,26,58,61,25,
29.9014,16,48,57,19,
29.9027,16,48,57,19,
29.904,-9,43,48,17,
29.9054,-13,42,45,9,
29.9067,-8,32,40,1,
29.908,-19,28,21,-12,
29.9094,-9,23,31,6,
29.9107,-13,46,33,10,
29.912,-13,46,33,10,
29.9133,13,51,40,19,
29.9146,21,54,50,22,
29.916,26,58,56,22,
29.9173,13,55,55,13,
29.9186,5,53,53,9,
29.9199,5,53,53,9,
29.9212,1,44,49,9,
29.9225,-19,46,38,24,
29.9239,-23,36,35,16,
29.9252,-27,34,23,3,
29.9266,-33,30,32,-3,
29.9279,-22,25,42,-5,
29.9292,-1,36,42,-5,
29.9306,18,45,50,10,
29.9319,22,54,54,26,
29.9332,21,62,52,23,
29.9346,26,56,49,20,
29.9359,26,56,49,20,
29.9372,15,44,43,26,
29.9386,3,43,41,26,
29.9399,-32,42,45,3,
29.9412,-36,36,36,2,
29.9426,-26,21,30,5,
29.9439,-15,27,35,-3,
29.9452,-2,32,42,3,
29.9466,20,40,44,13,
29.9479,28,46,42,24,
29.9493,22,54,46,20,
29.9506,33,52,60,28,
29.9519,22,46,67,28,
29.9533,13,44,54,25,
29.9546,9,48,52,23,
29.956,-11,41,45,15,
29.9573,-21,20,41,-1,
29.9586,-27,13,29,6,
29.9599,-33,24,29,13,
29.9613,-30,26,25,17,
29.9626,-30,26,25,17,
29.9639,-12,41,27,21,
29.9652,9,56,47,21,
29.9665,21,58,59,33,
29.9679,-1,45,56,24,
29.9692,3,38,54,20,
29.9706,-22,44,51,10,
29.9719,-22,44,51,10,
29.9732,-27,41,42,4,
29.9746,-26,42,29,5,
29.9759,-38,30,24,6,
29.9773,-32,22,22,2,
29.9786,2,35,39,9,
29.98,2,35,39,9,
29.9813,17,43,51,21,
29.9826,38,43,53,23,
29.9839,21,40,57,18,
29.9852,17,36,54,14,
29.9865,3,38,55,21,
29.9878,-5,40,47,25,
29.9891,-5,40,47,25,
29.9905,-18,39,45,23,
29.9918,-15,28,36,22,
29.9932,-25,23,27,27,
29.9945,-19,13,29,18,
29.9959,-11,17,28,18,
29.9972,3,38,29,28,
29.9986,19,44,36,21,
29.9999,41,56,56,32,
30.0012,37,52,56,33,
30.0026,18,44,45,38,
30.0039,9,35,33,35,
30.0052,9,35,33,35,
30.0065,2,34,35,24,
30.0079,0,41,36,19,
30.0092,-25,19,28,13,
30.0105,-29,16,28,16,
30.0119,-20,20,33,12,
30.0132,-7,29,40,17,
30.0145,16,48,42,24,
30.0158,26,49,51,34,
30.0172,17,48,64,39,
30.0185,17,48,64,39,
30.0199,18,46,59,31,
30.0212,4,38,53,31,
30.0225,-9,27,48,33,
30.0238,-23,32,38,21,
30.0251,-18,28,32,12,
30.0265,-31,29,46,9,
30.0278,-18,26,40,13,
30.0291,-10,29,43,11,
30.0305,6,30,45,20,
30.0318,6,30,45,20,
30.0331,7,31,48,25,
30.0344,28,54,58,27,
30.0358,29,40,51,29,
30.0371,9,37,53,33,
30.0385,-2,27,43,16,
30.04,-21,24,43,15,
30.0413,-24,16,51,20,
30.0427,-36,4,46,11,
30.0441,-36,20,37,-4,
30.0455,-36,20,37,-4,
30.0469,-32,20,37,7,
30.0482,-5,27,38,22,
30.0495,24,41,32,18,
30.0509,16,41,44,29,
30.0523,15,43,53,26,
30.0537,26,50,58,30,
30.055,19,37,48,33,
30.0565,-13,31,51,28,
30.0578,-13,31,51,28,
30.0592,-17,24,32,14,
30.0606,-21,10,17,6,
30.0619,-24,12,21,3,
30.0632,-19,24,30,5,
30.0646,8,38,40,7,
30.0659,8,38,40,7,
30.0673,24,32,44,26,
30.0686,35,35,37,31,
30.0699,35,35,37,31,
30.0712,11,35,42,21,
30.0725,-2,30,37,19,
30.0738,-17,23,34,19,
30.0752,-21,25,28,15,
30.0765,-20,25,23,7,
30.0779,-31,17,19,-1,
30.0792,-21,15,30,6,
30.0805,9,27,42,4,
30.0818,25,38,43,12,
30.0831,25,38,43,12,
30.0845,35,39,39,29,
30.0858,38,45,49,31,
30.0871,24,45,46,31,
30.0885,21,24,40,26,
30.0898,-1,28,33,20,
30.0911,-14,35,24,12,
30.0925,-12,18,23,8,
30.0938,-20,8,22,1,
30.0951,-18,10,31,6,
30.0965,-8,21,15,13,
30.0978,-8,21,15,13,
30.0992,13,37,29,7,
30.1005,13,37,29,7,
30.1018,21,43,34,12,
30.1032,33,46,49,23,
30.1046,24,52,57,25,
30.106,-2,24,47,14,
30.1073,-12,13,44,5,
30.1086,-12,13,44,5,
30.11,-34,15,34,9,
30.1113,-34,15,34,9,
30.1126,-38,6,21,-2,
30.1139,-2,21,31,-2,
30.1153,14,36,36,7,
30.1167,22,42,41,17,
30.118,23,36,46,23,
30.1194,37,40,53,28,
30.1207,18,45,52,21,
30.122,14,35,35,30,
30.1234,-6,16,31,24,
30.1247,-5,21,37,17,
30.1261,-5,21,37,17,
30.1274,-5,17,30,13,
30.1287,-18,9,21,5,
30.1301,-15,15,32,4,
30.1314,6,29,34,7,
30.1327,6,29,34,7,
30.134,27,41,39,15,
30.1354,29,45,46,24,
30.1367,29,47,43,27,
30.1381,22,44,43,26,
30.1394,23,51,42,20,
30.1408,3,31,37,22,
30.1421,-16,21,22,13,
30.1434,-11,19,32,4,
30.1448,-21,10,31,-2,
30.1461,-16,9,29,2,
30.1474,-1,16,20,-5,
30.1487,27,27,34,5,
30.1501,23,37,37,13,
30.1514,23,37,37,13,
30.1528,43,50,52,17,
30.1541,43,50,52,17,
30.1555,26,39,47,21,
30.1568,16,31,42,23,
30.1582,-4,23,30,22,
30.1595,-4,23,30,22,
30.1608,-20,26,28,1,
30.1621,-18,13,29,3,
30.1635,-18,7,24,6,
30.1648,8,21,35,7,
30.1661,26,43,38,20,
30.1674,26,43,38,20,
30.1687,35,48,33,29,
30.1701,36,53,38,33,
30.1714,28,47,42,25,
30.1728,17,39,41,20,
30.1741,20,32,36,21,
30.1755,20,32,36,21,
30.1768,-1,24,33,13,
30.1781,-19,16,22,20,
30.1794,-23,5,13,14,
30.1808,-10,5,9,16,
30.1821,29,26,34,16,
30.1835,29,26,34,16,
30.1848,29,26,34,16,
30.1861,24,46,35,29,
30.1875,47,45,48,29,
30.1888,50,44,48,23,
30.1902,14,20,27,22,
30.1915,-2,19,22,22,
30.1928,-7,17,19,21,
30.1942,-7,17,19,21,
30.1956,-8,-1,31,15,
30.1969,-11,-12,29,5,
30.1982,-17,-3,22,2,
30.1996,13,30,40,11,
30.2009,20,43,51,26,
30.2023,19,43,47,32,
30.2037,45,45,42,25,
30.205,47,41,39,28,
30.2063,37,39,39,38,
30.2077,22,37,32,41,
30.209,5,24,35,29,
30.2103,0,18,39,30,
30.2117,0,25,31,23,
30.213,-10,10,24,12,
30.2143,-9,3,23,5,
30.2157,-4,12,26,13,
30.217,25,21,29,26,
30.2183,39,23,32,20,
30.2197,49,27,38,27,
30.221,49,27,38,27,
30.2223,57,39,41,37,
30.2236,40,42,35,30,
30.2249,17,24,44,37,
30.2263,-5,18,45,26,
30.2276,-5,15,33,15,
30.2289,-17,18,30,19,
30.2303,-18,13,25,25,
30.2316,-11,16,18,12,
30.2329,16,9,35,10,
30.2343,36,23,44,15,
30.2356,36,23,44,15,
30.237,40,36,47,21,
30.2384,40,36,47,21,
30.2398,38,29,38,28,
30.2411,20,16,32,27,
30.2425,7,23,22,30,
30.2438,-1,17,18,34,
30.2451,-8,11,26,30,
30.2464,-25,4,22,24,
30.2481,-17,4,17,14,
30.2494,-9,15,17,15,
30.2508,13,16,20,15,
30.2521,27,16,28,18,
30.2535,31,28,28,24,
30.2548,31,28,28,24,
30.2562,36,29,41,26,
30.2575,36,20,46,34,
30.2588,28,10,39,29,
30.2601,7,15,36,25,
30.2615,-1,12,21,8,
30.2628,-1,12,21,8,
30.2641,-1,12,21,8,
30.2654,-2,3,16,12,
30.2668,2,4,26,18,
30.2681,23,16,22,31,
30.2695,37,20,24,26,
30.2708,45,26,45,26,
30.2721,45,26,45,26,
30.2735,35,33,48,29,
30.2748,23,21,35,31,
30.2761,23,21,35,31,
30.2775,9,18,25,32,
30.2788,-4,2,22,12,
30.2801,-6,-3,23,5,
30.2814,-6,-3,23,5,
30.2828,-15,10,23,-2,
30.2841,0,13,27,8,
30.2854,29,17,30,22,
30.2868,34,32,32,23,
30.2882,37,35,34,23,
30.2895,32,29,46,28,
30.2908,22,29,49,27,
30.2922,29,19,39,23,
30.2935,16,22,35,21,
30.2948,6,17,28,30,
30.2962,-2,10,20,22,
30.2975,-12,7,17,17,
30.2988,-9,5,13,14,
30.3002,-2,6,12,26,
30.3015,12,27,20,25,
30.3028,28,34,35,21,
30.3041,38,27,39,25,
30.3054,38,27,39,25,
30.3067,54,31,35,30,
30.3081,48,34,33,36,
30.3094,19,37,32,35,
30.3108,11,27,35,31,
30.3121,11,11,29,17,
30.3134,-1,16,17,12,
30.3147,-14,-4,13,7,
30.3161,-4,-13,11,10,
30.3174,8,19,23,12,
30.3187,25,30,35,12,
30.3201,25,30,35,12,
30.3214,30,44,59,21,
30.3227,30,44,59,21,
30.324,41,43,61,36,
30.3253,36,29,50,38,
30.3267,24,13,43,28,
30.328,4,-3,41,31,
30.3293,1,-8,41,22,
30.3307,-20,-3,29,14,
30.332,-22,4,19,11,
30.3333,-10,1,21,11,
30.3347,5,7,30,21,
30.336,19,17,35,21,
30.3373,37,25,43,22,
30.3386,31,20,38,37,
30.34,44,38,38,40,
30.3413,45,44,44,32,
30.3426,25,38,35,32,
30.3439,4,9,28,19,
30.3453,1,6,26,24,
30.3466,4,7,27,20,
30.3479,4,7,27,20,
30.3493,-7,8,16,15,
30.3506,-10,3,23,10,
30.3519,-2,8,27,7,
30.3532,32,13,35,22,
30.3546,41,17,43,35,
30.3559,41,17,43,35,
30.3573,59,33,39,34,
30.3586,50,39,39,34,
30.36,27,27,43,30,
30.3613,8,15,43,31,
30.3626,-11,2,37,25,
30.3639,-9,-8,39,24,
30.3653,-24,-4,35,17,
30.3666,-26,0,23,6,
30.368,-11,7,22,0,
30.3693,22,18,24,9,
30.3706,40,27,33,17,
30.3719,45,23,43,28,
30.3732,45,23,43,28,
30.3746,29,31,47,27,
30.3759,16,29,46,24,
30.3772,16,29,46,24,
30.3785,7,14,44,22,
30.3798,11,7,40,18,
30.3812,11,7,40,18,
30.3825,-23,-2,28,15,
30.3838,-10,1,23,19,
30.3851,1,11,31,24,
30.3864,23,11,34,23,
30.3878,41,24,34,24,
30.3891,41,24,34,24,
30.3904,47,23,35,25,
30.3917,34,20,39,26,
30.393,30,29,41,35,
30.3943,30,21,43,34,
30.3957,9,19,39,23,
30.397,-5,2,39,24,
30.3983,-5,2,39,24,
30.3997,-13,-8,37,22,
30.401,-10,2,33,31,
30.4024,-3,8,27,32,
30.4037,24,10,36,39,
30.405,39,8,38,42,
30.4063,39,8,38,42,
30.4077,47,15,52,36,
30.409,46,38,51,32,
30.4102,23,31,40,29,
30.4116,17,16,43,22,
30.4129,11,11,35,25,
30.4142,6,5,39,30,
30.4156,-11,-7,39,29,
30.4169,-19,-6,29,16,
30.4183,-11,-8,22,14,
30.4196,-5,-2,32,22,
30.4209,8,10,44,28,
30.4222,25,17,60,24,
30.4236,25,17,60,24,
30.4249,40,22,69,28,
30.4262,34,22,67,40,
30.4275,29,22,56,41,
30.4288,4,5,52,34,
30.4302,-13,-9,46,27,
30.4315,-1,-9,33,26,
30.4328,-9,-18,19,14,
30.4341,-3,-8,21,16,
30.4354,-7,3,21,12,
30.4368,14,21,30,12,
30.4381,41,34,45,16,
30.4394,41,34,45,16,
30.4407,36,44,62,29,
30.4421,45,34,56,38,
30.4434,41,25,47,46,
30.4448,7,13,52,33,
30.4463,7,13,52,33,
30.4477,-9,0,52,27,
30.449,-5,0,36,31,
30.4504,-11,2,25,19,
30.4517,-23,-2,34,5,
30.453,0,-3,29,8,
30.4544,23,15,39,16,
30.4557,29,25,46,25,
30.4571,35,25,45,40,
30.4585,48,35,61,32,
30.4598,46,37,58,29,
30.4611,21,12,55,24,
30.4625,21,12,55,24,
30.4638,11,8,49,27,
30.4651,-1,1,37,26,
30.4665,-4,0,34,16,
30.4678,-18,-11,34,10,
30.4691,-8,-2,37,14,
30.4704,5,15,32,18,
30.4717,29,28,27,31,
30.473,21,32,29,31,
30.4744,36,29,41,31,
30.4757,48,36,59,32,
30.477,48,40,58,38,
30.4783,40,26,51,28,
30.4796,40,26,51,28,
30.4809,24,5,50,28,
30.4822,-1,13,32,26,
30.4836,-17,1,21,25,
30.4849,-14,-7,12,24,
30.4862,4,-12,19,21,
30.4875,26,7,40,25,
30.4888,40,22,41,26,
30.4901,40,22,41,26,
30.4914,44,38,49,39,
30.4927,50,48,62,43,
30.4941,34,41,52,33,
30.4954,19,31,56,29,
30.4967,2,8,36,23,
30.498,2,8,36,23,
30.4994,-2,6,38,32,
30.5007,-14,-18,17,6,
30.5021,-8,-10,19,4,
30.5034,-6,-9,20,5,
30.5047,12,9,25,19,
30.5061,41,22,37,33,
30.5074,41,22,37,33,
30.5087,54,25,46,26,
30.5101,58,32,48,32,
30.5114,40,26,48,32,
30.5127,14,16,44,32,
30.514,12,11,31,32,
30.5154,14,7,28,20,
30.5167,0,5,38,21,
30.518,-18,-8,29,19,
30.5194,-8,-12,34,18,
30.5207,10,-4,35,26,
30.5221,24,13,34,24,
30.5234,24,13,34,24,
30.5247,38,19,44,22,
30.5261,54,32,60,31,
30.5274,38,21,59,39,
30.5287,18,20,54,28,
30.5301,13,22,44,31,
30.5314,-8,9,38,29,
30.5327,-1,2,35,22,
30.5341,-2,6,25,21,
30.5354,-23,-8,36,13,
30.5368,-23,-8,36,13,
30.5381,-16,-11,39,16,
30.5395,8,11,48,15,
30.5408,31,25,52,30,
30.5421,43,19,47,42,
30.5434,42,27,61,27,
30.5447,43,18,58,26,
30.5461,29,17,57,33,
30.5474,3,15,48,23,
30.5488,-4,11,46,29,
30.5501,-1,2,44,21,
30.5514,-18,-14,35,13,
30.5527,-16,-10,37,12,
30.5541,-7,-15,42,10,
30.5554,-7,-15,42,10,
30.5567,28,30,44,26,
30.558,33,28,46,34,
30.5593,38,21,40,30,
30.5607,40,31,39,36,
30.562,28,23,44,32,
30.5634,28,23,44,32,
30.5647,14,20,45,25,
30.5661,-1,8,46,16,
30.5674,-4,7,40,11,
30.5687,-18,-1,26,13,
30.5701,-9,-17,36,8,
30.5714,7,0,33,18,
30.5727,7,0,33,18,
30.574,34,17,34,16,
30.5754,38,15,46,18,
30.5767,49,30,47,22,
30.5781,36,18,46,33,
30.5794,36,18,46,33,
30.5807,19,17,46,25,
30.5821,-3,10,40,24,
30.5834,-1,3,32,26,
30.5847,-4,2,29,27,
30.586,-19,-13,29,6,
30.5874,2,-14,26,6,
30.5887,9,-5,32,7,
30.59,9,-5,32,7,
30.5914,41,2,44,28,
30.5927,41,2,44,28,
30.594,49,16,57,28,
30.5954,34,28,55,36,
30.5967,31,22,53,40,
30.598,31,22,53,40,
30.5994,3,3,28,23,
30.6007,3,4,31,14,
30.6021,-18,-15,32,10,
30.6035,0,-15,29,20,
30.6048,7,-17,33,20,
30.6061,7,-17,33,20,
30.6074,15,-9,44,18,
30.6088,17,-1,55,29,
30.6101,24,13,57,27,
30.6115,45,16,56,27,
30.6129,17,1,47,29,
30.6142,17,1,47,29,
30.6155,-8,-5,31,30,
30.6168,-7,-19,24,25,
30.6182,-14,-12,21,22,
30.6195,-26,-14,15,25,
30.6208,-12,-10,20,9,
30.6222,-12,-10,20,9,
30.6235,-12,-10,20,9,
30.6247,30,1,40,29,
30.6261,31,16,45,39,
30.6274,35,22,48,41,
30.6287,47,17,61,49,
30.6301,46,10,56,44,
30.6314,34,8,63,39,
30.6327,22,2,57,37,
30.6341,7,-16,45,25,
30.6354,-17,-25,29,16,
30.6368,-14,-17,29,11,
30.6381,-7,-5,27,16,
30.6394,-7,-5,27,16,
30.6408,2,2,28,16,
30.6422,41,13,42,34,
30.6435,46,14,55,39,
30.6449,55,23,66,45,
30.6462,39,10,65,36,
30.6475,39,10,65,36,
30.6489,21,6,53,34,
30.6502,2,-10,34,30,
30.6515,2,-10,34,30,
30.6529,-7,-13,26,30,
30.6542,-9,-12,23,19,
30.6555,-9,-12,23,19,
30.6568,-2,-8,33,19,
30.6582,11,3,43,32,
30.6595,38,24,49,40,
30.6608,36,26,53,37,
30.6621,43,29,51,43,
30.6634,38,22,46,44,
30.6648,22,18,50,42,
30.6661,22,18,50,42,
30.6674,15,-14,45,41,
30.6687,10,-1,32,31,
30.67,-13,-5,17,17,
30.6714,-21,-12,12,14,
30.6727,-17,-23,18,15,
30.6741,5,-20,32,33,
30.6754,25,1,31,29,
30.6767,58,26,31,39,
30.6781,64,19,31,41,
30.6795,41,16,37,35,
30.6809,41,16,37,35,
30.6822,31,11,39,35,
30.6835,33,2,37,32,
30.6848,2,-4,16,30,
30.6861,1,-13,23,31,
30.6875,-8,-25,14,27,
30.6888,-8,-25,14,27,
30.6901,9,-6,13,24,
30.6915,28,-7,12,33,
30.6928,32,9,23,38,
30.6941,47,9,43,35,
30.6954,47,9,43,35,
30.6968,38,14,49,31,
30.6981,41,6,40,39,
30.6994,38,2,32,48,
30.7007,27,8,20,39,
30.7021,-1,-10,8,37,
30.7034,-13,-17,9,29,
30.7047,-9,-10,10,30,
30.7061,-9,-10,10,30,
30.7074,8,6,17,30,
30.7087,33,17,18,38,
30.7102,48,22,27,34,
30.7115,44,26,21,31,
30.7128,56,24,25,39,
30.7141,56,24,25,39,
30.7155,50,21,17,36,
30.7168,39,22,16,37,
30.7181,13,1,8,36,
30.7195,3,-8,8,35,
30.7208,3,-8,8,35,
30.7221,-7,-18,7,22,
30.7235,5,-10,6,18,
30.7248,5,-10,6,18,
30.7261,22,2,-1,34,
30.7274,34,16,14,41,
30.7288,40,17,12,43,
30.7301,48,25,20,44,
30.7314,38,20,31,38,
30.7327,31,15,15,37,
30.7341,14,2,18,38,
30.7354,18,2,5,36,
30.7367,-7,-16,-4,36,
30.7381,-7,-16,-4,36,
30.7394,-7,-16,-4,36,
30.7407,4,-7,9,30,
30.7421,5,1,10,29,
30.7434,29,14,13,35,
30.7447,47,23,15,35,
30.7461,56,25,23,41,
30.7474,67,31,27,46,
30.7488,59,23,17,43,
30.7502,13,13,15,37,
30.7515,-4,5,6,37,
30.7528,-3,8,7,33,
30.7541,-1,4,11,31,
30.7555,-1,4,11,31,
30.7567,-9,-2,10,34,
30.7581,-2,0,3,32,
30.7594,24,15,14,37,
30.7607,46,29,20,45,
30.7621,44,34,18,50,
30.7634,43,30,25,59,
30.7647,39,32,26,58,
30.7661,32,26,25,56,
30.7674,13,11,19,47,
30.7687,0,13,14,46,
30.7701,0,13,14,46,
30.7714,-1,6,7,35,
30.7727,-11,-13,8,33,
30.774,-8,-8,8,26,
30.7753,19,3,11,31,
30.7766,30,10,19,38,
30.7779,35,16,19,40,
30.7793,35,16,19,40,
30.7806,53,23,14,61,
30.7819,37,23,24,65,
30.7833,34,14,24,68,
30.7846,22,8,17,64,
30.7859,12,2,10,55,
30.7873,7,-4,14,53,
30.7886,7,-4,14,53,
30.7899,-3,-13,4,35,
30.7913,-8,-5,6,30,
30.7926,2,2,12,26,
30.7939,35,10,18,48,
30.7953,35,10,18,48,
30.7966,37,17,31,61,
30.7979,33,22,28,66,
30.7992,39,23,17,63,
30.8006,39,23,17,63,
30.8019,28,6,16,45,
30.8033,28,6,16,45,
30.8046,19,-1,14,38,
30.8059,-17,-4,-1,33,
30.8073,-6,2,6,29,
30.8086,9,6,3,38,
30.81,20,9,11,41,
30.8113,43,22,16,47,
30.8127,48,14,11,45,
30.814,65,25,15,60,
30.8154,65,25,15,60,
30.8167,48,26,22,57,
30.818,30,21,24,47,
30.8193,19,25,19,42,
30.8207,18,22,13,49,
30.822,12,19,4,49,
30.8233,10,3,-18,33,
30.8246,7,3,-8,26,
30.826,21,13,-3,31,
30.8273,30,22,1,41,
30.8286,39,18,7,51,
30.8299,39,18,7,51,
30.8313,35,10,9,56,
30.8326,61,23,20,64,
30.8339,55,22,18,57,
30.8352,29,20,10,48,
30.8366,7,5,3,49,
30.8379,8,-7,6,48,
30.8393,5,-4,2,40,
30.8407,-8,-20,-10,21,
30.842,5,-3,-5,25,
30.8433,9,20,-3,31,
30.8447,9,20,-3,31,
30.8461,28,18,-1,39,
30.8475,43,28,2,56,
30.8488,51,28,14,74,
30.8502,50,23,12,70,
30.8516,50,23,12,70,
30.853,25,16,-3,56,
30.8543,22,6,-2,52,
30.8557,6,1,0,46,
30.8571,-5,2,0,41,
30.8584,-5,2,0,41,
30.8597,-4,-3,-8,29,
30.8611,19,4,-11,27,
30.8624,41,11,-9,46,
30.8638,53,11,0,48,
30.8651,54,22,16,65,
30.8664,51,15,19,67,
30.8678,37,17,23,74,
30.8691,27,20,11,65,
30.8704,19,10,-4,56,
30.8717,19,4,-7,50,
30.8731,-1,4,-5,47,
30.8744,-14,1,-2,39,
30.8757,-11,-3,-8,32,
30.877,2,-5,-3,41,
30.8784,31,3,2,52,
30.8798,47,26,9,59,
30.8811,58,30,13,55,
30.8824,59,39,16,58,
30.8838,54,32,8,55,
30.8851,32,26,4,48,
30.8864,19,20,-3,45,
30.8877,19,20,-3,45,
30.8891,14,9,-9,47,
30.8904,-3,0,-3,42,
30.8917,-5,6,-3,43,
30.893,-8,8,-11,47,
30.8943,7,6,-11,47,
30.8957,37,6,-6,53,
30.897,58,17,10,52,
30.8983,70,26,18,60,
30.8996,71,37,25,57,
30.901,45,33,15,51,
30.9023,45,33,15,51,
30.9036,27,19,5,55,
30.9049,15,12,-1,61,
30.9062,14,11,-3,60,
30.9076,-6,10,2,44,
30.9089,-7,9,-9,39,
30.9102,11,5,-10,39,
30.9116,11,5,-10,39,
30.9129,42,27,4,40,
30.9142,39,28,7,47,
30.9156,50,28,19,58,
30.9169,56,32,12,55,
30.9182,46,33,17,57,
30.9195,35,33,16,57,
30.9208,35,33,16,57,
30.9222,13,8,-13,48,
30.9235,9,-3,-20,46,
30.9248,2,-7,-15,48,
30.9261,6,15,-7,54,
30.9274,6,15,-7,54,
30.9288,19,10,5,53,
30.9301,30,24,9,62,
30.9314,37,17,5,71,
30.9327,50,31,7,80,
30.9341,53,29,5,80,
30.9354,39,28,4,81,
30.9367,39,28,4,81,
30.9381,36,16,0,75,
30.9394,16,-3,-7,68,
30.9407,9,-12,-11,70,
30.9421,1,-14,-18,67,
30.9434,8,-13,-14,62,
30.9447,27,-12,-13,64,
30.946,27,-12,-13,64,
30.9474,29,29,13,70,
30.9487,40,23,14,80,
30.95,49,22,23,81,
30.9514,49,25,15,77,
30.9527,25,19,16,54,
30.954,25,19,16,54,
30.9554,22,9,7,51,
30.9567,14,1,-14,51,
30.9581,14,1,-14,51,
30.9595,3,-12,-20,47,
30.9608,-2,5,-11,38,
30.9621,-2,5,-11,38,
30.9634,19,18,-3,43,
30.9647,29,18,-6,49,
30.9661,43,34,11,45,
30.9674,56,30,13,49,
30.9687,37,31,14,49,
30.9701,37,31,14,49,
30.9714,26,21,13,48,
30.9727,26,21,13,48,
30.9741,9,-1,9,47,
30.9754,-5,-13,-4,37,
30.9768,-16,-16,-4,30,
30.9781,-8,-4,-3,37,
30.9795,19,-1,5,41,
30.9808,33,9,2,41,
30.9821,42,17,13,52,
30.9834,54,27,19,64,
30.9847,46,33,15,59,
30.9861,40,33,10,49,
30.9874,40,33,10,49,
30.9887,37,28,3,42,
30.9901,-2,10,1,45,
30.9914,-3,-9,-3,41,
30.9927,-15,-11,-3,35,
30.9941,-6,-13,-10,36,
30.9955,4,-7,-7,29,
30.9968,22,7,-5,34,
30.9981,42,13,4,44,
30.9994,38,22,21,62,
31.0007,48,32,11,62,
31.0021,45,27,12,57,
31.0035,45,27,12,57,
31.0048,30,15,7,56,
31.0062,26,7,0,59,
31.0075,8,6,7,36,
31.0088,-10,-1,-8,23,
31.0101,-17,-10,-8,24,
31.0114,-3,-11,-7,25,
31.0127,7,5,-10,37,
31.0141,24,16,-8,48,
31.0154,37,19,8,58,
31.0167,57,24,17,57,
31.0181,59,23,10,55,
31.0194,50,26,20,56,
31.0207,48,26,21,56,
31.0221,48,24,16,55,
31.0234,26,9,12,46,
31.0247,-13,15,5,34,
31.0261,-3,1,7,34,
31.0274,6,1,2,34,
31.0287,6,1,2,34,
31.0301,14,3,10,34,
31.0314,29,18,7,33,
31.0327,51,33,20,44,
31.0341,54,35,26,57,
31.0354,57,30,23,55,
31.0367,57,30,23,55,
31.0381,39,17,6,39,
31.0394,17,21,2,32,
31.0408,3,24,3,27,
31.0421,-14,21,4,29,
31.0434,-6,18,2,28,
31.0447,-6,18,2,28,
31.0461,-5,1,3,27,
31.0474,11,8,6,28,
31.0488,36,32,7,39,
31.0501,50,43,15,33,
31.0514,49,45,21,41,
31.0528,49,45,21,41,
31.0541,41,36,23,43,
31.0555,33,20,26,36,
31.0568,19,15,19,33,
31.0581,5,21,17,31,
31.0595,-5,17,8,25,
31.0608,-19,7,5,22,
31.0621,-19,7,5,22,
31.0634,3,3,7,26,
31.0647,21,20,9,27,
31.0661,29,27,10,38,
31.0674,56,31,28,35,
31.0687,47,30,25,35,
31.0701,47,30,25,35,
31.0714,44,35,26,40,
31.0728,8,24,22,43,
31.0741,8,24,22,43,
31.0755,10,25,22,34,
31.0768,8,8,3,31,
31.0781,8,8,3,31,
31.0795,-9,11,5,20,
31.0808,16,5,11,17,
31.0821,25,20,13,24,
31.0834,41,30,28,32,
31.0847,60,32,29,51,
31.0861,60,32,29,51,
31.0874,41,32,17,41,
31.0887,28,27,12,36,
31.0901,25,21,7,43,
31.0915,13,13,6,39,
31.0928,18,17,10,35,
31.0942,1,3,10,23,
31.0955,-8,-5,7,20,
31.0968,-2,0,-1,21,
31.0982,27,26,11,35,
31.0995,44,35,26,42,
31.1008,50,38,25,40,
31.1022,55,33,32,49,
31.1035,55,33,32,49,
31.1048,44,27,32,44,
31.1062,39,30,14,35,
31.1075,15,23,11,32,
31.1088,3,18,10,28,
31.1101,-5,11,19,27,
31.1115,-9,4,13,27,
31.1128,-13,13,4,21,
31.1141,-4,18,6,19,
31.1154,30,23,26,29,
31.1167,44,34,32,36,
31.1181,44,34,32,36,
31.1195,54,43,35,46,
31.1208,54,43,35,46,
31.1221,41,38,24,46,
31.1234,12,20,22,37,
31.1247,8,18,8,34,
31.1261,6,15,16,27,
31.1274,-9,4,10,25,
31.1287,-1,-1,8,17,
31.1301,-1,1,1,14,
31.1315,-1,1,1,14,
31.1328,25,19,18,29,
31.1341,27,27,27,32,
31.1354,29,32,24,46,
31.1367,43,45,31,55,
31.1381,49,50,32,52,
31.1394,47,48,29,43,
31.1407,23,25,12,28,
31.1421,9,17,7,29,
31.1435,-11,15,3,22,
31.1448,-11,15,3,22,
31.1461,-12,5,2,22,
31.1474,-13,2,-2,21,
31.1487,-1,-3,-2,25,
31.15,27,38,23,31,
31.1514,29,33,34,38,
31.1527,49,33,25,47,
31.154,64,43,21,56,
31.1554,49,48,21,53,
31.1567,35,45,23,38,
31.1581,8,28,7,23,
31.1594,8,28,7,23,
31.1607,10,18,8,21,
31.1621,-4,10,-1,16,
31.1634,-5,2,-6,24,
31.1647,-12,1,-6,17,
31.1661,13,10,12,20,
31.1674,48,35,21,41,
31.1687,49,40,27,41,
31.17,57,37,25,49,
31.1714,43,35,24,56,
31.1727,37,32,28,47,
31.174,37,32,28,47,
31.1754,16,17,20,47,
31.1767,3,25,10,42,
31.1781,3,17,5,32,
31.1794,-8,9,-3,22,
31.1807,-7,4,0,19,
31.1821,-3,8,2,23,
31.1834,6,14,7,21,
31.1847,35,22,19,35,
31.1861,56,30,23,49,
31.1874,56,30,23,49,
31.1887,68,42,33,61,
31.1901,48,35,28,66,
31.1914,38,27,15,50,
31.1927,14,23,13,29,
31.194,23,16,11,25,
31.1953,23,16,11,25,
31.1966,-13,-5,18,26,
31.198,2,9,9,22,
31.1993,21,24,5,25,
31.2007,38,27,6,27,
31.2022,42,30,18,39,
31.2035,45,35,25,47,
31.2048,55,48,27,43,
31.2063,47,35,26,47,
31.2076,46,29,17,46,
31.2089,21,15,16,30,
31.2103,21,21,18,25,
31.2116,18,19,12,25,
31.2129,-1,15,-2,17,
31.2142,1,8,8,18,
31.2156,1,8,8,18,
31.2169,13,3,-1,28,
31.2182,59,31,23,30,
31.2195,61,35,28,35,
31.2208,74,33,36,36,
31.2222,74,33,36,36,
31.2235,54,33,19,28,
31.2248,43,25,22,30,
31.2262,17,12,18,19,
31.2276,11,7,16,13,
31.2289,4,5,1,6,
31.2302,4,5,1,6,
31.2316,-8,16,-7,5,
31.2329,13,9,-6,12,
31.2342,27,21,0,17,
31.2355,46,35,15,32,
31.2368,55,35,19,36,
31.2382,55,35,19,36,
31.2395,48,40,23,36,
31.2409,41,32,18,33,
31.2422,36,24,14,30,
31.2435,30,14,4,19,
31.2447,23,8,2,16,
31.2461,24,15,-1,10,
31.2474,9,15,-9,0,
31.2487,16,18,6,8,
31.2501,11,17,11,14,
31.2514,21,11,4,16,
31.2528,41,36,11,27,
31.2541,58,39,12,31,
31.2554,57,28,20,34,
31.2568,57,28,20,34,
31.2582,60,37,20,33,
31.2595,41,39,16,29,
31.2609,24,23,10,19,
31.2624,14,22,4,25,
31.2637,2,10,1,13,
31.2651,-1,8,4,1,
31.2665,8,-1,-1,8,
31.2679,19,12,9,18,
31.2692,37,25,13,27,
31.2705,58,19,9,26,
31.2718,60,19,6,28,
31.2732,73,21,18,31,
31.2745,73,21,18,31,
31.2758,68,28,20,25,
31.2771,20,18,11,16,
31.2785,19,6,13,14,
31.2798,10,5,3,-1,
31.2811,7,4,4,6,
31.2824,1,4,4,2,
31.2837,13,9,0,7,
31.2851,13,9,0,7,
31.2864,57,28,18,19,
31.2878,52,20,16,28,
31.2891,62,34,15,23,
31.2904,50,29,25,27,
31.2918,50,26,21,29,
31.2931,42,28,19,21,
31.2944,20,14,5,9,
31.2957,13,16,3,18,
31.2971,1,6,6,13,
31.2984,1,6,6,13,
31.2997,8,-11,6,10,
31.301,7,-8,10,6,
31.3024,26,11,17,13,
31.3037,43,34,19,37,
31.305,49,35,25,35,
31.3063,63,45,29,29,
31.3077,58,28,27,35,
31.309,57,17,23,35,
31.3103,40,15,9,24,
31.3117,14,22,4,23,
31.313,8,28,8,17,
31.3144,-1,9,9,15,
31.3157,13,0,13,12,
31.3171,13,5,11,7,
31.3184,16,6,8,16,
31.3197,34,20,3,18,
31.3211,46,32,25,25,
31.3224,67,30,32,35,
31.3238,67,30,32,35,
31.3251,52,35,22,35,
31.3264,53,27,14,30,
31.3277,53,27,14,30,
31.329,20,6,11,18,
31.3304,25,14,2,16,
31.3317,3,10,-6,12,
31.333,3,10,-6,12,
31.3344,23,10,8,9,
31.3357,26,17,8,22,
31.337,39,34,13,19,
31.3383,55,38,12,29,
31.3397,60,42,24,46,
31.341,60,42,24,46,
31.3423,64,41,29,43,
31.3437,55,37,28,35,
31.345,37,28,27,35,
31.3463,10,18,17,29,
31.3477,-5,18,7,18,
31.349,9,13,4,7,
31.3504,6,12,9,3,
31.3517,24,15,16,8,
31.3531,43,27,29,23,
31.3544,61,24,30,34,
31.3557,62,29,32,39,
31.3571,74,34,29,41,
31.3585,74,34,29,41,
31.3598,49,32,32,38,
31.3611,44,28,18,36,
31.3625,20,24,21,34,
31.3639,4,16,22,21,
31.3652,-6,14,6,12,
31.3666,-6,14,6,12,
31.3679,19,8,-3,14,
31.3693,37,17,15,20,
31.3706,37,17,15,20,
31.372,56,35,30,31,
31.3733,61,41,36,27,
31.3747,67,43,29,29,
31.376,53,39,30,35,
31.3774,33,32,38,33,
31.3787,16,20,31,31,
31.38,-1,14,16,28,
31.3814,-1,11,15,29,
31.3827,-1,11,15,29,
31.384,4,7,2,19,
31.3854,7,15,8,20,
31.3867,20,22,13,24,
31.3881,46,36,20,30,
31.3894,53,41,24,30,
31.3907,61,35,26,36,
31.3921,66,30,17,32,
31.3934,62,24,14,32,
31.3947,45,22,10,31,
31.396,22,27,12,22,
31.3973,20,23,18,24,
31.3987,10,17,11,21,
31.4,-5,15,4,15,
31.4013,-5,21,8,8,
31.4026,14,15,7,8,
31.404,32,16,7,14,
31.4053,48,16,11,23,
31.4066,68,38,27,38,
31.408,72,39,32,31,
31.4093,72,39,32,31,
31.4107,44,39,16,35,
31.412,44,39,16,35,
31.4133,29,22,14,30,
31.4147,16,11,13,32,
31.416,3,5,13,24,
31.4173,11,15,20,29,
31.4186,12,10,24,20,
31.42,29,15,27,20,
31.4213,35,22,28,23,
31.4226,51,26,28,30,
31.424,72,31,33,33,
31.4253,72,31,33,33,
31.4266,72,31,33,33,
31.4279,38,43,26,35,
31.4293,38,35,25,31,
31.4306,34,24,17,29,
31.4319,0,16,7,15,
31.4332,-9,5,5,2,
31.4346,-9,5,5,2,
31.4359,10,17,1,6,
31.4372,39,16,6,10,
31.4386,62,24,19,19,
31.4399,62,24,19,19,
31.4413,64,38,31,28,
31.4426,73,44,34,35,
31.444,73,44,34,35,
31.4454,43,35,27,26,
31.4467,33,19,25,28,
31.4481,13,26,10,20,
31.4494,11,17,6,11,
31.4507,11,17,6,11,
31.4521,14,0,10,9,
31.4534,24,6,17,7,
31.4547,18,22,11,10,
31.4561,31,21,23,25,
31.4575,57,31,33,31,
31.4588,65,43,25,35,
31.4601,65,43,25,35,
31.4615,53,33,16,22,
31.4628,42,28,20,21,
31.4641,21,15,28,28,
31.4654,6,17,9,12,
31.4668,6,17,9,12,
31.4681,3,1,2,6,
31.4695,5,4,1,3,
31.4708,16,16,6,11,
31.4721,21,21,10,15,
31.4735,55,33,25,31,
31.4748,65,38,34,39,
31.4761,65,38,34,39,
31.4775,48,39,38,35,
31.4788,40,23,40,20,
31.4801,25,22,35,17,
31.4815,20,18,25,15,
31.4828,18,8,12,14,
31.4841,4,2,8,3,
31.4854,4,2,8,3,
31.4868,8,8,14,10,
31.4881,22,19,19,6,
31.4894,39,34,21,17,
31.4908,53,31,24,25,
31.4921,58,40,21,26,
31.4934,63,51,21,35,
31.4948,65,43,29,26,
31.4961,35,26,29,29,
31.4974,19,15,25,15,
31.4987,21,12,14,5,
31.5001,21,12,14,5,
31.5014,12,3,1,-2,
31.5027,14,12,9,-3,
31.5041,15,19,15,7,
31.5054,58,26,21,10,
31.5068,56,36,23,19,
31.5081,56,36,23,19,
31.5094,62,40,30,33,
31.5108,59,48,30,23,
31.5121,53,45,23,19,
31.5134,36,33,18,21,
31.5148,22,17,26,23,
31.5161,15,11,18,19,
31.5174,13,15,8,9,
31.5188,-4,9,3,7,
31.5201,-3,17,5,7,
31.5214,32,20,9,8,
31.5228,48,20,13,13,
31.5241,62,23,24,15,
31.5254,62,23,24,15,
31.5267,79,36,21,26,
31.5281,79,36,21,26,
31.5294,65,39,29,28,
31.5307,41,19,23,19,
31.5321,26,14,17,11,
31.5334,26,14,17,11,
31.5347,17,12,17,8,
31.5361,24,18,5,4,
31.5374,22,21,10,-1,
31.5388,50,24,21,10,
31.5401,50,24,21,10,
31.5414,59,30,18,14,
31.5427,59,34,24,17,
31.544,72,36,38,14,
31.5454,70,43,33,20,
31.5467,60,39,33,16,
31.548,37,13,12,-4,
31.5494,28,13,11,-3,
31.5507,28,13,11,-3,
31.552,20,14,2,7,
31.5533,22,9,-2,7,
31.5547,22,9,-2,7,
31.556,50,16,12,-13,
31.5573,74,29,18,1,
31.5586,70,37,23,4,
31.56,70,37,23,4,
31.5613,66,46,33,15,
31.5627,60,40,28,9,
31.564,46,24,28,-2,
31.5653,17,13,17,-4,
31.5666,19,25,15,-2,
31.568,19,25,15,-2,
31.5693,12,16,6,-11,
31.5707,9,8,2,-20,
31.572,12,1,3,-25,
31.5733,30,17,18,-5,
31.5746,48,22,18,9,
31.576,48,22,18,9,
31.5773,69,39,26,6,
31.5786,55,31,27,6,
31.58,55,23,33,4,
31.5813,38,24,26,0,
31.5826,13,19,15,3,
31.5839,13,19,15,3,
31.5853,13,19,15,3,
31.5867,1,15,4,-16,
31.588,8,18,8,-14,
31.5894,25,16,6,-11,
31.5907,45,26,25,-4,
31.592,45,26,25,-4,
31.5933,49,34,27,-2,
31.5947,80,41,40,25,
31.596,77,43,44,27,
31.5974,63,39,34,25,
31.5987,46,38,21,13,
31.6,24,24,11,5,
31.6013,24,24,11,5,
31.6026,20,14,17,5,
31.604,21,3,4,-7,
31.6053,17,10,6,-5,
31.6066,18,23,8,0,
31.608,34,34,14,8,
31.6093,38,30,27,19,
31.6106,54,30,29,27,
31.612,74,38,20,19,
31.6133,60,33,23,17,
31.6146,60,33,23,17,
31.616,50,31,21,12,
31.6173,39,34,19,14,
31.6187,32,31,16,5,
31.62,14,11,10,-7,
31.6213,4,15,15,-4,
31.6226,17,15,19,5,
31.624,29,27,27,4,
31.6253,47,31,25,6,
31.6266,58,33,25,10,
31.628,79,48,31,10,
31.6293,81,43,26,15,
31.6306,75,43,24,23,
31.632,59,49,22,23,
31.6333,59,49,22,23,
31.6346,32,21,31,18,
31.6359,29,19,29,15,
31.6372,9,18,12,6,
31.6386,30,7,15,-4,
31.64,45,19,13,-3,
31.6413,45,19,13,-3,
31.6426,78,27,11,0,
31.644,78,27,11,0,
31.6453,74,40,21,16,
31.6466,82,25,19,26,
31.648,62,22,23,24,
31.6493,62,22,23,24,
31.6507,36,27,23,12,
31.6521,36,18,18,14,
31.6535,27,13,15,5,
31.6548,26,13,6,-4,
31.6562,34,13,8,-2,
31.6575,34,13,8,-2,
31.6589,36,27,15,5,
31.6605,58,31,32,14,
31.6619,73,44,36,12,
31.6633,78,43,32,12,
31.6647,73,32,22,15,
31.6661,54,39,20,17,
31.6675,54,39,20,17,
31.6688,48,36,20,7,
31.6701,13,19,9,-9,
31.6714,7,6,1,-15,
31.6728,18,9,4,-15,
31.6741,43,10,9,-10,
31.6755,69,30,17,-4,
31.6767,63,38,22,9,
31.678,63,38,22,9,
31.6794,74,41,38,11,
31.6807,66,38,33,8,
31.682,66,38,33,8,
31.6834,46,18,25,7,
31.6847,36,21,21,1,
31.6861,31,16,12,0,
31.6874,8,13,11,-10,
31.6887,10,17,11,-8,
31.69,16,17,10,-2,
31.6914,51,34,24,-3,
31.6927,54,39,35,-4,
31.694,54,39,35,-4,
31.6954,52,43,29,-6,
31.6967,69,40,23,4,
31.6981,67,36,27,4,
31.6994,59,37,25,-3,
31.7007,35,31,21,2,
31.702,28,24,21,3,
31.7034,28,24,21,3,
31.7047,4,12,-2,-4,
31.7061,16,6,-1,-16,
31.7074,20,12,4,-17,
31.7087,61,37,17,7,
31.7101,61,37,17,7,
31.7114,72,35,12,12,
31.7127,76,29,14,8,
31.7141,70,36,18,12,
31.7154,52,42,28,13,
31.7167,23,28,24,2,
31.7181,13,34,29,2,
31.7194,24,26,13,2,
31.7207,24,26,13,2,
31.722,3,15,5,-3,
31.7233,1,19,12,-6,
31.7247,19,25,9,-13,
31.726,46,34,26,-3,
31.7273,56,38,26,-1,
31.7286,64,43,25,1,
31.7299,64,43,25,1,
31.7312,57,51,26,0,
31.7325,55,34,24,0,
31.7339,34,33,22,-9,
31.7352,17,32,17,-8,
31.7366,17,32,17,-8,
31.7379,16,28,16,-7,
31.7393,2,20,6,-7,
31.7406,11,16,7,-15,
31.7419,32,24,21,-15,
31.7433,31,40,14,0,
31.7446,62,45,20,9,
31.7459,62,45,20,9,
31.7473,59,61,22,9,
31.7486,71,58,28,0,
31.7499,53,39,15,5,
31.7513,27,26,8,-5,
31.7526,19,27,13,-11,
31.754,19,27,13,-11,
31.7553,11,25,12,-10,
31.7566,-3,29,14,-25,
31.758,2,34,8,-30,
31.7594,27,34,3,-29,
31.7607,70,63,25,-11,
31.762,76,71,37,-11,
31.7634,76,71,37,-11,
31.7647,82,74,40,-9,
31.7661,71,70,39,-6,
31.7674,70,61,40,-9,
31.7687,24,50,15,-15,
31.7701,25,43,12,-23,
31.7714,25,43,12,-23,
31.7728,12,41,5,-42,
31.7741,8,41,-1,-36,
31.7754,8,41,-1,-36,
31.7767,25,56,9,-35,
31.7781,54,48,28,-15,
31.7794,56,59,36,-7,
31.7807,73,62,38,-10,
31.7821,67,48,32,-9,
31.7835,57,44,34,-2,
31.7847,46,54,34,-6,
31.7861,20,40,14,-17,
31.7874,9,46,11,-19,
31.7887,11,46,9,-27,
31.7901,12,31,16,-28,
31.7914,12,31,16,-28,
31.7927,6,35,24,-31,
31.7941,22,40,19,-35,
31.7954,55,48,31,-8,
31.7967,76,53,26,-1,
31.798,68,58,24,3,
31.7993,43,61,15,-2,
31.8006,51,51,16,-10,
31.802,39,49,23,-19,
31.8033,13,46,17,-26,
31.8046,13,46,17,-26,
31.8059,8,51,16,-34,
31.8072,1,49,15,-40,
31.8086,9,35,17,-38,
31.8099,12,37,23,-23,
31.8113,31,45,32,-19,
31.8126,70,50,29,-16,
31.8139,65,59,36,-4,
31.8153,65,59,36,-4,
31.8167,54,67,28,-8,
31.818,54,67,28,-8,
31.8193,36,50,28,-21,
31.8207,16,40,12,-22,
31.822,17,34,17,-22,
31.8234,-7,28,15,-31,
31.8247,4,37,11,-39,
31.826,4,33,20,-43,
31.8275,9,43,23,-32,
31.8288,48,46,38,-27,
31.8301,58,52,33,-20,
31.8314,74,58,27,-17,
31.8327,74,58,27,-17,
31.8341,73,56,30,-10,
31.8355,55,56,25,-12,
31.8368,44,54,26,-20,
31.8381,20,45,20,-32,
31.8395,17,37,13,-35,
31.8408,17,37,13,-35,
31.8421,17,42,19,-32,
31.8434,21,41,17,-32,
31.8448,30,35,19,-23,
31.8462,45,40,27,-19,
31.8476,49,55,28,-16,
31.8489,70,55,24,-13,
31.8502,58,55,16,-14,
31.8517,41,44,20,-11,
31.853,27,40,18,-9,
31.8544,13,38,17,-11,
31.8558,16,33,14,-11,
31.8571,9,19,12,-9,
31.8584,8,16,15,-7,
31.8598,8,16,15,-7,
31.8611,9,26,15,-14,
31.8625,31,48,22,-10,
31.8638,40,42,22,-11,
31.8652,53,54,25,-2,
31.8665,69,45,26,17,
31.8679,69,45,26,17,
31.8692,56,38,23,13,
31.8705,36,46,13,10,
31.8719,13,42,23,5,
31.8732,13,34,29,-1,
31.8745,4,28,12,-12,
31.8758,10,34,14,-8,
31.8771,10,34,14,-8,
31.8785,21,40,12,0,
31.8798,43,53,27,7,
31.8811,49,53,34,7,
31.8824,46,48,37,15,
31.8838,47,52,34,31,
31.8851,47,52,34,31,
31.8864,47,52,34,31,
31.8878,18,42,20,27,
31.8891,19,46,16,14,
31.8905,6,38,16,1,
31.8918,-15,31,19,-1,
31.8931,-4,21,15,-4,
31.8945,13,22,12,1,
31.8958,26,26,19,6,
31.8971,42,51,26,18,
31.8984,56,50,30,30,
31.8997,56,50,30,30,
31.9011,40,46,32,24,
31.9024,40,46,32,24,
31.9037,34,41,30,18,
31.905,13,31,25,10,
31.9064,2,28,27,16,
31.9077,-17,25,13,8,
31.909,-3,24,11,11,
31.9103,7,27,7,15,
31.9116,9,31,16,21,
31.9129,20,35,24,28,
31.9143,33,41,36,33,
31.9156,33,41,36,33,
31.9169,41,51,30,35,
31.9183,39,46,31,35,
31.9196,43,38,24,28,
31.9209,33,36,21,21,
31.9223,12,33,20,25,
31.9236,-9,21,18,10,
31.9249,-12,16,19,15,
31.9262,-12,16,19,15,
31.9275,-14,26,16,14,
31.9288,-5,27,27,14,
31.9302,-5,27,27,14,
31.9315,10,44,37,25,
31.9328,34,58,36,29,
31.9341,28,51,32,24,
31.9355,28,51,32,24,
31.9367,24,36,36,25,
31.9381,12,32,44,23,
31.9394,9,28,40,28,
31.9407,-18,25,24,14,
31.9421,-18,25,24,14,
31.9434,-17,11,24,10,
31.9447,16,27,27,21,
31.9461,16,27,27,21,
31.9474,26,42,34,24,
31.9487,17,42,45,33,
31.95,29,46,41,32,
31.9514,42,48,36,27,
31.9527,43,43,26,29,
31.954,12,34,33,26,
31.9554,4,23,28,22,
31.9567,-4,25,21,15,
31.9581,-20,23,29,7,
31.9594,-20,23,29,7,
31.9607,-31,12,20,13,
31.9621,-17,19,26,22,
31.9634,10,31,26,20,
31.9647,27,40,26,28,
31.966,36,33,30,28,
31.9674,36,42,32,24,
31.9687,22,36,35,29,
31.97,27,30,30,29,
31.9714,3,30,24,20,
31.9727,3,28,19,16,
31.974,-2,32,20,23,
31.9754,-2,32,20,23,
31.9767,-6,17,14,15,
31.978,-11,16,9,5,
31.9794,-2,29,10,10,
31.9807,9,41,20,20,
31.982,23,42,25,20,
31.9834,32,53,33,24,
31.9847,32,53,33,24,
31.986,32,53,33,24,
31.9873,24,46,44,29,
31.9886,8,35,16,27,
31.99,-5,34,14,25,
31.9913,-17,33,19,15,
31.9926,-36,23,21,11,
31.994,-36,23,21,11,
31.9953,-29,23,26,5,
31.9966,-24,28,20,3,
31.998,20,40,30,18,
31.9993,29,47,32,13,
32.0006,29,47,32,13,
32.0019,32,47,31,23,
32.0033,32,47,31,23,
32.0045,21,44,40,18,
32.0059,-2,42,17,26,
32.0072,-18,37,12,24,
32.0085,-18,31,20,13,
32.0099,-24,19,18,5,
32.0112,-24,17,18,-1,
32.0126,-25,29,22,6,
32.0139,-10,40,18,7,
32.0152,31,48,25,12,
32.0165,31,48,25,12,
32.0179,33,39,18,12,
32.0192,33,47,23,11,
32.0205,14,57,33,13,
32.0218,2,54,37,9,
32.0231,-20,37,32,3,
32.0245,-14,34,20,0,
32.0258,-25,18,20,-10,
32.0271,-25,18,20,-10,
32.0284,-31,29,7,-1,
32.0298,-18,34,11,1,
32.0311,-18,34,11,1,
32.0324,10,55,19,4,
32.0338,22,43,31,11,
32.0351,26,47,41,15,
32.0364,19,44,39,9,
32.0377,20,35,31,10,
32.039,4,41,22,9,
32.0404,-19,39,13,1,
32.0417,-24,33,17,4,
32.0431,-24,33,17,4,
32.0444,-24,33,17,4,
32.0457,-32,41,12,-11,
32.0471,-18,31,12,-3,
32.0484,-14,41,23,5,
32.0497,6,56,28,9,
32.0511,22,61,27,13,
32.0524,22,61,27,13,
32.0538,10,42,17,20,
32.0551,-2,49,19,17,
32.0564,-5,52,19,7,
32.0577,-15,37,26,3,
32.0591,-23,33,19,9,
32.0605,-40,34,10,-6,
32.0618,-40,25,11,-6,
32.0631,-36,25,14,-9,
32.0645,-31,29,23,-1,
32.0658,-15,48,26,-1,
32.0671,16,68,32,1,
32.0685,30,79,26,5,
32.0698,30,79,26,5,
32.0712,13,74,32,11,
32.0725,13,70,29,16,
32.0739,-3,67,31,7,
32.0752,-11,36,19,13,
32.0765,-20,45,11,13,
32.0778,-20,45,11,13,
32.0792,-45,40,25,6,
32.0805,-29,40,20,6,
32.0818,-8,44,10,3,
32.0831,2,53,23,10,
32.0845,13,80,34,11,
32.0858,13,80,34,11,
32.0871,13,80,34,11,
32.0884,14,76,33,22,
32.0897,3,71,23,13,
32.0911,-8,73,27,5,
32.0924,-15,70,19,9,
32.0938,-26,57,12,6,
32.0951,-26,57,12,6,
32.0964,-24,50,20,2,
32.0977,-11,58,12,5,
32.0991,1,70,24,7,
32.1004,1,70,24,7,
32.1017,27,77,37,14,
32.103,28,80,42,10,
32.1044,28,80,42,10,
32.1057,17,79,45,9,
32.1071,9,69,45,10,
32.1084,-7,64,33,15,
32.1098,-34,75,25,10,
32.1111,-34,75,25,10,
32.1125,-38,64,21,-7,
32.1138,-26,69,23,-8,
32.1151,-21,71,27,1,
32.1165,0,75,23,5,
32.1178,21,88,27,19,
32.1192,23,95,29,21,
32.1206,23,95,29,21,
32.1219,6,99,32,19,
32.1233,-5,97,36,15,
32.1246,-20,83,30,12,
32.1259,-25,73,21,-4,
32.1273,-25,73,21,-4,
32.1286,-28,77,13,-10,
32.1299,-28,77,13,-10,
32.1313,-37,83,20,-19,
32.1326,-31,97,21,-8,
32.1339,-2,107,24,-1,
32.1352,1,131,38,7,
32.1366,1,131,38,7,
32.1379,12,125,38,20,
32.1392,-17,136,32,10,
32.1406,-29,134,24,2,
32.142,-38,117,22,-6,
32.1433,-33,102,33,-3,
32.1447,-33,102,33,-3,
32.146,-48,92,34,1,
32.1473,-62,91,25,-4,
32.1486,-47,102,15,-6,
32.1499,-23,105,23,-4,
32.1513,-17,116,34,1,
32.1526,-9,127,39,9,
32.1539,2,141,42,15,
32.1553,-2,143,42,14,
32.1566,-15,141,24,7,
32.158,-26,132,19,4,
32.1593,-26,132,19,4,
32.1606,-42,114,20,-5,
32.162,-38,98,20,-6,
32.1633,-63,96,19,-5,
32.1646,-45,106,16,-8,
32.1659,-26,124,20,-1,
32.1673,-13,142,28,1,
32.1686,-1,138,27,7,
32.1699,5,138,35,16,
32.1713,-2,134,36,13,
32.1726,-7,142,27,6,
32.1739,-13,126,30,2,
32.1752,-20,128,29,-2,
32.1765,-41,130,25,-3,
32.1779,-38,131,24,-4,
32.1792,-40,132,21,-15,
32.1805,-57,110,20,-22,
32.1819,-35,110,23,-8,
32.1832,-26,124,34,0,
32.1846,-22,138,42,3,
32.1859,-22,138,42,3,
32.1872,-12,137,32,2,
32.1886,-6,147,25,-1,
32.1899,-9,146,31,-3,
32.1913,-18,116,30,-4,
32.1926,-35,116,27,1,
32.1939,-35,116,27,1,
32.1952,-41,123,29,-10,
32.1965,-54,106,28,-7,
32.1979,-50,97,25,-15,
32.1992,-45,103,20,-22,
32.2005,-20,119,27,-10,
32.2018,-20,119,27,-10,
32.2032,-20,119,27,-10,
32.2045,-4,133,33,-1,
32.2058,3,148,27,10,
32.2072,-4,126,27,14,
32.2085,-28,107,24,4,
32.2099,-28,107,24,4,
32.2112,-41,104,26,-5,
32.2125,-39,104,18,-16,
32.2138,-48,96,17,-26,
32.2152,-52,89,19,-20,
32.2165,-6,101,24,-6,
32.2178,-6,101,24,-6,
32.2192,-6,101,24,-6,
32.2205,-3,112,38,-1,
32.2218,9,140,32,8,
32.2232,-7,124,34,3,
32.2245,-2,109,27,-5,
32.2259,-14,106,25,-13,
32.2272,-33,101,18,-6,
32.2286,-32,88,16,-3,
32.2299,-59,62,20,-7,
32.2312,-53,68,19,-13,
32.2326,-41,73,7,-21,
32.2339,-30,88,15,-19,
32.2352,-30,88,15,-19,
32.2365,3,104,23,-7,
32.2379,-1,133,25,0,
32.2392,1,139,21,8,
32.2406,-4,130,20,5,
32.2419,-36,103,31,1,
32.2433,-36,103,31,1,
32.2446,-42,92,26,-1,
32.246,-32,80,22,-11,
32.2473,-49,77,9,-25,
32.2487,-51,77,16,-24,
32.2501,-49,81,17,-16,
32.2514,-44,85,18,-16,
32.2528,-17,96,25,-19,
32.2542,-18,127,33,-8,
32.2556,4,140,42,-6,
32.257,-3,138,41,1,
32.2584,-22,134,16,0,
32.2599,-22,134,16,0,
32.2613,-33,120,21,-9,
32.2626,-45,102,18,-5,
32.264,-55,91,22,-13,
32.2653,-58,77,14,-14,
32.2667,-52,83,13,-18,
32.268,-39,97,17,-10,
32.2693,-39,97,17,-10,
32.2706,-1,130,21,-2,
32.272,4,123,31,4,
32.2734,5,114,29,12,
32.2747,1,119,25,6,
32.276,-13,106,24,8,
32.2773,-13,106,24,8,
32.2786,-41,100,10,0,
32.28,-42,89,6,-9,
32.2813,-54,71,2,-22,
32.2826,-57,72,7,-14,
32.284,-49,71,6,-10,
32.2853,-31,86,11,-17,
32.2867,-32,105,22,-12,
32.288,-3,135,22,-4,
32.2893,7,142,27,-4,
32.2907,4,119,18,-13,
32.292,-15,103,19,-4,
32.2933,-15,103,19,-4,
32.2946,-23,95,21,1,
32.2959,-50,87,20,-4,
32.2973,-59,81,10,-14,
32.2986,-61,70,-1,-27,
32.3,-67,80,-1,-24,
32.3013,-64,84,5,-18,
32.3026,-50,88,11,-9,
32.3039,-37,96,14,-6,
32.3052,-3,131,9,-5,
32.3066,-3,131,9,-5,
32.3079,-9,138,12,-12,
32.3092,-12,122,17,-5,
32.3106,-25,110,19,-7,
32.3119,-45,103,16,-13,
32.3132,-55,99,15,-14,
32.3145,-58,92,3,-15,
32.3159,-53,96,7,-26,
32.3172,-47,87,8,-31,
32.3185,-35,84,15,-29,
32.3199,-35,84,15,-29,
32.3212,-19,101,27,-12,
32.3225,3,120,23,-9,
32.3238,3,142,28,-10,
32.3251,-10,139,25,-14,
32.3265,-10,133,20,-19,
32.3278,-24,115,15,-16,
32.3291,-35,104,9,-17,
32.3304,-39,97,3,-16,
32.3317,-56,85,-1,-19,
32.333,-56,85,-1,-19,
32.3343,-59,85,4,-21,
32.3356,-54,88,11,-22,
32.337,-36,94,18,-20,
32.3383,-14,109,31,-11,
32.3396,-12,109,21,-9,
32.3409,-9,136,29,-20,
32.3423,-9,136,29,-20,
32.3436,-9,136,25,-13,
32.3449,-29,135,16,-14,
32.3462,-40,132,19,-23,
32.3476,-48,112,16,-22,
32.3489,-55,81,14,-23,
32.3502,-55,81,14,-23,
32.3515,-55,81,14,-23,
32.3528,-36,95,23,-19,
32.3542,-18,130,28,-13,
32.3555,-8,137,16,-6,
32.3568,3,120,12,-8,
32.3583,0,116,15,-13,
32.3596,-11,111,16,-9,
32.3609,-11,110,24,-2,
32.3622,-32,89,21,-2,
32.3636,-42,84,16,-8,
32.3649,-42,84,16,-8,
32.3662,-48,81,14,-7,
32.3675,-48,81,14,-7,
32.3688,-53,79,12,-15,
32.3702,-4,83,14,-11,
32.3715,-2,93,18,-1,
32.3727,-5,105,26,5,
32.3741,20,104,33,6,
32.3754,8,103,28,-3,
32.3767,-7,100,22,-5,
32.3781,-20,93,16,-13,
32.3794,-35,72,20,-4,
32.3808,-37,72,20,-9,
32.3822,-36,74,16,-13,
32.3835,-48,52,8,-19,
32.3848,-48,52,8,-19,
32.3862,-47,61,3,-19,
32.3875,-3,91,31,-5,
32.3888,0,94,25,3,
32.3901,17,87,19,12,
32.3915,17,92,34,10,
32.3928,17,92,34,10,
32.3941,4,98,32,7,
32.3954,-10,82,31,10,
32.3968,-31,69,19,-1,
32.3981,-16,55,13,2,
32.3994,-38,47,7,-5,
32.4007,-35,45,10,-7,
32.4021,-35,47,11,-6,
32.4034,-23,55,13,-15,
32.4047,7,60,18,-10,
32.4061,4,70,29,-1,
32.4074,2,73,30,3,
32.4087,2,73,30,3,
32.4101,8,71,23,9,
32.4114,6,71,9,7,
32.4127,-13,64,9,0,
32.414,-25,45,16,2,
32.4153,-25,47,23,-3,
32.4167,-30,42,18,-12,
32.418,-37,43,13,-10,
32.4193,-38,49,8,-13,
32.4206,-29,55,18,-5,
32.422,-29,55,18,-5,
32.4233,10,78,31,9,
32.4246,7,81,25,16,
32.426,7,81,25,16,
32.4273,16,67,17,7,
32.4287,1,57,22,10,
32.43,-11,59,21,6,
32.4314,-28,49,19,-1,
32.4327,-28,49,19,-1,
32.434,-39,39,11,-1,
32.4354,-33,42,6,-7,
32.4367,-21,52,13,-3,
32.4381,-21,52,13,-3,
32.4395,7,56,35,7,
32.4408,20,65,24,10,
32.4422,20,65,24,10,
32.4435,23,60,20,15,
32.4448,22,55,30,19,
32.4462,3,50,22,10,
32.4475,-3,34,23,12,
32.4488,-20,29,13,16,
32.4502,-20,29,13,16,
32.4515,-20,29,13,16,
32.4528,-26,25,10,9,
32.4542,-7,33,10,9,
32.4556,8,40,22,6,
32.4569,24,53,32,20,
32.4583,27,48,29,15,
32.4596,28,56,24,20,
32.4609,26,46,34,29,
32.4622,26,46,34,29,
32.4636,6,32,24,23,
32.4649,-6,18,28,10,
32.4662,-11,27,21,7,
32.4675,-9,23,9,12,
32.4688,-14,21,7,15,
32.4702,1,10,10,8,
32.4715,8,22,14,16,
32.4728,19,29,27,23,
32.4742,27,50,32,30,
32.4755,33,47,34,37,
32.4768,33,47,34,37,
32.4782,23,39,27,34,
32.4795,14,31,26,27,
32.4808,21,36,19,18,
32.4821,3,13,19,20,
32.4835,-18,12,11,8,
32.4847,-18,12,11,8,
32.4861,-25,6,12,13,
32.4875,2,0,17,20,
32.4887,15,18,24,19,
32.4901,15,18,24,19,
32.4914,32,33,19,33,
32.4927,41,45,23,35,
32.494,36,41,30,28,
32.4954,36,41,30,28,
32.4967,28,28,36,31,
32.498,11,23,25,29,
32.4993,13,15,26,21,
32.5007,-17,0,23,29,
32.502,-18,-7,11,20,
32.5034,-18,-7,11,20,
32.5047,-6,10,16,20,
32.5061,6,24,26,25,
32.5075,30,36,28,28,
32.5088,42,34,39,37,
32.5101,45,40,35,33,
32.5114,45,40,35,33,
32.5127,29,36,37,30,
32.5141,26,37,36,28,
32.5154,2,24,36,17,
32.5167,-10,20,18,24,
32.5181,-10,20,18,24,
32.5194,-9,16,16,22,
32.5207,-9,16,16,22,
32.5221,8,19,22,20,
32.5234,24,30,32,22,
32.5247,38,38,37,22,
32.526,41,51,40,36,
32.5274,35,49,27,33,
32.5287,35,49,27,33,
32.53,21,38,35,32,
32.5313,9,33,32,32,
32.5327,2,14,35,23,
32.534,2,14,35,23,
32.5354,-20,15,16,21,
32.5367,-20,15,16,21,
32.5381,-22,17,20,18,
32.5394,4,27,32,20,
32.5408,31,38,35,25,
32.5421,38,40,38,31,
32.5434,53,51,44,36,
32.5448,53,51,44,36,
32.5461,47,50,35,32,
32.5474,16,33,25,18,
32.5487,16,33,25,18,
32.5502,1,26,21,25,
32.5515,-8,21,14,24,
32.5528,-8,21,14,24,
32.5542,-10,18,8,21,
32.5555,-1,31,11,14,
32.5568,8,29,16,20,
32.5582,36,44,12,26,
32.5595,36,49,21,23,
32.5608,47,57,32,29,
32.5622,36,56,35,28,
32.5635,26,53,22,23,
32.5648,20,38,22,17,
32.5662,9,29,15,13,
32.5675,2,30,20,18,
32.5688,1,28,28,12,
32.5702,-3,24,17,9,
32.5715,-9,21,7,11,
32.5728,23,23,15,14,
32.5742,27,35,21,26,
32.5755,38,50,33,18,
32.5768,47,58,30,18,
32.5781,45,60,17,22,
32.5795,45,60,17,22,
32.5808,28,52,28,21,
32.5821,16,33,27,27,
32.5834,7,30,20,19,
32.5847,4,27,17,18,
32.5861,-16,20,14,21,
32.5875,-22,16,17,18,
32.5888,-7,17,15,8,
32.5902,16,23,31,17,
32.5915,19,39,22,29,
32.5928,19,39,22,29,
32.5942,22,55,13,30,
32.5955,30,65,28,37,
32.5968,27,62,29,24,
32.5982,32,54,20,18,
32.5995,26,34,12,16,
32.6008,16,23,10,16,
32.6022,-5,19,16,17,
32.6035,-9,16,10,10,
32.6048,-9,19,4,18,
32.6062,-11,19,12,19,
32.6075,6,32,26,25,
32.6088,34,44,31,30,
32.6101,38,53,32,31,
32.6115,47,50,28,26,
32.6128,47,44,25,21,
32.6142,40,47,34,17,
32.6155,6,31,28,30,
32.6167,-11,27,26,23,
32.6181,-16,13,28,26,
32.6194,-16,13,28,26,
32.6207,-8,8,20,21,
32.6221,-14,14,11,7,
32.6234,-5,15,11,7,
32.6247,38,29,29,19,
32.6261,48,33,21,28,
32.6274,46,43,19,25,
32.6287,51,49,20,32,
32.6301,33,46,26,32,
32.6315,18,42,22,35,
32.6327,19,37,12,26,
32.6341,13,35,8,23,
32.6354,-2,27,17,21,
32.6367,-2,27,17,21,
32.6381,-20,0,9,7,
32.6394,-16,6,21,17,
32.6407,-6,31,21,20,
32.6421,35,38,29,23,
32.6434,42,35,28,23,
32.6448,48,41,30,28,
32.6462,48,41,30,28,
32.6476,36,42,32,23,
32.649,38,46,24,25,
32.6504,14,32,11,28,
32.6518,1,24,9,30,
32.6532,-10,23,13,19,
32.6545,-16,9,17,16,
32.6558,-16,9,17,16,
32.6571,-11,-2,26,17,
32.6585,10,9,26,19,
32.6599,27,36,24,22,
32.6613,57,51,31,26,
32.6626,68,60,33,29,
32.664,51,49,26,28,
32.6653,34,46,20,35,
32.6667,34,46,20,35,
32.668,4,22,21,24,
32.6694,-1,21,22,24,
32.6707,1,19,23,13,
32.672,-6,7,19,1,
32.6734,-15,11,15,3,
32.6747,3,17,12,8,
32.6761,23,35,11,17,
32.6774,39,35,20,14,
32.6787,52,38,27,21,
32.6801,53,47,26,25,
32.6814,38,53,25,31,
32.6827,25,41,22,23,
32.684,13,33,22,23,
32.6855,13,33,22,23,
32.6868,0,18,23,26,
32.6881,-11,21,6,25,
32.6895,-7,13,1,28,
32.6908,-4,2,10,20,
32.6921,11,12,16,25,
32.6934,39,25,21,37,
32.6948,35,33,33,37,
32.6962,44,52,37,37,
32.6975,35,33,32,32,
32.6988,35,33,32,32,
32.7002,26,29,25,25,
32.7015,19,20,19,20,
32.7028,16,12,10,24,
32.7042,2,8,10,22,
32.7055,-2,14,11,10,
32.7069,-2,14,11,10,
32.7082,17,10,8,19,
32.7096,27,30,17,24,
32.7109,45,49,35,36,
32.7122,53,46,38,37,
32.7136,50,42,30,43,
32.7149,50,42,30,43,
32.7162,50,42,30,43,
32.7175,34,42,14,32,
32.7189,24,30,7,24,
32.7203,6,22,19,20,
32.7216,-17,9,24,13,
32.7231,-17,9,24,13,
32.7244,4,23,17,11,
32.7257,9,35,25,10,
32.7271,28,32,24,12,
32.7284,40,38,26,17,
32.7297,41,52,25,19,
32.731,48,52,30,26,
32.7324,48,52,30,26,
32.7337,19,33,27,36,
32.735,12,34,17,33,
32.7363,1,28,17,31,
32.7377,-7,12,25,26,
32.739,-7,12,25,26,
32.7403,-18,0,24,14,
32.7416,6,14,23,20,
32.743,35,23,21,22,
32.7443,35,23,21,22,
32.7456,47,33,20,16,
32.747,41,46,34,33,
32.7483,41,46,34,33,
32.7496,34,42,40,26,
32.7509,27,35,24,34,
32.7523,6,30,19,24,
32.7536,0,34,14,19,
32.7549,-4,7,20,11,
32.7563,-4,7,20,11,
32.7576,-8,12,15,16,
32.759,-9,18,16,21,
32.7603,-3,20,27,15,
32.7616,20,25,25,17,
32.763,20,43,34,24,
32.7643,33,55,38,29,
32.7657,48,64,39,29,
32.767,35,53,35,36,
32.7684,17,37,17,19,
32.7697,12,33,11,19,
32.7711,6,27,20,17,
32.7724,-10,23,28,10,
32.7737,-10,23,28,10,
32.7751,-13,12,28,9,
32.7764,17,18,17,21,
32.7778,23,27,21,16,
32.7791,30,32,32,27,
32.7804,46,42,34,30,
32.7818,53,55,23,33,
32.7831,40,44,25,25,
32.7844,18,51,18,28,
32.7858,8,37,14,23,
32.7872,-3,27,20,20,
32.7885,-10,23,12,18,
32.7899,-10,23,12,18,
32.7912,-13,20,0,12,
32.7925,-12,23,7,11,
32.7939,16,29,15,20,
32.7952,44,51,26,27,
32.7966,53,47,26,23,
32.7979,56,53,30,25,
32.7993,43,58,24,24,
32.8006,30,58,34,27,
32.802,25,42,25,31,
32.8033,10,31,19,22,
32.8047,5,33,19,13,
32.806,-13,23,6,13,
32.8073,-13,23,6,13,
32.8087,-14,17,16,19,
32.8101,5,10,13,10,
32.8114,29,20,10,9,
32.8127,35,33,24,18,
32.8141,37,48,29,20,
32.8154,44,44,35,19,
32.8167,44,44,35,19,
32.8181,25,44,42,26,
32.8195,28,37,26,17,
32.8208,14,25,16,11,
32.8221,-11,4,8,18,
32.8234,-5,1,13,15,
32.8248,-5,1,13,15,
32.8261,5,-6,16,11,
32.8274,11,13,23,9,
32.8287,11,13,23,9,
32.8301,38,29,23,23,
32.8314,38,50,39,25,
32.8327,38,50,39,25,
32.834,50,48,32,28,
32.8353,23,32,14,23,
32.8366,13,28,8,21,
32.8379,8,26,7,20,
32.8392,10,29,9,25,
32.8406,-12,8,5,13,
32.842,-14,4,14,2,
32.8434,-14,4,14,2,
32.8448,9,10,27,15,
32.8463,33,28,30,16,
32.8476,51,50,26,29,
32.849,51,50,26,29,
32.8503,55,38,38,27,
32.8516,41,18,26,27,
32.8529,24,19,16,21,
32.8543,15,21,10,24,
32.8556,15,21,10,24,
32.857,-17,14,18,18,
32.8583,-8,16,16,12,
32.8597,-8,16,16,12,
32.861,3,11,17,16,
32.8623,19,14,23,21,
32.8636,35,28,24,25,
32.8649,40,38,36,29,
32.8663,38,38,43,40,
32.8676,38,38,43,40,
32.8689,36,37,40,40,
32.8703,17,30,34,35,
32.8716,3,16,26,24,
32.8729,1,-2,8,12,
32.8743,-18,4,13,6,
32.8756,-18,4,13,6,
32.877,-2,9,16,18,
32.8783,8,21,17,24,
32.8796,39,33,18,27,
32.8809,42,29,23,22,
32.8822,49,31,34,25,
32.8835,58,37,38,35,
32.8848,47,33,27,38,
32.8862,47,33,27,38,
32.8875,10,16,25,34,
32.8889,-5,18,22,29,
32.8902,-4,6,11,20,
32.8915,-15,0,6,26,
32.8928,-15,0,6,26,
32.8942,-13,3,3,17,
32.8955,9,17,29,20,
32.8968,9,17,29,20,
32.8982,39,24,23,33,
32.8995,54,34,34,22,
32.9008,54,34,34,22,
32.9022,46,32,30,30,
32.9035,39,27,23,24,
32.9048,6,12,20,29,
32.9061,5,11,18,21,
32.9074,5,12,18,15,
32.9088,-6,-7,11,13,
32.9101,-6,-7,11,13,
32.9114,-6,-7,11,13,
32.9127,9,-9,12,17,
32.9141,34,7,21,18,
32.9155,35,23,31,31,
32.9168,49,34,25,22,
32.9181,49,34,25,22,
32.9194,33,37,32,29,
32.9207,24,11,20,26,
32.9221,5,4,15,17,
32.9234,10,-5,14,8,
32.9247,10,-5,14,8,
32.9261,-17,-16,17,9,
32.9274,-17,-16,17,9,
32.9287,-6,-30,18,11,
32.9301,19,-15,21,12,
32.9314,35,-3,25,16,
32.9328,32,-2,23,33,
32.9341,45,-12,20,28,
32.9354,45,-12,20,28,
32.9367,46,-21,32,32,
32.9381,11,-44,32,30,
32.9395,11,-44,32,30,
32.9407,12,-54,34,29,
32.9421,15,-80,37,20,
32.9434,-7,-104,29,18,
32.9447,-9,-111,25,26,
32.9461,21,-139,33,37,
32.9474,46,-169,45,45,
32.9487,47,-183,60,45,
32.9501,55,-185,56,48,
32.9514,50,-186,59,39,
32.9528,37,-177,53,31,
32.9541,18,-158,31,23,
32.9554,-30,-139,5,-11,
32.9567,-120,-301,-67,-105,
32.958,-237,-706,-167,-234,
32.9593,-351,-1122,-277,-373,
32.9607,-431,-1439,-379,-493,
32.962,-471,-1604,-447,-575,
32.9634,-486,-1663,-478,-620,
32.9647,-458,-1591,-460,-647,
32.9661,-435,-1502,-441,-623,
32.9674,-435,-1502,-441,-623,
32.9687,-376,-1314,-388,-537,
32.9701,-354,-1228,-367,-489,
32.9714,-354,-1228,-367,-489,
32.9727,-322,-1071,-315,-424,
32.9741,-312,-989,-295,-400,
32.9754,-312,-989,-295,-400,
32.9767,-296,-930,-276,-373,
32.978,-264,-842,-239,-341,
32.9794,-245,-788,-234,-316,
32.9807,-211,-738,-210,-283,
32.982,-159,-628,-162,-241,
32.9833,-159,-628,-162,-241,
32.9846,-142,-600,-156,-233,
32.986,-137,-567,-152,-229,
32.9874,-136,-547,-140,-223,
32.9887,-141,-524,-136,-209,
32.99,-164,-488,-131,-205,
32.9914,-148,-472,-131,-199,
32.9927,-148,-472,-131,-199,
32.994,-153,-457,-139,-198,
32.9953,-147,-396,-128,-170,
32.9966,-127,-386,-116,-160,
32.998,-127,-386,-116,-160,
32.9993,-80,-323,-95,-129,
33.0006,-63,-311,-89,-134,
33.002,-64,-292,-84,-123,
33.0033,-73,-284,-91,-114,
33.0047,-88,-282,-81,-105,
33.006,-96,-286,-81,-107,
33.0074,-93,-266,-66,-108,
33.0087,-102,-251,-80,-109,
33.01,-102,-251,-80,-109,
33.0113,-102,-251,-80,-109,
33.0126,-101,-244,-91,-103,
33.0139,-92,-221,-80,-92,
33.0153,-72,-204,-59,-82,
33.0166,-48,-181,-48,-78,
33.018,-48,-181,-48,-78,
33.0193,-45,-163,-52,-80,
33.0206,-48,-155,-45,-66,
33.022,-52,-156,-50,-61,
33.0233,-59,-155,-47,-71,
33.0246,-54,-144,-50,-75,
33.026,-61,-144,-39,-69,
33.0273,-75,-147,-50,-73,
33.0287,-75,-147,-50,-73,
33.03,-50,-136,-41,-64,
33.0313,-50,-132,-44,-52,
33.0327,-30,-111,-39,-45,
33.034,-21,-83,-22,-50,
33.0354,-21,-83,-22,-50,
33.0367,-5,-82,-19,-47,
33.038,-26,-83,-28,-46,
33.0393,-26,-83,-28,-46,
33.0407,-42,-85,-21,-42,
33.042,-54,-80,-15,-43,
33.0433,-60,-89,-32,-44,
33.0447,-60,-89,-32,-44,
33.046,-59,-91,-32,-43,
33.0474,-30,-63,-34,-41,
33.0488,-24,-56,-24,-39,
33.0501,6,-42,-15,-23,
33.0515,0,-35,-17,-20,
33.053,0,-35,-17,-20,
33.0545,6,-25,-11,-14,
33.0559,-14,-32,-8,-17,
33.0573,-24,-34,-10,-21,
33.0587,-18,-35,-19,-12,
33.06,-20,-47,-24,-12,
33.0614,-26,-39,-15,-20,
33.0628,-26,-39,-15,-20,
33.0642,-36,-27,-6,-22,
33.0655,-32,-15,-7,-15,
33.0669,-9,-20,-4,-7,
33.0682,4,-18,0,-9,
33.0695,6,-5,6,-10,
33.0709,-6,0,9,-7,
33.0722,-6,0,9,-7,
33.0735,-9,-6,5,-11,
33.0748,-4,-12,2,-9,
33.0761,-8,-17,0,-13,
33.0775,-17,-26,-5,-16,
33.0788,-31,-30,-2,-16,
33.0801,-31,-30,-2,-16,
33.0814,-30,-17,2,-9,
33.0828,2,-4,7,-7,
33.0841,-1,7,10,-11,
33.0854,15,7,18,-2,
33.0867,23,-9,14,0,
33.0881,23,-9,14,0,
33.0894,16,-9,14,-3,
33.0907,3,-15,18,-12,
33.092,1,-2,7,-9,
33.0934,1,-2,7,-9,
33.0947,-7,-4,6,-3,
33.096,-16,-7,-4,-2,
33.0974,-23,-10,5,0,
33.0987,-12,-13,5,7,
33.1,29,14,23,6,
33.1014,24,6,27,6,
33.1027,24,7,27,10,
33.104,24,4,24,17,
33.1054,12,1,20,10,
33.1067,5,2,14,1,
33.108,-2,-2,8,7,
33.1093,-11,-3,11,9,
33.1107,-6,-1,16,6,
33.112,-11,3,13,1,
33.1133,-6,10,4,-2,
33.1147,6,12,5,-3,
33.116,19,15,7,2,
33.1173,19,21,17,18,
33.1186,21,18,27,18,
33.12,19,20,21,12,
33.1213,13,25,10,10,
33.1226,0,23,13,4,
33.1239,0,23,13,4,
33.1253,-1,11,8,3,
33.1266,-15,9,22,18,
33.128,-16,-1,20,22,
33.1293,-16,-1,20,22,
33.1307,-7,-8,11,14,
33.132,-13,2,10,18,
33.1333,-6,14,22,27,
33.1347,16,15,14,22,
33.136,31,11,28,24,
33.1373,31,11,28,24,
33.1387,27,21,24,30,
33.14,18,19,11,21,
33.1413,18,27,11,13,
33.1427,17,13,14,14,
33.144,-1,10,6,16,
33.1454,-1,10,6,16,
33.1467,0,7,4,24,
33.1481,-4,10,1,14,
33.1494,2,9,3,11,
33.1507,14,13,8,21,
33.1521,17,29,22,21,
33.1534,17,29,22,21,
33.1548,17,29,22,21,
33.1561,28,28,22,18,
33.1575,22,25,15,17,
33.1588,9,10,20,10,
33.1601,-1,-4,6,5,
33.1615,2,1,10,12,
33.1628,2,1,10,12,
33.1642,0,16,10,12,
33.1655,-2,20,8,20,
33.1668,4,15,15,22,
33.1681,28,19,23,22,
33.1695,19,31,22,21,
33.1708,19,31,22,21,
33.1721,24,35,15,19,
33.1735,22,23,20,19,
33.1748,21,19,23,26,
33.1762,15,21,21,25,
33.1775,6,1,20,11,
33.1789,6,1,20,11,
33.1802,-10,-2,20,9,
33.1815,-16,13,23,2,
33.1828,-4,10,23,0,
33.1842,16,3,15,8,
33.1855,23,25,20,29,
33.1868,23,25,20,29,
33.1882,33,25,19,31,
33.1895,33,32,14,22,
33.1908,29,22,18,16,
33.1921,25,16,11,16,
33.1935,20,13,14,16,
33.1948,2,16,23,13,
33.1961,-3,19,26,15,
33.1975,-2,21,17,10,
33.1988,-7,11,21,8,
33.2002,-7,3,28,11,
33.2015,3,9,17,21,
33.2029,23,27,22,32,
33.2043,24,22,21,32,
33.2056,28,36,17,28,
33.207,20,19,29,23,
33.2083,20,27,21,24,
33.2096,10,18,20,18,
33.211,1,11,22,10,
33.2123,0,9,10,12,
33.2136,0,9,10,12,
33.215,-6,1,15,12,
33.2163,-4,3,20,22,
33.2176,-1,14,29,29,
33.219,17,15,27,19,
33.2203,28,23,21,17,
33.2216,25,22,19,25,
33.223,19,36,26,29,
33.2243,16,31,17,20,
33.2257,12,19,16,18,
33.227,12,19,16,18,
33.2283,1,11,19,15,
33.2297,3,11,26,7,
33.231,11,8,20,10,
33.2324,-4,16,12,20,
33.2337,13,22,14,15,
33.235,13,22,14,15,
33.2363,29,28,35,26,
33.2377,29,34,31,22,
33.239,28,33,34,18,
33.2403,17,19,21,19,
33.2417,9,20,25,24,
33.243,9,20,25,24,
33.2444,9,20,25,24,
33.2458,5,11,12,19,
33.2471,1,5,20,21,
33.2484,-6,3,20,22,
33.2498,5,4,12,18,
33.2512,11,9,22,16,
33.2526,11,9,22,16,
33.2539,26,28,25,18,
33.2553,29,25,23,22,
33.2566,35,25,25,32,
33.258,39,23,19,24,
33.2594,23,22,19,25,
33.2607,12,16,29,17,
33.2621,1,6,30,22,
33.2635,9,-2,28,28,
33.2648,2,3,16,14,
33.2661,4,9,19,10,
33.2675,4,9,19,10,
33.2688,7,25,26,16,
33.2702,31,22,27,27,
33.2715,31,22,27,27,
33.2728,22,24,26,25,
33.2742,19,19,32,21,
33.2755,14,22,37,22,
33.2768,8,21,29,22,
33.2782,17,22,18,18,
33.2795,27,16,17,20,
33.2808,7,10,22,24,
33.2822,-6,15,13,20,
33.2835,-6,15,13,20,
33.2848,-2,12,18,16,
33.2862,16,24,30,25,
33.2875,16,24,30,25,
33.2888,21,33,35,35,
33.2902,24,40,33,30,
33.2915,18,22,13,28,
33.2928,19,24,18,24,
33.2942,19,24,24,19,
33.2955,13,15,17,20,
33.2968,13,15,17,20,
33.2981,18,22,17,19,
33.2995,1,25,19,20,
33.3007,6,12,21,21,
33.3022,13,17,17,21,
33.3036,35,28,34,20,
33.3049,35,28,34,20,
33.3062,27,21,31,26,
33.3075,31,33,26,31,
33.3089,34,22,14,23,
33.3103,25,19,10,20,
33.3116,25,19,10,20,
33.313,6,29,9,27,
33.3143,6,19,8,18,
33.3157,-6,7,17,15,
33.317,5,10,22,16,
33.3183,2,13,30,22,
33.3196,13,25,27,21,
33.3209,17,40,24,31,
33.3222,32,32,23,27,
33.3236,28,20,19,28,
33.3249,31,23,25,30,
33.3262,27,29,28,31,
33.3275,22,33,26,26,
33.3288,11,28,18,26,
33.3303,4,11,22,15,
33.3316,-6,19,19,16,
33.3329,-1,14,6,18,
33.3342,12,6,9,32,
33.3356,21,17,17,36,
33.3369,25,31,28,33,
33.3382,34,39,31,22,
33.3396,34,39,31,22,
33.3409,21,31,34,29,
33.3422,25,25,24,30,
33.3435,21,17,21,21,
33.3448,23,21,23,18,
33.3462,23,21,23,18,
33.3475,16,21,28,16,
33.3488,7,12,28,19,
33.3501,4,8,25,17,
33.3515,12,7,25,28,
33.3528,16,19,27,34,
33.3541,16,19,27,34,
33.3554,32,30,34,35,
33.3567,35,30,27,40,
33.3581,29,35,20,32,
33.3594,27,27,23,25,
33.3607,11,21,32,25,
33.362,11,21,32,25,
33.3634,12,23,31,30,
33.3647,8,12,28,17,
33.3661,9,0,25,18,
33.3674,3,6,27,12,
33.3687,9,5,23,15,
33.3701,12,10,21,20,
33.3714,12,10,21,20,
33.3727,24,20,15,19,
33.3741,35,25,17,22,
33.3754,38,26,22,37,
33.3767,22,22,38,25,
33.378,22,22,38,25,
33.3794,9,18,24,20,
33.3808,7,16,19,27,
33.3822,1,17,16,23,
33.3835,1,17,16,23,
33.3847,-4,14,25,17,
33.3861,19,23,20,13,
33.3874,19,23,20,13,
33.3887,12,26,20,21,
33.3901,31,36,25,32,
33.3913,35,37,31,32,
33.3927,26,25,28,33,
33.394,20,28,30,28,
33.3953,16,25,23,26,
33.3966,3,16,10,30,
33.398,6,8,14,25,
33.3993,0,9,15,20,
33.4007,0,10,24,18,
33.402,1,13,21,10,
33.4033,6,9,19,11,
33.4046,9,11,26,21,
33.4059,31,23,29,26,
33.4072,27,25,30,20,
33.4086,22,19,29,24,
33.4099,10,30,34,24,
33.4113,10,30,34,24,
33.4126,14,12,14,26,
33.414,16,6,11,16,
33.4154,8,2,18,20,
33.4167,4,5,12,19,
33.4181,-3,12,5,23,
33.4194,-3,12,5,23,
33.4207,6,25,27,8,
33.4221,10,32,29,18,
33.4234,13,29,37,25,
33.4247,34,30,26,19,
33.4261,25,30,25,19,
33.4274,25,30,25,19,
33.4287,21,12,23,25,
33.4301,9,16,25,21,
33.4315,9,16,25,21,
33.4328,-5,27,29,22,
33.4341,2,2,10,26,
33.4354,2,2,10,26,
33.4367,6,12,11,9,
33.4381,2,9,12,12,
33.4394,22,16,17,13,
33.4407,30,29,25,17,
33.4421,38,30,34,21,
33.4435,29,32,31,29,
33.4448,29,27,26,26,
33.4461,19,19,32,22,
33.4475,19,19,32,22,
33.4489,-1,17,29,19,
33.4503,-1,12,15,19,
33.4517,-8,11,10,19,
33.453,-3,11,15,12,
33.4544,11,19,15,17,
33.4557,28,33,16,23,
33.4571,25,28,21,20,
33.4585,23,18,22,18,
33.4599,24,31,24,22,
33.4612,29,36,17,24,
33.4626,35,19,19,28,
33.4639,20,24,23,22,
33.4652,4,28,28,25,
33.4666,10,11,30,28,
33.4679,10,11,30,28,
33.4692,-2,11,14,24,
33.4705,-2,23,14,24,
33.4719,16,23,15,20,
33.4732,16,26,21,22,
33.4746,17,29,23,24,
33.4759,28,24,31,19,
33.4772,28,24,31,19,
33.4785,22,17,34,28,
33.4799,17,19,21,29,
33.4812,8,14,18,24,
33.4826,6,22,8,29,
33.4839,-9,16,21,22,
33.4852,-9,16,21,22,
33.4866,-4,19,21,13,
33.4879,4,22,28,18,
33.4892,4,22,28,18,
33.4906,4,18,23,17,
33.4919,29,26,33,20,
33.4933,29,26,33,20,
33.4946,27,23,35,23,
33.4959,31,8,27,27,
33.4973,15,12,22,26,
33.4986,7,20,19,22,
33.5,14,22,12,26,
33.5013,-4,24,20,29,
33.5026,-11,21,15,20,
33.5039,8,11,20,15,
33.5052,2,10,15,24,
33.5066,15,7,11,17,
33.508,17,11,16,11,
33.5093,19,27,17,21,
33.5107,30,34,15,32,
33.5121,22,31,18,28,
33.5134,18,18,20,18,
33.5148,12,19,16,24,
33.5161,9,14,11,29,
33.5174,11,12,16,24,
33.5187,11,12,16,24,
33.52,-2,3,17,17,
33.5214,-1,13,18,18,
33.5227,6,17,16,26,
33.5241,14,33,15,23,
33.5254,19,38,10,27,
33.5267,21,39,19,32,
33.5281,19,29,28,26,
33.5294,10,19,16,28,
33.5307,7,14,12,23,
33.532,3,7,22,25,
33.5333,3,7,22,25,
33.5347,2,19,19,24,
33.536,-4,23,13,22,
33.5373,-5,19,10,15,
33.5387,1,15,24,18,
33.54,7,24,31,11,
33.5413,25,22,33,23,
33.5427,31,27,39,33,
33.544,22,33,30,28,
33.5453,20,33,25,23,
33.5467,25,19,31,27,
33.5481,17,13,35,29,
33.5494,13,11,32,16,
33.5507,9,13,24,14,
33.5521,2,11,23,15,
33.5534,-4,11,22,18,
33.5547,-6,13,11,27,
33.556,8,19,18,18,
33.5574,17,23,19,31,
33.5587,17,23,19,31,
33.5601,23,23,24,23,
33.5614,23,22,36,30,
33.5627,23,22,36,30,
33.564,24,18,30,22,
33.5653,18,21,29,21,
33.5667,18,21,29,21,
33.568,13,22,16,26,
33.5694,7,18,27,31,
33.5707,2,14,17,22,
33.572,2,21,21,13,
33.5733,16,22,20,16,
33.5746,16,22,20,16,
33.576,27,25,23,31,
33.5773,18,28,28,32,
33.5786,27,28,32,31,
33.5799,24,20,33,29,
33.5812,23,19,24,29,
33.5826,3,21,22,28,
33.5839,3,21,22,28,
33.5853,2,27,26,22,
33.5866,1,14,15,16,
33.5879,-3,19,16,9,
33.5892,-7,29,22,13,
33.5905,11,27,19,17,
33.5918,11,27,19,17,
33.5932,21,27,28,22,
33.5945,21,39,27,19,
33.5958,27,25,30,26,
33.5971,21,26,22,30,
33.5985,9,15,15,23,
33.5998,3,12,19,28,
33.6012,-4,24,23,27,
33.6025,12,26,23,22,
33.6038,-1,4,11,14,
33.6051,-3,13,16,20,
33.6065,-3,13,16,20,
33.6078,18,24,20,32,
33.6092,18,24,20,32,
33.6107,17,20,16,29,
33.612,33,20,20,37,
33.6134,36,28,29,27,
33.6147,25,25,27,31,
33.6161,17,20,24,31,
33.6174,9,14,17,24,
33.6188,8,18,8,24,
33.6201,14,22,10,17,
33.6214,0,16,11,21,
33.6228,-1,13,24,14,
33.6241,8,11,24,9,
33.6255,11,19,16,7,
33.6268,34,34,29,21,
33.6282,33,31,38,30,
33.6295,31,32,38,29,
33.6309,32,30,34,26,
33.6322,17,24,25,27,
33.6336,16,25,20,28,
33.6349,16,25,20,28,
33.6362,7,28,19,19,
33.6376,1,20,20,9,
33.639,8,12,11,14,
33.6404,9,24,16,24,
33.6417,21,26,27,21,
33.6432,21,26,27,21,
33.6445,27,24,30,29,
33.6459,35,33,26,33,
33.6474,46,30,37,23,
33.6489,8,16,21,25,
33.6502,8,16,21,25,
33.6516,13,17,20,26,
33.6529,12,20,16,21,
33.6542,2,11,10,19,
33.6557,5,9,14,22,
33.657,5,18,9,16,
33.6585,18,14,15,16,
33.66,15,12,28,17,
33.6613,29,26,29,27,
33.6627,29,26,29,27,
33.6641,41,18,32,28,
33.6654,26,24,30,29,
33.6668,23,24,23,26,
33.6682,11,25,17,20,
33.6695,11,25,17,20,
33.6709,1,24,22,24,
33.6722,-3,31,23,23,
33.6735,3,13,13,23,
33.6749,1,22,18,17,
33.6762,15,22,27,8,
33.6776,21,26,36,12,
33.6789,28,35,43,20,
33.6803,28,35,43,20,
33.6816,20,30,40,24,
33.6829,33,39,36,17,
33.6843,28,25,26,15,
33.6856,28,25,26,15,
33.6869,2,17,17,14,
33.6883,0,18,22,13,
33.6896,-6,20,26,10,
33.691,1,25,23,12,
33.6924,5,14,23,17,
33.6938,0,12,16,18,
33.6952,0,12,16,18,
33.6965,25,28,29,37,
33.6979,31,30,24,31,
33.6993,31,32,24,32,
33.7007,34,23,19,30,
33.702,33,27,23,25,
33.7034,33,27,23,25,
33.7048,7,29,22,24,
33.7062,3,20,25,24,
33.7075,-7,16,17,22,
33.7088,-3,17,15,17,
33.7102,-5,25,15,18,
33.7116,-5,25,15,18,
33.713,20,26,21,31,
33.7143,25,27,22,34,
33.7157,27,31,30,24,
33.717,29,35,30,32,
33.7184,18,25,19,32,
33.7197,18,25,19,32,
33.7211,13,26,19,34,
33.7224,0,13,20,22,
33.7238,4,12,22,16,
33.7251,3,14,19,12,
33.7265,14,19,25,19,
33.7279,5,13,22,16,
33.7292,5,13,22,16,
33.7306,18,6,27,30,
33.7319,22,35,37,23,
33.7332,23,37,32,31,
33.7345,23,30,26,32,
33.7358,19,14,21,24,
33.7371,19,14,21,24,
33.7384,19,14,21,24,
33.7397,17,16,24,24,
33.7411,8,17,20,19,
33.7425,6,4,14,22,
33.7438,11,10,15,29,
33.7451,18,17,29,23,
33.7465,4,20,31,28,
33.7479,14,22,26,34,
33.7492,22,35,23,33,
33.7507,28,28,36,30,
33.7521,30,26,33,31,
33.7534,30,26,33,31,
33.7548,16,19,22,18,
33.7562,18,16,29,13,
33.7576,21,23,26,19,
33.7589,11,21,16,24,
33.7603,10,25,6,20,
33.7617,10,25,6,20,
33.763,4,27,19,28,
33.7644,23,23,28,23,
33.7658,20,17,29,22,
33.7671,36,27,27,26,
33.7685,32,26,31,29,
33.7699,32,26,31,29,
33.7712,32,26,31,29,
33.7726,24,24,33,28,
33.774,21,23,33,21,
33.7754,1,11,20,33,
33.7767,-3,4,12,22,
33.7781,-3,4,12,22,
33.7794,10,8,15,17,
33.7808,13,11,17,18,
33.7822,25,23,23,27,
33.7835,24,17,31,30,
33.7848,38,25,33,23,
33.7861,31,36,31,29,
33.7874,31,36,31,29,
33.7888,15,38,24,27,
33.7902,11,13,20,28,
33.7916,0,8,16,20,
33.7929,1,11,19,19,
33.7942,-4,21,13,19,
33.7956,-5,10,8,22,
33.7969,-9,13,7,28,
33.7982,29,30,27,21,
33.7996,27,31,24,31,
33.8009,27,31,24,31,
33.8022,30,31,20,29,
33.8036,39,33,29,26,
33.805,31,26,39,21,
33.8063,19,33,30,27,
33.8077,15,20,29,16,
33.809,11,18,31,16,
33.8104,-3,18,28,20,
33.8117,-3,18,28,20,
33.813,-6,20,15,20,
33.8144,4,15,8,27,
33.8158,4,15,8,27,
33.8171,20,22,24,23,
33.8185,25,29,28,26,
33.8199,29,32,30,21,
33.8212,30,34,26,24,
33.8226,20,37,19,24,
33.824,20,30,18,20,
33.8253,16,12,16,22,
33.8267,3,15,19,21,
33.8281,-3,12,26,23,
33.8294,-3,12,26,23,
33.8308,4,12,14,22,
33.8321,-2,19,12,23,
33.8334,14,19,20,28,
33.8348,27,20,31,32,
33.8361,17,19,35,31,
33.8375,17,19,35,31,
33.8389,21,27,40,24,
33.8402,23,30,29,31,
33.8415,14,28,25,27,
33.8429,8,21,26,30,
33.8443,2,21,27,27,
33.8456,-4,28,21,16,
33.847,0,17,9,13,
33.8485,1,18,22,26,
33.85,19,19,20,20,
33.8514,34,25,17,21,
33.8528,35,33,20,27,
33.8543,35,33,20,27,
33.8557,38,39,26,30,
33.8571,31,26,15,23,
33.8585,21,24,20,18,
33.8599,12,18,24,23,
33.8612,15,16,23,29,
33.8626,3,21,27,30,
33.864,-13,15,25,31,
33.8654,-1,14,15,26,
33.8668,4,15,15,19,
33.8681,18,20,31,18,
33.8695,38,27,28,25,
33.8708,44,23,20,34,
33.8722,45,19,33,28,
33.8736,45,19,33,28,
33.875,31,26,30,27,
33.8763,24,19,19,29,
33.8777,13,16,14,15,
33.879,13,16,14,15,
33.8804,7,15,20,13,
33.8817,7,13,22,18,
33.8831,5,14,20,18,
33.8845,6,11,13,20,
33.8858,37,29,21,34,
33.8873,33,33,31,24,
33.8886,33,33,31,24,
33.8899,30,32,29,23,
33.8913,25,41,21,24,
33.8926,27,42,23,33,
33.894,18,28,33,25,
33.8954,22,28,27,28,
33.8967,23,20,25,30,
33.8981,23,20,25,30,
33.8995,5,2,20,13,
33.9008,3,11,16,16,
33.9022,5,28,25,24,
33.9036,34,31,19,20,
33.905,31,22,21,28,
33.9064,25,20,24,38,
33.9077,16,27,30,31,
33.909,30,15,30,22,
33.9104,21,25,31,25,
33.9118,4,22,23,26,
33.9131,9,15,30,26,
33.9144,1,17,32,23,
33.9158,1,17,32,23,
33.9172,-3,16,22,25,
33.9185,3,18,27,19,
33.9199,3,14,30,28,
33.9213,41,11,30,19,
33.9227,38,20,37,17,
33.9241,38,20,37,17,
33.9254,20,20,43,26,
33.9268,19,29,41,32,
33.9281,22,21,28,33,
33.9295,15,25,30,26,
33.9309,15,25,30,26,
33.9322,14,17,29,22,
33.9336,4,21,15,14,
33.9349,-4,9,22,13,
33.9363,1,6,22,11,
33.9377,19,16,20,18,
33.939,37,41,34,22,
33.9404,39,32,35,26,
33.9417,39,32,35,26,
33.9432,36,30,36,31,
33.9445,21,25,29,23,
33.9459,21,25,29,23,
33.9472,10,20,19,30,
33.9486,6,11,11,34,
33.9499,6,11,11,34,
33.9512,-1,26,8,21,
33.9526,2,19,6,22,
33.954,8,11,8,31,
33.9554,29,23,37,26,
33.9567,34,32,42,25,
33.9581,34,32,42,25,
33.9594,31,29,31,28,
33.9608,24,17,33,33,
33.9622,26,22,37,28,
33.9635,19,14,27,22,
33.9648,12,12,17,13,
33.9662,12,12,17,13,
33.9675,8,20,18,13,
33.9689,-4,9,12,17,
33.9703,5,3,15,11,
33.9716,11,10,11,13,
33.973,20,27,21,10,
33.9743,22,28,20,19,
33.9757,22,28,20,19,
33.9771,29,24,22,31,
33.9784,20,25,27,18,
33.9798,22,18,36,26,
33.9811,13,14,37,24,
33.9825,12,21,21,18,
33.9839,15,18,12,23,
33.9852,5,7,17,28,
33.9866,4,9,11,25,
33.988,12,13,17,27,
33.9894,24,18,20,40,
33.9907,24,18,20,40,
33.9921,24,35,35,33,
33.9935,19,29,35,28,
33.9949,29,35,36,30,
33.9963,32,25,22,27,
33.9976,21,12,23,21,
33.999,1,12,18,20,
34.0003,-5,23,23,24,
34.0017,-5,15,25,15,
34.003,3,6,23,18,
34.0044,19,18,9,18,
34.0057,22,31,16,20,
34.0071,22,31,16,20,
34.0085,34,38,25,31,
34.0098,40,30,23,38,
34.0112,46,37,23,39,
34.0126,49,30,23,37,
34.014,27,37,24,18,
34.0153,27,37,24,18,
34.0167,22,32,11,9,
34.0181,10,23,19,10,
34.0194,8,20,16,4,
34.0207,0,13,21,10,
34.0221,9,12,27,26,
34.0235,5,30,18,27,
34.0248,5,30,18,27,
34.0262,27,29,21,24,
34.0276,32,16,22,22,
34.0289,30,28,21,31,
34.0303,28,36,23,26,
34.0316,20,27,25,24,
34.0329,20,27,25,24,
34.0343,0,15,27,31,
34.0356,-2,17,28,21,
34.0371,-4,19,23,18,
34.0385,-4,19,23,18,
34.0399,17,14,22,16,
34.0412,17,14,22,16,
34.0426,22,20,22,17,
34.044,22,20,32,23,
34.0453,33,30,30,30,
34.0467,42,29,23,29,
34.0481,26,21,21,27,
34.0494,14,18,18,28,
34.0508,8,21,16,26,
34.0521,9,23,18,32,
34.0535,13,30,14,22,
34.0549,0,19,16,19,
34.0563,-3,16,17,19,
34.0577,-1,9,17,19,
34.059,11,4,17,15,
34.0604,18,12,23,20,
34.0617,29,28,29,24,
34.0631,30,28,33,25,
34.0645,16,31,21,24,
34.0659,16,29,31,21,
34.0673,13,20,21,16,
34.0687,13,20,21,16,
34.0701,-6,18,18,19,
34.0714,4,15,15,25,
34.0728,6,17,19,25,
34.0741,3,8,19,19,
34.0754,7,0,22,15,
34.0768,13,9,18,17,
34.0781,17,23,18,28,
34.0794,31,40,36,34,
34.0808,33,22,34,37,
34.0821,33,22,34,37,
34.0835,31,33,31,28,
34.0848,30,34,29,18,
34.0862,15,21,28,16,
34.0875,1,11,24,11,
34.0889,4,14,27,6,
34.0902,0,13,22,15,
34.0916,0,13,22,15,
34.0929,7,22,22,27,
34.0943,13,33,25,32,
34.0957,30,24,27,23,
34.097,23,27,23,34,
34.0983,29,20,26,27,
34.0997,29,20,26,27,
34.101,29,20,26,27,
34.1024,18,16,24,24,
34.1038,9,20,22,23,
34.1051,11,13,25,30,
34.1065,-3,11,19,20,
34.1079,-3,11,19,20,
34.1092,8,13,13,23,
34.1106,19,16,20,20,
34.112,26,14,20,27,
34.1134,23,19,16,28,
34.1147,43,31,16,26,
34.116,43,31,16,26,
34.1174,37,26,20,19,
34.1187,23,26,38,31,
34.1202,16,20,27,27,
34.1215,7,19,19,19,
34.1229,-1,22,26,17,
34.1243,-1,22,26,17,
34.1257,2,13,21,18,
34.127,9,15,17,22,
34.1284,16,15,25,32,
34.1297,26,31,19,25,
34.1311,26,31,19,25,
34.1325,31,33,24,25,
34.1338,31,27,30,27,
34.1352,18,33,36,33,
34.1366,16,23,32,21,
34.1379,8,21,36,16,
34.1392,8,21,36,16,
34.1405,-1,18,35,26,
34.1418,8,8,15,7,
34.1432,5,8,15,13,
34.1446,-2,20,15,13,
34.1459,24,32,13,26,
34.1472,24,32,13,26,
34.1486,24,32,13,26,
34.1499,30,30,30,23,
34.1513,18,30,28,20,
34.1527,19,25,30,23,
34.154,20,16,27,24,
34.1554,21,24,20,21,
34.1568,7,18,15,23,
34.1581,-2,11,17,21,
34.1595,2,25,17,23,
34.1609,3,11,22,21,
34.1622,9,8,18,27,
34.1636,29,18,23,29,
34.1649,29,18,23,29,
34.1663,24,22,31,22,
34.1677,35,18,42,28,
34.169,32,20,32,21,
34.1704,22,28,22,27,
34.1718,17,34,24,23,
34.1731,9,19,15,15,
34.1745,4,4,21,18,
34.1758,4,6,14,15,
34.1772,4,9,17,15,
34.1786,5,20,23,11,
34.1799,5,20,23,11,
34.1812,16,25,27,22,
34.1826,22,27,31,32,
34.1838,32,19,31,24,
34.1852,31,20,26,31,
34.1865,13,21,13,24,
34.1879,13,21,13,24,
34.1892,20,26,17,24,
34.1906,8,23,13,22,
34.1919,-1,13,28,19,
34.1933,-4,10,20,16,
34.1946,1,14,24,16,
34.196,4,19,19,20,
34.1973,4,19,19,20,
34.1987,8,18,18,23,
34.2001,18,16,28,37,
34.2015,31,28,41,30,
34.2028,29,39,32,31,
34.2042,17,29,20,23,
34.2055,15,29,18,16,
34.2069,15,29,18,16,
34.2082,11,27,15,11,
34.2096,15,27,11,13,
34.211,15,27,11,13,
34.2124,-10,26,18,24,
34.2138,-10,26,18,24,
34.2152,11,19,16,18,
34.2166,24,31,14,17,
34.218,36,37,26,31,
34.2193,30,42,26,29,
34.2207,18,44,24,26,
34.2221,17,38,30,26,
34.2235,19,32,31,28,
34.2248,22,27,36,21,
34.2262,17,17,23,19,
34.2275,9,8,16,26,
34.2289,-3,14,19,19,
34.2302,4,13,13,22,
34.2316,4,13,13,22,
34.2329,18,22,23,21,
34.2343,24,26,34,23,
34.2356,31,31,32,22,
34.237,22,23,22,30,
34.2383,22,25,28,28,
34.2398,19,16,30,31,
34.2411,19,16,30,31,
34.2426,8,11,24,31,
34.2439,21,22,19,18,
34.2453,6,10,11,12,
34.2469,1,12,21,19,
34.2483,1,12,21,19,
34.2497,4,19,22,17,
34.2511,24,22,38,30,
34.2525,24,22,38,30,
34.2539,37,26,27,32,
34.2553,33,24,32,20,
34.2567,15,16,30,26,
34.2583,15,16,30,26,
34.2597,23,23,20,16,
34.261,26,18,29,19,
34.2624,-2,5,12,25,
34.2638,5,4,26,29,
34.2652,15,10,24,29,
34.2665,21,30,24,24,
34.2679,21,30,24,24,
34.2692,22,33,34,23,
34.2706,31,27,33,22,
34.272,44,29,32,25,
34.2733,33,25,32,25,
34.2747,33,25,32,25,
34.2761,30,19,27,25,
34.2774,12,18,26,19,
34.2787,11,21,19,21,
34.2801,4,18,17,19,
34.2814,4,18,17,19,
34.2828,-1,12,19,20,
34.2842,10,17,15,29,
34.2855,31,33,17,30,
34.2868,45,41,23,24,
34.2882,36,45,35,26,
34.2895,30,23,37,31,
34.2909,30,23,37,31,
34.2923,24,23,37,22,
34.2936,13,23,25,19,
34.2949,14,22,18,18,
34.2963,6,19,8,22,
34.2977,-4,20,18,19,
34.299,-1,13,14,17,
34.3004,-1,13,14,17,
34.3017,21,13,24,25,
34.3031,20,33,32,33,
34.3045,26,35,31,33,
34.3059,36,40,28,30,
34.3072,26,32,35,23,
34.3086,16,30,29,18,
34.31,8,38,29,13,
34.3113,7,12,21,19,
34.3127,1,12,21,24,
34.3141,1,12,21,24,
34.3154,-1,2,11,14,
34.3168,-1,1,7,5,
34.3182,2,7,8,9,
34.3195,18,12,15,14,
34.3209,23,29,25,20,
34.3222,23,32,32,24,
34.3236,24,29,37,34,
34.325,16,28,40,35,
34.3264,21,28,31,22,
34.3277,14,33,18,26,
34.329,17,21,16,25,
34.3304,24,21,21,26,
34.3317,14,27,9,23,
34.3331,0,20,18,16,
34.3345,4,23,27,12,
34.3359,5,23,31,25,
34.3372,19,22,28,22,
34.3386,28,29,29,27,
34.34,25,27,25,28,
34.3413,25,27,25,28,
34.3427,21,28,20,29,
34.3441,20,22,21,28,
34.3454,20,22,21,28,
34.3468,7,27,20,17,
34.3481,5,24,26,14,
34.3495,5,24,26,14,
34.3508,13,11,17,33,
34.3522,15,24,15,18,
34.3535,18,22,23,21,
34.3549,29,33,33,28,
34.3564,29,32,35,27,
34.3578,26,31,31,31,
34.3591,23,35,32,32,
34.3605,29,27,31,30,
34.3619,32,14,34,26,
34.3633,23,16,23,29,
34.3646,4,15,24,19,
34.366,8,22,22,8,
34.3673,8,22,22,8,
34.3687,-6,15,16,15,
34.37,-4,18,22,26,
34.3714,6,20,23,22,
34.3727,34,24,25,28,
34.3741,34,24,25,28,
34.3755,34,24,25,28,
34.3768,29,24,18,29,
34.3782,21,20,17,26,
34.3795,26,21,19,31,
34.3809,21,14,19,31,
34.3822,22,28,17,21,
34.3836,19,19,23,26,
34.3849,13,16,16,31,
34.3863,17,14,13,26,
34.3877,23,17,17,24,
34.389,19,29,24,28,
34.3904,19,29,24,28,
34.3917,22,36,27,28,
34.393,24,39,32,23,
34.3944,21,26,39,18,
34.3957,27,38,22,34,
34.3971,27,39,25,26,
34.3984,19,27,16,25,
34.3998,22,26,22,17,
34.4011,1,22,15,21,
34.4024,-5,27,16,27,
34.4039,10,12,31,30,
34.4052,10,12,31,30,
34.4065,26,18,30,29,
34.4079,27,19,23,24,
34.4092,37,33,29,22,
34.4106,39,44,24,26,
34.4119,40,39,20,33,
34.4133,26,18,30,21,
34.4147,26,18,30,21,
34.4161,6,19,27,20,
34.4175,5,30,12,28,
34.4188,-6,27,17,17,
34.4203,0,25,19,16,
34.4216,4,19,22,30,
34.423,4,19,22,30,
34.4243,4,19,22,30,
34.4257,26,22,35,36,
34.427,42,33,30,42,
34.4284,48,19,26,26,
34.4297,33,11,30,32,
34.4311,24,5,31,34,
34.4325,14,9,31,32,
34.4338,25,19,26,28,
34.4352,4,12,11,26,
34.4365,-3,14,20,23,
34.4379,2,25,29,15,
34.4392,2,25,29,15,
34.4406,5,32,21,20,
34.4419,25,30,23,21,
34.4433,24,23,26,28,
34.4448,44,23,29,29,
34.4461,25,32,19,30,
34.4476,25,32,19,30,
34.449,10,29,19,31,
34.4505,-2,23,11,25,
34.4519,2,20,9,25,
34.4533,10,20,21,19,
34.4546,10,20,21,19,
34.456,7,25,15,28,
34.4574,7,25,15,28,
34.4587,12,29,28,29,
34.4601,16,30,33,26,
34.4614,38,26,32,29,
34.4628,33,31,21,23,
34.4642,26,32,19,19,
34.4656,18,28,27,27,
34.467,16,19,25,26,
34.4683,16,19,25,26,
34.4696,2,9,17,29,
34.4709,-5,-3,15,17,
34.4724,-4,8,9,14,
34.4738,26,22,14,17,
34.4751,26,22,14,17,
34.4765,40,22,19,28,
34.4778,33,42,22,39,
34.4792,41,34,26,33,
34.4806,26,26,33,34,
34.4819,21,26,32,34,
34.4833,17,18,27,24,
34.4846,17,18,27,24,
34.486,6,12,18,27,
34.4873,6,13,20,19,
34.4886,7,3,25,11,
34.49,7,6,14,16,
34.4914,1,13,23,20,
34.4927,17,30,27,23,
34.4941,29,32,29,29,
34.4954,24,38,25,20,
34.4968,28,24,26,32,
34.4982,24,20,20,31,
34.4995,24,20,20,31,
34.5009,29,28,23,29,
34.5023,20,24,22,25,
34.5036,23,21,25,25,
34.505,-11,1,20,24,
34.5064,-11,1,20,24,
34.5078,5,4,15,27,
34.5091,6,15,26,20,
34.5105,27,17,21,23,
34.5118,30,31,33,33,
34.5131,39,32,31,33,
34.5145,39,32,31,33,
34.5159,32,27,26,38,
34.5173,32,27,26,38,
34.5187,13,24,14,32,
34.52,4,23,7,23,
34.5214,3,12,15,17,
34.5228,8,16,17,15,
34.5241,13,18,23,18,
34.5255,1,14,19,15,
34.5269,20,23,25,30,
34.5284,23,29,31,31,
34.5297,21,23,35,26,
34.5311,36,22,33,30,
34.5325,36,22,33,30,
34.5338,19,19,33,24,
34.5352,21,23,17,19,
34.5365,4,25,18,19,
34.5379,2,24,20,22,
34.5393,14,10,28,20,
34.5407,0,8,29,7,
34.542,-9,17,19,16,
34.5434,14,29,25,19,
34.5447,19,33,23,23,
34.5461,19,33,23,23,
34.5474,37,24,23,32,
34.5488,45,25,24,26,
34.5502,34,32,35,19,
34.5515,30,27,40,20,
34.5529,9,27,30,15,
34.5542,17,26,21,15,
34.5556,14,14,19,17,
34.5569,12,9,13,10,
34.5583,15,5,22,12,
34.5596,10,10,19,20,
34.5609,3,13,24,30,
34.5622,19,28,27,24,
34.5636,26,27,26,25,
34.5649,31,32,19,29,
34.5662,45,25,25,25,
34.5675,30,14,30,16,
34.5689,30,29,27,19,
34.5702,27,26,23,28,
34.5716,4,10,16,25,
34.5729,4,10,16,25,
34.5742,7,10,23,21,
34.5755,9,18,17,12,
34.5768,6,12,18,26,
34.5782,6,12,18,26,
34.5796,23,15,23,33,
34.5809,26,28,29,36,
34.5823,25,28,42,35,
34.5836,33,34,39,32,
34.5849,36,42,24,29,
34.5862,22,39,23,29,
34.5876,24,16,22,19,
34.5889,24,16,22,19,
34.5903,8,25,13,20,
34.5916,-5,14,19,29,
34.593,2,18,15,30,
34.5943,-1,16,21,24,
34.5956,-1,12,20,17,
34.597,22,28,23,20,
34.5984,22,28,23,20,
34.5997,31,29,32,35,
34.601,35,36,39,27,
34.6024,36,23,33,33,
34.6037,21,28,25,29,
34.605,21,28,25,29,
34.6063,24,17,24,27,
34.6076,25,9,27,17,
34.609,0,8,6,21,
34.6103,1,20,13,20,
34.6117,12,15,22,20,
34.613,12,15,22,20,
34.6144,22,20,29,23,
34.6157,35,22,37,29,
34.617,37,18,36,26,
34.6184,39,27,16,19,
34.6198,24,24,21,15,
34.6211,24,24,21,15,
34.6225,18,23,24,18,
34.6239,11,21,30,17,
34.6252,18,25,29,12,
34.6266,0,27,16,20,
34.628,11,12,4,29,
34.6293,5,10,8,27,
34.6307,5,10,8,27,
34.6322,21,22,20,18,
34.6336,22,28,22,22,
34.635,33,42,38,24,
34.6364,28,31,24,26,
34.6377,27,26,20,18,
34.6391,26,17,32,16,
34.6405,26,17,23,16,
34.6419,18,15,23,16,
34.6432,3,14,23,16,
34.6446,10,14,23,13,
34.646,4,12,29,16,
34.6474,16,14,32,17,
34.6488,29,26,24,16,
34.6502,22,32,25,27,
34.6515,32,17,29,22,
34.6529,31,29,31,28,
34.6543,26,36,26,36,
34.6556,26,36,26,36,
34.657,12,21,23,26,
34.6583,3,11,13,20,
34.6597,3,2,20,25,
34.661,-4,18,21,30,
34.6624,-5,23,18,23,
34.6638,-5,23,18,23,
34.6651,13,22,21,13,
34.6665,23,36,37,25,
34.6678,18,32,33,21,
34.6692,22,28,37,24,
34.6706,25,29,37,31,
34.672,25,29,37,31,
34.6733,25,29,37,31,
34.6747,9,17,39,23,
34.6761,-2,11,26,27,
34.6774,7,9,21,24,
34.6788,5,19,14,25,
34.6802,5,19,14,25,
34.6815,1,16,22,29,
34.6829,28,17,39,34,
34.6843,25,30,29,23,
34.6856,24,30,22,23,
34.687,39,34,33,28,
34.6883,33,29,36,23,
34.6896,33,29,36,23,
34.691,18,14,32,23,
34.6923,7,18,20,13,
34.6936,10,22,25,23,
34.695,-1,27,25,20,
34.6963,-8,28,20,16,
34.6977,-6,11,24,19,
34.6991,6,9,24,17,
34.7005,21,28,30,34,
34.7019,37,32,34,27,
34.7032,37,32,34,27,
34.7046,39,22,37,28,
34.706,30,23,28,35,
34.7073,28,17,24,34,
34.7086,20,14,28,24,
34.71,9,17,23,27,
34.7114,4,15,28,27,
34.7127,4,15,28,27,
34.7141,-3,5,19,22,
34.7154,6,6,16,17,
34.7168,20,7,26,9,
34.7181,33,28,29,29,
34.7196,33,28,29,29,
34.7209,33,28,29,29,
34.7223,32,20,27,24,
34.7237,29,25,29,18,
34.725,27,29,26,22,
34.7264,23,27,28,30,
34.7277,19,11,18,26,
34.7291,19,11,18,26,
34.7304,8,17,20,28,
34.7318,-1,8,20,20,
34.7332,11,12,23,21,
34.7345,10,27,32,30,
34.7358,16,40,31,36,
34.7372,29,32,37,30,
34.7385,29,32,37,30,
34.7399,37,23,37,38,
34.7412,22,32,29,26,
34.7425,15,31,18,34,
34.7439,17,21,23,32,
34.7452,16,21,20,24,
34.7466,22,23,10,23,
34.7479,11,10,17,28,
34.7493,10,8,11,20,
34.7507,16,14,8,22,
34.752,16,14,8,22,
34.7534,16,14,8,22,
34.7548,30,37,20,28,
34.7561,30,37,19,29,
34.7575,29,35,21,34,
34.7588,23,27,34,29,
34.7601,23,27,34,29,
34.7615,18,25,31,29,
34.7629,13,16,23,28,
34.7643,7,26,20,25,
34.7656,3,19,13,15,
34.7669,11,11,9,9,
34.7683,4,24,19,17,
34.7696,15,25,16,29,
34.771,15,25,16,29,
34.7723,38,16,34,33,
34.7737,48,33,32,37,
34.775,45,37,32,31,
34.7763,34,29,25,22,
34.7776,22,24,28,28,
34.779,21,24,29,31,
34.7804,14,23,24,27,
34.7817,-1,13,24,15,
34.7831,-3,18,18,21,
34.7844,-3,18,18,21,
34.7857,11,26,20,20,
34.7872,19,18,34,19,
34.7885,19,18,34,19,
34.7899,19,18,36,29,
34.7913,32,35,21,25,
34.7927,32,35,21,25,
34.794,34,31,17,20,
34.7953,27,25,20,25,
34.7967,9,22,13,31,
34.7981,18,29,14,32,
34.7994,6,20,20,21,
34.8007,-13,18,13,16,
34.8021,-2,14,8,13,
34.8035,14,14,31,17,
34.8048,23,17,19,28,
34.8061,23,17,19,28,
34.8075,20,26,13,24,
34.8087,38,32,23,26,
34.8101,31,28,31,32,
34.8115,33,28,30,35,
34.8128,31,29,29,25,
34.8142,23,19,25,18,
34.8155,6,16,21,26,
34.8168,4,18,24,26,
34.8182,3,12,23,16,
34.8195,20,17,21,15,
34.8208,16,19,27,21,
34.8222,22,26,29,24,
34.8236,25,20,26,23,
34.8249,25,20,26,23,
34.8262,37,23,30,23,
34.8275,27,25,19,28,
34.8289,26,21,18,36,
34.8302,26,25,20,37,
34.8315,26,25,20,37,
34.8328,26,21,27,34,
34.8342,17,9,12,29,
34.8356,2,8,16,20,
34.8369,6,11,24,12,
34.8383,6,11,24,12,
34.8397,16,29,21,19,
34.841,16,25,29,21,
34.8425,24,26,39,21,
34.8438,33,33,39,20,
34.8451,27,25,31,29,
34.8465,27,25,31,29,
34.8479,23,22,21,23,
34.8492,18,13,13,14,
34.8507,12,19,26,17,
34.852,4,15,13,24,
34.8533,-4,15,7,31,
34.8547,0,30,6,34,
34.8561,23,33,17,34,
34.8574,23,33,17,34,
34.8587,19,25,24,22,
34.8601,26,28,28,22,
34.8615,33,33,38,29,
34.8629,33,33,38,29,
34.8643,20,18,30,28,
34.8657,26,24,26,31,
34.867,3,25,23,27,
34.8684,1,16,9,19,
34.8697,1,10,20,14,
34.8713,10,6,28,16,
34.8727,17,18,22,22,
34.874,17,29,16,31,
34.8754,26,35,25,28,
34.8767,36,39,32,30,
34.8781,48,36,36,31,
34.8795,42,38,33,32,
34.8808,30,25,28,33,
34.8822,19,18,27,34,
34.8835,16,12,23,29,
34.8848,4,27,17,24,
34.8861,4,27,17,24,
34.8875,-6,24,13,16,
34.8888,9,15,14,14,
34.8902,10,21,21,16,
34.8915,34,24,30,29,
34.8927,34,24,30,29,
34.8941,32,35,26,28,
34.8955,35,33,24,30,
34.8968,29,30,22,27,
34.8981,22,28,21,25,
34.8995,22,27,20,16,
34.9008,22,27,20,16,
34.9023,25,25,20,16,
34.9036,11,22,15,23,
34.9049,12,6,17,17,
34.9062,12,5,11,17,
34.9076,11,16,19,21,
34.9089,10,35,18,23,
34.9103,24,33,25,28,
34.9117,19,38,20,26,
34.913,22,40,24,28,
34.9144,18,40,24,32,
34.9158,18,40,24,32,
34.9171,28,18,18,25,
34.9185,22,11,18,21,
34.9198,22,7,20,16,
34.9212,-9,27,11,19,
34.9225,1,15,16,18,
34.9239,1,15,16,18,
34.9252,11,28,19,25,
34.9266,33,28,22,32,
34.9279,39,38,26,36,
34.9293,39,38,26,36,
34.9306,35,20,36,31,
34.9319,26,24,28,20,
34.9333,26,24,28,20,
34.9346,21,21,26,18,
34.936,13,26,23,25,
34.9373,9,14,17,19,
34.9386,10,16,15,22,
34.94,13,10,20,25,
34.9413,13,10,20,25,
34.9427,5,13,23,20,
34.944,26,20,20,31,
34.9453,38,27,24,34,
34.9467,38,32,23,22,
34.948,44,35,20,19,
34.9494,37,31,29,23,
34.9507,30,38,21,30,
34.952,30,29,19,24,
34.9533,9,10,26,35,
34.9547,8,13,23,30,
34.956,-1,16,16,21,
34.9574,-1,16,16,21,
34.9587,21,18,18,9,
34.9601,26,19,25,24,
34.9615,26,19,25,24,
34.9628,35,19,23,23,
34.9642,46,14,22,23,
34.9655,46,14,22,23,
34.9669,33,31,30,24,
34.9682,34,26,30,26,
34.9696,17,22,24,28,
34.9709,10,15,28,27,
34.9723,-1,10,22,8,
34.9737,-1,10,22,8,
34.9751,-4,7,15,15,
34.9764,0,12,19,22,
34.9778,13,22,16,17,
34.9792,28,26,13,30,
34.9805,34,29,23,33,
34.9819,34,29,23,33,
34.9833,32,26,33,35,
34.9846,26,19,36,26,
34.9859,15,19,35,26,
34.9873,16,11,26,17,
34.9886,20,18,24,19,
34.9899,8,25,18,21,
34.9912,8,25,18,21,
34.9925,-4,27,17,25,
34.9939,16,22,13,23,
34.9953,17,24,14,18,
34.9967,21,16,22,21,
34.998,21,16,22,21,
34.9993,34,31,28,32,
35.0007,32,30,19,22,
35.0021,22,19,16,24,
35.0034,15,21,32,23,
35.0048,4,30,32,21,
35.0061,4,30,32,21,
35.0075,10,26,22,11,
35.0088,-1,12,19,6,
35.0102,3,6,11,11,
35.0115,6,4,7,17,
35.0129,16,13,23,29,
35.0142,24,22,16,29,
35.0156,24,22,16,29,
35.017,27,30,23,26,
35.0183,31,24,21,23,
35.0198,22,24,24,16,
35.0211,20,18,16,16,
35.0225,11,17,13,19,
35.0238,11,17,13,19,
35.0251,2,23,10,11,
35.0265,0,16,15,6,
35.0278,0,13,25,7,
35.0291,9,9,19,16,
35.0305,9,32,18,28,
35.0318,29,39,25,33,
35.0331,40,32,28,25,
35.0345,33,29,29,30,
35.0358,34,22,18,32,
35.0372,31,13,14,30,
35.0385,31,13,14,30,
35.0398,-2,29,25,28,
35.0411,-2,29,25,28,
35.0425,8,20,30,20,
35.0438,-3,9,28,22,
35.0451,0,17,27,16,
35.0466,0,17,27,16,
35.048,8,20,26,14,
35.0494,37,26,32,30,
35.0508,37,26,32,30,
35.0522,39,21,29,31,
35.0537,39,21,29,31,
35.0552,39,21,29,31,
35.0566,28,15,24,32,
35.058,28,12,32,28,
35.0594,28,12,32,28,
35.0608,28,12,32,28,
35.0622,28,12,32,28,
35.0636,24,13,35,30,
35.0649,21,22,26,32,
35.0663,13,22,19,23,
35.0677,9,23,14,17,
35.0691,6,9,6,16,
35.0707,0,4,6,14,
35.0723,32,27,21,26,
35.0738,28,25,23,24,
35.0753,24,30,36,27,
35.0766,24,30,36,27,
35.078,21,26,28,20,
35.0794,14,30,29,26,
35.0808,28,21,19,30,
35.0822,18,25,22,25,
35.0835,11,25,19,20,
35.0848,12,12,31,17,
35.0862,3,15,28,25,
35.0875,5,23,22,21,
35.0889,33,30,20,23,
35.0903,33,30,25,21,
35.0916,30,40,33,26,
35.093,43,31,28,25,
35.0943,26,18,32,23,
35.0957,26,5,22,12,
35.0971,10,13,13,26,
35.0986,-8,14,7,31,
35.1,-6,3,13,32,
35.1014,9,10,26,30,
35.1028,7,13,27,29,
35.1042,20,21,25,34,
35.1056,41,32,25,27,
35.107,48,29,30,27,
35.1084,42,22,35,27,
35.1097,14,21,25,26,
35.1111,14,24,23,28,
35.1125,11,30,19,29,
35.1139,5,21,17,17,
35.1153,-12,12,18,7,
35.1166,-8,13,13,8,
35.118,3,23,19,12,
35.1196,28,33,26,32,
35.1209,16,35,21,28,
35.1224,37,23,35,31,
35.1238,37,23,35,31,
35.1252,17,36,15,22,
35.1266,21,18,13,24,
35.1279,4,23,18,22,
35.1293,2,0,19,22,
35.1307,9,17,17,17,
35.1321,16,29,19,20,
35.1335,29,20,23,21,
35.1349,39,25,17,26,
35.1363,39,25,17,26,
35.1377,49,19,24,29,
35.1391,38,25,22,27,
35.1405,28,18,19,30,
35.1419,35,21,20,29,
35.1434,15,26,8,22,
35.1448,5,28,18,15,
35.1462,-1,18,23,7,
35.1477,-8,18,20,3,
35.149,-8,18,20,3,
35.1504,9,18,18,20,
35.1518,12,29,25,21,
35.1532,25,24,21,18,
35.1545,41,25,35,34,
35.1558,41,25,35,34,
35.1571,34,20,34,27,
35.1585,16,23,28,10,
35.1599,22,10,29,10,
35.1613,20,6,19,17,
35.1627,15,8,12,18,
35.1641,0,13,10,16,
35.1654,0,13,10,16,
35.1668,8,14,14,11,
35.1682,4,22,15,19,
35.1695,24,30,28,31,
35.1709,39,28,29,33,
35.1722,38,24,21,31,
35.1736,34,37,24,26,
35.175,30,30,25,27,
35.1763,22,23,24,31,
35.1777,25,25,26,31,
35.179,25,18,28,36,
35.1804,14,12,15,13,
35.1817,14,12,15,13,
35.1831,14,10,16,11,
35.1845,-3,19,27,26,
35.1858,20,15,29,26,
35.1872,36,26,24,38,
35.1885,32,34,25,41,
35.1899,29,37,26,43,
35.1912,26,40,29,39,
35.1926,34,37,32,26,
35.194,29,28,27,15,
35.1953,7,27,26,12,
35.1967,13,28,22,12,
35.198,16,25,20,12,
35.1994,-9,14,23,9,
35.2007,-2,21,29,14,
35.2021,9,19,26,23,
35.2035,28,29,28,24,
35.2048,40,30,30,24,
35.2062,40,30,30,24,
35.2076,32,26,33,27,
35.2089,29,35,29,35,
35.2103,30,32,26,25,
35.2116,20,30,17,28,
35.213,17,25,20,26,
35.2143,21,23,26,25,
35.2157,9,20,30,20,
35.217,1,3,23,25,
35.2184,-2,7,13,25,
35.2197,16,9,16,27,
35.2211,34,16,20,25,
35.2224,34,27,22,24,
35.2238,25,38,21,25,
35.2251,37,34,24,32,
35.2265,26,18,37,26,
35.2279,24,29,40,28,
35.2292,15,17,20,23,
35.2306,16,17,20,30,
35.232,1,10,16,28,
35.2333,1,10,16,28,
35.2347,-10,18,6,20,
35.236,-8,26,16,11,
35.2374,6,22,13,17,
35.2388,28,35,30,18,
35.2401,35,25,29,25,
35.2415,35,25,29,25,
35.2428,44,33,34,20,
35.2442,32,40,30,29,
35.2455,17,29,27,29,
35.247,6,22,27,32,
35.2484,11,31,24,26,
35.2498,16,21,21,31,
35.2512,13,12,25,32,
35.2526,21,17,23,20,
35.254,9,25,19,17,
35.2554,26,36,32,31,
35.2568,34,34,33,28,
35.2583,40,37,30,29,
35.2596,50,38,30,35,
35.2609,50,38,30,35,
35.2624,39,40,22,32,
35.2637,24,28,18,25,
35.2651,5,16,27,18,
35.2665,4,16,30,13,
35.2678,4,11,28,18,
35.2691,4,11,28,18,
35.2705,3,9,25,19,
35.2719,14,20,25,22,
35.2732,34,25,28,29,
35.2746,26,21,36,30,
35.276,34,27,46,23,
35.2773,26,28,43,22,
35.2787,26,28,43,22,
35.2801,30,19,30,21,
35.2814,23,27,24,17,
35.2828,18,18,15,15,
35.2841,9,21,13,15,
35.2855,-4,11,21,15,
35.2868,0,10,22,20,
35.2882,8,13,22,31,
35.2896,17,23,27,24,
35.291,26,17,32,17,
35.2924,21,29,33,25,
35.2937,27,42,36,34,
35.2951,41,38,31,40,
35.2965,32,26,28,34,
35.2979,8,32,27,22,
35.2992,12,21,16,25,
35.3006,20,17,22,26,
35.3019,4,9,20,20,
35.3033,-5,11,21,16,
35.3047,1,12,14,17,
35.306,1,12,14,17,
35.3074,20,21,13,30,
35.3087,23,29,30,23,
35.3101,34,31,28,30,
35.3115,42,38,23,29,
35.3128,32,32,29,32,
35.3142,33,27,24,28,
35.3156,26,28,16,23,
35.3169,16,28,17,19,
35.3183,5,30,27,20,
35.3197,5,30,27,20,
35.321,-5,26,22,18,
35.3224,12,22,16,23,
35.3238,7,28,15,26,
35.3251,25,37,34,24,
35.3265,20,35,33,33,
35.3278,28,30,26,34,
35.3291,28,30,26,34,
35.3305,33,38,25,38,
35.3319,18,38,22,33,
35.3332,6,29,22,23,
35.3346,-1,28,13,23,
35.336,-1,28,13,23,
35.3373,-1,28,13,23,
35.3387,3,20,11,25,
35.3401,2,10,17,23,
35.3414,5,17,15,20,
35.3428,47,33,27,29,
35.3442,47,33,27,29,
35.3456,48,30,36,37,
35.3469,37,30,47,35,
35.3483,34,28,44,33,
35.3496,31,32,28,32,
35.3509,12,23,24,24,
35.3523,18,16,21,15,
35.3536,18,16,21,15,
35.355,23,25,21,23,
35.3563,-2,10,16,24,
35.3577,4,20,17,14,
35.359,10,19,25,13,
35.3604,18,23,33,29,
35.3618,26,19,29,33,
35.3632,22,20,32,38,
35.3645,26,19,32,27,
35.3659,39,28,23,36,
35.3672,39,28,23,36,
35.3685,25,13,27,29,
35.3699,18,11,18,26,
35.3712,21,18,15,18,
35.3725,14,12,23,15,
35.3739,5,11,20,13,
35.3753,10,18,19,29,
35.3766,10,18,19,29,
35.378,32,23,13,21,
35.3794,47,30,23,19,
35.3807,45,26,21,28,
35.382,21,27,25,31,
35.3834,21,20,36,25,
35.3847,19,18,29,25,
35.3861,21,12,30,19,
35.3874,21,12,30,19,
35.3887,7,20,19,21,
35.3901,-1,14,16,16,
35.3915,3,21,19,13,
35.3929,19,12,27,24,
35.3944,20,19,28,28,
35.3958,20,20,28,23,
35.3972,28,15,30,27,
35.3986,42,30,39,22,
35.4,39,38,45,22,
35.4012,24,36,35,24,
35.4026,19,30,22,22,
35.4039,19,30,22,22,
35.4052,17,25,23,26,
35.4065,-2,12,13,19,
35.4079,-1,18,10,17,
35.4092,-3,20,9,20,
35.4106,-2,17,24,19,
35.4119,19,16,34,24,
35.4133,34,20,30,23,
35.4147,28,18,32,32,
35.416,33,19,34,34,
35.4173,34,18,33,29,
35.4187,37,17,26,28,
35.42,16,28,17,31,
35.4214,21,18,20,21,
35.4227,19,17,18,17,
35.4241,12,9,15,9,
35.4254,9,18,19,8,
35.4268,7,20,14,8,
35.4282,7,20,14,8,
35.4295,21,21,24,10,
35.4309,23,32,28,18,
35.4323,19,25,21,18,
35.4336,26,38,27,32,
35.4349,19,29,24,33,
35.4363,17,31,19,25,
35.4376,15,27,21,23,
35.439,18,21,21,28,
35.4403,11,23,22,29,
35.4417,5,20,21,18,
35.443,5,20,21,18,
35.4444,12,15,24,19,
35.4458,12,15,24,19,
35.4473,20,18,18,17,
35.4488,27,32,22,24,
35.4503,33,37,35,36,
35.4516,25,37,32,27,
35.453,25,37,32,27,
35.4544,13,37,23,20,
35.4558,13,37,23,20,
35.4572,12,25,16,20,
35.4588,11,2,21,17,
35.4602,11,3,18,13,
35.4616,16,12,14,14,
35.463,33,12,17,22,
35.4644,37,13,28,36,
35.4657,33,27,28,37,
35.4671,33,27,28,37,
35.4684,38,32,31,31,
35.4698,25,27,21,28,
35.4711,28,19,14,36,
35.4726,12,19,16,25,
35.4739,12,19,16,25,
35.4753,16,16,17,23,
35.4766,-2,6,14,20,
35.478,-4,15,21,18,
35.4794,19,21,20,25,
35.4807,25,25,19,25,
35.4821,25,25,19,25,
35.4834,27,23,20,27,
35.4848,23,17,26,30,
35.4862,41,24,24,37,
35.4876,15,19,29,25,
35.4889,3,20,19,26,
35.4902,6,18,16,24,
35.4916,6,18,16,24,
35.4929,1,15,31,25,
35.4943,-7,15,17,24,
35.4957,-6,20,19,26,
35.497,10,26,23,20,
35.4983,13,28,26,28,
35.4997,13,28,26,28,
35.501,18,33,31,21,
35.5024,20,32,31,31,
35.5038,18,33,19,26,
35.5051,21,27,21,25,
35.5066,3,34,30,36,
35.5079,3,34,30,36,
35.5093,11,25,24,34,
35.5107,0,19,15,13,
35.512,-6,9,12,15,
35.5133,-6,9,12,15,
35.5147,14,28,18,26,
35.516,14,28,18,26,
35.5173,19,39,22,31,
35.5187,29,35,23,33,
35.52,39,23,26,37,
35.5213,23,30,22,25,
35.5226,31,27,23,21,
35.524,15,17,21,23,
35.5253,-1,12,17,24,
35.5266,1,16,26,31,
35.528,2,25,16,15,
35.5293,-6,26,19,14,
35.5307,0,15,28,17,
35.5321,18,28,21,17,
35.5334,24,30,22,25,
35.5348,34,23,23,24,
35.5361,29,33,23,30,
35.5375,34,29,35,24,
35.5388,28,45,29,22,
35.5402,28,45,29,22,
35.5416,24,40,31,24,
35.5429,12,21,29,23,
35.5443,12,21,29,23,
35.5456,-1,23,27,23,
35.5469,3,15,20,20,
35.5483,-1,22,21,22,
35.5496,-1,22,21,22,
35.551,15,30,16,25,
35.5524,20,24,31,32,
35.5537,38,20,31,33,
35.5551,53,18,26,33,
35.5565,49,20,31,31,
35.5579,33,27,26,28,
35.5593,29,27,28,21,
35.5607,6,20,16,17,
35.562,-2,24,19,18,
35.5634,-4,28,13,19,
35.5647,-5,25,19,10,
35.5661,6,29,27,10,
35.5674,12,33,29,8,
35.5687,21,39,30,9,
35.5701,39,20,38,17,
35.5715,35,35,43,21,
35.5728,29,35,31,30,
35.5742,26,33,27,23,
35.5755,20,28,22,24,
35.5768,20,28,22,24,
35.5782,6,18,27,20,
35.5795,14,16,31,27,
35.5808,2,19,24,21,
35.5822,2,19,24,21,
35.5835,18,9,20,15,
35.5848,15,19,13,27,
35.5862,27,30,21,31,
35.5875,39,19,25,32,
35.5888,40,17,22,35,
35.5902,39,27,14,29,
35.5915,29,17,25,29,
35.5929,21,11,24,35,
35.5942,21,19,15,30,
35.5956,16,27,16,26,
35.5969,-5,11,8,15,
35.5983,-5,11,8,15,
35.5997,-7,19,8,19,
35.601,2,14,17,20,
35.6023,23,22,23,27,
35.6037,26,25,29,35,
35.605,32,27,25,35,
35.6063,42,36,21,38,
35.6077,42,36,21,38,
35.609,36,27,32,24,
35.6104,23,17,25,27,
35.6117,26,22,14,22,
35.613,16,15,12,21,
35.6143,14,13,24,15,
35.6157,15,5,19,8,
35.617,7,0,15,17,
35.6184,16,7,25,20,
35.6197,19,16,22,23,
35.621,25,24,22,35,
35.6224,25,24,22,35,
35.6237,28,31,27,35,
35.625,37,38,23,36,
35.6264,35,33,23,35,
35.6277,22,32,19,30,
35.6291,16,22,20,21,
35.6305,18,9,27,17,
35.6318,2,11,16,16,
35.6332,2,11,16,16,
35.6345,4,10,26,18,
35.6359,15,9,24,22,
35.6373,15,9,24,22,
35.6387,30,26,29,26,
35.64,29,25,31,21,
35.6413,29,25,31,21,
35.6427,30,28,34,30,
35.6441,27,24,27,26,
35.6456,19,22,11,28,
35.6471,12,19,10,27,
35.6484,3,6,12,25,
35.6497,8,6,15,20,
35.6511,-3,21,15,19,
35.6525,-2,11,20,24,
35.6539,17,4,27,25,
35.6552,24,14,31,32,
35.6566,23,27,35,29,
35.658,23,27,35,29,
35.6594,39,36,30,25,
35.6607,34,27,23,26,
35.6621,22,23,21,28,
35.6635,11,17,27,23,
35.6648,1,20,26,25,
35.6662,-6,16,21,25,
35.6675,-4,13,11,27,
35.6689,-9,17,13,22,
35.6702,10,25,15,25,
35.6715,16,25,23,24,
35.6729,22,19,25,25,
35.6742,37,19,37,37,
35.6756,38,23,38,37,
35.6769,38,23,38,37,
35.6783,34,29,35,19,
35.6796,34,29,35,19,
35.6809,34,28,33,18,
35.6823,11,8,26,27,
35.6836,4,8,20,17,
35.6849,4,8,20,17,
35.6863,11,12,8,7,
35.6876,17,24,16,12,
35.6889,19,32,18,23,
35.6903,25,36,31,21,
35.6917,32,30,29,20,
35.693,40,37,25,29,
35.6943,39,32,21,30,
35.6957,39,32,21,30,
35.697,13,30,26,25,
35.6984,16,30,28,23,
35.6997,13,22,27,17,
35.701,1,21,27,9,
35.7025,6,11,30,17,
35.7038,5,11,17,23,
35.7052,-1,33,29,31,
35.7066,9,33,31,31,
35.7079,27,35,36,32,
35.7093,27,35,36,32,
35.7106,40,33,38,23,
35.712,49,22,39,30,
35.7134,30,27,31,28,
35.7147,32,30,23,22,
35.7161,20,17,31,18,
35.7174,11,22,28,27,
35.7188,0,20,23,17,
35.7201,-4,18,9,8,
35.7215,6,16,17,7,
35.7229,17,26,26,16,
35.7243,18,27,22,21,
35.7257,30,27,25,20,
35.727,21,21,26,20,
35.7284,30,32,28,30,
35.7298,22,32,24,30,
35.7311,32,27,28,24,
35.7325,23,14,31,25,
35.7339,9,27,24,22,
35.7352,9,27,24,22,
35.7366,3,7,22,21,
35.7379,5,11,19,29,
35.7393,6,8,22,21,
35.7407,18,14,19,11,
35.742,29,25,28,20,
35.7434,29,25,28,20,
35.7448,38,32,26,26,
35.7461,31,33,29,29,
35.7475,25,27,31,23,
35.7487,30,17,28,24,
35.7501,27,23,23,22,
35.7514,18,28,11,24,
35.7528,9,25,6,24,
35.7542,4,20,7,23,
35.7556,-1,14,19,18,
35.7569,15,16,20,22,
35.7582,15,16,20,22,
35.7596,31,16,24,29,
35.7609,34,28,28,28,
35.7623,36,39,36,34,
35.7637,42,48,44,21,
35.765,30,37,30,27,
35.7664,30,37,30,27,
35.7677,17,24,30,17,
35.769,17,14,34,13,
35.7703,18,3,30,15,
35.7717,11,15,25,20,
35.773,13,26,25,15,
35.7745,4,15,18,18,
35.7759,5,18,17,31,
35.7772,32,29,26,26,
35.7786,45,38,37,22,
35.78,37,45,41,33,
35.7813,32,42,38,36,
35.7827,35,31,28,34,
35.7841,30,27,28,23,
35.7854,25,11,29,16,
35.7868,14,16,28,21,
35.7882,-2,11,24,28,
35.7896,5,12,14,22,
35.7909,7,19,20,21,
35.7923,15,18,18,25,
35.7936,29,23,26,32,
35.7951,40,39,33,36,
35.7965,38,40,39,25,
35.7978,38,40,39,25,
35.7991,23,29,38,33,
35.8004,21,27,23,21,
35.8018,17,18,17,17,
35.8032,11,20,24,10,
35.8046,11,20,24,10,
35.8059,6,13,13,5,
35.8073,-2,16,22,8,
35.8086,6,10,22,12,
35.81,6,10,22,12,
35.8113,16,17,22,17,
35.8126,34,28,24,27,
35.814,34,28,24,27,
35.8153,31,33,34,30,
35.8167,26,31,31,26,
35.8181,26,19,33,21,
35.8194,21,14,26,18,
35.8208,9,14,27,28,
35.8221,15,3,26,26,
35.8235,3,11,22,28,
35.8249,10,21,15,15,
35.8263,19,14,23,20,
35.8277,19,14,23,20,
35.829,19,14,23,20,
35.8304,46,26,35,32,
35.8317,32,21,35,23,
35.833,35,34,34,30,
35.8344,39,29,31,27,
35.8357,30,18,30,22,
35.837,26,23,28,19,
35.8383,25,16,25,21,
35.8397,9,27,23,25,
35.841,-2,16,22,22,
35.8424,8,16,24,25,
35.8438,12,22,13,23,
35.8451,12,22,13,23,
35.8465,19,19,15,22,
35.8479,38,23,20,27,
35.8496,34,28,28,36,
35.8511,34,28,28,36,
35.8525,33,25,32,29,
35.854,24,23,26,27,
35.8555,11,4,16,14,
35.8569,12,3,20,17,
35.8583,6,6,20,18,
35.8596,12,8,20,16,
35.861,12,8,20,16,
35.8624,12,8,20,16,
35.8638,25,27,21,27,
35.8651,35,37,28,23,
35.8665,35,31,25,23,
35.8678,41,32,26,19,
35.8691,41,32,26,19,
35.8706,35,23,32,29,
35.872,10,20,27,24,
35.8733,8,20,16,23,
35.8747,-5,6,20,28,
35.8761,-4,7,16,23,
35.8774,-7,20,7,22,
35.8788,-7,20,7,22,
35.8801,25,19,16,21,
35.8814,37,18,23,31,
35.8827,31,16,25,24,
35.8841,36,29,23,26,
35.8855,19,30,23,28,
35.8869,19,30,23,28,
35.8882,10,20,21,35,
35.8895,15,20,12,29,
35.8909,22,8,6,27,
35.8922,12,1,13,22,
35.8936,-6,3,19,21,
35.8949,-4,10,28,25,
35.8963,-4,8,32,26,
35.8977,7,10,37,28,
35.8991,33,19,30,24,
35.9004,38,21,22,26,
35.9018,42,18,18,25,
35.9032,39,23,23,19,
35.9046,17,16,23,23,
35.906,17,16,23,23,
35.9074,25,21,19,31,
35.9088,21,21,12,26,
35.9102,0,21,18,19,
35.9116,-9,15,23,19,
35.9129,8,19,28,17,
35.9142,8,14,25,23,
35.9155,27,26,30,36,
35.9168,29,27,31,37,
35.9182,45,35,29,31,
35.9196,45,35,29,31,
35.921,41,29,37,24,
35.9223,36,18,38,31,
35.9239,36,18,38,31,
35.9252,17,24,21,23,
35.9266,11,26,14,25,
35.928,11,26,14,25,
35.9293,6,13,27,20,
35.9307,16,9,28,26,
35.932,22,16,23,33,
35.9334,38,19,21,23,
35.9347,38,19,21,23,
35.9361,40,30,23,23,
35.9374,49,31,29,33,
35.9388,35,20,27,36,
35.9401,14,23,23,35,
35.9415,15,14,22,23,
35.9429,5,14,26,23,
35.9443,5,14,26,23,
35.9456,0,10,29,17,
35.947,2,13,13,16,
35.9483,9,6,13,18,
35.9497,24,13,23,15,
35.951,28,18,30,21,
35.9524,28,18,30,21,
35.9537,28,18,30,21,
35.9551,39,23,29,23,
35.9565,22,23,30,35,
35.9578,30,22,35,28,
35.9592,22,22,18,30,
35.9606,24,18,13,25,
35.9619,11,20,12,14,
35.9633,-12,15,5,17,
35.9646,-2,17,27,13,
35.966,18,23,27,20,
35.9674,36,31,25,31,
35.9688,23,36,36,32,
35.9702,33,43,44,31,
35.9716,33,43,44,31,
35.9729,23,40,38,35,
35.9743,28,31,27,27,
35.9757,22,18,24,22,
35.977,6,20,15,26,
35.9784,6,20,16,35,
35.9797,-2,11,20,26,
35.9811,-9,7,14,30,
35.9825,5,17,22,19,
35.9839,19,27,31,29,
35.9852,19,27,31,29,
35.9866,15,23,26,24,
35.9879,30,28,37,21,
35.9893,45,30,35,25,
35.9906,28,35,28,21,
35.992,18,19,19,14,
35.9934,18,19,19,14,
35.9948,13,27,25,17,
35.9962,5,16,20,20,
35.9975,-2,11,12,15,
35.9989,-4,16,26,12,
36.0003,26,22,26,15,
36.0016,26,22,26,15,
36.003,26,22,26,15,
36.0043,30,31,24,34,
36.0056,41,33,28,36,
36.007,33,32,27,26,
36.0084,11,18,38,21,
36.0098,11,18,38,21,
36.0112,5,14,32,17,
36.0125,1,15,29,26,
36.0139,5,13,29,16,
36.0152,1,11,32,7,
36.0165,6,11,30,11,
36.0178,13,16,23,11,
36.0192,13,16,23,11,
36.0206,17,24,16,25,
36.022,34,18,37,26,
36.0234,30,34,34,30,
36.0247,23,32,34,32,
36.0261,26,28,29,23,
36.0275,25,18,18,20,
36.0288,9,13,10,21,
36.0301,-11,28,17,17,
36.0315,-10,23,16,10,
36.0328,-10,23,16,10,
36.0342,13,23,10,17,
36.0355,13,23,10,17,
36.0368,29,29,14,30,
36.0382,39,31,31,34,
36.0396,40,33,32,23,
36.0409,28,29,38,17,
36.0423,31,24,39,27,
36.0437,25,22,26,29,
36.045,25,22,26,29,
36.0464,14,18,29,26,
36.0478,17,25,33,25,
36.0491,4,11,27,27,
36.0505,9,6,32,28,
36.0518,14,7,31,28,
36.0531,16,20,30,17,
36.0545,21,28,25,19,
36.0559,14,37,26,22,
36.0573,19,30,25,26,
36.0587,19,30,25,26,
36.0601,17,27,32,26,
36.0614,27,20,31,29,
36.0628,22,20,25,21,
36.0642,4,19,22,15,
36.0655,13,10,21,21,
36.0669,2,17,20,20,
36.0683,1,20,24,14,
36.0697,15,16,19,18,
36.0711,15,16,19,18,
36.0725,29,22,15,25,
36.074,31,16,30,31,
36.0753,37,25,30,25,
36.0767,34,27,19,28,
36.0781,21,22,31,31,
36.0796,10,18,31,30,
36.081,18,28,22,27,
36.0824,18,28,22,27,
36.0838,20,21,24,26,
36.0853,3,8,21,18,
36.0867,-3,7,22,16,
36.0881,10,8,33,10,
36.0894,22,12,28,19,
36.0908,30,17,21,31,
36.0921,38,17,31,35,
36.0935,34,33,43,38,
36.0949,21,33,34,31,
36.0962,21,33,34,31,
36.0976,13,31,25,22,
36.0989,17,17,19,17,
36.1002,4,13,25,17,
36.1016,4,13,25,17,
36.1029,-7,3,15,14,
36.1043,11,16,15,27,
36.1055,30,18,31,29,
36.1069,40,29,27,38,
36.1083,30,36,24,37,
36.1096,30,36,24,37,
36.1109,30,44,20,39,
36.1122,36,31,21,28,
36.1136,19,18,22,18,
36.1149,11,23,16,16,
36.1163,19,22,13,18,
36.1177,8,8,15,15,
36.1191,8,8,15,15,
36.1205,7,12,13,18,
36.1218,21,25,21,28,
36.1232,33,31,22,36,
36.1246,33,31,22,36,
36.126,21,32,23,33,
36.1273,31,28,30,33,
36.1287,27,18,28,35,
36.13,32,22,28,30,
36.1314,9,22,23,18,
36.1327,1,5,33,10,
36.1341,1,5,33,10,
36.1354,5,11,20,22,
36.1367,0,6,13,28,
36.1381,12,3,14,31,
36.1395,21,17,27,35,
36.1408,29,21,29,33,
36.1421,29,21,29,33,
36.1435,29,21,29,33,
36.1448,29,35,23,30,
36.1462,35,29,30,27,
36.1475,20,17,34,30,
36.1488,8,17,15,22,
36.1502,8,17,15,22,
36.1516,5,22,14,24,
36.1529,9,18,13,24,
36.1543,10,7,16,29,
36.1556,13,12,16,27,
36.157,12,28,11,21,
36.1583,12,28,11,21,
36.1597,27,40,27,30,
36.161,31,43,22,35,
36.1624,19,30,24,28,
36.1638,19,27,19,37,
36.1651,15,16,19,21,
36.1665,9,20,22,19,
36.1679,11,18,25,18,
36.1692,8,17,21,16,
36.1706,12,8,12,16,
36.1719,8,11,29,14,
36.1733,8,11,29,14,
36.1747,20,13,24,15,
36.176,27,33,25,29,
36.1774,35,32,20,32,
36.1787,35,35,21,37,
36.1801,30,23,28,27,
36.1815,30,20,26,19,
36.1829,29,22,14,19,
36.1842,25,17,20,20,
36.1855,26,16,14,17,
36.1869,6,11,13,26,
36.1883,6,11,13,26,
36.1896,-9,16,15,18,
36.191,3,13,22,30,
36.1924,3,13,22,30,
36.1938,31,28,23,30,
36.1952,41,36,24,30,
36.1965,43,39,26,28,
36.1979,33,35,23,28,
36.1993,33,35,23,28,
36.2006,17,34,12,26,
36.202,13,14,19,22,
36.2034,-2,4,29,30,
36.2047,-2,4,29,30,
36.2061,6,17,25,17,
36.2075,10,23,24,17,
36.2088,10,23,24,17,
36.2102,3,24,15,31,
36.2116,23,28,28,37,
36.2129,35,35,32,40,
36.2143,38,28,28,42,
36.2157,28,32,30,29,
36.217,28,32,30,29,
36.2184,17,32,30,35,
36.2197,15,16,31,34,
36.221,7,8,22,27,
36.2224,8,15,15,21,
36.2237,8,12,7,24,
36.225,2,11,16,21,
36.2264,0,18,28,14,
36.2278,16,22,25,16,
36.2291,31,29,29,31,
36.2305,38,32,34,21,
36.2319,29,41,31,24,
36.2333,34,41,34,29,
36.2347,34,41,34,29,
36.2361,30,20,30,28,
36.2374,7,23,26,15,
36.2388,5,12,27,15,
36.2401,-4,5,21,13,
36.2415,1,12,24,5,
36.2428,6,25,28,5,
36.2442,15,16,23,16,
36.2456,19,31,24,24,
36.2469,36,28,30,21,
36.2483,33,38,23,18,
36.2496,33,38,23,18,
36.251,23,35,25,15,
36.2524,21,27,28,22,
36.2539,15,27,32,33,
36.2553,11,21,19,24,
36.2567,-9,19,17,20,
36.258,1,9,17,8,
36.2594,15,6,10,13,
36.2609,15,6,10,13,
36.2622,30,19,16,16,
36.2637,41,29,26,26,
36.265,45,34,30,30,
36.2664,40,35,26,34,
36.2682,21,24,21,30,
36.2696,25,28,22,23,
36.2709,16,24,15,28,
36.2723,21,29,16,22,
36.2737,21,29,16,22,
36.275,10,13,20,10,
36.2764,0,20,28,5,
36.2777,-3,25,22,16,
36.2791,10,24,21,34,
36.2804,28,29,26,37,
36.2818,29,34,30,31,
36.2831,30,29,41,30,
36.2844,31,28,35,21,
36.2858,15,31,34,30,
36.2872,15,31,34,30,
36.2885,12,21,30,22,
36.2899,12,21,30,22,
36.2913,7,9,23,15,
36.2927,-2,17,23,23,
36.2941,-1,18,21,21,
36.2955,1,15,29,23,
36.2968,9,17,24,27,
36.2982,21,23,32,28,
36.2995,28,32,35,31,
36.3008,34,25,31,35,
36.3022,23,17,21,28,
36.3036,23,17,21,28,
36.3049,25,23,26,30,
36.3062,8,16,18,26,
36.3076,2,15,15,29,
36.3089,9,21,18,31,
36.3103,7,9,11,25,
36.3117,7,20,26,25,
36.313,7,20,26,25,
36.3144,42,45,26,31,
36.3158,43,40,27,31,
36.3171,42,32,28,34,
36.3185,44,27,23,24,
36.3199,31,25,29,27,
36.3212,31,25,29,27,
36.3226,24,16,30,25,
36.3239,1,16,28,23,
36.3253,-1,16,17,28,
36.3266,-7,9,16,21,
36.328,-8,11,12,13,
36.3293,9,13,8,25,
36.3307,9,13,8,25,
36.332,21,26,24,29,
36.3333,33,30,26,35,
36.3347,33,29,29,38,
36.3361,31,22,22,37,
36.3374,33,23,20,26,
36.3388,33,23,20,26,
36.3402,19,25,17,26,
36.3415,-2,29,26,20,
36.3429,-12,25,23,14,
36.3442,-4,13,10,7,
36.3456,-2,10,15,14,
36.347,11,14,21,16,
36.3483,10,20,30,21,
36.3496,10,20,30,21,
36.351,24,30,31,28,
36.3524,32,38,29,25,
36.3538,37,36,35,24,
36.3552,37,38,28,24,
36.3565,19,22,26,31,
36.3578,14,19,23,26,
36.3592,17,28,25,20,
36.3605,8,15,22,10,
36.3618,16,10,18,13,
36.3632,16,10,18,13,
36.3646,7,3,20,20,
36.3659,13,9,20,16,
36.3672,21,26,21,21,
36.3686,33,47,33,35,
36.37,40,40,32,32,
36.3714,39,44,35,34,
36.3727,39,44,35,34,
36.3741,11,31,22,26,
36.3754,2,16,23,21,
36.3767,6,11,30,28,
36.3781,1,4,31,26,
36.3795,4,15,30,18,
36.3808,-7,22,28,13,
36.3821,-8,26,23,19,
36.3835,2,18,24,28,
36.3848,23,31,24,26,
36.3861,19,25,24,34,
36.3875,29,36,28,24,
36.3888,29,36,28,24,
36.3902,29,33,20,19,
36.3915,19,29,28,21,
36.3928,8,23,34,29,
36.3942,3,24,29,24,
36.3956,3,24,29,24,
36.3969,-5,14,21,20,
36.3983,4,19,19,23,
36.3996,6,12,20,29,
36.401,32,23,30,26,
36.4024,37,26,32,22,
36.4038,39,25,33,30,
36.4051,51,24,31,35,
36.4065,44,22,21,24,
36.4079,21,26,22,25,
36.4092,17,20,13,24,
36.4106,17,22,9,17,
36.412,17,22,9,17,
36.4133,16,20,13,13,
36.4147,-7,9,17,14,
36.416,3,12,21,23,
36.4173,13,27,30,26,
36.4187,28,28,26,27,
36.4201,19,20,25,29,
36.4214,19,20,25,29,
36.4228,31,22,22,34,
36.4242,20,25,21,34,
36.4255,14,18,24,30,
36.4268,17,20,17,31,
36.4281,9,15,9,29,
36.4294,9,15,9,29,
36.4308,-2,15,22,19,
36.4321,1,7,22,16,
36.4335,9,12,20,19,
36.4348,12,20,20,22,
36.4362,35,22,30,22,
36.4376,23,25,31,27,
36.4389,31,28,28,32,
36.4403,30,24,33,24,
36.4417,33,23,17,26,
36.4431,33,23,17,26,
36.4445,16,28,18,15,
36.4459,26,30,27,21,
36.4473,26,30,27,21,
36.4487,7,18,13,26,
36.4502,10,6,20,12,
36.4516,17,17,23,15,
36.4531,14,29,19,25,
36.4544,34,34,13,34,
36.4558,27,33,30,26,
36.4571,34,28,34,25,
36.4585,28,27,31,22,
36.4599,28,27,31,22,
36.4612,21,24,28,25,
36.4626,13,27,34,20,
36.4639,15,23,23,25,
36.4653,3,22,15,22,
36.4666,7,12,23,24,
36.468,15,25,24,15,
36.4693,15,25,24,15,
36.4707,24,31,27,21,
36.472,39,33,21,24,
36.4733,36,37,34,20,
36.4746,39,36,31,31,
36.476,20,28,23,28,
36.4773,20,13,23,32,
36.4787,20,13,23,32,
36.48,7,17,25,34,
36.4813,19,23,29,30,
36.4826,0,26,23,17,
36.484,-11,24,10,13,
36.4853,-10,12,14,23,
36.4867,-2,14,21,20,
36.488,10,21,19,28,
36.4894,26,26,38,34,
36.4907,24,28,45,30,
36.4921,31,30,42,29,
36.4935,31,30,42,29,
36.4949,18,28,27,31,
36.4963,17,25,17,29,
36.4976,9,11,14,16,
36.499,-3,19,17,17,
36.5004,1,12,17,14,
36.5017,1,12,17,14,
36.5031,9,27,22,14,
36.5045,20,26,22,15,
36.5059,27,25,26,18,
36.5073,32,27,29,21,
36.5086,29,35,23,20,
36.51,26,30,32,31,
36.5114,22,32,31,37,
36.5128,21,26,27,30,
36.5142,7,23,21,28,
36.5156,19,11,23,26,
36.5169,8,11,14,16,
36.5183,-5,11,23,8,
36.5196,-8,19,17,13,
36.521,-8,19,17,13,
36.5224,5,27,20,22,
36.5238,22,23,15,34,
36.5252,39,25,30,27,
36.5265,45,26,26,32,
36.5279,29,26,28,32,
36.5293,21,34,32,35,
36.5306,11,34,29,29,
36.532,14,33,29,17,
36.5334,5,21,28,21,
36.5348,5,21,28,21,
36.5361,-1,23,15,21,
36.5375,-5,21,7,26,
36.5388,-2,29,19,31,
36.5402,11,18,22,21,
36.5416,38,21,30,28,
36.543,46,31,32,23,
36.5444,46,31,32,23,
36.5457,34,34,32,27,
36.5471,30,21,26,27,
36.5484,15,19,20,30,
36.5497,14,16,24,29,
36.5511,10,23,15,7,
36.5525,10,23,15,7,
36.5538,10,23,15,7,
36.5552,-3,21,29,1,
36.5566,4,32,27,8,
36.558,26,37,19,19,
36.5594,21,32,27,28,
36.5608,30,43,38,24,
36.5622,30,43,38,24,
36.5635,23,32,20,24,
36.5649,21,26,15,25,
36.5662,21,26,15,25,
36.5675,10,28,10,30,
36.5688,-2,20,18,20,
36.5702,4,9,17,19,
36.5716,4,9,17,19,
36.5729,24,22,26,25,
36.5743,21,27,19,24,
36.5756,30,21,20,27,
36.5769,22,28,26,31,
36.5783,22,28,26,31,
36.5797,23,25,20,24,
36.581,18,22,21,30,
36.5823,17,23,17,29,
36.5836,9,21,18,21,
36.585,16,27,28,21,
36.5863,2,19,16,15,
36.5877,2,19,16,15,
36.589,5,12,9,15,
36.5904,18,25,17,20,
36.5917,31,21,25,19,
36.5931,26,29,34,30,
36.5945,38,32,31,39,
36.5958,38,32,31,39,
36.5972,42,40,21,28,
36.5986,25,37,20,28,
36.5999,8,19,30,27,
36.6013,17,14,21,21,
36.6027,7,15,23,27,
36.604,-3,8,12,16,
36.6054,-3,8,12,16,
36.6068,5,7,16,26,
36.6082,15,26,33,16,
36.6096,15,26,33,16,
36.6109,20,25,37,27,
36.6123,32,30,25,33,
36.6136,32,30,25,33,
36.615,25,26,30,33,
36.6164,19,28,29,26,
36.6177,11,23,15,24,
36.6191,3,20,21,22,
36.6205,9,16,15,30,
36.6218,-1,6,7,28,
36.6232,12,9,12,18,
36.6246,12,9,12,18,
36.6259,10,29,15,30,
36.6273,21,33,23,29,
36.6287,20,35,33,28,
36.6301,22,36,41,30,
36.6315,30,37,38,37,
36.6328,26,38,35,39,
36.6342,21,26,24,25,
36.6355,10,14,25,22,
36.6368,18,6,29,27,
36.6382,1,10,30,21,
36.6395,3,10,22,16,
36.6408,3,10,22,16,
36.6422,-7,13,15,13,
36.6436,13,24,33,17,
36.645,20,34,37,22,
36.6463,25,37,33,23,
36.6477,30,36,24,27,
36.649,19,34,27,27,
36.6504,28,33,30,25,
36.6518,16,30,32,26,
36.6532,6,17,27,26,
36.6546,6,17,27,26,
36.6561,11,11,20,15,
36.6574,-2,-2,18,12,
36.6588,-3,8,21,10,
36.6602,18,27,22,14,
36.6616,28,33,23,19,
36.6629,29,40,33,27,
36.6643,38,37,34,31,
36.6657,29,32,30,28,
36.6672,33,22,36,19,
36.6685,31,19,28,14,
36.6699,15,22,20,15,
36.6717,11,17,18,27,
36.6731,0,14,14,20,
36.6745,0,14,14,20,
36.6758,-12,21,14,12,
36.6772,1,27,16,10,
36.6786,11,29,23,9,
36.68,23,25,36,33,
36.6814,29,21,36,34,
36.6827,29,21,36,34,
36.6841,29,21,36,34,
36.6854,20,23,30,26,
36.6867,16,23,31,21,
36.6881,3,17,30,20,
36.6894,-3,12,18,20,
36.6907,-3,12,18,20,
36.6921,-9,16,18,19,
36.6934,4,11,26,17,
36.6948,17,25,27,24,
36.6962,28,35,29,28,
36.6975,35,25,31,32,
36.6988,35,25,31,32,
36.7002,36,27,26,37,
36.7015,33,33,26,37,
36.7029,20,25,22,25,
36.7043,21,19,22,26,
36.7057,19,11,16,21,
36.707,16,13,15,27,
36.7084,6,3,13,23,
36.7097,0,7,12,13,
36.7111,11,26,10,15,
36.7125,26,29,12,18,
36.7139,31,37,24,23,
36.7152,23,37,32,21,
36.7166,38,24,40,18,
36.7179,39,26,39,24,
36.7193,28,34,36,27,
36.7206,30,22,25,23,
36.722,22,18,20,20,
36.7233,15,16,19,21,
36.7247,5,4,13,27,
36.726,7,3,5,30,
36.7273,7,3,5,30,
36.7287,11,6,9,21,
36.7301,21,23,21,23,
36.7315,34,19,23,22,
36.7328,34,26,20,29,
36.7342,34,27,25,29,
36.7356,31,22,27,34,
36.7369,36,19,37,28,
36.7383,20,22,39,18,
36.7396,7,24,33,14,
36.7409,7,24,33,14,
36.7423,11,24,20,16,
36.7436,3,18,17,18,
36.745,0,14,19,15,
36.7463,-5,3,26,21,
36.7477,24,19,32,31,
36.749,25,24,26,36,
36.7504,25,24,26,36,
36.7517,39,35,33,25,
36.753,39,22,34,35,
36.7543,24,23,25,33,
36.7557,26,20,16,23,
36.757,22,9,18,21,
36.7584,22,9,18,21,
36.7597,16,8,22,31,
36.761,-1,2,13,23,
36.7624,3,12,23,16,
36.7637,13,25,16,17,
36.765,19,27,18,27,
36.7664,24,29,26,30,
36.7678,29,36,26,27,
36.7691,38,43,28,22,
36.7705,28,44,32,19,
36.7718,23,32,23,29,
36.7731,27,26,20,29,
36.7745,11,15,22,22,
36.7758,12,16,24,18,
36.7772,10,22,21,19,
36.7787,8,20,19,14,
36.78,9,22,22,4,
36.7814,3,29,27,5,
36.7828,14,26,23,16,
36.7841,21,29,27,29,
36.7854,21,29,27,29,
36.7868,38,30,25,32,
36.7881,48,23,32,31,
36.7895,31,25,23,20,
36.7908,14,16,24,22,
36.7921,12,7,23,25,
36.7935,16,7,21,26,
36.7948,16,17,17,26,
36.7962,2,21,22,25,
36.7976,2,20,26,25,
36.799,28,26,26,24,
36.8003,28,26,26,24,
36.8016,43,27,34,26,
36.803,35,33,28,36,
36.8044,22,41,29,36,
36.8058,22,41,29,36,
36.8071,19,18,27,22,
36.8085,19,18,27,22,
36.8098,15,22,26,22,
36.8112,19,11,21,23,
36.8125,3,7,10,17,
36.8138,-4,14,16,12,
36.8152,8,7,15,21,
36.8166,22,24,14,30,
36.818,31,30,29,31,
36.8193,31,30,29,31,
36.8206,34,24,39,38,
36.822,29,27,34,39,
36.8233,28,34,25,35,
36.8247,24,36,31,28,
36.826,15,22,24,27,
36.8274,8,18,27,23,
36.8287,6,24,25,20,
36.8301,11,13,10,30,
36.8314,11,20,20,20,
36.8327,7,23,23,26,
36.8341,7,23,23,26,
36.8355,26,24,23,24,
36.8368,31,24,23,29,
36.8382,33,36,26,38,
36.8395,24,36,22,29,
36.8408,21,31,18,25,
36.8422,21,31,18,25,
36.8435,12,11,20,10,
36.8448,18,13,24,12,
36.8462,17,17,23,16,
36.8476,-4,12,24,12,
36.8489,-4,18,19,6,
36.8503,8,25,24,18,
36.8516,8,25,24,18,
36.853,22,18,24,30,
36.8545,29,24,31,21,
36.8558,28,36,28,27,
36.8572,24,24,23,26,
36.8586,24,24,23,26,
36.86,26,23,26,29,
36.8614,13,12,26,26,
36.8628,14,15,28,30,
36.8641,6,2,31,22,
36.8655,0,4,24,12,
36.8669,1,18,17,20,
36.8683,1,18,17,20,
36.8697,18,33,17,32,
36.8712,18,33,17,32,
36.8726,17,29,18,31,
36.874,43,44,32,40,
36.8754,30,32,30,39,
36.8768,28,14,23,25,
36.8781,12,13,18,24,
36.8795,12,13,18,24,
36.8808,21,15,18,31,
36.8821,-4,16,8,19,
36.8835,-5,16,16,28,
36.8848,-5,16,16,28,
36.8862,17,25,22,22,
36.8875,16,36,31,30,
36.8889,27,33,30,21,
36.8902,35,39,34,28,
36.8916,36,32,28,26,
36.893,34,33,33,30,
36.8943,18,31,22,24,
36.8957,4,22,16,24,
36.897,4,22,16,24,
36.8983,12,9,19,17,
36.8997,8,9,19,11,
36.901,3,11,13,11,
36.9024,13,11,20,9,
36.9038,17,15,27,13,
36.9052,30,18,24,31,
36.9065,26,17,26,27,
36.9079,26,17,26,27,
36.9092,32,23,22,24,
36.9106,21,24,19,25,
36.912,17,18,15,25,
36.9133,13,8,18,21,
36.9146,28,13,12,19,
36.916,28,13,12,19,
36.9174,5,15,13,20,
36.9187,-5,0,11,8,
36.9201,7,17,16,18,
36.9215,22,27,26,26,
36.923,30,32,27,24,
36.9243,41,40,19,27,
36.9257,53,32,25,24,
36.9271,30,30,39,24,
36.9285,34,23,35,28,
36.9298,18,18,31,21,
36.9312,13,25,30,27,
36.9325,13,25,30,27,
36.9339,9,15,28,35,
36.9353,-8,22,9,24,
36.9367,-10,19,22,27,
36.938,5,26,22,24,
36.9394,18,32,19,32,
36.9407,15,34,27,30,
36.9421,21,31,36,29,
36.9434,31,34,34,35,
36.9447,27,32,26,35,
36.946,15,14,29,29,
36.9474,15,14,29,29,
36.9487,14,13,23,21,
36.9501,12,26,19,22,
36.9515,4,18,23,25,
36.9528,-1,11,7,15,
36.9541,2,15,8,23,
36.9554,2,15,8,23,
36.9568,17,22,19,29,
36.9581,31,25,18,25,
36.9595,42,31,26,31,
36.9608,42,35,24,22,
36.9621,23,32,22,20,
36.9635,23,22,19,14,
36.9648,26,16,20,22,
36.9661,27,15,24,30,
36.9675,1,15,26,14,
36.9688,1,15,26,14,
36.9702,1,15,26,14,
36.9715,7,14,13,17,
36.9729,10,13,24,26,
36.9742,18,26,31,34,
36.9756,31,36,25,36,
36.9769,39,36,29,37,
36.9782,45,29,29,31,
36.9796,34,20,16,30,
36.9809,11,15,19,29,
36.9823,2,20,20,34,
36.9837,2,10,20,24,
36.985,2,10,20,24,
36.9864,-2,20,14,15,
36.9878,-2,20,14,15,
36.9891,-3,24,11,15,
36.9904,14,22,22,33,
36.9918,14,33,23,35,
36.9932,14,33,23,35,
36.9945,43,46,36,40,
36.9959,29,32,41,38,
36.9973,25,23,36,32,
36.9986,6,10,23,24,
37,12,10,12,16,
37.0013,12,10,12,16,
37.0027,12,10,12,16,
37.0041,-5,1,23,16,
37.0055,-10,7,28,11,
37.0068,12,15,29,9,
37.0081,29,37,32,22,
37.0095,29,37,32,22,
37.0108,37,27,35,32,
37.0122,32,26,34,27,
37.0136,26,33,37,27,
37.0149,25,30,27,26,
37.0163,13,25,14,25,
37.0176,13,25,14,25,
37.0189,13,21,17,20,
37.0203,19,20,18,9,
37.0216,3,19,15,15,
37.023,5,16,8,9,
37.0243,3,22,21,19,
37.0257,9,30,36,23,
37.0271,18,24,36,24,
37.0284,26,25,23,33,
37.0298,41,25,32,30,
37.0311,23,29,24,18,
